file,title,title_buddhanexus,title_notes,author,author_buddhanexus,author_pid,tōh,cbeta,Remarks Chinese translation,reconstructed (y/n),url,legacy_url,url_buddhanexus,archive.org,dsbc (yn),category,best_text,duplicate_of_standard
sa_bower-manuscript.xml,Bower Manuscript,Bower Manuscript,,,,,,,,,http://gretil.sub.uni-goettingen.de/gretil/corpustei/transformations/html/sa_bower-manuscript.htm,http://gretil.sub.uni-goettingen.de/gretil/1_sanskr/6_sastra/7_ayur/bowermsu.htm,http://gretil.sub.uni-goettingen.de/gretil/1_sanskr/6_sastra/7_ayur/bowermsu.htm,https://archive.org/search.php?query=Bower%20Manuscript,,6_sastra/7_ayur,,
sa_vidyAkarazAnti-tarkasopAna.xml,Tarkasopāna,Tarkasopāna,,Vidyākaraśānti,Vidyākaraśānti,P0ER0012,,,Not found.,,http://gretil.sub.uni-goettingen.de/gretil/corpustei/transformations/html/sa_vidyAkarazAnti-tarkasopAna.htm,http://gretil.sub.uni-goettingen.de/gretil/1_sanskr/6_sastra/3_phil/buddh/vtrksopu.htm,http://gretil.sub.uni-goettingen.de/gretil/1_sanskr/6_sastra/3_phil/buddh/vtrksopu.htm,,,6_sastra/3_phil/buddh,,
sa_sabhikasaugatazAsanapravrajyAvratacaraNaparivarta.xml,Sabhikasaugataśāsanapravrajyāvratacaraṇaparivarta,Sabhikasaugataśāsanapravrajyāvratacaraṇaparivarta,,,,,,,Not found.,,http://gretil.sub.uni-goettingen.de/gretil/corpustei/transformations/html/sa_sabhikasaugatazAsanapravrajyAvratacaraNaparivarta.htm,http://gretil.sub.uni-goettingen.de/gretil/1_sanskr/4_rellit/buddh/sabhivpu.htm,http://gretil.sub.uni-goettingen.de/gretil/1_sanskr/4_rellit/buddh/sabhivpu.htm,,,4_rellit/buddh,,
sa_mAtRceTa-zatapaJcAzatka.xml,Śatapañcāśatka,Prasādapratibhodhava [Śatapañcāśatka],,Mātṛceṭa,Mātṛceta,P4CZ10509,D1147,T32n1680,Very free translation (義淨).,,http://gretil.sub.uni-goettingen.de/gretil/corpustei/transformations/html/sa_mAtRceTa-zatapaJcAzatka.htm,http://gretil.sub.uni-goettingen.de/gretil/1_sanskr/4_rellit/buddh/matpra_u.htm,http://gretil.sub.uni-goettingen.de/gretil/1_sanskr/4_rellit/buddh/matpra_u.htm,,,4_rellit/buddh,,
sa_kumAralAta-kalpanAmaNDitikA.xml,Kalpanāmaṇḍitikā,Kalpanāmaṇḍitikā,,Kumāralāta,Kumāralāta,,,T04n0201,,,http://gretil.sub.uni-goettingen.de/gretil/corpustei/transformations/html/sa_kumAralAta-kalpanAmaNDitikA.htm,http://gretil.sub.uni-goettingen.de/gretil/1_sanskr/4_rellit/buddh/kukalpmu.htm,http://gretil.sub.uni-goettingen.de/gretil/1_sanskr/4_rellit/buddh/kukalpmu.htm,,,4_rellit/buddh,,
sa_buddhist-yoga-manual.xml,Buddhist yoga manual,Buddhist Yoga Manual,,,,,,,Not found.,,http://gretil.sub.uni-goettingen.de/gretil/corpustei/transformations/html/sa_buddhist-yoga-manual.htm,http://gretil.sub.uni-goettingen.de/gretil/1_sanskr/4_rellit/buddh/byogalbu.htm,http://gretil.sub.uni-goettingen.de/gretil/1_sanskr/4_rellit/buddh/byogalbu.htm,,,4_rellit/buddh,,
sa_dignAga-yogAvatAra.xml,Yogāvatāra,Yogāvatāra,,Dignāga,Dignāga,P6126,"D4539, D4074",,Not extant according to Charles Muller/Dan Lusthaus.,,http://gretil.sub.uni-goettingen.de/gretil/corpustei/transformations/html/sa_dignAga-yogAvatAra.htm,http://gretil.sub.uni-goettingen.de/gretil/1_sanskr/6_sastra/3_phil/buddh/bsa046_u.htm,http://gretil.sub.uni-goettingen.de/gretil/1_sanskr/6_sastra/3_phil/buddh/bsa046_u.htm,,y,6_sastra/3_phil/buddh,,
sa_nAgArjuna-dharmasaMgraha.xml,Dharmasaṃgraha,Dharmasaṃgraha,,Nāgārjuna,Nāgārjuna,P4954,,T17n0764,Doubtful whether this is the correct text.,,http://gretil.sub.uni-goettingen.de/gretil/corpustei/transformations/html/sa_nAgArjuna-dharmasaMgraha.htm,http://gretil.sub.uni-goettingen.de/gretil/1_sanskr/6_sastra/3_phil/buddh/bsa007_u.htm,http://gretil.sub.uni-goettingen.de/gretil/1_sanskr/6_sastra/3_phil/buddh/bsa007_u.htm,https://archive.org/search.php?query=Dharmasa%E1%B9%85graha,y,6_sastra/3_phil/buddh,y,
sa_tarkarahasya.xml,Tarkarahasya,Tarkarahasya,,,,,,,Not found.,,http://gretil.sub.uni-goettingen.de/gretil/corpustei/transformations/html/sa_tarkarahasya.htm,http://gretil.sub.uni-goettingen.de/gretil/1_sanskr/6_sastra/3_phil/buddh/tarkrsau.htm,http://gretil.sub.uni-goettingen.de/gretil/1_sanskr/6_sastra/3_phil/buddh/tarkrsau.htm,,,6_sastra/3_phil/buddh,,
sa_vararuci-zatagAthA.xml,Śatagāthā,Śatagāthā,,Vararuci,,,D4332,,Not found.,,http://gretil.sub.uni-goettingen.de/gretil/corpustei/transformations/html/sa_vararuci-zatagAthA.htm,http://gretil.sub.uni-goettingen.de/gretil/1_sanskr/6_sastra/3_phil/buddh/bsa060_u.htm,http://gretil.sub.uni-goettingen.de/gretil/1_sanskr/6_sastra/3_phil/buddh/bsa060_u.htm,,y,6_sastra/3_phil/buddh,y,
sa_pratyakSalakSaNa-of-the-tarkarahasya.xml,Pratyakṣalakṣaṇa of the Tarkarahasya,Pratyakṣalakṣaṇa,Of Tarkarahasya,,,,,,Not found.,,http://gretil.sub.uni-goettingen.de/gretil/corpustei/transformations/html/sa_pratyakSalakSaNa-of-the-tarkarahasya.htm,http://gretil.sub.uni-goettingen.de/gretil/1_sanskr/6_sastra/3_phil/buddh/tarkrplu.htm,http://gretil.sub.uni-goettingen.de/gretil/1_sanskr/6_sastra/3_phil/buddh/tarkrplu.htm,,,6_sastra/3_phil/buddh,,
sa_stUpalakSaNakArikAvivecana.xml,Stūpalakṣaṇakārikāvivecana,Stūpalakṣaṇakārikāvivecana,,,,,,,Not found.,,http://gretil.sub.uni-goettingen.de/gretil/corpustei/transformations/html/sa_stUpalakSaNakArikAvivecana.htm,http://gretil.sub.uni-goettingen.de/gretil/1_sanskr/4_rellit/buddh/stuplaku.htm,http://gretil.sub.uni-goettingen.de/gretil/1_sanskr/4_rellit/buddh/stuplaku.htm,,,4_rellit/buddh,,
sa_nagnajit-citralakSaNam.xml,Citralakṣaṇam (= NCit),Citralakṣaṇa,,Nagnajit,Nagnajit,P0ER0031,,,Not found.,,http://gretil.sub.uni-goettingen.de/gretil/corpustei/transformations/html/sa_nagnajit-citralakSaNam.htm,http://gretil.sub.uni-goettingen.de/gretil/1_sanskr/4_rellit/buddh/nagcitau.htm,http://gretil.sub.uni-goettingen.de/gretil/1_sanskr/4_rellit/buddh/nagcitpu.htm,,y,4_rellit/buddh,y,
sa_samyaksaMbuddhabhASitaM-pratimAlakSaNam.xml,Samyaksaṃbuddhabhāṣitaṃ pratimālakṣaṇam,Samyaksambuddhabhāṣita pratimālakṣaṇa,,,,,,,Not found.,,http://gretil.sub.uni-goettingen.de/gretil/corpustei/transformations/html/sa_samyaksaMbuddhabhASitaM-pratimAlakSaNam.htm,http://gretil.sub.uni-goettingen.de/gretil/1_sanskr/4_rellit/buddh/bsu059_u.htm,http://gretil.sub.uni-goettingen.de/gretil/1_sanskr/4_rellit/buddh/bsu059_u.htm,,y,4_rellit/buddh,y,
sa_nAgArjuna-kriyAsaMgrahakArikA.xml,Kriyāsaṃgrahakārikā,Kriyāsaṃgrahakārikā,,Nāgārjuna,Nāgārjuna,P4954,,,Not found.,,http://gretil.sub.uni-goettingen.de/gretil/corpustei/transformations/html/sa_nAgArjuna-kriyAsaMgrahakArikA.htm,http://gretil.sub.uni-goettingen.de/gretil/1_sanskr/6_sastra/3_phil/buddh/bsa044_u.htm,http://gretil.sub.uni-goettingen.de/gretil/1_sanskr/6_sastra/3_phil/buddh/bsa044_u.htm,,y,6_sastra/3_phil/buddh,y,
sa_davuldeNa-jJAnezvara-mahAsthavira-yazodharAcarita.xml,Yaśodharācarita,Yaśodharācarita,,Davuldeṇa Jñāneśvara Mahāsthavira,Davuldeṇa Jñāneśvara Mahāsthavira,P0ER0004,,,Not found.,,http://gretil.sub.uni-goettingen.de/gretil/corpustei/transformations/html/sa_davuldeNa-jJAnezvara-mahAsthavira-yazodharAcarita.htm,http://gretil.sub.uni-goettingen.de/gretil/1_sanskr/4_rellit/buddh/davyasou.htm,http://gretil.sub.uni-goettingen.de/gretil/1_sanskr/4_rellit/buddh/davyasou.htm,https://archive.org/search.php?query=Ya%C5%9Bodhar%C4%81carita,y,4_rellit/buddh,y,
sa_buddhaghoSa-siddhArthacaritrakAvya.xml,Siddhārthacaritrakāvya,Siddhārthacaritrakāvya,,Buddhaghoṣa,Buddhaghoṣa,P0ER0002,,,Not found.,,http://gretil.sub.uni-goettingen.de/gretil/corpustei/transformations/html/sa_buddhaghoSa-siddhArthacaritrakAvya.htm,http://gretil.sub.uni-goettingen.de/gretil/1_sanskr/4_rellit/buddh/bghsic_u.htm,http://gretil.sub.uni-goettingen.de/gretil/1_sanskr/4_rellit/buddh/bghsic_u.htm,,y,4_rellit/buddh,y,
sa_zAkyabuddhi-pramANavArttikaTIkA.xml,Pramāṇavārttikaṭīkā,Pramāṇavārttikaṭīkā,,Śākyabuddhi,Śākyabuddhi,P0AT0114,D4220,,Not found.,,http://gretil.sub.uni-goettingen.de/gretil/corpustei/transformations/html/sa_zAkyabuddhi-pramANavArttikaTIkA.htm,http://gretil.sub.uni-goettingen.de/gretil/1_sanskr/6_sastra/3_phil/buddh/sbpramvu.htm,http://gretil.sub.uni-goettingen.de/gretil/1_sanskr/6_sastra/3_phil/buddh/sbpramvu.htm,,,6_sastra/3_phil/buddh,,
sa_ratnakIrti-vAdarahasya.xml,Vādarahasya also known as Udayananirākaraṇa,Vādarahasya [Udayananirākaraṇa],,Ratnakīrti,Ratnakīrti (?),P8181,,,Not found.,,http://gretil.sub.uni-goettingen.de/gretil/corpustei/transformations/html/sa_ratnakIrti-vAdarahasya.htm,http://gretil.sub.uni-goettingen.de/gretil/1_sanskr/6_sastra/3_phil/buddh/rvadrahu.htm,http://gretil.sub.uni-goettingen.de/gretil/1_sanskr/6_sastra/3_phil/buddh/rvadrahu.htm,,y,6_sastra/3_phil/buddh,y,
sa_ratnakIrti-kSaNabhaGgasiddhi-vyatirekAtmikA.xml,Kṣaṇabhaṅgasiddhi vyatirekātmikā,Kṣaṇabhaṅgasiddhi Vyatirekātmikā,,Ratnakīrti,Ratnakīrti,P8181,,,Not found.,,http://gretil.sub.uni-goettingen.de/gretil/corpustei/transformations/html/sa_ratnakIrti-kSaNabhaGgasiddhi-vyatirekAtmikA.htm,http://gretil.sub.uni-goettingen.de/gretil/1_sanskr/6_sastra/3_phil/buddh/ratksanu.htm,http://gretil.sub.uni-goettingen.de/gretil/1_sanskr/6_sastra/3_phil/buddh/ratksanu.htm,,,6_sastra/3_phil/buddh,,
sa_pramANavArttika.xml,Pramāṇavārttika,Pramāṇavārttika,"I corrected ""Pramāṇavārtika"" in GRETIL to ""Pramāṇavārttika"".",,Dharmakīrti,P6120,"D4210, D4216",,Not found.,,http://gretil.sub.uni-goettingen.de/gretil/corpustei/transformations/html/sa_pramANavArttika.htm,http://gretil.sub.uni-goettingen.de/gretil/1_sanskr/6_sastra/3_phil/buddh/pramanvu.htm,http://gretil.sub.uni-goettingen.de/gretil/1_sanskr/6_sastra/3_phil/buddh/pramanvu.htm,,y,6_sastra/3_phil/buddh,y,
sa_jitAri-hetutattvopadeza-alt.xml,Hetutattvopadeśa,Hetutattvopadeśa,,Jitāri,Jitāri (Jetāri),,D4261,,Not found.,Reconstructed; Sanskrit text with the Tibetan version,http://gretil.sub.uni-goettingen.de/gretil/corpustei/transformations/html/sa_jitAri-hetutattvopadeza-alt.htm,http://gretil.sub.uni-goettingen.de/gretil/1_sanskr/6_sastra/3_phil/buddh/jithetuu.htm,http://gretil.sub.uni-goettingen.de/gretil/1_sanskr/6_sastra/3_phil/buddh/jithetuu.htm,https://archive.org/search.php?query=Hetutattvopade%C5%9Ba,y,6_sastra/3_phil/buddh,n,gretil_sa/sa_jitAri-hetutattvopadeza.xml
sa_jitAri-hetutattvopadeza.xml,Hetutattvopadeśa,Hetutattvopadeśa,,Jitāri,Jitāri (Jetāri),,D4261,,Not found.,,http://gretil.sub.uni-goettingen.de/gretil/corpustei/transformations/html/sa_jitAri-hetutattvopadeza.htm,http://gretil.sub.uni-goettingen.de/gretil/1_sanskr/6_sastra/3_phil/buddh/jithettu.htm,http://gretil.sub.uni-goettingen.de/gretil/1_sanskr/6_sastra/3_phil/buddh/jithettu.htm,https://archive.org/search.php?query=Hetutattvopade%C5%9Ba,,6_sastra/3_phil/buddh,y,
sa_dharmakIrti-nyAyabinduprakaraNa-comm.xml,Nyāyabinduprakaraṇa with Vinītadeva's Nyāyabinduvistaraṭīkā (Śiṣyahita) and Dharmottara's Nyāyabinduṭīkā,Nyāyabinduprakaraṇaṭīkā,,Dharmakīrti,Dharmakīrti,P6120,,,Not found.,,http://gretil.sub.uni-goettingen.de/gretil/corpustei/transformations/html/sa_dharmakIrti-nyAyabinduprakaraNa-comm.htm,http://gretil.sub.uni-goettingen.de/gretil/1_sanskr/6_sastra/3_phil/buddh/dhnyabpu.htm,http://gretil.sub.uni-goettingen.de/gretil/1_sanskr/6_sastra/3_phil/buddh/dhnyabpu.htm,,y,6_sastra/3_phil/buddh,,
sa_dharmakIrti-vAdanyAya.xml,Vādanyāya,Vādanyāya,,Dharmakīrti,Dharmakīrti,P6120,D4218,,Not found.,,http://gretil.sub.uni-goettingen.de/gretil/corpustei/transformations/html/sa_dharmakIrti-vAdanyAya.htm,http://gretil.sub.uni-goettingen.de/gretil/1_sanskr/6_sastra/3_phil/buddh/dhkvadnu.htm,http://gretil.sub.uni-goettingen.de/gretil/1_sanskr/6_sastra/3_phil/buddh/dhkvadnu.htm,https://archive.org/search.php?query=V%C4%81dany%C4%81ya,,6_sastra/3_phil/buddh,,
sa_dharmakIrti-subandhaparIkSA-1-25.xml,Subandhaparīkṣā 1-25,Sambandhaparīkṣā,Verses 1-25,Dharmakīrti,Dharmakīrti,P6120,"D4214, D4215",,Not found.,,http://gretil.sub.uni-goettingen.de/gretil/corpustei/transformations/html/sa_dharmakIrti-subandhaparIkSA-1-25.htm,http://gretil.sub.uni-goettingen.de/gretil/1_sanskr/6_sastra/3_phil/buddh/dhksparu.htm,http://gretil.sub.uni-goettingen.de/gretil/1_sanskr/6_sastra/3_phil/buddh/dhksparu.htm,,,6_sastra/3_phil/buddh,,
sa_dharmakIrti-pramANavArttisvavRtti.xml,Pramāṇavārttisvavṛtti,Pramāṇavārttikavṛtti [Pramāṇavārttikasvavṛtti],,Dharmakīrti,Dharmakīrti,P6120,D4216,,Not found.,,http://gretil.sub.uni-goettingen.de/gretil/corpustei/transformations/html/sa_dharmakIrti-pramANavArttisvavRtti.htm,http://gretil.sub.uni-goettingen.de/gretil/1_sanskr/6_sastra/3_phil/buddh/dhkpvsvu.htm,http://gretil.sub.uni-goettingen.de/gretil/1_sanskr/6_sastra/3_phil/buddh/dhkpvsvu.htm,,,6_sastra/3_phil/buddh,,
sa_dharmakIrti-pramANavArttikakArikA.xml,Pramāṇavārttikakārikā (without the svārthānumāna-chapter),Pramāṇavārttikakārikā,,Dharmakīrti,Dharmakīrti,P6120,D4210,,Not found.,,http://gretil.sub.uni-goettingen.de/gretil/corpustei/transformations/html/sa_dharmakIrti-pramANavArttikakArikA.htm,http://gretil.sub.uni-goettingen.de/gretil/1_sanskr/6_sastra/3_phil/buddh/dhkprvku.htm,http://gretil.sub.uni-goettingen.de/gretil/1_sanskr/6_sastra/3_phil/buddh/dhkprvku.htm,,,6_sastra/3_phil/buddh,,
sa_dharmakIrti-pramANavinizcaya-fragment.xml,Pramāṇaviniścaya-fragment,Pramāṇaviniścaya,Fragment,Dharmakīrti,Dharmakīrti,P6120,D4211,,Not found.,,http://gretil.sub.uni-goettingen.de/gretil/corpustei/transformations/html/sa_dharmakIrti-pramANavinizcaya-fragment.htm,http://gretil.sub.uni-goettingen.de/gretil/1_sanskr/6_sastra/3_phil/buddh/dhkprviu.htm,http://gretil.sub.uni-goettingen.de/gretil/1_sanskr/6_sastra/3_phil/buddh/dhkprviu.htm,,,6_sastra/3_phil/buddh,,
sa_dharmakIrti-nyAyabindu.xml,Nyāyabindu,Nyāyabindu,,Dharmakīrti,Dharmakīrti,P6120,D4212,,Not found.,,http://gretil.sub.uni-goettingen.de/gretil/corpustei/transformations/html/sa_dharmakIrti-nyAyabindu.htm,http://gretil.sub.uni-goettingen.de/gretil/1_sanskr/6_sastra/3_phil/buddh/dhknyayu.htm,http://gretil.sub.uni-goettingen.de/gretil/1_sanskr/6_sastra/3_phil/buddh/dhknyayu.htm,https://archive.org/search.php?query=Ny%C4%81yabindu,,6_sastra/3_phil/buddh,y,
sa_dharmakIrti-hetubindu-edsteinkellner.xml,Hetubindu,Hetubindu,,Dharmakīrti,Dharmakīrti,P6120,D4213,,Not found.,,http://gretil.sub.uni-goettingen.de/gretil/corpustei/transformations/html/sa_dharmakIrti-hetubindu-edsteinkellner.htm,http://gretil.sub.uni-goettingen.de/gretil/1_sanskr/6_sastra/3_phil/buddh/dhkhetuu.htm,http://gretil.sub.uni-goettingen.de/gretil/1_sanskr/6_sastra/3_phil/buddh/dhkhetuu.htm,,,6_sastra/3_phil/buddh,,
sa_ratnakIrti-nibandhAvalI.xml,Nibandhāvalī,Nibandhāvalī,,Ratnakīrti,Ratnakīrti,P8181,,,Not found.,,http://gretil.sub.uni-goettingen.de/gretil/corpustei/transformations/html/sa_ratnakIrti-nibandhAvalI.htm,http://gretil.sub.uni-goettingen.de/gretil/1_sanskr/6_sastra/3_phil/buddh/bsa075_u.htm,http://gretil.sub.uni-goettingen.de/gretil/1_sanskr/6_sastra/3_phil/buddh/bsa075_u.htm,https://archive.org/search.php?query=Nibandh%C4%81val%C4%AB,y,6_sastra/3_phil/buddh,y,
sa_tarkabhASA.xml,Tarkabhāṣā,Tarkabhāṣā,,,,,D4264,,Not found.,,http://gretil.sub.uni-goettingen.de/gretil/corpustei/transformations/html/sa_tarkabhASA.htm,http://gretil.sub.uni-goettingen.de/gretil/1_sanskr/6_sastra/3_phil/buddh/bsa072_u.htm,http://gretil.sub.uni-goettingen.de/gretil/1_sanskr/6_sastra/3_phil/buddh/bsa072_u.htm,https://archive.org/search.php?query=Tarkabh%C4%81%E1%B9%A3%C4%81,y,6_sastra/3_phil/buddh,y,
sa_dharmakIrti-hetubindu.xml,Hetubindu,Hetubindu,,Dharmakīrti,Dharmakīrti,P6120,D4213,,Not found.,,http://gretil.sub.uni-goettingen.de/gretil/corpustei/transformations/html/sa_dharmakIrti-hetubindu.htm,http://gretil.sub.uni-goettingen.de/gretil/1_sanskr/6_sastra/3_phil/buddh/bsa071_u.htm,http://gretil.sub.uni-goettingen.de/gretil/1_sanskr/6_sastra/3_phil/buddh/bsa071_u.htm,,y,6_sastra/3_phil/buddh,y,
sa_upAyahRdaya.xml,Upāyahṛdaya (reconstructed text),Upāyahṛdaya,,,,,,T32n1632,,Reconstructed,http://gretil.sub.uni-goettingen.de/gretil/corpustei/transformations/html/sa_upAyahRdaya.htm,http://gretil.sub.uni-goettingen.de/gretil/1_sanskr/6_sastra/3_phil/buddh/bsa070_u.htm,http://gretil.sub.uni-goettingen.de/gretil/1_sanskr/6_sastra/3_phil/buddh/bsa070_u.htm,,y,6_sastra/3_phil/buddh,y,
sa_tarkazAstra.xml,Tarkaśāstra (reconstructed text),Tarkaśāstra,,,,,,T32n1633,"Michael: I think the supposed equivalence between the Tarkaśāstra and T1633 has to be taken with a grain of salt. SN: I checked the first few and the last few sentences and they look corresponding so far, but certainly there can be problems that we are not aware of yet.",Reconstructed,http://gretil.sub.uni-goettingen.de/gretil/corpustei/transformations/html/sa_tarkazAstra.htm,http://gretil.sub.uni-goettingen.de/gretil/1_sanskr/6_sastra/3_phil/buddh/bsa069_u.htm,http://gretil.sub.uni-goettingen.de/gretil/1_sanskr/6_sastra/3_phil/buddh/bsa069_u.htm,,y,6_sastra/3_phil/buddh,y,
sa_haribhadrasUri-nyAyapravezapravRtti.xml,Nyāyapraveśapravṛtti,Nyāyapraveśapravṛtti,,Haribhadrasūri,Haribhadrasūri,P0ER0009,,,Not found.,,http://gretil.sub.uni-goettingen.de/gretil/corpustei/transformations/html/sa_haribhadrasUri-nyAyapravezapravRtti.htm,http://gretil.sub.uni-goettingen.de/gretil/1_sanskr/6_sastra/3_phil/buddh/bsa066_u.htm,http://gretil.sub.uni-goettingen.de/gretil/1_sanskr/6_sastra/3_phil/buddh/bsa066_u.htm,,y,6_sastra/3_phil/buddh,y,
sa_dharmakIrti-vAdanyAya-alt.xml,Vādanyāya,Vādanyāya,,Dharmakīrti,Dharmakīrti,P6120,D4218,,Not found.,,http://gretil.sub.uni-goettingen.de/gretil/corpustei/transformations/html/sa_dharmakIrti-vAdanyAya-alt.htm,http://gretil.sub.uni-goettingen.de/gretil/1_sanskr/6_sastra/3_phil/buddh/bsa064_u.htm,http://gretil.sub.uni-goettingen.de/gretil/1_sanskr/6_sastra/3_phil/buddh/bsa064_u.htm,https://archive.org/search.php?query=V%C4%81dany%C4%81ya,y,6_sastra/3_phil/buddh,y,
sa_dharmakIrti-saMbandhaparIkSA-comm.xml,Saṃbandhaparīkṣā with Prabhacandra's commentary.,Sambandhaparīkṣā,With Prabhācandra's commentary,Dharmakīrti,Dharmakīrti,P6120,"D4214, D4215",,Not found.,,http://gretil.sub.uni-goettingen.de/gretil/corpustei/transformations/html/sa_dharmakIrti-saMbandhaparIkSA-comm.htm,http://gretil.sub.uni-goettingen.de/gretil/1_sanskr/6_sastra/3_phil/buddh/bsa063_u.htm,http://gretil.sub.uni-goettingen.de/gretil/1_sanskr/6_sastra/3_phil/buddh/bsa063_u.htm,,y,6_sastra/3_phil/buddh,y,
sa_vinItadeva-saMtAnAntarasiddhiTIkA.xml,Saṃtānāntarasiddhiṭīkā,Santānāntarasiddhiṭīkā,With mūla,Vinītadeva,Vinītadeva,P9951,D4238,,Not found.,Reconstructed,http://gretil.sub.uni-goettingen.de/gretil/corpustei/transformations/html/sa_vinItadeva-saMtAnAntarasiddhiTIkA.htm,http://gretil.sub.uni-goettingen.de/gretil/1_sanskr/6_sastra/3_phil/buddh/bsa061_u.htm,http://gretil.sub.uni-goettingen.de/gretil/1_sanskr/6_sastra/3_phil/buddh/bsa061_u.htm,https://archive.org/details/tibetskiperevods00dhar,y,6_sastra/3_phil/buddh,y,
sa_dharmakIrti-saMtAnAntarasiddhi.xml,Saṃtānāntarasiddhi,Santānāntarasiddhi,,Dharmakīrti,Dharmakīrti,P6120,D4219,,Not found.,,http://gretil.sub.uni-goettingen.de/gretil/corpustei/transformations/html/sa_dharmakIrti-saMtAnAntarasiddhi.htm,http://gretil.sub.uni-goettingen.de/gretil/1_sanskr/6_sastra/3_phil/buddh/bsa059_u.htm,http://gretil.sub.uni-goettingen.de/gretil/1_sanskr/6_sastra/3_phil/buddh/bsa059_u.htm,https://archive.org/details/tibetskiperevods00dhar,y,6_sastra/3_phil/buddh,y,
sa_dharmakIrti-nyAyabinduprakaraNakArikA.xml,Nyāyabinduprakaraṇakārikā,Nyāyabinduprakaraṇakārikā,,Dharmakīrti,Dharmakīrti,P6120,D4212,,Not found.,,http://gretil.sub.uni-goettingen.de/gretil/corpustei/transformations/html/sa_dharmakIrti-nyAyabinduprakaraNakArikA.htm,http://gretil.sub.uni-goettingen.de/gretil/1_sanskr/6_sastra/3_phil/buddh/bsa057_u.htm,http://gretil.sub.uni-goettingen.de/gretil/1_sanskr/6_sastra/3_phil/buddh/bsa057_u.htm,,y,6_sastra/3_phil/buddh,n,gretil_sa/sa_dharmakIrti-nyAyabindu.xml
sa_antarvyAptisamarthana.xml,Antarvyāptisamarthana,Antarvyāptisamarthana,,,,,D4260,,Not found.,,http://gretil.sub.uni-goettingen.de/gretil/corpustei/transformations/html/sa_antarvyAptisamarthana.htm,http://gretil.sub.uni-goettingen.de/gretil/1_sanskr/6_sastra/3_phil/buddh/bsa0556u.htm,http://gretil.sub.uni-goettingen.de/gretil/1_sanskr/6_sastra/3_phil/buddh/bsa0556u.htm,,y,6_sastra/3_phil/buddh,y,
sa_paNDitAzoka-sAmAnyadUSaNadikprasAritA.xml,Sāmānyadūṣaṇadikprasāritā,Sāmānyadūṣaṇadikprasāritā,,Paṇḍitāśoka,Paṇḍitāśoka,P0ER0011,,,Not found.,,http://gretil.sub.uni-goettingen.de/gretil/corpustei/transformations/html/sa_paNDitAzoka-sAmAnyadUSaNadikprasAritA.htm,http://gretil.sub.uni-goettingen.de/gretil/1_sanskr/6_sastra/3_phil/buddh/bsa0555u.htm,http://gretil.sub.uni-goettingen.de/gretil/1_sanskr/6_sastra/3_phil/buddh/bsa0555u.htm,,y,6_sastra/3_phil/buddh,y,
sa_paNDitAzoka-avayavinirAkaraNa.xml,Avayavinirākaraṇa,Avayavinirākaraṇa,,Paṇḍitāśoka,Paṇḍitāśoka,P0ER0011,,,Not found.,,http://gretil.sub.uni-goettingen.de/gretil/corpustei/transformations/html/sa_paNDitAzoka-avayavinirAkaraNa.htm,http://gretil.sub.uni-goettingen.de/gretil/1_sanskr/6_sastra/3_phil/buddh/bsa0554u.htm,http://gretil.sub.uni-goettingen.de/gretil/1_sanskr/6_sastra/3_phil/buddh/bsa0554u.htm,,y,6_sastra/3_phil/buddh,y,
sa_ratnakIrti-kSaNabhaGgasiddhi-vyatirekAtmikA-alt.xml,Kṣaṇabhaṅgasiddhi vyatirekātmikā,Kṣaṇabhaṅgasiddhi vyatirekātmikā,,Ratnakīrti,,,,,Not found.,,http://gretil.sub.uni-goettingen.de/gretil/corpustei/transformations/html/sa_ratnakIrti-kSaNabhaGgasiddhi-vyatirekAtmikA-alt.htm,http://gretil.sub.uni-goettingen.de/gretil/1_sanskr/6_sastra/3_phil/buddh/bsa0553u.htm,http://gretil.sub.uni-goettingen.de/gretil/1_sanskr/6_sastra/3_phil/buddh/bsa0553u.htm,,y,6_sastra/3_phil/buddh,y,
sa_kSaNabhaGgasiddhi.xml,Kṣaṇabhaṅgasiddhi,Kṣaṇabhaṅgasiddhi,,,,,,,Not found.,,http://gretil.sub.uni-goettingen.de/gretil/corpustei/transformations/html/sa_kSaNabhaGgasiddhi.htm,http://gretil.sub.uni-goettingen.de/gretil/1_sanskr/6_sastra/3_phil/buddh/bsa0552u.htm,http://gretil.sub.uni-goettingen.de/gretil/1_sanskr/6_sastra/3_phil/buddh/bsa0552u.htm,,y,6_sastra/3_phil/buddh,y,
sa_apohasiddhi.xml,Apohasiddhi,Apohasiddhi,,,,,D4256,,Not found.,,http://gretil.sub.uni-goettingen.de/gretil/corpustei/transformations/html/sa_apohasiddhi.htm,http://gretil.sub.uni-goettingen.de/gretil/1_sanskr/6_sastra/3_phil/buddh/bsa0551u.htm,http://gretil.sub.uni-goettingen.de/gretil/1_sanskr/6_sastra/3_phil/buddh/bsa0551u.htm,,y,6_sastra/3_phil/buddh,y,
sa_azvaghoSa-vajrasUcI.xml,Vajrasūcī,Vajrasūcī,,Aśvaghoṣa (attrib.),Aśvaghoṣa,P7612,,T32n1642,Doubtful whether this is the correct text.,,http://gretil.sub.uni-goettingen.de/gretil/corpustei/transformations/html/sa_azvaghoSa-vajrasUcI.htm,http://gretil.sub.uni-goettingen.de/gretil/1_sanskr/6_sastra/3_phil/buddh/bsa020_u.htm,http://gretil.sub.uni-goettingen.de/gretil/1_sanskr/6_sastra/3_phil/buddh/bsa020_u.htm,https://archive.org/search.php?query=Vajras%C5%ABc%C4%AB,y,6_sastra/3_phil/buddh,y,
sa_AlambanaparIkSA-comm.xml,Ālambanaparīkṣā with Ālambanaparīkṣāvṛtti,Ālambanaparīkṣāvṛtti,,,,,D4206,"T31n1619, T31n1624",,,http://gretil.sub.uni-goettingen.de/gretil/corpustei/transformations/html/sa_AlambanaparIkSA-comm.htm,http://gretil.sub.uni-goettingen.de/gretil/1_sanskr/6_sastra/3_phil/buddh/bsa002_u.htm,http://gretil.sub.uni-goettingen.de/gretil/1_sanskr/6_sastra/3_phil/buddh/bsa002_u.htm,https://archive.org/search.php?query=%C4%80lambanapar%C4%ABk%E1%B9%A3%C4%81,y,6_sastra/3_phil/buddh,y,
sa_AlambanaparIkSA.xml,Ālambanaparīkṣā,Ālambanaparīkṣā,,,,,D4205,"T31n1619, T31n1624",,,http://gretil.sub.uni-goettingen.de/gretil/corpustei/transformations/html/sa_AlambanaparIkSA.htm,http://gretil.sub.uni-goettingen.de/gretil/1_sanskr/6_sastra/3_phil/buddh/bsa001_u.htm,http://gretil.sub.uni-goettingen.de/gretil/1_sanskr/6_sastra/3_phil/buddh/bsa001_u.htm,https://archive.org/search.php?query=%C4%80lambanapar%C4%ABk%E1%B9%A3%C4%81,y,6_sastra/3_phil/buddh,y,
sa_arcaTa-hetubinduTIkA.xml,Hetubinduṭīkā,Hetubinduṭīkā,,Arcaṭa,Arcaṭa,P0ER0028,D4235,,Not found.,,http://gretil.sub.uni-goettingen.de/gretil/corpustei/transformations/html/sa_arcaTa-hetubinduTIkA.htm,http://gretil.sub.uni-goettingen.de/gretil/1_sanskr/6_sastra/3_phil/buddh/arhebt2u.htm,http://gretil.sub.uni-goettingen.de/gretil/1_sanskr/6_sastra/3_phil/buddh/arhebt2u.htm,,y,6_sastra/3_phil/buddh,y,
sa_arcaTa-hetubinduTIkA-edsanghavi.xml,Hetubinduṭīkā (commentary on Dharmakīrti's Hetubindu),Hetubinduṭīkā,,Arcaṭa,Arcaṭa,P0ER0028,D4235,,Not found.,,http://gretil.sub.uni-goettingen.de/gretil/corpustei/transformations/html/sa_arcaTa-hetubinduTIkA-edsanghavi.htm,http://gretil.sub.uni-goettingen.de/gretil/1_sanskr/6_sastra/3_phil/buddh/arhebt_u.htm,http://gretil.sub.uni-goettingen.de/gretil/1_sanskr/6_sastra/3_phil/buddh/arhebt_u.htm,,,6_sastra/3_phil/buddh,,
sa_subhASitaratnakaraNDakathA.xml,Subhāṣitaratnakaraṇḍakathā,Subhāṣitaratnakaraṇḍakathā,,,,,,,Not found.,,http://gretil.sub.uni-goettingen.de/gretil/corpustei/transformations/html/sa_subhASitaratnakaraNDakathA.htm,http://gretil.sub.uni-goettingen.de/gretil/1_sanskr/4_rellit/buddh/subhrk_u.htm,http://gretil.sub.uni-goettingen.de/gretil/1_sanskr/4_rellit/buddh/subhrk_u.htm,,,4_rellit/buddh,,
"sa_nAgArjuna-ratnAvali1,2,4.xml","Ratnāvali, 1,2,4",Ratnāvalī [Ratnamālā] 1,,Nāgārjuna,Nāgārjuna,P4954,"D4158, D4388",T32n1656,D4388 seems to be a back translation from the Tibetan into Sanskrit.,,"http://gretil.sub.uni-goettingen.de/gretil/corpustei/transformations/html/sa_nAgArjuna-ratnAvali1,2,4.htm",http://gretil.sub.uni-goettingen.de/gretil/1_sanskr/6_sastra/3_phil/buddh/nrat_1_u.htm,http://gretil.sub.uni-goettingen.de/gretil/1_sanskr/6_sastra/3_phil/buddh/nrat_1_u.htm,https://archive.org/search.php?query=Ratn%C4%81val%C4%AB&page=2,,6_sastra/3_phil/buddh,,
sa_candragomin-ziSyalekha.xml,Śiṣyalekha,Śiṣyalekha,,Candragomin,Candragomin,P7599,"D4183, D4497",,Not found.,,http://gretil.sub.uni-goettingen.de/gretil/corpustei/transformations/html/sa_candragomin-ziSyalekha.htm,http://gretil.sub.uni-goettingen.de/gretil/1_sanskr/4_rellit/buddh/cansisyu.htm,http://gretil.sub.uni-goettingen.de/gretil/1_sanskr/4_rellit/buddh/cansisyu.htm,,y,4_rellit/buddh,y,
sa_nAgArjuna-bhavasaGkrAntiparikathA.xml,Bhavasaṅkrāntiparikathā (reconstructed text),Bhavasaṃkrāntiparikathā,,Nāgārjuna,Nāgārjuna,P4954,D4162,T30n1574,,Reconstructed,http://gretil.sub.uni-goettingen.de/gretil/corpustei/transformations/html/sa_nAgArjuna-bhavasaGkrAntiparikathA.htm,http://gretil.sub.uni-goettingen.de/gretil/1_sanskr/6_sastra/3_phil/buddh/bsa067_u.htm,http://gretil.sub.uni-goettingen.de/gretil/1_sanskr/6_sastra/3_phil/buddh/bsa067_u.htm,,y,6_sastra/3_phil/buddh,y,
sa_nAgArjuna-ratnAvalI.xml,Ratnāvalī,Ratnāvalī [Ratnamālā],,Nāgārjuna,Nāgārjuna,P4954,"D4158, D4388",T32n1656,,,http://gretil.sub.uni-goettingen.de/gretil/corpustei/transformations/html/sa_nAgArjuna-ratnAvalI.htm,http://gretil.sub.uni-goettingen.de/gretil/1_sanskr/6_sastra/3_phil/buddh/bsa025_u.htm,http://gretil.sub.uni-goettingen.de/gretil/1_sanskr/6_sastra/3_phil/buddh/bsa025_u.htm,https://archive.org/search.php?query=Ratn%C4%81val%C4%AB&page=2,y,6_sastra/3_phil/buddh,y,
sa_jJAnayazas-jAtakastava.xml,Jātakastava,Jātakastava,,Jñānayaśas,Jñānayaśas,P0ER0006,,,Not found.,,http://gretil.sub.uni-goettingen.de/gretil/corpustei/transformations/html/sa_jJAnayazas-jAtakastava.htm,http://gretil.sub.uni-goettingen.de/gretil/1_sanskr/4_rellit/buddh/jatkstau.htm,http://gretil.sub.uni-goettingen.de/gretil/1_sanskr/4_rellit/buddh/jatkstpu.htm,,,4_rellit/buddh,,
sa_haribhaTTa-jAtakamAlA1-8--11-12--19-20--22--24--26--32--35.xml,"Jātakamālā, 1-8, 11-12, 19-20, 22, 24, 26, 32, 35",Jātakamālā,,Haribhaṭṭa,Haribhaṭṭa,P0ER0030,D4152,T03n0160,,,http://gretil.sub.uni-goettingen.de/gretil/corpustei/transformations/html/sa_haribhaTTa-jAtakamAlA1-8--11-12--19-20--22--24--26--32--35.htm,http://gretil.sub.uni-goettingen.de/gretil/1_sanskr/4_rellit/buddh/hjatm_au.htm,http://gretil.sub.uni-goettingen.de/gretil/1_sanskr/4_rellit/buddh/hjatm_pu.htm,https://archive.org/search.php?query=J%C4%81takam%C4%81l%C4%81,,4_rellit/buddh,,
sa_gopadatta-jAtakamAlA.xml,Jātakamālā,Jātakamālā [Ajātaśatrvavadāna],,Gopadatta,Gopadatta,P4CZ16843,,T03_0160,,,http://gretil.sub.uni-goettingen.de/gretil/corpustei/transformations/html/sa_gopadatta-jAtakamAlA.htm,http://gretil.sub.uni-goettingen.de/gretil/1_sanskr/4_rellit/buddh/gopjatmu.htm,http://gretil.sub.uni-goettingen.de/gretil/1_sanskr/4_rellit/buddh/gopjatmu.htm,https://archive.org/search.php?query=J%C4%81takam%C4%81l%C4%81,,4_rellit/buddh,,
sa_kSemendra-avadAnakalpalatA.xml,Avadānakalpalatā,Bodhisattvāvadānakalpalatā,,Kṣemendra,Kṣemendra,P7847,D4155,,Not found.,,http://gretil.sub.uni-goettingen.de/gretil/corpustei/transformations/html/sa_kSemendra-avadAnakalpalatA.htm,http://gretil.sub.uni-goettingen.de/gretil/1_sanskr/4_rellit/buddh/bsu078_u.htm,http://gretil.sub.uni-goettingen.de/gretil/1_sanskr/4_rellit/buddh/bsu078_u.htm,,y,4_rellit/buddh,,
sa_AryazUra-jAtakamAlA.xml,Jātakamālā,Jātakamālā,,Āryaśūra,Āryaśūra,,D4150,T03_0160,,,http://gretil.sub.uni-goettingen.de/gretil/corpustei/transformations/html/sa_AryazUra-jAtakamAlA.htm,http://gretil.sub.uni-goettingen.de/gretil/1_sanskr/6_sastra/3_phil/buddh/bsa032_u.htm,http://gretil.sub.uni-goettingen.de/gretil/1_sanskr/6_sastra/3_phil/buddh/bsa032_u.htm,https://archive.org/search.php?query=J%C4%81takam%C4%81l%C4%81,y,6_sastra/3_phil/buddh,y,
sa_AryazUra-jAtakamAlA-1-15.xml,Jātakamālā 1-15,Jātakamālā,,Āryaśūra,Āryaśūra,,,T03n0160,Sanskrit only partially available (1-15),,http://gretil.sub.uni-goettingen.de/gretil/corpustei/transformations/html/sa_AryazUra-jAtakamAlA-1-15.htm,http://gretil.sub.uni-goettingen.de/gretil/1_sanskr/6_sastra/3_phil/buddh/ajm_u.htm,http://gretil.sub.uni-goettingen.de/gretil/1_sanskr/6_sastra/3_phil/buddh/ajm_u.htm,https://archive.org/search.php?query=J%C4%81takam%C4%81l%C4%81,,6_sastra/3_phil/buddh,,
sa_suvarNavarNAvadAna.xml,Suvarṇavarṇāvadāna,Suvarṇavarṇāvadāna,,,,,D4144,T14n0550,,,http://gretil.sub.uni-goettingen.de/gretil/corpustei/transformations/html/sa_suvarNavarNAvadAna.htm,http://gretil.sub.uni-goettingen.de/gretil/1_sanskr/4_rellit/buddh/suvrnavu.htm,http://gretil.sub.uni-goettingen.de/gretil/1_sanskr/4_rellit/buddh/suvrnavu.htm,,,4_rellit/buddh,,
sa_zrIghanAcArasaMgraha.xml,Śrīghanācārasaṃgraha,Śrighanācārasaṃgraha,,,,,,,Not found.,Reconstructed,http://gretil.sub.uni-goettingen.de/gretil/corpustei/transformations/html/sa_zrIghanAcArasaMgraha.htm,http://gretil.sub.uni-goettingen.de/gretil/1_sanskr/4_rellit/buddh/sghancsu.htm,http://gretil.sub.uni-goettingen.de/gretil/1_sanskr/4_rellit/buddh/sghancsu.htm,,y,4_rellit/buddh,,
sa_jayarakSita-sphuTArthA-zrIghanAcArasaMgrahaTIkA.xml,Sphuṭārthā Śrīghanācārasaṃgrahaṭīkā,Sphuṭārthā Śrīghanācārasaṃgrahaṭīkā,,Jayarakṣita,Jayarakṣita,P0ER0005,,,Not found.,,http://gretil.sub.uni-goettingen.de/gretil/corpustei/transformations/html/sa_jayarakSita-sphuTArthA-zrIghanAcArasaMgrahaTIkA.htm,http://gretil.sub.uni-goettingen.de/gretil/1_sanskr/4_rellit/buddh/jsphustu.htm,http://gretil.sub.uni-goettingen.de/gretil/1_sanskr/4_rellit/buddh/jsphustu.htm,,y,4_rellit/buddh,,
sa_yazomitra-sphuTArthA-abhidharmakozavyAkhyA.xml,Sphuṭārthā abhidharmakośavyākhyā,Sphuṭārthā Abhidharmakośavyākhyā,,Yaśomitra,Yaśomitra,P4CZ15477,D4092,,Not translated into Chinese,,http://gretil.sub.uni-goettingen.de/gretil/corpustei/transformations/html/sa_yazomitra-sphuTArthA-abhidharmakozavyAkhyA.htm,http://gretil.sub.uni-goettingen.de/gretil/1_sanskr/6_sastra/3_phil/buddh/yabhkvyu.htm,http://gretil.sub.uni-goettingen.de/gretil/1_sanskr/6_sastra/3_phil/buddh/yabhkvyu.htm,,,6_sastra/3_phil/buddh,,
sa_vasubandhu-abhidharmakoza.xml,Abhidharmakośa,Abhidharmakośakārikā,,Vasubandhu,Vasubandhu,P6119,D4089,T29n1560,,,http://gretil.sub.uni-goettingen.de/gretil/corpustei/transformations/html/sa_vasubandhu-abhidharmakoza.htm,http://gretil.sub.uni-goettingen.de/gretil/1_sanskr/6_sastra/3_phil/buddh/vakobhku.htm,http://gretil.sub.uni-goettingen.de/gretil/1_sanskr/6_sastra/3_phil/buddh/vakobhku.htm,,y,6_sastra/3_phil/buddh,y,
sa_vasubandhu-abhidharmakozabhASya.xml,Abhidharmakośabhāṣya,Abhidharmakośabhāṣya,,Vasubandhu,Vasubandhu,P6119,D4090,"T29n1558,T29n1559",,,http://gretil.sub.uni-goettingen.de/gretil/corpustei/transformations/html/sa_vasubandhu-abhidharmakozabhASya.htm,http://gretil.sub.uni-goettingen.de/gretil/1_sanskr/6_sastra/3_phil/buddh/vakobhau.htm,http://gretil.sub.uni-goettingen.de/gretil/1_sanskr/6_sastra/3_phil/buddh/vakobhau.htm,,,6_sastra/3_phil/buddh,,
sa_vimalamitra-abhidharmadIpa-1-383.xml,Abhidharmadīpa 1-383,Abhidharmadipakārikā,Kārikās 1–383,Vimalamitra,Vimalamitra,P0AT0289,,,Not translated into Chinese,,http://gretil.sub.uni-goettingen.de/gretil/corpustei/transformations/html/sa_vimalamitra-abhidharmadIpa-1-383.htm,http://gretil.sub.uni-goettingen.de/gretil/1_sanskr/6_sastra/3_phil/buddh/vabhdilu.htm,http://gretil.sub.uni-goettingen.de/gretil/1_sanskr/6_sastra/3_phil/buddh/vabhdilu.htm,,y,6_sastra/3_phil/buddh,n,gretil_sa/sa_vimalamitra-abhidharmadIpa.xml
sa_vimalamitra-abhidharmadIpa.xml,Abhidharmadīpa,Abhidharmadīpakārikā,Kārikās 1–597,Vimalamitra,Vimalamitra,P0AT0289,,,Not translated into Chinese,,http://gretil.sub.uni-goettingen.de/gretil/corpustei/transformations/html/sa_vimalamitra-abhidharmadIpa.htm,http://gretil.sub.uni-goettingen.de/gretil/1_sanskr/6_sastra/3_phil/buddh/vabhdiku.htm,http://gretil.sub.uni-goettingen.de/gretil/1_sanskr/6_sastra/3_phil/buddh/vabhdiku.htm,,y,6_sastra/3_phil/buddh,y,
sa_vimalamitra-abhidharmadIpa-comm.xml,Abhidharmadīpa with auto(?)entary Vibhāṣāprabhāvṛtti,Abhidharmadīpaṭīkā,,Vimalamitra,Vimalamitra,,,,Not translated into Chinese,,http://gretil.sub.uni-goettingen.de/gretil/corpustei/transformations/html/sa_vimalamitra-abhidharmadIpa-comm.htm,http://gretil.sub.uni-goettingen.de/gretil/1_sanskr/6_sastra/3_phil/buddh/vabhdicu.htm,http://gretil.sub.uni-goettingen.de/gretil/1_sanskr/6_sastra/3_phil/buddh/vabhdicu.htm,,y,6_sastra/3_phil/buddh,y,
sa_udAnavarga.xml,Udānavarga,Udānavarga,,,,,"D326, D4099","T04n0213, T04n0212",Michael: The equivalence between T212 and Udānavarga is only imperfect. Sebastian: That is true - ven. Vimala of SuttaCentral has been working on a manual alignment of this text and we might be able to use data from SC directly.,,http://gretil.sub.uni-goettingen.de/gretil/corpustei/transformations/html/sa_udAnavarga.htm,http://gretil.sub.uni-goettingen.de/gretil/1_sanskr/4_rellit/buddh/udanav_u.htm,http://gretil.sub.uni-goettingen.de/gretil/1_sanskr/4_rellit/buddh/udanav_u.htm,https://archive.org/search.php?query=Ud%C4%81navarga,,4_rellit/buddh,,
sa_nAgArjuna-dharmadhAtugarbhavivaraNa.xml,Dharmadhātugarbhavivaraṇa,Dharmadhātugarbhavivaraṇa,,Nāgārjuna,Nāgārjuna,P4954,D4101,,Not found.,,http://gretil.sub.uni-goettingen.de/gretil/corpustei/transformations/html/sa_nAgArjuna-dharmadhAtugarbhavivaraNa.htm,http://gretil.sub.uni-goettingen.de/gretil/1_sanskr/6_sastra/3_phil/buddh/nagdhdbu.htm,http://gretil.sub.uni-goettingen.de/gretil/1_sanskr/6_sastra/3_phil/buddh/nagdhdbu.htm,,y,6_sastra/3_phil/buddh,y,
sa_harivarman-satyasiddhizAstram.xml,Satyasiddhiśāstram,Satyasiddhiśāstra [Tattvasiddhiśāstra],,Harivarman,Harivarman,P0ER0010,,T32n1646,"This is a backtranslation from the Chn. *Maybe* of limited use for training, we have to see.",,http://gretil.sub.uni-goettingen.de/gretil/corpustei/transformations/html/sa_harivarman-satyasiddhizAstram.htm,http://gretil.sub.uni-goettingen.de/gretil/1_sanskr/6_sastra/3_phil/buddh/hvsatssu.htm,http://gretil.sub.uni-goettingen.de/gretil/1_sanskr/6_sastra/3_phil/buddh/hvsatssu.htm,,,6_sastra/3_phil/buddh,,
sa_dharmaskandha.xml,Dharmaskandha,Dharmaskandha,,,,,D245,T26n1537,,,http://gretil.sub.uni-goettingen.de/gretil/corpustei/transformations/html/sa_dharmaskandha.htm,http://gretil.sub.uni-goettingen.de/gretil/1_sanskr/4_rellit/buddh/dhrmsk_u.htm,http://gretil.sub.uni-goettingen.de/gretil/1_sanskr/4_rellit/buddh/dhrmsk_u.htm,,,4_rellit/buddh,,
sa_vasubandhu-madhyAntavibhAgakArikAbhASya.xml,Madhyāntavibhāgakārikābhāṣya a commentary on the Madhyāntavibhāgakārikās attributed to Maitreyanātha,Madhyāntavibhāgabhāṣya [Madhyāntavibhāgakārikābhāṣya],,Vasubandhu,Vasubandhu,P6119,D4027,"T31n1599, T31n1600",,,http://gretil.sub.uni-goettingen.de/gretil/corpustei/transformations/html/sa_vasubandhu-madhyAntavibhAgakArikAbhASya.htm,http://gretil.sub.uni-goettingen.de/gretil/1_sanskr/6_sastra/3_phil/buddh/vmvkbh_u.htm,http://gretil.sub.uni-goettingen.de/gretil/1_sanskr/6_sastra/3_phil/buddh/vmvkbh_u.htm,,,6_sastra/3_phil/buddh,,
sa_vasubandhu-viMzatikA-vijJaptimAtratAsiddhi.xml,Viṃśatikā vijñaptimātratāsiddhi,Viṃśatikā vijñaptimātratāsiddhi [Viṃśikāvṛtti],,Vasubandhu,Vasubandhu,P6119,"D4057, D4056","T31n1588, T31n1589, T31n1590",Michael: T1589 is also an imperfect match to Viṃśatikā or any Skt commentary thereon.,,http://gretil.sub.uni-goettingen.de/gretil/corpustei/transformations/html/sa_vasubandhu-viMzatikA-vijJaptimAtratAsiddhi.htm,http://gretil.sub.uni-goettingen.de/gretil/1_sanskr/6_sastra/3_phil/buddh/vasvvmsu.htm,http://gretil.sub.uni-goettingen.de/gretil/1_sanskr/6_sastra/3_phil/buddh/vasvvmsu.htm,,,6_sastra/3_phil/buddh,,
sa_vasubandhu-triMzikAvijJaptikArikA-comm.xml,Triṃśikāvijñaptikārikā with Sthiramati's Triṃśikāvijñaptibhāṣya,Triṃśikāvijñaptibhāṣya [Triṃśikābhāṣya],,Vasubandhu,Sthiramati,P4CZ16794,D4064,T31n1585,"T31n1585 is a compilation of various Indian commentaries, including T06sthtvbhu",,http://gretil.sub.uni-goettingen.de/gretil/corpustei/transformations/html/sa_vasubandhu-triMzikAvijJaptikArikA-comm.htm,http://gretil.sub.uni-goettingen.de/gretil/1_sanskr/6_sastra/3_phil/buddh/sthtvbhu.htm,http://gretil.sub.uni-goettingen.de/gretil/1_sanskr/6_sastra/3_phil/buddh/sthtvbhu.htm,,,6_sastra/3_phil/buddh,,
sa_asaGga-zrAvakabhUmi-edshukla.xml,Śrāvakabhūmi,Yogācārabhūmi: Śrāvakabhūmi,,Asaṅga,,,D4036,T30n1579,one chapter of T30n1579,,http://gretil.sub.uni-goettingen.de/gretil/corpustei/transformations/html/sa_asaGga-zrAvakabhUmi-edshukla.htm,http://gretil.sub.uni-goettingen.de/gretil/1_sanskr/4_rellit/buddh/srabhusu.htm,http://gretil.sub.uni-goettingen.de/gretil/1_sanskr/4_rellit/buddh/srabhusu.htm,https://archive.org/details/Sravakabhumi,,4_rellit/buddh,,
sa_zrAvakabhUmi.xml,Śrāvakabhūmi,Yogācārabhūmi: Śrāvakabhūmi,,,,,,T30n1579,one chapter of T30n1579,,http://gretil.sub.uni-goettingen.de/gretil/corpustei/transformations/html/sa_zrAvakabhUmi.htm,http://gretil.sub.uni-goettingen.de/gretil/1_sanskr/4_rellit/buddh/srabhu_u.htm,http://gretil.sub.uni-goettingen.de/gretil/1_sanskr/4_rellit/buddh/srabhu_u.htm,https://archive.org/details/Sravakabhumi,,4_rellit/buddh,,
sa_ratnagotravibhAga.xml,Ratnagotravibhāga,"Ratnagotravibhāga [Ratnagotravibhāga Mahāyānottaratantraśāstra, Ratnagotravibhāga-Mahāyāna-Uttaratantra, Uttaratantra]","The Chinese tradition attributes the work to Sāramati (C. Jianyi), while the Tibetan tradition attributes the core verses of the text to Maitreya/Maitreyanātha and its prose commentary entitled the Uttaratantravyākhyā to Asaṅga. (Princeton)",,Maitreya; Sāramati (C. Jianyi),,"D4025, D4042",T31n1611,,,http://gretil.sub.uni-goettingen.de/gretil/corpustei/transformations/html/sa_ratnagotravibhAga.htm,http://gretil.sub.uni-goettingen.de/gretil/1_sanskr/6_sastra/3_phil/buddh/bsa073_u.htm,http://gretil.sub.uni-goettingen.de/gretil/1_sanskr/6_sastra/3_phil/buddh/bsa073_u.htm,https://archive.org/search.php?query=Ratnagotravibh%C4%81ga,y,6_sastra/3_phil/buddh,y,
sa_vasubandhu-paJcaskandhaprakaraNa.xml,Pañcaskandhaprakaraṇa,Pañcaskandhaprakaraṇa,,Vasubandhu,Vasubandhu,P6119,D4059,T31n1612,,,http://gretil.sub.uni-goettingen.de/gretil/corpustei/transformations/html/sa_vasubandhu-paJcaskandhaprakaraNa.htm,http://gretil.sub.uni-goettingen.de/gretil/1_sanskr/6_sastra/3_phil/buddh/bsa065_u.htm,http://gretil.sub.uni-goettingen.de/gretil/1_sanskr/6_sastra/3_phil/buddh/bsa065_u.htm,,y,6_sastra/3_phil/buddh,y,
sa_bodhisattvabhUmi.xml,Bodhisattvabhūmi,Bodhisattvabhūmi,,,,,D4037,T31n1579,only one chapter in Sanskrit but full text in Chinese,,http://gretil.sub.uni-goettingen.de/gretil/corpustei/transformations/html/sa_bodhisattvabhUmi.htm,http://gretil.sub.uni-goettingen.de/gretil/1_sanskr/6_sastra/3_phil/buddh/bsa034_u.htm,http://gretil.sub.uni-goettingen.de/gretil/1_sanskr/6_sastra/3_phil/buddh/bsa034_u.htm,https://archive.org/details/in.ernet.dli.2015.351937/mode/2up,y,6_sastra/3_phil/buddh,y,
sa_asaGga-mahAyAnasUtrAlaMkAra-alt.xml,Mahāyānasūtrālaṃkāra,Mahāyānasūtrālaṃkāra,,Asaṅga,Asaṅga; Maitreya,P6118,D4020,T31n1604,,,http://gretil.sub.uni-goettingen.de/gretil/corpustei/transformations/html/sa_asaGga-mahAyAnasUtrAlaMkAra-alt.htm,http://gretil.sub.uni-goettingen.de/gretil/1_sanskr/6_sastra/3_phil/buddh/bsa030_u.htm,http://gretil.sub.uni-goettingen.de/gretil/1_sanskr/6_sastra/3_phil/buddh/bsa030_u.htm,https://archive.org/search.php?query=Mah%C4%81y%C4%81nas%C5%ABtr%C4%81la%E1%B9%83k%C4%81ra,y,6_sastra/3_phil/buddh,y,
sa_viMzatikAkArikA.xml,Viṃśatikākārikā,Viṃśatikākārikā [Viṃśikāvṛtti],,,Vasubandhu,P6119,D4056,T31n1591,Michael: I would urge great caution (for T1591).,,http://gretil.sub.uni-goettingen.de/gretil/corpustei/transformations/html/sa_viMzatikAkArikA.htm,http://gretil.sub.uni-goettingen.de/gretil/1_sanskr/6_sastra/3_phil/buddh/bsa023_u.htm,http://gretil.sub.uni-goettingen.de/gretil/1_sanskr/6_sastra/3_phil/buddh/bsa023_u.htm,,y,6_sastra/3_phil/buddh,y,
sa_viMzikAvRtti.xml,Viṃśikāvṛtti,Viṃśatikākārikā [Viṃśikāvṛtti],,,Vasubandhu,P6119,,T31n1591,Michael: I would urge great caution (for T1591).,,http://gretil.sub.uni-goettingen.de/gretil/corpustei/transformations/html/sa_viMzikAvRtti.htm,http://gretil.sub.uni-goettingen.de/gretil/1_sanskr/6_sastra/3_phil/buddh/bsa022_u.htm,http://gretil.sub.uni-goettingen.de/gretil/1_sanskr/6_sastra/3_phil/buddh/bsa022_u.htm,,y,6_sastra/3_phil/buddh,n,gretil_sa/sa_viMzatikAkArikA.xml
sa_vasubandhu-trisvabhAvanirdeza.xml,Trisvabhāvanirdeśa,Trisvabhāvanirdeśa,,Vasubandhu,Vasubandhu,P6119,"T04D3843, D4058",,SN: Is the Sanskrit text probably reconstructed?,,http://gretil.sub.uni-goettingen.de/gretil/corpustei/transformations/html/sa_vasubandhu-trisvabhAvanirdeza.htm,http://gretil.sub.uni-goettingen.de/gretil/1_sanskr/6_sastra/3_phil/buddh/bsa019_u.htm,http://gretil.sub.uni-goettingen.de/gretil/1_sanskr/6_sastra/3_phil/buddh/bsa019_u.htm,https://archive.org/details/in.ernet.dli.2015.484767,y,6_sastra/3_phil/buddh,y,
sa_vasubandhu-triMzikAvijJaptikArikA.xml,Triṃśikāvijñaptikārikā,Triṃśikāvijñaptikārikā [Triṃśikākārikā],,Vasubandhu,Vasubandhu,P6119,T06D4055,T31n1586,,,http://gretil.sub.uni-goettingen.de/gretil/corpustei/transformations/html/sa_vasubandhu-triMzikAvijJaptikArikA.htm,http://gretil.sub.uni-goettingen.de/gretil/1_sanskr/6_sastra/3_phil/buddh/bsa018_u.htm,http://gretil.sub.uni-goettingen.de/gretil/1_sanskr/6_sastra/3_phil/buddh/bsa018_u.htm,,y,6_sastra/3_phil/buddh,y,
sa_tattvaratnAvaloka.xml,Tattvaratnāvaloka,Tattvaratnāvaloka,,,Vāgīśvarakīrti,P8946,D1889,,Not found.,,http://gretil.sub.uni-goettingen.de/gretil/corpustei/transformations/html/sa_tattvaratnAvaloka.htm,http://gretil.sub.uni-goettingen.de/gretil/1_sanskr/6_sastra/3_phil/buddh/bsa017_u.htm,http://gretil.sub.uni-goettingen.de/gretil/1_sanskr/6_sastra/3_phil/buddh/bsa017_u.htm,,y,6_sastra/3_phil/buddh,y,
sa_maitreya-madhyAntavibhAgakArikA.xml,Madhyāntavibhāgakārikā,Madhyāntavibhāgakārikā,,Maitreya (attrib.),Maitreya,P6118,D4021,T31n1601,,,http://gretil.sub.uni-goettingen.de/gretil/corpustei/transformations/html/sa_maitreya-madhyAntavibhAgakArikA.htm,http://gretil.sub.uni-goettingen.de/gretil/1_sanskr/6_sastra/3_phil/buddh/bsa010_u.htm,http://gretil.sub.uni-goettingen.de/gretil/1_sanskr/6_sastra/3_phil/buddh/bsa010_u.htm,,y,6_sastra/3_phil/buddh,y,
sa_asaGga-zarIrArthagAthA.xml,Śarīrārthagāthā a chapter of his Yogācārabhūmi,Śarīrārthagāthā,Of the Cintamayībhūmi in the Yogācārabhūmi,Asaṅga,,,,T30n1579,,,http://gretil.sub.uni-goettingen.de/gretil/corpustei/transformations/html/sa_asaGga-zarIrArthagAthA.htm,http://gretil.sub.uni-goettingen.de/gretil/1_sanskr/6_sastra/3_phil/buddh/asycsaru.htm,http://gretil.sub.uni-goettingen.de/gretil/1_sanskr/6_sastra/3_phil/buddh/asycsaru.htm,,,6_sastra/3_phil/buddh,,
sa_asaGga-mahAyAnasUtrAlaMkAra.xml,Mahāyānasūtrālaṃkāra,Mahāyānasūtrālaṃkāra,"In Sanskrit, the “Ornament for the Mahāyāna Sūtras” [= Mahāyānasūtrālaṃkāra]; one of the five works (together with the Abhisamayālaṃkāra, the Ratnagotravibhāga, the Madhyāntavibhāga, and the Dharmadharmatāvibhāga) said to have been presented to Asaṅga by the Bodhisattva Maitreya in the Tuṣita heaven (see also Maitreyanātha)."" (Princeton)",Asaṅga,Vasubandhu,P6118,D4026,T31n1604,,,http://gretil.sub.uni-goettingen.de/gretil/corpustei/transformations/html/sa_asaGga-mahAyAnasUtrAlaMkAra.htm,http://gretil.sub.uni-goettingen.de/gretil/1_sanskr/4_rellit/buddh/asmahsuu.htm,http://gretil.sub.uni-goettingen.de/gretil/1_sanskr/4_rellit/buddh/asmahsuu.htm,https://archive.org/search.php?query=Mah%C4%81y%C4%81nas%C5%ABtr%C4%81la%E1%B9%83k%C4%81ra,y,4_rellit/buddh,y,
sa_asaGga-mahAyAnasUtrAlaMkAra-comm.xml,Mahāyānasūtrālaṃkāra with Vasubandhu's commentary (Bhāṣya) = Msa,Mahāyānasūtrālaṅkāra,"In Sanskrit, the “Ornament for the Mahāyāna Sūtras” [= Mahāyānasūtrālaṃkāra]; one of the five works (together with the Abhisamayālaṃkāra, the Ratnagotravibhāga, the Madhyāntavibhāga, and the Dharmadharmatāvibhāga) said to have been presented to Asaṅga by the Bodhisattva Maitreya in the Tuṣita heaven (see also Maitreyanātha)."" (Princeton)",Asaṅga,Asaṅga; Maitreya; Vasubandhu,P6118,D4026,T31n1604,,,http://gretil.sub.uni-goettingen.de/gretil/corpustei/transformations/html/sa_asaGga-mahAyAnasUtrAlaMkAra-comm.htm,http://gretil.sub.uni-goettingen.de/gretil/1_sanskr/4_rellit/buddh/asmahsbu.htm,http://gretil.sub.uni-goettingen.de/gretil/1_sanskr/4_rellit/buddh/asmahsbu.htm,https://archive.org/search.php?query=Mah%C4%81y%C4%81nas%C5%ABtr%C4%81la%E1%B9%83k%C4%81ra,,4_rellit/buddh,,
sa_asaGga-abhidharmasamuccaya.xml,Abhidharmasamuccaya,Abhidharmasamuccaya,,Asaṅga,Asaṅga,P6117,D4049,T31n1605,,,http://gretil.sub.uni-goettingen.de/gretil/corpustei/transformations/html/sa_asaGga-abhidharmasamuccaya.htm,http://gretil.sub.uni-goettingen.de/gretil/1_sanskr/6_sastra/3_phil/buddh/asabhs_u.htm,http://gretil.sub.uni-goettingen.de/gretil/1_sanskr/6_sastra/3_phil/buddh/asabhs_u.htm,https://archive.org/search.php?query=Abhidharmasamuccaya,y,6_sastra/3_phil/buddh,y,
sa_abhidharmasamuccayabhASya.xml,Abhidharmasamuccayabhāṣya,Abhidharmasamuccayabhāṣya,,,,,D4053,T31n1606,,,http://gretil.sub.uni-goettingen.de/gretil/corpustei/transformations/html/sa_abhidharmasamuccayabhASya.htm,http://gretil.sub.uni-goettingen.de/gretil/1_sanskr/6_sastra/3_phil/buddh/abhsubhu.htm,http://gretil.sub.uni-goettingen.de/gretil/1_sanskr/6_sastra/3_phil/buddh/abhsubhu.htm,,y,6_sastra/3_phil/buddh,y,
sa_nAgArjuna-zAlistambakamahAyAnasUtraTIkA.xml,Śālistambakamahāyānasūtraṭīkā,Śālistambakamahāyānasūtraṭīkā [Āryaśālistambakamahāyānasūtraṭīkā],,Nāgārjuna,Nāgārjuna,P4954,D3986,,Not found.,,http://gretil.sub.uni-goettingen.de/gretil/corpustei/transformations/html/sa_nAgArjuna-zAlistambakamahAyAnasUtraTIkA.htm,http://gretil.sub.uni-goettingen.de/gretil/1_sanskr/6_sastra/3_phil/buddh/nagsaliu.htm,http://gretil.sub.uni-goettingen.de/gretil/1_sanskr/6_sastra/3_phil/buddh/nagsaliu.htm,,y,6_sastra/3_phil/buddh,y,
sa_pratItyasamutpAdAdivibhaGganirdezasUtra.xml,Pratītyasamutpādādivibhaṅganirdeśasūtra,Pratītyasamutpādādivibhaṅganirdeśasūtra,,,,,D0211,T02n0124,,,http://gretil.sub.uni-goettingen.de/gretil/corpustei/transformations/html/sa_pratItyasamutpAdAdivibhaGganirdezasUtra.htm,http://gretil.sub.uni-goettingen.de/gretil/1_sanskr/4_rellit/buddh/bsu027_u.htm,http://gretil.sub.uni-goettingen.de/gretil/1_sanskr/4_rellit/buddh/bsu027_u.htm,,y,4_rellit/buddh,y,
sa_nAgArjuna-zAlistambakakArikA.xml,Śālistambakakārikā,Śālistambakakārikā [Āryaśālistambakakārikā],,Nāgārjuna,Nāgārjuna,P4954,"D3985, D4552",,Not found.,,http://gretil.sub.uni-goettingen.de/gretil/corpustei/transformations/html/sa_nAgArjuna-zAlistambakakArikA.htm,http://gretil.sub.uni-goettingen.de/gretil/1_sanskr/6_sastra/3_phil/buddh/bsa062_u.htm,http://gretil.sub.uni-goettingen.de/gretil/1_sanskr/6_sastra/3_phil/buddh/bsa062_u.htm,,y,6_sastra/3_phil/buddh,y,
sa_vasubandhu-bodhicittotpAdasUtrazAstra.xml,Bodhicittotpādasūtraśāstra,Bodhicittotpādasūtraśāstra,,Vasubandhu,Vasubandhu,P6119,,,Not found. (T32n1658 from the BDRC-List doesn't seem to be the correct text.),,http://gretil.sub.uni-goettingen.de/gretil/corpustei/transformations/html/sa_vasubandhu-bodhicittotpAdasUtrazAstra.htm,http://gretil.sub.uni-goettingen.de/gretil/1_sanskr/6_sastra/3_phil/buddh/vasbocpu.htm,http://gretil.sub.uni-goettingen.de/gretil/1_sanskr/6_sastra/3_phil/buddh/vasbocpu.htm,,y,6_sastra/3_phil/buddh,y,
sa_zAntideva-bodhicaryAvatAra.xml,Bodhicaryāvatāra,Bodhicaryāvatāra [Bodhisattvacaryāvatāra],,Śāntideva,Śāntideva,P6161,D3871,T32n1662,,,http://gretil.sub.uni-goettingen.de/gretil/corpustei/transformations/html/sa_zAntideva-bodhicaryAvatAra.htm,http://gretil.sub.uni-goettingen.de/gretil/1_sanskr/6_sastra/3_phil/buddh/santbcau.htm,http://gretil.sub.uni-goettingen.de/gretil/1_sanskr/6_sastra/3_phil/buddh/santbcpu.htm,https://archive.org/search.php?query=Bodhicary%C4%81vat%C4%81ra&page=3,,6_sastra/3_phil/buddh,,
sa_zAntideva-zikSAsamuccaya.xml,Śikṣāsamuccaya,Śikṣāsamuccaya,,Śāntideva,Śāntideva,P6161,D3940,T32n1636,"Michael: You're going to have to be more specific for sub-sections of the text, if you plan to present this to the machine as something it should be able to derive alignments from.",,http://gretil.sub.uni-goettingen.de/gretil/corpustei/transformations/html/sa_zAntideva-zikSAsamuccaya.htm,http://gretil.sub.uni-goettingen.de/gretil/1_sanskr/6_sastra/3_phil/buddh/sanssr_au.htm,http://gretil.sub.uni-goettingen.de/gretil/1_sanskr/6_sastra/3_phil/buddh/sanssr_pu.htm,https://archive.org/search.php?query=%C5%9Aik%E1%B9%A3%C4%81samuccaya,,6_sastra/3_phil/buddh,n,gretil_sa/sa_zAntideva-zikSAsamuccaya-alt.xml
sa_zAntideva-zikSAsamuccaya-alt.xml,Śikṣāsamuccaya,Śikṣāsamuccaya 1. Dānapāramitā,,Śāntideva,Śāntideva,P6161,D3940,T32n1636,,,http://gretil.sub.uni-goettingen.de/gretil/corpustei/transformations/html/sa_zAntideva-zikSAsamuccaya-alt.htm,http://gretil.sub.uni-goettingen.de/gretil/1_sanskr/6_sastra/3_phil/buddh/sanss01u.htm,http://gretil.sub.uni-goettingen.de/gretil/1_sanskr/6_sastra/3_phil/buddh/sanss01u.htm,https://archive.org/search.php?query=%C5%9Aik%E1%B9%A3%C4%81samuccaya,,6_sastra/3_phil/buddh,y,
sa_nAgArjuna-yuktiSaSTikakArikA.xml,Yuktiṣaṣṭikakārikā Sanskrit reconstruction,Yuktiṣaṣṭikārikā,,Nāgārjuna,Nāgārjuna,P4954,D3825,T30n1575,,Reconstructed,http://gretil.sub.uni-goettingen.de/gretil/corpustei/transformations/html/sa_nAgArjuna-yuktiSaSTikakArikA.htm,http://gretil.sub.uni-goettingen.de/gretil/1_sanskr/6_sastra/3_phil/buddh/nagyuksu.htm,http://gretil.sub.uni-goettingen.de/gretil/1_sanskr/6_sastra/3_phil/buddh/nagyuksu.htm,,y,6_sastra/3_phil/buddh,y,
sa_nAgArjuna-yuktiSaSTikakArikA-fragments.xml,Yuktiṣaṣṭikakārikā-fragments,Yuktiṣaṣṭikakārikā,Fragments,Nāgārjuna,Nāgārjuna,P4954,D3825,T30n1575,,,http://gretil.sub.uni-goettingen.de/gretil/corpustei/transformations/html/sa_nAgArjuna-yuktiSaSTikakArikA-fragments.htm,http://gretil.sub.uni-goettingen.de/gretil/1_sanskr/6_sastra/3_phil/buddh/nagysk_u.htm,http://gretil.sub.uni-goettingen.de/gretil/1_sanskr/6_sastra/3_phil/buddh/nagysk_u.htm,,,6_sastra/3_phil/buddh,,
sa_nAgArjuna-vigrahavyAvartanIkArikA.xml,Vigrahavyāvartanīkārikā,Vigrahavyāvartanīkārikā,,Nāgārjuna,Nāgārjuna,P4954,D3828,T32n1631,,,http://gretil.sub.uni-goettingen.de/gretil/corpustei/transformations/html/sa_nAgArjuna-vigrahavyAvartanIkArikA.htm,http://gretil.sub.uni-goettingen.de/gretil/1_sanskr/6_sastra/3_phil/buddh/nagvvy_u.htm,http://gretil.sub.uni-goettingen.de/gretil/1_sanskr/6_sastra/3_phil/buddh/nagvvy_u.htm,,,6_sastra/3_phil/buddh,,
sa_nAgArjuna-vigrahavyAvartanI.xml,Vigrahavyāvartanī,Vigrahavyāvartanī,kārikā + vṛtti,Nāgārjuna,Nāgārjuna,P4954,"D3832, D3828",T32n1631,,,http://gretil.sub.uni-goettingen.de/gretil/corpustei/transformations/html/sa_nAgArjuna-vigrahavyAvartanI.htm,http://gretil.sub.uni-goettingen.de/gretil/1_sanskr/6_sastra/3_phil/buddh/nagvigvu.htm,http://gretil.sub.uni-goettingen.de/gretil/1_sanskr/6_sastra/3_phil/buddh/nagvigvu.htm,,,6_sastra/3_phil/buddh,,
sa_nAgArjuna-mahAyAnaviMzikA.xml,Mahāyānaviṃśikā,Mahāyānaviṃśikā [Mahāyānaviṃśati],,Nāgārjuna,Nāgārjuna,P4954,,T30n1576,,,http://gretil.sub.uni-goettingen.de/gretil/corpustei/transformations/html/sa_nAgArjuna-mahAyAnaviMzikA.htm,http://gretil.sub.uni-goettingen.de/gretil/1_sanskr/6_sastra/3_phil/buddh/nagmyv_u.htm,http://gretil.sub.uni-goettingen.de/gretil/1_sanskr/6_sastra/3_phil/buddh/nagmyv_u.htm,,y,6_sastra/3_phil/buddh,y,
sa_nAgArjuna-mUlamadhyamakakArikA.xml,Mūlamadhyamakakārikā,Mūlamadhyamakakārikā,,Nāgārjuna,Nāgārjuna,P4954,D3824,T30n1564,,,http://gretil.sub.uni-goettingen.de/gretil/corpustei/transformations/html/sa_nAgArjuna-mUlamadhyamakakArikA.htm,http://gretil.sub.uni-goettingen.de/gretil/1_sanskr/6_sastra/3_phil/buddh/nagmmk_u.htm,http://gretil.sub.uni-goettingen.de/gretil/1_sanskr/6_sastra/3_phil/buddh/nagmmk_u.htm,https://archive.org/details/2226454Nagarjuna/mode/2up,,6_sastra/3_phil/buddh,,
sa_kamalazIla-madhyamakAloka.xml,Madhyamakāloka,Madhyamakāloka,,Kamalaśīla,Kamalaśīla,P7641,D3887,,Not found.,,http://gretil.sub.uni-goettingen.de/gretil/corpustei/transformations/html/sa_kamalazIla-madhyamakAloka.htm,http://gretil.sub.uni-goettingen.de/gretil/1_sanskr/6_sastra/3_phil/buddh/ksmadhlu.htm,http://gretil.sub.uni-goettingen.de/gretil/1_sanskr/6_sastra/3_phil/buddh/ksmadhlu.htm,,y,6_sastra/3_phil/buddh,y,
sa_candrakIrti-prasannapada.xml,Prasannapada,Prasannapadā [Madhyamakaśāstravṛtti],,Candrakīrti,Candrakīrti,P5782,D3860,,Not found.,,http://gretil.sub.uni-goettingen.de/gretil/corpustei/transformations/html/sa_candrakIrti-prasannapada.htm,http://gretil.sub.uni-goettingen.de/gretil/1_sanskr/6_sastra/3_phil/buddh/canprasu.htm,http://gretil.sub.uni-goettingen.de/gretil/1_sanskr/6_sastra/3_phil/buddh/canprasu.htm,https://archive.org/search.php?query=Prasannapad%C4%81,y,6_sastra/3_phil/buddh,y,
sa_karmavibhaGgopadeza.xml,Karmavibhaṅgopadeśa,Karmavibhaṅgopadeśa,,,,,,,Not found.,,http://gretil.sub.uni-goettingen.de/gretil/corpustei/transformations/html/sa_karmavibhaGgopadeza.htm,http://gretil.sub.uni-goettingen.de/gretil/1_sanskr/4_rellit/buddh/bsu060_u.htm,http://gretil.sub.uni-goettingen.de/gretil/1_sanskr/4_rellit/buddh/bsu060_u.htm,https://archive.org/details/Levi.1932.Karmavibhanga,y,4_rellit/buddh,y,
sa_maitreyanAtha-bhavasaMkrAntiTIkA.xml,Bhavasaṃkrāntiṭīkā,Bhavasaṅkrāntiṭīkā,,Maitreyanātha,Maitreyanātha,P6118,D3841,,Not found.,,http://gretil.sub.uni-goettingen.de/gretil/corpustei/transformations/html/sa_maitreyanAtha-bhavasaMkrAntiTIkA.htm,http://gretil.sub.uni-goettingen.de/gretil/1_sanskr/6_sastra/3_phil/buddh/bsa058_u.htm,http://gretil.sub.uni-goettingen.de/gretil/1_sanskr/6_sastra/3_phil/buddh/bsa058_u.htm,,y,6_sastra/3_phil/buddh,y,
sa_prajJAkaramati-bodhicaryAvatArapaJjikA.xml,Bodhicaryāvatārapañjikā,Bodhicaryāvatārapañjikā,,Prajñākaramati,Prajñākaramati,P7313,D3872,,Not found.,,http://gretil.sub.uni-goettingen.de/gretil/corpustei/transformations/html/sa_prajJAkaramati-bodhicaryAvatArapaJjikA.htm,http://gretil.sub.uni-goettingen.de/gretil/1_sanskr/6_sastra/3_phil/buddh/bsa054_u.htm,http://gretil.sub.uni-goettingen.de/gretil/1_sanskr/6_sastra/3_phil/buddh/bsa054_u.htm,,y,6_sastra/3_phil/buddh,y,
sa_madhyamakAvatAra-1-5.xml,Madhyamakāvatāra 1-5,Madhyamakāvatārabhāṣya (ch. 1-5),,,Candrakīrti,P5782,D3861,,Not found.,,http://gretil.sub.uni-goettingen.de/gretil/corpustei/transformations/html/sa_madhyamakAvatAra-1-5.htm,http://gretil.sub.uni-goettingen.de/gretil/1_sanskr/6_sastra/3_phil/buddh/bsa053_u.htm,http://gretil.sub.uni-goettingen.de/gretil/1_sanskr/6_sastra/3_phil/buddh/bsa053_u.htm,https://archive.org/search.php?query=Madhyamak%C4%81vat%C4%81ra&page=2,y,6_sastra/3_phil/buddh,y,
sa_kamalazIla-bhAvanAkrama.xml,Bhāvanākrama,Bhāvanākrama,,Kamalaśīla,Kamalaśīla,P7641,"D3915-merged, D3916, D3917",T32n1664,,,http://gretil.sub.uni-goettingen.de/gretil/corpustei/transformations/html/sa_kamalazIla-bhAvanAkrama.htm,http://gretil.sub.uni-goettingen.de/gretil/1_sanskr/6_sastra/3_phil/buddh/bsa047_u.htm,http://gretil.sub.uni-goettingen.de/gretil/1_sanskr/6_sastra/3_phil/buddh/bsa047_u.htm,https://archive.org/search.php?query=Bh%C4%81van%C4%81krama,y,6_sastra/3_phil/buddh,y,
sa_dIpaMkarazrIjJAna-gurukriyAkrama.xml,Gurukriyākrama,Gurukriyākrama,,Dīpaṃkaraśrījñāna [= Atīśa],Atiśa Dīpaṃkaraśrījñāna,P3379,"D3977, D4489",,Not found.,,http://gretil.sub.uni-goettingen.de/gretil/corpustei/transformations/html/sa_dIpaMkarazrIjJAna-gurukriyAkrama.htm,http://gretil.sub.uni-goettingen.de/gretil/1_sanskr/6_sastra/3_phil/buddh/bsa042_u.htm,http://gretil.sub.uni-goettingen.de/gretil/1_sanskr/6_sastra/3_phil/buddh/bsa042_u.htm,,y,6_sastra/3_phil/buddh,y,
sa_dIpaMkarazrIjJAna-ApattidezanAvidhi.xml,Āpattideśanāvidhi,Āpattideśanāvidhi,,Dīpaṃkaraśrījñāna [= Atīśa],Atiśa Dīpaṃkaraśrījñāna,P3379,D3974,,Not found.,,http://gretil.sub.uni-goettingen.de/gretil/corpustei/transformations/html/sa_dIpaMkarazrIjJAna-ApattidezanAvidhi.htm,http://gretil.sub.uni-goettingen.de/gretil/1_sanskr/6_sastra/3_phil/buddh/bsa041_u.htm,http://gretil.sub.uni-goettingen.de/gretil/1_sanskr/6_sastra/3_phil/buddh/bsa041_u.htm,,y,6_sastra/3_phil/buddh,y,
sa_dIpaMkarazrIjJAna-cittotpAdasaMvaravidhikrama.xml,Cittotpādasaṃvaravidhikrama,Cittotpādasaṃvaravidhikrama,,Dīpaṃkaraśrījñāna [= Atīśa],Atiśa Dīpaṃkaraśrījñāna,P3379,"D3969, D4490",,Not found.,,http://gretil.sub.uni-goettingen.de/gretil/corpustei/transformations/html/sa_dIpaMkarazrIjJAna-cittotpAdasaMvaravidhikrama.htm,http://gretil.sub.uni-goettingen.de/gretil/1_sanskr/6_sastra/3_phil/buddh/bsa040_u.htm,http://gretil.sub.uni-goettingen.de/gretil/1_sanskr/6_sastra/3_phil/buddh/bsa040_u.htm,,y,6_sastra/3_phil/buddh,y,
sa_dIpaMkarazrIjJAna-dazAkuzalakarmapathadezanA.xml,Daśākuśalakarmapathadeśanā,Daśākuśalakarmapathadeśanā,,Dīpaṃkaraśrījñāna [= Atīśa],Atiśa Dīpaṃkaraśrījñāna,P3379,"D3958, D4483",T17n0727,Previously given T725 must be a typo.,,http://gretil.sub.uni-goettingen.de/gretil/corpustei/transformations/html/sa_dIpaMkarazrIjJAna-dazAkuzalakarmapathadezanA.htm,http://gretil.sub.uni-goettingen.de/gretil/1_sanskr/6_sastra/3_phil/buddh/bsa039_u.htm,http://gretil.sub.uni-goettingen.de/gretil/1_sanskr/6_sastra/3_phil/buddh/bsa039_u.htm,,y,6_sastra/3_phil/buddh,y,
sa_dIpaMkarazrIjJAna-sUtrArthasamuccayopadeza.xml,Sūtrārthasamuccayopadeśa,Sūtrārthasamuccayopadeśa,,Dīpaṃkaraśrījñāna [= Atīśa],Atiśa Dīpaṃkaraśrījñāna,P3379,"D3957, D4482",,Not found.,,http://gretil.sub.uni-goettingen.de/gretil/corpustei/transformations/html/sa_dIpaMkarazrIjJAna-sUtrArthasamuccayopadeza.htm,http://gretil.sub.uni-goettingen.de/gretil/1_sanskr/6_sastra/3_phil/buddh/bsa038_u.htm,http://gretil.sub.uni-goettingen.de/gretil/1_sanskr/6_sastra/3_phil/buddh/bsa038_u.htm,,y,6_sastra/3_phil/buddh,y,
sa_dIpaMkarazrIjJAna-mahAyAnapathasAdhanasaMgraha.xml,Mahāyānapathasādhanasaṃgraha,Mahāyānapathasādhanasaṅgraha,,Dīpaṃkaraśrījñāna [= Atīśa],Atiśa Dīpaṃkaraśrījñāna,P3379,"D3955, D4480",,Not found.,,http://gretil.sub.uni-goettingen.de/gretil/corpustei/transformations/html/sa_dIpaMkarazrIjJAna-mahAyAnapathasAdhanasaMgraha.htm,http://gretil.sub.uni-goettingen.de/gretil/1_sanskr/6_sastra/3_phil/buddh/bsa037_u.htm,http://gretil.sub.uni-goettingen.de/gretil/1_sanskr/6_sastra/3_phil/buddh/bsa037_u.htm,,y,6_sastra/3_phil/buddh,y,
sa_dIpaMkarazrIjJAna-zaraNagamanadezanA.xml,Śaraṇagamanadeśanā,Śaraṇagamanadeśanā,,Dīpaṃkaraśrījñāna [= Atīśa],Atiśa Dīpaṃkaraśrījñāna,P3379,D3953,,Not found.,,http://gretil.sub.uni-goettingen.de/gretil/corpustei/transformations/html/sa_dIpaMkarazrIjJAna-zaraNagamanadezanA.htm,http://gretil.sub.uni-goettingen.de/gretil/1_sanskr/6_sastra/3_phil/buddh/bsa036_u.htm,http://gretil.sub.uni-goettingen.de/gretil/1_sanskr/6_sastra/3_phil/buddh/bsa036_u.htm,,y,6_sastra/3_phil/buddh,y,
sa_dIpaMkarazrIjJAna-bodhisattvAdikarmikamArgAvatAradezanA.xml,Bodhisattvādikarmikamārgāvatāradeśanā,Bodhisattvādikarmikamārgāvatāradeśanā,,Dīpaṃkaraśrījñāna [= Atīśa],Atiśa Dīpaṃkaraśrījñāna,P3379,D3952,,Not found.,,http://gretil.sub.uni-goettingen.de/gretil/corpustei/transformations/html/sa_dIpaMkarazrIjJAna-bodhisattvAdikarmikamArgAvatAradezanA.htm,http://gretil.sub.uni-goettingen.de/gretil/1_sanskr/6_sastra/3_phil/buddh/bsa035_u.htm,http://gretil.sub.uni-goettingen.de/gretil/1_sanskr/6_sastra/3_phil/buddh/bsa035_u.htm,,y,6_sastra/3_phil/buddh,y,
sa_Aryadeva-catuHzatikA.xml,Catuḥśatikā,Catuḥśatikā,,Āryadeva,Āryadeva,??,,T30n1570,"I'm uncertain whether this is the correct text. SN: Me too, doesn't seem to work out...",,http://gretil.sub.uni-goettingen.de/gretil/corpustei/transformations/html/sa_Aryadeva-catuHzatikA.htm,http://gretil.sub.uni-goettingen.de/gretil/1_sanskr/6_sastra/3_phil/buddh/bsa028_u.htm,http://gretil.sub.uni-goettingen.de/gretil/1_sanskr/6_sastra/3_phil/buddh/bsa028_u.htm,,y,6_sastra/3_phil/buddh,y,
sa_nAgArjuna-madhyamakazAstra.xml,Madhyamakaśāstra,Madhyamakaśāstra,,Nāgārjuna,Nāgārjuna,P4954,,T30n1564,SN,,http://gretil.sub.uni-goettingen.de/gretil/corpustei/transformations/html/sa_nAgArjuna-madhyamakazAstra.htm,http://gretil.sub.uni-goettingen.de/gretil/1_sanskr/6_sastra/3_phil/buddh/bsa027_u.htm,http://gretil.sub.uni-goettingen.de/gretil/1_sanskr/6_sastra/3_phil/buddh/bsa027_u.htm,,y,6_sastra/3_phil/buddh,y,
sa_dIpaMkara-satyadvayAvatAranAma.xml,Satyadvayāvatāranāma,Satyadvayāvatāranāma,,Dīpaṃkara,Dīpaṃkara,,D3902,,Not found.,,http://gretil.sub.uni-goettingen.de/gretil/corpustei/transformations/html/sa_dIpaMkara-satyadvayAvatAranAma.htm,http://gretil.sub.uni-goettingen.de/gretil/1_sanskr/6_sastra/3_phil/buddh/bsa024_u.htm,http://gretil.sub.uni-goettingen.de/gretil/1_sanskr/6_sastra/3_phil/buddh/bsa024_u.htm,,y,6_sastra/3_phil/buddh,y,
sa_nAgArjuna-vigrahavyAvartanI-alt.xml,Vigrahavyāvartanī,Vigrahavyāvartanī,,Nāgārjuna,Nāgārjuna,P4954,D3828,T32n1631,,,http://gretil.sub.uni-goettingen.de/gretil/corpustei/transformations/html/sa_nAgArjuna-vigrahavyAvartanI-alt.htm,http://gretil.sub.uni-goettingen.de/gretil/1_sanskr/6_sastra/3_phil/buddh/bsa021_u.htm,http://gretil.sub.uni-goettingen.de/gretil/1_sanskr/6_sastra/3_phil/buddh/bsa021_u.htm,,y,6_sastra/3_phil/buddh,y,
sa_nAgArjuna-zUnyatAsaptati.xml,Śūnyatāsaptati,Śūnyatāsaptati,,Nāgārjuna,Nāgārjuna,P4954,D3827,,Not found.,,http://gretil.sub.uni-goettingen.de/gretil/corpustei/transformations/html/sa_nAgArjuna-zUnyatAsaptati.htm,http://gretil.sub.uni-goettingen.de/gretil/1_sanskr/6_sastra/3_phil/buddh/bsa016_u.htm,http://gretil.sub.uni-goettingen.de/gretil/1_sanskr/6_sastra/3_phil/buddh/bsa016_u.htm,,y,6_sastra/3_phil/buddh,y,
sa_nAgArjuna-suhRllekha.xml,Suhṛllekha,Suhṛllekha,,Nāgārjuna,Nāgārjuna,P4954,D4182,"T32n1672, T32n1673, T32n1674",,,http://gretil.sub.uni-goettingen.de/gretil/corpustei/transformations/html/sa_nAgArjuna-suhRllekha.htm,http://gretil.sub.uni-goettingen.de/gretil/1_sanskr/6_sastra/3_phil/buddh/bsa015_u.htm,http://gretil.sub.uni-goettingen.de/gretil/1_sanskr/6_sastra/3_phil/buddh/bsa015_u.htm,https://archive.org/details/WenzelSuhrllekha,y,6_sastra/3_phil/buddh,y,
sa_zikSAsamuccayakArikA.xml,Śikṣāsamuccayakārikā,Śikṣāsamuccayakārikā,,,,,D3939,T32n1636,,,http://gretil.sub.uni-goettingen.de/gretil/corpustei/transformations/html/sa_zikSAsamuccayakArikA.htm,http://gretil.sub.uni-goettingen.de/gretil/1_sanskr/6_sastra/3_phil/buddh/bsa014_u.htm,http://gretil.sub.uni-goettingen.de/gretil/1_sanskr/6_sastra/3_phil/buddh/bsa014_u.htm,,y,6_sastra/3_phil/buddh,y,
sa_nAgArjuna-pratItyasamutpAdahRdayavyAkhyAna.xml,Pratītyasamutpādahṛdayavyākhyāna,Pratītyasamutpādahṛdayavyākhyāna,,Nāgārjuna,Nāgārjuna,P4954,,T32n1654,,,http://gretil.sub.uni-goettingen.de/gretil/corpustei/transformations/html/sa_nAgArjuna-pratItyasamutpAdahRdayavyAkhyAna.htm,http://gretil.sub.uni-goettingen.de/gretil/1_sanskr/6_sastra/3_phil/buddh/bsa013_u.htm,http://gretil.sub.uni-goettingen.de/gretil/1_sanskr/6_sastra/3_phil/buddh/bsa013_u.htm,,y,6_sastra/3_phil/buddh,y,
sa_nAgArjuna-pratItyasamutpAdahRdayakArikA.xml,Pratītyasamutpādahṛdayakārikā,Pratītyasamutpādahṛdayakārikā,,Nāgārjuna,Nāgārjuna,P4954,D3836,"T32n1651, T32n1654",,,http://gretil.sub.uni-goettingen.de/gretil/corpustei/transformations/html/sa_nAgArjuna-pratItyasamutpAdahRdayakArikA.htm,http://gretil.sub.uni-goettingen.de/gretil/1_sanskr/6_sastra/3_phil/buddh/bsa012_u.htm,http://gretil.sub.uni-goettingen.de/gretil/1_sanskr/6_sastra/3_phil/buddh/bsa012_u.htm,,y,6_sastra/3_phil/buddh,y,
sa_hastavAlaprakaraNavRtti.xml,Hastavālaprakaraṇavṛtti,Hastavālaprakaraṇavṛtti,,,,,,,Not found.,,http://gretil.sub.uni-goettingen.de/gretil/corpustei/transformations/html/sa_hastavAlaprakaraNavRtti.htm,http://gretil.sub.uni-goettingen.de/gretil/1_sanskr/6_sastra/3_phil/buddh/bsa009_u.htm,http://gretil.sub.uni-goettingen.de/gretil/1_sanskr/6_sastra/3_phil/buddh/bsa009_u.htm,,y,6_sastra/3_phil/buddh,y,
sa_garbhasaMgrahaH.xml,Garbhasaṃgrahaḥ,Garbhasaṅgraha,,,,,,,Not found.,,http://gretil.sub.uni-goettingen.de/gretil/corpustei/transformations/html/sa_garbhasaMgrahaH.htm,http://gretil.sub.uni-goettingen.de/gretil/1_sanskr/6_sastra/3_phil/buddh/bsa008_u.htm,http://gretil.sub.uni-goettingen.de/gretil/1_sanskr/6_sastra/3_phil/buddh/bsa008_u.htm,,y,6_sastra/3_phil/buddh,y,
sa_atiza-bodhipathapradIpa.xml,Bodhipathapradīpa,Bodhipathapradīpa,,Atiśa,Atiśa Dīpaṃkaraśrījñāna,P3379,D3947,,Not found.,,http://gretil.sub.uni-goettingen.de/gretil/corpustei/transformations/html/sa_atiza-bodhipathapradIpa.htm,http://gretil.sub.uni-goettingen.de/gretil/1_sanskr/6_sastra/3_phil/buddh/bsa004_u.htm,http://gretil.sub.uni-goettingen.de/gretil/1_sanskr/6_sastra/3_phil/buddh/bsa004_u.htm,,y,6_sastra/3_phil/buddh,y,
sa_zAntideva-bodhicaryAvatAra-alt.xml,Bodhicaryāvatāra,Bodhicaryāvatāra [Bodhisattvacaryāvatāra],,Śāntideva,Śāntideva,P6161,D3871,T32n1662,,,http://gretil.sub.uni-goettingen.de/gretil/corpustei/transformations/html/sa_zAntideva-bodhicaryAvatAra-alt.htm,http://gretil.sub.uni-goettingen.de/gretil/1_sanskr/6_sastra/3_phil/buddh/bsa003_u.htm,http://gretil.sub.uni-goettingen.de/gretil/1_sanskr/6_sastra/3_phil/buddh/bsa003_u.htm,https://archive.org/search.php?query=Bodhicary%C4%81vat%C4%81ra&page=3,y,6_sastra/3_phil/buddh,y,
sa_amRtAkara-catuHstavasamAsArtha.xml,Catuḥstavasamāsārtha,Catuḥstavasamāsārtha [Catuḥstavasamārtha],,Amṛtākara,Amṛtākara,P0ER0001,,,Not found.,,http://gretil.sub.uni-goettingen.de/gretil/corpustei/transformations/html/sa_amRtAkara-catuHstavasamAsArtha.htm,http://gretil.sub.uni-goettingen.de/gretil/1_sanskr/4_rellit/buddh/acatstvu.htm,http://gretil.sub.uni-goettingen.de/gretil/1_sanskr/4_rellit/buddh/acatstvu.htm,,,4_rellit/buddh,,
sa_kambalapAda-navazlokI.xml,Navaślokī,Navaślokī,,Kambalapāda,Kambalapāda,P7752,,T25n1516,,,http://gretil.sub.uni-goettingen.de/gretil/corpustei/transformations/html/sa_kambalapAda-navazlokI.htm,http://gretil.sub.uni-goettingen.de/gretil/1_sanskr/4_rellit/buddh/knavslou.htm,http://gretil.sub.uni-goettingen.de/gretil/1_sanskr/4_rellit/buddh/knavslou.htm,,,4_rellit/buddh,,
sa_kamalazIla-vajracchedikATIkA.xml,Vajracchedikāṭīkā,Prajñāpāramitāvajracchedikāṭīkā,,Kamalaśīla,Kamalaśīla,P7641,D3817,,Not found.,,http://gretil.sub.uni-goettingen.de/gretil/corpustei/transformations/html/sa_kamalazIla-vajracchedikATIkA.htm,http://gretil.sub.uni-goettingen.de/gretil/1_sanskr/4_rellit/buddh/kamvchtu.htm,http://gretil.sub.uni-goettingen.de/gretil/1_sanskr/4_rellit/buddh/kamvchtu.htm,,y,4_rellit/buddh,y,
sa_ratnAkarazAnti-sAratama.xml,Sāratama,Sāratamā [āryāṣṭasāhasrikāyāḥ prajñāpāramitāyāḥ sāratamākhyā pañjikā],,Ratnākaraśānti,Ratnākaraśānti,P00EGS1016642,D3803,,Not found.,,http://gretil.sub.uni-goettingen.de/gretil/corpustei/transformations/html/sa_ratnAkarazAnti-sAratama.htm,http://gretil.sub.uni-goettingen.de/gretil/1_sanskr/4_rellit/buddh/bsa051_u.htm,http://gretil.sub.uni-goettingen.de/gretil/1_sanskr/4_rellit/buddh/bsa051_u.htm,,y,4_rellit/buddh,y,
sa_AryazUra-pAramitAsamAsa.xml,Pāramitāsamāsa,Pāramitāsamāsa,,Āryaśūra,Āryaśūra,,,,Not found.,,http://gretil.sub.uni-goettingen.de/gretil/corpustei/transformations/html/sa_AryazUra-pAramitAsamAsa.htm,http://gretil.sub.uni-goettingen.de/gretil/1_sanskr/6_sastra/3_phil/buddh/bsa050_u.htm,http://gretil.sub.uni-goettingen.de/gretil/1_sanskr/6_sastra/3_phil/buddh/bsa050_u.htm,,y,6_sastra/3_phil/buddh,y,
sa_abhisamayAlaMkAravivaraNa.xml,Abhisamayālaṃkāravivaraṇa,Abhisamayālaṅkārāntaḥ pātināṃ,,,,,,,Not found.,,http://gretil.sub.uni-goettingen.de/gretil/corpustei/transformations/html/sa_abhisamayAlaMkAravivaraNa.htm,http://gretil.sub.uni-goettingen.de/gretil/1_sanskr/6_sastra/3_phil/buddh/bsa033_u.htm,http://gretil.sub.uni-goettingen.de/gretil/1_sanskr/6_sastra/3_phil/buddh/bsa033_u.htm,,y,6_sastra/3_phil/buddh,y,
sa_abhisamayAlaMkAravRttiH-sphuTArthA.xml,Abhisamayālaṃkāravṛttiḥ sphuṭārthā,Abhisamayālaṅkāravṛttiḥ sphuṭārthā,,,,,,,Not found.,,http://gretil.sub.uni-goettingen.de/gretil/corpustei/transformations/html/sa_abhisamayAlaMkAravRttiH-sphuTArthA.htm,http://gretil.sub.uni-goettingen.de/gretil/1_sanskr/6_sastra/3_phil/buddh/bsa031_u.htm,http://gretil.sub.uni-goettingen.de/gretil/1_sanskr/6_sastra/3_phil/buddh/bsa031_u.htm,,y,6_sastra/3_phil/buddh,y,
sa_abhisamayAlaMkAra.xml,Abhisamayālaṃkāra,Abhisamayālaṅkāra,,,,,D3786,,Not found.,,http://gretil.sub.uni-goettingen.de/gretil/corpustei/transformations/html/sa_abhisamayAlaMkAra.htm,http://gretil.sub.uni-goettingen.de/gretil/1_sanskr/6_sastra/3_phil/buddh/bsa026_u.htm,http://gretil.sub.uni-goettingen.de/gretil/1_sanskr/6_sastra/3_phil/buddh/bsa026_u.htm,https://archive.org/search.php?query=Abhisamay%C4%81la%E1%B9%83k%C4%81ra&page=2,y,6_sastra/3_phil/buddh,,
sa_dignAga-prajJApAramitApiNDArtha.xml,Prajñāpāramitāpiṇḍārtha,Prajñāpāramitāpiṇḍārtha,,Dignāga,Dignāga,P6126,,T25n1518,,,http://gretil.sub.uni-goettingen.de/gretil/corpustei/transformations/html/sa_dignAga-prajJApAramitApiNDArtha.htm,http://gretil.sub.uni-goettingen.de/gretil/1_sanskr/6_sastra/3_phil/buddh/bsa011_u.htm,http://gretil.sub.uni-goettingen.de/gretil/1_sanskr/6_sastra/3_phil/buddh/bsa011_u.htm,,y,6_sastra/3_phil/buddh,,
sa_maitreyanAtha-abhisamayAlaMkaranAmaprajJApAramitopadezazAstra.xml,Abhisamayālaṃkaranāmaprajñāpāramitopadeśaśāstra,Abhisamayālaṅkāranāmaprajñāpāramitopadeśaśāstra,,Maitreyanātha,Maitreyanātha,P6118,D3786,,Not found.,,http://gretil.sub.uni-goettingen.de/gretil/corpustei/transformations/html/sa_maitreyanAtha-abhisamayAlaMkaranAmaprajJApAramitopadezazAstra.htm,http://gretil.sub.uni-goettingen.de/gretil/1_sanskr/4_rellit/buddh/abhisamu.htm,http://gretil.sub.uni-goettingen.de/gretil/1_sanskr/4_rellit/buddh/abhisamu.htm,,,4_rellit/buddh,,
sa_vAgIzvarakIrti-mRtyuvaJcanopadeza.xml,Mṛtyuvañcanopadeśa,Mṛtyuvañcanopadeśa,,Vāgīśvarakīrti,Vāgīśvarakīrti,P8946,D1748,,Not found.,,http://gretil.sub.uni-goettingen.de/gretil/corpustei/transformations/html/sa_vAgIzvarakIrti-mRtyuvaJcanopadeza.htm,http://gretil.sub.uni-goettingen.de/gretil/1_sanskr/4_rellit/buddh/vamvupau.htm,http://gretil.sub.uni-goettingen.de/gretil/1_sanskr/4_rellit/buddh/vamvuppu.htm,,,4_rellit/buddh,,
sa_vasudhArAdhAraNI-alt.xml,Vasudhārādhāraṇī,Vasudhārādhāraṇī 3 [Vasudhārādhāraṇīsūtra],,,,,,"T20n1162, T20n1163, T20n1164, T20n1165",,,http://gretil.sub.uni-goettingen.de/gretil/corpustei/transformations/html/sa_vasudhArAdhAraNI-alt.htm,http://gretil.sub.uni-goettingen.de/gretil/1_sanskr/4_rellit/buddh/vadhdhju.htm,http://gretil.sub.uni-goettingen.de/gretil/1_sanskr/4_rellit/buddh/vadhdhju.htm,,y,4_rellit/buddh,y,
sa_vasudhArAdhAraNI-gilgit.xml,Vasudhārādhāraṇī-Gilgit,Vasudhārādhāraṇī 2 [Sucandragṛhapatiparipṛcchā/Sucandrāvadāna],,,,,,"T20n1162, T20n1163, T20n1164, T20n1165",,,http://gretil.sub.uni-goettingen.de/gretil/corpustei/transformations/html/sa_vasudhArAdhAraNI-gilgit.htm,http://gretil.sub.uni-goettingen.de/gretil/1_sanskr/4_rellit/buddh/vadhdhgu.htm,http://gretil.sub.uni-goettingen.de/gretil/1_sanskr/4_rellit/buddh/vadhdhgu.htm,,,4_rellit/buddh,,
sa_vasudhArAdhAraNI.xml,Vasudhārādhāraṇī,Vasudhārādhāraṇī 1 [Vasudhārādhāraṇīsūtra],,,,,,"T20n1162, T20n1163, T20n1164, T20n1165",,,http://gretil.sub.uni-goettingen.de/gretil/corpustei/transformations/html/sa_vasudhArAdhAraNI.htm,http://gretil.sub.uni-goettingen.de/gretil/1_sanskr/4_rellit/buddh/vadhdhdu.htm,http://gretil.sub.uni-goettingen.de/gretil/1_sanskr/4_rellit/buddh/vadhdhdu.htm,,,4_rellit/buddh,,
sa_zUnyasamAdhipAda-tattvajJAnasaMsiddhi.xml,Tattvajñānasaṃsiddhi,Tattvajñānasaṃsiddhi [Tatvajñānasaṃsiddhi],,Śūnyasamādhipāda,,,,,Not found.,,http://gretil.sub.uni-goettingen.de/gretil/corpustei/transformations/html/sa_zUnyasamAdhipAda-tattvajJAnasaMsiddhi.htm,http://gretil.sub.uni-goettingen.de/gretil/1_sanskr/6_sastra/3_phil/buddh/sunytjsu.htm,http://gretil.sub.uni-goettingen.de/gretil/1_sanskr/6_sastra/3_phil/buddh/sunytjsu.htm,,y,6_sastra/3_phil/buddh,y,
sa_ratnAkarazAnti-bhramaharanAma-hevajrasAdhana.xml,Bhramaharanāma Hevajrasādhana,Bhramaharanāma Hevajrasādhana,,Ratnākaraśānti,Ratnākaraśānti,P00EGS1016642,,,Not found.,,http://gretil.sub.uni-goettingen.de/gretil/corpustei/transformations/html/sa_ratnAkarazAnti-bhramaharanAma-hevajrasAdhana.htm,http://gretil.sub.uni-goettingen.de/gretil/1_sanskr/4_rellit/buddh/rabhramu.htm,http://gretil.sub.uni-goettingen.de/gretil/1_sanskr/4_rellit/buddh/rabhramu.htm,,,4_rellit/buddh,,
sa_pratisarAkalpadhAraNI.xml,Pratisarākalpadhāraṇī,Pratisarākalpadhāraṇī,,,,,,,Not found.,,http://gretil.sub.uni-goettingen.de/gretil/corpustei/transformations/html/sa_pratisarAkalpadhAraNI.htm,http://gretil.sub.uni-goettingen.de/gretil/1_sanskr/4_rellit/buddh/psarkdhu.htm,http://gretil.sub.uni-goettingen.de/gretil/1_sanskr/4_rellit/buddh/psarkdhu.htm,,,4_rellit/buddh,,
sa_nityakarmapUjAvidhi.xml,Nityakarmapūjāvidhi,Nityakarmapūjāvidhi,,,,,,,Not found.,,http://gretil.sub.uni-goettingen.de/gretil/corpustei/transformations/html/sa_nityakarmapUjAvidhi.htm,http://gretil.sub.uni-goettingen.de/gretil/1_sanskr/4_rellit/buddh/nitkarpu.htm,http://gretil.sub.uni-goettingen.de/gretil/1_sanskr/4_rellit/buddh/nitkarpu.htm,,y,4_rellit/buddh,y,
sa_nAropa-sekoddeza.xml,Sekoddeśa,Sekoddeśa,,Nāropa,Nāropa,P3085,,,Not found.,,http://gretil.sub.uni-goettingen.de/gretil/corpustei/transformations/html/sa_nAropa-sekoddeza.htm,http://gretil.sub.uni-goettingen.de/gretil/1_sanskr/6_sastra/3_phil/buddh/narsekou.htm,http://gretil.sub.uni-goettingen.de/gretil/1_sanskr/6_sastra/3_phil/buddh/narsekou.htm,https://archive.org/details/OPRw_sekoddesa-tika-of-nadapada-on-sekoddesha-section-of-kala-chakra-tantra-by-mario-,y,6_sastra/3_phil/buddh,y,
sa_nAgArjuna-piNDIkrama.xml,Piṇḍīkrama (transmitted as the first krama of Nāgārjuna's Pañcakrama),Piṇḍīkrama,Transmitted as the first krama of Nāgārjuna's Pañcakrama,Nāgārjuna,Nāgārjuna,P4954,,,Not found.,,http://gretil.sub.uni-goettingen.de/gretil/corpustei/transformations/html/sa_nAgArjuna-piNDIkrama.htm,http://gretil.sub.uni-goettingen.de/gretil/1_sanskr/6_sastra/3_phil/buddh/nagpindu.htm,http://gretil.sub.uni-goettingen.de/gretil/1_sanskr/6_sastra/3_phil/buddh/nagpindu.htm,,y,6_sastra/3_phil/buddh,y,
sa_nAgArjuna-paJcakrama.xml,Pañcakrama,Pañcakrama,,Nāgārjuna,Nāgārjuna,P4954,D1802,,Not found.,,http://gretil.sub.uni-goettingen.de/gretil/corpustei/transformations/html/sa_nAgArjuna-paJcakrama.htm,http://gretil.sub.uni-goettingen.de/gretil/1_sanskr/6_sastra/3_phil/buddh/nagpancu.htm,http://gretil.sub.uni-goettingen.de/gretil/1_sanskr/6_sastra/3_phil/buddh/nagpancu.htm,,y,6_sastra/3_phil/buddh,y,
sa_nAgArjuna-bodhicittavivaraNa-fragments.xml,Bodhicittavivaraṇa-fragments,Bodhicittavivaraṇa,Fragments,Nāgārjuna,Nāgārjuna,P4954,,,Not found.,,http://gretil.sub.uni-goettingen.de/gretil/corpustei/transformations/html/sa_nAgArjuna-bodhicittavivaraNa-fragments.htm,http://gretil.sub.uni-goettingen.de/gretil/1_sanskr/6_sastra/3_phil/buddh/nagbhc_u.htm,http://gretil.sub.uni-goettingen.de/gretil/1_sanskr/6_sastra/3_phil/buddh/nagbhc_u.htm,,,6_sastra/3_phil/buddh,,
sa_mahAzItavatI-vidyArAjJI.xml,Mahāśītavatī vidyārājñī,Mahāśītavatī vidyārājñī,,,,,,,Not found.,,http://gretil.sub.uni-goettingen.de/gretil/corpustei/transformations/html/sa_mahAzItavatI-vidyArAjJI.htm,http://gretil.sub.uni-goettingen.de/gretil/1_sanskr/4_rellit/buddh/msitvatu.htm,http://gretil.sub.uni-goettingen.de/gretil/1_sanskr/4_rellit/buddh/msitvatu.htm,,,4_rellit/buddh,,
sa_mRtyuvaJcanopadezatArAsAdhana.xml,Mṛtyuvañcanopadeśatārāsādhana,Mṛtyuvañcanopadeśatārāsādhana,,,Vāgīśvarakīrti,P8946,D3504,,Not found.,,http://gretil.sub.uni-goettingen.de/gretil/corpustei/transformations/html/sa_mRtyuvaJcanopadezatArAsAdhana.htm,http://gretil.sub.uni-goettingen.de/gretil/1_sanskr/4_rellit/buddh/mrtvutsu.htm,http://gretil.sub.uni-goettingen.de/gretil/1_sanskr/4_rellit/buddh/mrtvutsu.htm,,,4_rellit/buddh,,
sa_mRtyuvaJcanatArAsAdhana.xml,Mṛtyuvañcanatārāsādhana,Mṛtyuvañcanatārāsādhana,,,Vāgīśvarakīrti,P8946,D3495,,Not found.,,http://gretil.sub.uni-goettingen.de/gretil/corpustei/transformations/html/sa_mRtyuvaJcanatArAsAdhana.htm,http://gretil.sub.uni-goettingen.de/gretil/1_sanskr/4_rellit/buddh/mrtvts_u.htm,http://gretil.sub.uni-goettingen.de/gretil/1_sanskr/4_rellit/buddh/mrtvts_u.htm,,,4_rellit/buddh,,
sa_mRtyuvaJcanasitatArAsAdhana.xml,Mṛtyuvañcanasitatārāsādhana,Mṛtyuvañcanasitatārāsādhana,,,,,,,Not found.,,http://gretil.sub.uni-goettingen.de/gretil/corpustei/transformations/html/sa_mRtyuvaJcanasitatArAsAdhana.htm,http://gretil.sub.uni-goettingen.de/gretil/1_sanskr/4_rellit/buddh/mrtvstsu.htm,http://gretil.sub.uni-goettingen.de/gretil/1_sanskr/4_rellit/buddh/mrtvstsu.htm,,,4_rellit/buddh,,
sa_mahApratisarAvidyAvidhi.xml,Mahāpratisarāvidyāvidhi,Mahāpratisarāvidyāvidhi,,,,,D3125,T1153. T1154,T1153 looks clearly like a translation. T1154 we have to check.,,http://gretil.sub.uni-goettingen.de/gretil/corpustei/transformations/html/sa_mahApratisarAvidyAvidhi.htm,http://gretil.sub.uni-goettingen.de/gretil/1_sanskr/4_rellit/buddh/mpvv_u.htm,http://gretil.sub.uni-goettingen.de/gretil/1_sanskr/4_rellit/buddh/mpvv_u.htm,,,4_rellit/buddh,,
sa_khasarpaNasAdhana.xml,Khasarpaṇasādhana,Khasarpaṇasādhana,,,,,,,Not found.,,http://gretil.sub.uni-goettingen.de/gretil/corpustei/transformations/html/sa_khasarpaNasAdhana.htm,http://gretil.sub.uni-goettingen.de/gretil/1_sanskr/4_rellit/buddh/khasrpsu.htm,http://gretil.sub.uni-goettingen.de/gretil/1_sanskr/4_rellit/buddh/khasrpsu.htm,,,4_rellit/buddh,,
sa_dIpaMkarabhadra-guhyasamAjamaNDalavidhi.xml,Guhyasamājamaṇḍalavidhi,Guhyasamājamaṇḍalavidhi,,Dīpaṃkarabhadra,Dīpaṃkarabhadra,,,,Not found.,,http://gretil.sub.uni-goettingen.de/gretil/corpustei/transformations/html/sa_dIpaMkarabhadra-guhyasamAjamaNDalavidhi.htm,http://gretil.sub.uni-goettingen.de/gretil/1_sanskr/4_rellit/buddh/dipguhsu.htm,http://gretil.sub.uni-goettingen.de/gretil/1_sanskr/4_rellit/buddh/dipguhsu.htm,,,4_rellit/buddh,,
sa_Aryadeva-caryAmelAvaNapradIpa.xml,Caryāmelāvaṇapradīpa,Caryāmelāvaṇapradīpa,,Āryadeva,Āryadeva,??,,,Not found.,,http://gretil.sub.uni-goettingen.de/gretil/corpustei/transformations/html/sa_Aryadeva-caryAmelAvaNapradIpa.htm,http://gretil.sub.uni-goettingen.de/gretil/1_sanskr/6_sastra/3_phil/buddh/bsa048_u.htm,http://gretil.sub.uni-goettingen.de/gretil/1_sanskr/6_sastra/3_phil/buddh/bsa048_u.htm,,y,6_sastra/3_phil/buddh,,
sa_azvaghoSa-gurupaJcAzikA.xml,Gurupañcāśikā,Gurupañcāśikā,,Aśvaghoṣa,Aśvaghoṣa,P7612,D3721,T32n1687,,,http://gretil.sub.uni-goettingen.de/gretil/corpustei/transformations/html/sa_azvaghoSa-gurupaJcAzikA.htm,http://gretil.sub.uni-goettingen.de/gretil/1_sanskr/6_sastra/3_phil/buddh/bsa045_u.htm,http://gretil.sub.uni-goettingen.de/gretil/1_sanskr/6_sastra/3_phil/buddh/bsa045_u.htm,,y,6_sastra/3_phil/buddh,y,
sa_dIpaMkarazrIjJAna-samAdhisaMbhAraparivarta.xml,Samādhisaṃbhāraparivarta,Samādhisaṃbhāraparivarta,,Dīpaṃkaraśrījñāna [= Atīśa],Atiśa Dīpaṃkaraśrījñāna,P3379,D2460,,Not found.,,http://gretil.sub.uni-goettingen.de/gretil/corpustei/transformations/html/sa_dIpaMkarazrIjJAna-samAdhisaMbhAraparivarta.htm,http://gretil.sub.uni-goettingen.de/gretil/1_sanskr/6_sastra/3_phil/buddh/bsa043_u.htm,http://gretil.sub.uni-goettingen.de/gretil/1_sanskr/6_sastra/3_phil/buddh/bsa043_u.htm,,y,6_sastra/3_phil/buddh,y,
sa_Aryadeva-cittavizuddhiprakaraNa.xml,Cittaviśuddhiprakaraṇa,Cittaviśuddhiprakaraṇa,,Āryadeva,Āryadeva,??,,,Not found.,,http://gretil.sub.uni-goettingen.de/gretil/corpustei/transformations/html/sa_Aryadeva-cittavizuddhiprakaraNa.htm,http://gretil.sub.uni-goettingen.de/gretil/1_sanskr/6_sastra/3_phil/buddh/bsa006_u.htm,http://gretil.sub.uni-goettingen.de/gretil/1_sanskr/6_sastra/3_phil/buddh/bsa006_u.htm,https://archive.org/details/in.ernet.dli.2015.487141/mode/2up,y,6_sastra/3_phil/buddh,y,
sa_dIpaMkara-caryAsaMgrahapradIpa.xml,Caryāsaṃgrahapradīpa,Caryāsaṅgrahapradīpa,,Dīpaṃkara,Dīpaṃkara,,,,Not found.,,http://gretil.sub.uni-goettingen.de/gretil/corpustei/transformations/html/sa_dIpaMkara-caryAsaMgrahapradIpa.htm,http://gretil.sub.uni-goettingen.de/gretil/1_sanskr/6_sastra/3_phil/buddh/bsa005_u.htm,http://gretil.sub.uni-goettingen.de/gretil/1_sanskr/6_sastra/3_phil/buddh/bsa005_u.htm,,y,6_sastra/3_phil/buddh,y,
sa_abhayAkaragupta-niSpaNNayogAvali.xml,Niṣpaṇṇayogāvali,Niṣpannayogāvali,,Abhayākaragupta,Abhayākaragupta,P4004,,,Not found.,,http://gretil.sub.uni-goettingen.de/gretil/corpustei/transformations/html/sa_abhayAkaragupta-niSpaNNayogAvali.htm,http://gretil.sub.uni-goettingen.de/gretil/1_sanskr/4_rellit/buddh/abhnispu.htm,http://gretil.sub.uni-goettingen.de/gretil/1_sanskr/4_rellit/buddh/abhnispu.htm,https://archive.org/search.php?query=Ni%E1%B9%A3pannayog%C4%81vali,,4_rellit/buddh,,
sa_tArAsragdharAstotra.xml,Tārāsragdharāstotra,Tārāsragdharāstotra,,,,,,,Not found.,,http://gretil.sub.uni-goettingen.de/gretil/corpustei/transformations/html/sa_tArAsragdharAstotra.htm,http://gretil.sub.uni-goettingen.de/gretil/1_sanskr/4_rellit/buddh/tarasdhu.htm,http://gretil.sub.uni-goettingen.de/gretil/1_sanskr/4_rellit/buddh/tarasdhu.htm,,,4_rellit/buddh,,
sa_rAhulabhadra-prajJApAramitAstotra.xml,Prajñāpāramitāstotra,Prajñāpāramitāstotra,,Rāhulabhadra,Rāhulabhadra,,,,Not found.,,http://gretil.sub.uni-goettingen.de/gretil/corpustei/transformations/html/sa_rAhulabhadra-prajJApAramitAstotra.htm,http://gretil.sub.uni-goettingen.de/gretil/1_sanskr/4_rellit/buddh/rahppsau.htm,http://gretil.sub.uni-goettingen.de/gretil/1_sanskr/4_rellit/buddh/rahppspu.htm,,,4_rellit/buddh,,
sa_nAgArjuna-lokAtItastava.xml,Lokātītastava,Lokātītastava,,Nāgārjuna,Nāgārjuna,P4954,,,Not found.,,http://gretil.sub.uni-goettingen.de/gretil/corpustei/transformations/html/sa_nAgArjuna-lokAtItastava.htm,http://gretil.sub.uni-goettingen.de/gretil/1_sanskr/6_sastra/3_phil/buddh/naglok_u.htm,http://gretil.sub.uni-goettingen.de/gretil/1_sanskr/6_sastra/3_phil/buddh/naglok_u.htm,,,6_sastra/3_phil/buddh,,
sa_nAgArjuna-acintyastava.xml,Acintyastava,Acintyastava,,Nāgārjuna,Nāgārjuna,P4954,,,Not found.,,http://gretil.sub.uni-goettingen.de/gretil/corpustei/transformations/html/sa_nAgArjuna-acintyastava.htm,http://gretil.sub.uni-goettingen.de/gretil/1_sanskr/6_sastra/3_phil/buddh/nagast_u.htm,http://gretil.sub.uni-goettingen.de/gretil/1_sanskr/6_sastra/3_phil/buddh/nagast_u.htm,,,6_sastra/3_phil/buddh,,
sa_buddhist-stotras.xml,Buddhist stotras,Anaparāddhastotra,,,Mātṛceṭa,P4CZ10509,,,Not found.,,http://gretil.sub.uni-goettingen.de/gretil/corpustei/transformations/html/sa_buddhist-stotras.htm,http://gretil.sub.uni-goettingen.de/gretil/1_sanskr/4_rellit/buddh/busto1_u.htm,http://gretil.sub.uni-goettingen.de/gretil/1_sanskr/4_rellit/buddh/busto1_u.htm,,,4_rellit/buddh,,
sa_vizvantarAvadAna.xml,Viśvantarāvadāna,Viśvantarāvadāna,,,,,,,Not found.,,http://gretil.sub.uni-goettingen.de/gretil/corpustei/transformations/html/sa_vizvantarAvadAna.htm,http://gretil.sub.uni-goettingen.de/gretil/1_sanskr/4_rellit/buddh/visvantu.htm,http://gretil.sub.uni-goettingen.de/gretil/1_sanskr/4_rellit/buddh/visvantu.htm,,,4_rellit/buddh,,
sa_svayaMbhupurANa.xml,Svayaṃbhupurāṇa,Svayambhu Purāṇa,,,,,,,Not found.,,http://gretil.sub.uni-goettingen.de/gretil/corpustei/transformations/html/sa_svayaMbhupurANa.htm,http://gretil.sub.uni-goettingen.de/gretil/1_sanskr/4_rellit/buddh/svabhupu.htm,http://gretil.sub.uni-goettingen.de/gretil/1_sanskr/4_rellit/buddh/svabhupu.htm,,y,4_rellit/buddh,y,
sa_sumAgadhAvadAna.xml,Sumāgadhāvadāna,Sumāgadhāvadāna,,,,,,"T02n0128a, T02n0128b, T02n0129, T02n0130",,,http://gretil.sub.uni-goettingen.de/gretil/corpustei/transformations/html/sa_sumAgadhAvadAna.htm,http://gretil.sub.uni-goettingen.de/gretil/1_sanskr/4_rellit/buddh/sumagavu.htm,http://gretil.sub.uni-goettingen.de/gretil/1_sanskr/4_rellit/buddh/sumagavu.htm,,,4_rellit/buddh,,
sa_ratnamAlAvadAna.xml,Ratnamālāvadāna,Ratnamālāvadāna,,,,,,,Not found.,,http://gretil.sub.uni-goettingen.de/gretil/corpustei/transformations/html/sa_ratnamAlAvadAna.htm,http://gretil.sub.uni-goettingen.de/gretil/1_sanskr/4_rellit/buddh/ratnml_u.htm,http://gretil.sub.uni-goettingen.de/gretil/1_sanskr/4_rellit/buddh/ratnml_u.htm,,,4_rellit/buddh,,
sa_pAMzupradAna-avadAna.xml,Pāṃśupradāna-avadāna,Pāṃśupradāna-avadāna,,,,,,,Not found.,,http://gretil.sub.uni-goettingen.de/gretil/corpustei/transformations/html/sa_pAMzupradAna-avadAna.htm,http://gretil.sub.uni-goettingen.de/gretil/1_sanskr/4_rellit/buddh/pamsuavu.htm,http://gretil.sub.uni-goettingen.de/gretil/1_sanskr/4_rellit/buddh/pamsuavu.htm,,,4_rellit/buddh,,
sa_mahAsudarzanAvadAna.xml,Mahāsudarśanāvadāna,Mahāsudarśanāvadāna,incl. Mahāsudarśanasūtra,,,,,,Not found.,,http://gretil.sub.uni-goettingen.de/gretil/corpustei/transformations/html/sa_mahAsudarzanAvadAna.htm,http://gretil.sub.uni-goettingen.de/gretil/1_sanskr/4_rellit/buddh/msudarsu.htm,http://gretil.sub.uni-goettingen.de/gretil/1_sanskr/4_rellit/buddh/msudarsu.htm,,,4_rellit/buddh,,
sa_mahAparinirvANasUtra.xml,Mahāparinirvāṇasūtra,Mahāparinirvāṇasūtra,,,,,,"T01n0005, T01n0006, T01n0007","Michael: Mahāparinirvāṇasūtra: You indiscriminately list both Mainstream versions (T5, T6, T7) and Mahāyāna texts (T374, T375, T376); you also list various weird things (T377, T390). Mainstream and Mahāyāna versions are fundamentally different texts, if you tell your machine that they are ""parallels"" to Waldschmidt's Skt or DN 16, it will break (or it should). For an example of weirdness, see e.g.: https://dazangthings.nz/cbc/text/1332/",,http://gretil.sub.uni-goettingen.de/gretil/corpustei/transformations/html/sa_mahAparinirvANasUtra.htm,http://gretil.sub.uni-goettingen.de/gretil/1_sanskr/4_rellit/buddh/mpsu_w_u.htm,http://gretil.sub.uni-goettingen.de/gretil/1_sanskr/4_rellit/buddh/mpsu_w_u.htm,https://archive.org/details/DasMahaparinirvanasutra/Das%20Mahaparinirvanasutra%2C%20Teil%20III_%20Textbe%20-%20Ernst%20Waldschmidt,,4_rellit/buddh,,
sa_mahAvastu-avAdana.xml,Mahāvastu-avādana,Mahāvastu-avadāna,,,,,,,"Not found. That is, I found the only reference I came across to the Ekottarikāgama (C. 增壹阿含經, T02n0125) not convincing.",,http://gretil.sub.uni-goettingen.de/gretil/corpustei/transformations/html/sa_mahAvastu-avAdana.htm,http://gretil.sub.uni-goettingen.de/gretil/1_sanskr/4_rellit/buddh/mhvastuu.htm,http://gretil.sub.uni-goettingen.de/gretil/1_sanskr/4_rellit/buddh/mhvastuu.htm,https://archive.org/search.php?query=Mah%C4%81vastu-avad%C4%81na,,4_rellit/buddh,,
sa_mahAvadAnasUtra.xml,Mahāvadānasūtra,Mahāvadānasūtra,,,,,,T01n0002,I couldn't find the 大本經 in the Taishō.,,http://gretil.sub.uni-goettingen.de/gretil/corpustei/transformations/html/sa_mahAvadAnasUtra.htm,http://gretil.sub.uni-goettingen.de/gretil/1_sanskr/4_rellit/buddh/mavadsuu.htm,http://gretil.sub.uni-goettingen.de/gretil/1_sanskr/4_rellit/buddh/mavadsuu.htm,,,4_rellit/buddh,,
sa_patna-dharmapada.xml,Patna Dharmapada,Patna Dharmapada,,,,,,"T04n0210, T04n0211, T04n0212, T04n0213","I'm uncertain which of these four recension excatly corresponds to the Patna Dharmapada. Michael: There are all kinds of weirdness afoot in the Chinese equivalents you list, T210, T211, T212, T213. For some indications of potential trouble, see: https://dazangthings.nz/cbc/text/2130/ https://dazangthings.nz/cbc/text/2118/",,http://gretil.sub.uni-goettingen.de/gretil/corpustei/transformations/html/sa_patna-dharmapada.htm,http://gretil.sub.uni-goettingen.de/gretil/1_sanskr/4_rellit/buddh/dhppat_u.htm,http://gretil.sub.uni-goettingen.de/gretil/1_sanskr/4_rellit/buddh/dhppat_u.htm,https://archive.org/details/patnadharmapadamargaretconeocr_188_u/mode/2up,,4_rellit/buddh,,
sa_ekAdazamukha.xml,Ekādaśamukha,Ekādaśamukha,,,,,,,Not found.,,http://gretil.sub.uni-goettingen.de/gretil/corpustei/transformations/html/sa_ekAdazamukha.htm,http://gretil.sub.uni-goettingen.de/gretil/1_sanskr/4_rellit/buddh/bsu015_u.htm,http://gretil.sub.uni-goettingen.de/gretil/1_sanskr/4_rellit/buddh/bsu015_u.htm,https://archive.org/search.php?query=Ek%C4%81da%C5%9Bamukha,y,4_rellit/buddh,y,
sa_amoghapAzahRdayasUtra-alt.xml,Amoghapāśahṛdayasūtra,Āmoghapāśanāmahṛdaya sūtra [Ārya amoghapāśahṛdaya nāma mahāyānasūtra],,,,,,"T19n1002, T20n1092, T20n1093, T20n1094, T20n1095, T20n1097, T20n1099",,,http://gretil.sub.uni-goettingen.de/gretil/corpustei/transformations/html/sa_amoghapAzahRdayasUtra-alt.htm,http://gretil.sub.uni-goettingen.de/gretil/1_sanskr/4_rellit/buddh/bsu002_u.htm,http://gretil.sub.uni-goettingen.de/gretil/1_sanskr/4_rellit/buddh/bsu002_u.htm,,y,4_rellit/buddh,y,
sa_dharmasamuccaya.xml,Dharmasamuccaya,Dharmasamuccaya [Saddharmasmṛtyupasthānakārikā],,,,,,T17n0728,,,http://gretil.sub.uni-goettingen.de/gretil/corpustei/transformations/html/sa_dharmasamuccaya.htm,http://gretil.sub.uni-goettingen.de/gretil/1_sanskr/6_sastra/3_phil/buddh/bsa052_u.htm,http://gretil.sub.uni-goettingen.de/gretil/1_sanskr/6_sastra/3_phil/buddh/bsa052_u.htm,,y,6_sastra/3_phil/buddh,y,
sa_amoghapAzahRdayasUtra.xml,Amoghapāśahṛdayasūtra,Āmoghapāśanāmahṛdayasūtra [Āryāmoghapāśanāmahṛdayasūtra],,,,,,"T19n1002, T20n1092, T20n1093, T20n1094, T20n1095, T20n1097, T20n1099",,,http://gretil.sub.uni-goettingen.de/gretil/corpustei/transformations/html/sa_amoghapAzahRdayasUtra.htm,http://gretil.sub.uni-goettingen.de/gretil/1_sanskr/4_rellit/buddh/amoghapu.htm,http://gretil.sub.uni-goettingen.de/gretil/1_sanskr/4_rellit/buddh/amoghapu.htm,,,4_rellit/buddh,,
sa_ajitasenavyAkaraNa.xml,Ajitasenavyākaraṇa,Ajitasenavyākaraṇa,,,,,,,Not found,,http://gretil.sub.uni-goettingen.de/gretil/corpustei/transformations/html/sa_ajitasenavyAkaraNa.htm,http://gretil.sub.uni-goettingen.de/gretil/1_sanskr/4_rellit/buddh/ajitsvyu.htm,http://gretil.sub.uni-goettingen.de/gretil/1_sanskr/4_rellit/buddh/ajitsvyu.htm,,,4_rellit/buddh,,
sa_ahoratravratakathA-prose.xml,Ahoratravratakathā-prose,Ahorātravratakathā 2,,,,,,,Not found,,http://gretil.sub.uni-goettingen.de/gretil/corpustei/transformations/html/sa_ahoratravratakathA-prose.htm,http://gretil.sub.uni-goettingen.de/gretil/1_sanskr/4_rellit/buddh/ahovk2_u.htm,http://gretil.sub.uni-goettingen.de/gretil/1_sanskr/4_rellit/buddh/ahovk2_u.htm,,,4_rellit/buddh,,
sa_ahoratravratakathA.xml,Ahoratravratakathā,Ahorātravratakathā 1,,,,,,,Not found,,http://gretil.sub.uni-goettingen.de/gretil/corpustei/transformations/html/sa_ahoratravratakathA.htm,http://gretil.sub.uni-goettingen.de/gretil/1_sanskr/4_rellit/buddh/ahovk1_u.htm,http://gretil.sub.uni-goettingen.de/gretil/1_sanskr/4_rellit/buddh/ahovk1_u.htm,,,4_rellit/buddh,,
sa_hayagrIvavidyA.xml,Hayagrīvavidyā,Hayagrīvavidyā,,,,,,"T20n1072A, T20n1072B",,,http://gretil.sub.uni-goettingen.de/gretil/corpustei/transformations/html/sa_hayagrIvavidyA.htm,http://gretil.sub.uni-goettingen.de/gretil/1_sanskr/4_rellit/buddh/bsu017_u.htm,http://gretil.sub.uni-goettingen.de/gretil/1_sanskr/4_rellit/buddh/bsu017_u.htm,,y,4_rellit/buddh,y,
sa_vajravidAraNAdhAraNI.xml,Vajravidāraṇādhāraṇī,Vajravidāraṇā-dhāraṇī,,,,,"D0750, D0949","T21n1416, T21n1417",,,http://gretil.sub.uni-goettingen.de/gretil/corpustei/transformations/html/sa_vajravidAraNAdhAraNI.htm,http://gretil.sub.uni-goettingen.de/gretil/1_sanskr/4_rellit/buddh/vjviddhu.htm,http://gretil.sub.uni-goettingen.de/gretil/1_sanskr/4_rellit/buddh/vjviddhu.htm,,y,4_rellit/buddh,y,
sa_vajravidAraNIdhAraNI.xml,Vajravidāraṇīdhāraṇī,Vajravidāraṇī-dhāraṇī,,,,,,"T21n1416, T21n1417",,,http://gretil.sub.uni-goettingen.de/gretil/corpustei/transformations/html/sa_vajravidAraNIdhAraNI.htm,http://gretil.sub.uni-goettingen.de/gretil/1_sanskr/4_rellit/buddh/vajvidhu.htm,http://gretil.sub.uni-goettingen.de/gretil/1_sanskr/4_rellit/buddh/vajvidhu.htm,,,4_rellit/buddh,,
sa_tArAbhaTTArikAnAmASTottarazatakastotra.xml,Tārābhaṭṭārikānāmāṣṭottaraśatakastotra,Tārābhaṭṭārikānāmāṣṭottaraśatakastotra,,,,,"D0727, D0745, D1000",,Not found.,,http://gretil.sub.uni-goettingen.de/gretil/corpustei/transformations/html/sa_tArAbhaTTArikAnAmASTottarazatakastotra.htm,http://gretil.sub.uni-goettingen.de/gretil/1_sanskr/4_rellit/buddh/tarb108u.htm,http://gretil.sub.uni-goettingen.de/gretil/1_sanskr/4_rellit/buddh/tarb108u.htm,,,4_rellit/buddh,,
sa_sarvadurgatiparizodhanatantra.xml,Sarvadurgatipariśodhanatantra,Sarvadurgatipariśodhana Tantra,,,,,D0485,"T19n0967, T19n0968, T19n0969, T19n0970, T19n0971, T19n0974A, T19n0978",,,http://gretil.sub.uni-goettingen.de/gretil/corpustei/transformations/html/sa_sarvadurgatiparizodhanatantra.htm,http://gretil.sub.uni-goettingen.de/gretil/1_sanskr/4_rellit/buddh/sdurst_u.htm,http://gretil.sub.uni-goettingen.de/gretil/1_sanskr/4_rellit/buddh/sdurst_u.htm,,,4_rellit/buddh,,
sa_sarvatathAgatatattvasaMgraha.xml,Sarvatathāgatatattvasaṃgraha,Sarvatathāgatatattvasaṅgraha [Sarvatathāgatatattvasaṃgraha],,,,,D0479,"T18n0865, T18n0866, T18n0882",,,http://gretil.sub.uni-goettingen.de/gretil/corpustei/transformations/html/sa_sarvatathAgatatattvasaMgraha.htm,http://gretil.sub.uni-goettingen.de/gretil/1_sanskr/4_rellit/buddh/sarvttsu.htm,http://gretil.sub.uni-goettingen.de/gretil/1_sanskr/4_rellit/buddh/sarvttsu.htm,,,4_rellit/buddh,,
sa_prajJApAramitAhRdayasUtra.xml,Prajñāpāramitāhṛdayasūtra,Prajñāpāramitā-hṛdaya-sūtra [Prajñāpāramitāhṛdayasūtra],,,,,"D0531, D0021","T05n0220, T08n0223, T08n0249, T08n0250, T08n0251, T08n0252, T08n0253, T08n0254, T08n0255, T08n0256, T08n0257",,,http://gretil.sub.uni-goettingen.de/gretil/corpustei/transformations/html/sa_prajJApAramitAhRdayasUtra.htm,http://gretil.sub.uni-goettingen.de/gretil/1_sanskr/4_rellit/buddh/prajnhsu.htm,http://gretil.sub.uni-goettingen.de/gretil/1_sanskr/4_rellit/buddh/prajnhsu.htm,,,4_rellit/buddh,,
sa_namaskAraikaviMzatistotra.xml,Namaskāraikaviṃśatistotra,Namaskāraikaviṃśatistotra [Namastāre-ekaviṃśatistotraguṇasahita/Tārā-ekaviṃśatistotra],,,,,D0438,,Not found.,,http://gretil.sub.uni-goettingen.de/gretil/corpustei/transformations/html/sa_namaskAraikaviMzatistotra.htm,http://gretil.sub.uni-goettingen.de/gretil/1_sanskr/4_rellit/buddh/namekvsu.htm,http://gretil.sub.uni-goettingen.de/gretil/1_sanskr/4_rellit/buddh/namekvsu.htm,,,4_rellit/buddh,,
sa_mahAsAhasrapramardanI.xml,Mahāsāhasrapramardanī,Mahāsāhasrapramardanī,,,,,,T19n0999,,,http://gretil.sub.uni-goettingen.de/gretil/corpustei/transformations/html/sa_mahAsAhasrapramardanI.htm,http://gretil.sub.uni-goettingen.de/gretil/1_sanskr/4_rellit/buddh/mspram_u.htm,http://gretil.sub.uni-goettingen.de/gretil/1_sanskr/4_rellit/buddh/mspram_u.htm,,,4_rellit/buddh,,
sa_mahApratisarAvidyAdhAraNI.xml,Mahāpratisarāvidyādhāraṇī,Mahāpratisarāvidyādhāraṇī,,,,,,,Not found.,,http://gretil.sub.uni-goettingen.de/gretil/corpustei/transformations/html/sa_mahApratisarAvidyAdhAraNI.htm,http://gretil.sub.uni-goettingen.de/gretil/1_sanskr/4_rellit/buddh/mprsvdhu.htm,http://gretil.sub.uni-goettingen.de/gretil/1_sanskr/4_rellit/buddh/mprsvdhu.htm,,y,4_rellit/buddh,,
sa_mahApratisarA-paJcarakSA.xml,Mahāpratisarā Pañcarakṣā,Mahāpratisarā-vidyārājñī [Mahāpratisarādhāraṇī(sūtra)],,,,,D0561,"T20n1153, T20n1154",,,http://gretil.sub.uni-goettingen.de/gretil/corpustei/transformations/html/sa_mahApratisarA-paJcarakSA.htm,http://gretil.sub.uni-goettingen.de/gretil/1_sanskr/4_rellit/buddh/mpratpru.htm,http://gretil.sub.uni-goettingen.de/gretil/1_sanskr/4_rellit/buddh/mpratpru.htm,,,4_rellit/buddh,,
sa_mekhalAdhAraNI.xml,Mekhalādhāraṇī,Mekhalā-dhāraṇī,,,,,,"T21n1376, T21n1377",,,http://gretil.sub.uni-goettingen.de/gretil/corpustei/transformations/html/sa_mekhalAdhAraNI.htm,http://gretil.sub.uni-goettingen.de/gretil/1_sanskr/4_rellit/buddh/mekhdh_u.htm,http://gretil.sub.uni-goettingen.de/gretil/1_sanskr/4_rellit/buddh/mekhdh_u.htm,,,4_rellit/buddh,,
sa_mArIcInAmadhAraNI.xml,Mārīcīnāmadhāraṇī,Mārīcīnāmadhāraṇī,,,,,,,Not found.,,http://gretil.sub.uni-goettingen.de/gretil/corpustei/transformations/html/sa_mArIcInAmadhAraNI.htm,http://gretil.sub.uni-goettingen.de/gretil/1_sanskr/4_rellit/buddh/maricdhu.htm,http://gretil.sub.uni-goettingen.de/gretil/1_sanskr/4_rellit/buddh/maricdhu.htm,,,4_rellit/buddh,,
sa_maJjuzrInAmasaMgIti.xml,Mañjuśrīnāmasaṃgīti,Mañjuśrīnāmasaṃgīti,,,,,D0360,"T20n1187, T20n1188, T20n1189, T20n1190",,,http://gretil.sub.uni-goettingen.de/gretil/corpustei/transformations/html/sa_maJjuzrInAmasaMgIti.htm,http://gretil.sub.uni-goettingen.de/gretil/1_sanskr/4_rellit/buddh/manjnsau.htm,http://gretil.sub.uni-goettingen.de/gretil/1_sanskr/4_rellit/buddh/manjnspu.htm,,,4_rellit/buddh,n,gretil_sa/sa_maJjuzrInAmasaMgIti-alt.xml
sa_maJjuzrInAmasaMgIti-alt.xml,Mañjuśrīnāmasaṃgīti,Mañjuśrīnāmasaṃgīti,,,,,D0360,"T20n1187, T20n1188, T20n1189, T20n1190",,,http://gretil.sub.uni-goettingen.de/gretil/corpustei/transformations/html/sa_maJjuzrInAmasaMgIti-alt.htm,http://gretil.sub.uni-goettingen.de/gretil/1_sanskr/4_rellit/buddh/manjn1au.htm,http://gretil.sub.uni-goettingen.de/gretil/1_sanskr/4_rellit/buddh/manjn1pu.htm,,,4_rellit/buddh,y,
sa_mahAmaNivipulavimAnavizvasupratiSThitaguhyaparamarahasyakalparAjadhAraNI.xml,Mahāmaṇivipulavimānaviśvasupratiṣṭhitaguhyaparamarahasyakalparājadhāraṇī,Mahāmaṇivipulavimānaviśvasupratiṣṭhitaguhyaparamarahasyakalparājadhāraṇī [Mahāmaṇivipulavimānaviśvasupratiṣṭhitaguhyaparamarahasyakalparājadhāraṇīsūtra],,,,,,"T19n1005A, T19n1006, T19n1007",,,http://gretil.sub.uni-goettingen.de/gretil/corpustei/transformations/html/sa_mahAmaNivipulavimAnavizvasupratiSThitaguhyaparamarahasyakalparAjadhAraNI.htm,http://gretil.sub.uni-goettingen.de/gretil/1_sanskr/4_rellit/buddh/manivdhu.htm,http://gretil.sub.uni-goettingen.de/gretil/1_sanskr/4_rellit/buddh/manivdhu.htm,,,4_rellit/buddh,,
sa_mahApratisarAmahAvidyArAjJI.xml,Mahāpratisarāmahāvidyārājñī,Mahāpratisarāmahāvidyārājñī,,,,,,,Not found.,,http://gretil.sub.uni-goettingen.de/gretil/corpustei/transformations/html/sa_mahApratisarAmahAvidyArAjJI.htm,http://gretil.sub.uni-goettingen.de/gretil/1_sanskr/4_rellit/buddh/mahpratu.htm,http://gretil.sub.uni-goettingen.de/gretil/1_sanskr/4_rellit/buddh/mahpratu.htm,,,4_rellit/buddh,,
sa_mahAdaNDadhAraNIzItavatI.xml,Mahādaṇḍadhāraṇīśītavatī,Mahādaṇḍadhāraṇīśītavatī,,,,,,,Not found.,,http://gretil.sub.uni-goettingen.de/gretil/corpustei/transformations/html/sa_mahAdaNDadhAraNIzItavatI.htm,http://gretil.sub.uni-goettingen.de/gretil/1_sanskr/4_rellit/buddh/madadh_u.htm,http://gretil.sub.uni-goettingen.de/gretil/1_sanskr/4_rellit/buddh/madadh_u.htm,,,4_rellit/buddh,,
sa_grahamAtRkAdhAraNI.xml,Grahamātṛkādhāraṇī,Grahamātṛkānāmadhāraṇī,,,,,,,Not found.,,http://gretil.sub.uni-goettingen.de/gretil/corpustei/transformations/html/sa_grahamAtRkAdhAraNI.htm,http://gretil.sub.uni-goettingen.de/gretil/1_sanskr/4_rellit/buddh/grahmdhu.htm,http://gretil.sub.uni-goettingen.de/gretil/1_sanskr/4_rellit/buddh/grahmdhu.htm,,,4_rellit/buddh,,
sa_gaNapatihRdaydhAraNI.xml,Gaṇapatihṛdaydhāraṇī,Gaṇapatihṛdaya-Dhāraṇī,,,,,,,Not found.,,http://gretil.sub.uni-goettingen.de/gretil/corpustei/transformations/html/sa_gaNapatihRdaydhAraNI.htm,http://gretil.sub.uni-goettingen.de/gretil/1_sanskr/4_rellit/buddh/ganphrdu.htm,http://gretil.sub.uni-goettingen.de/gretil/1_sanskr/4_rellit/buddh/ganphrdu.htm,,,4_rellit/buddh,,
sa_ekAdazamukhahRdaya.xml,Ekādaśamukhahṛdaya,Ekādaśamukhahṛdaya,,,,,,,Not found.,,http://gretil.sub.uni-goettingen.de/gretil/corpustei/transformations/html/sa_ekAdazamukhahRdaya.htm,http://gretil.sub.uni-goettingen.de/gretil/1_sanskr/4_rellit/buddh/ekmuhr_u.htm,http://gretil.sub.uni-goettingen.de/gretil/1_sanskr/4_rellit/buddh/ekmuhr_u.htm,,,4_rellit/buddh,,
sa_dhvajAgrakeyUrAdhAriNI.xml,Dhvajāgrakeyūrādhāriṇī,Dhvajāgrakeyurā-dhāraṇī,,,,,,T19n0943,,,http://gretil.sub.uni-goettingen.de/gretil/corpustei/transformations/html/sa_dhvajAgrakeyUrAdhAriNI.htm,http://gretil.sub.uni-goettingen.de/gretil/1_sanskr/4_rellit/buddh/dhvajkeu.htm,http://gretil.sub.uni-goettingen.de/gretil/1_sanskr/4_rellit/buddh/dhvajkeu.htm,,y,4_rellit/buddh,,
sa_dhvajAgrakeyUrAdhAriNI-alt.xml,Dhvajāgrakeyūrādhāriṇī,Dhvajāgrakeyurā-dhāraṇī,,,,,"D0612, D0923",T19n0943,,,http://gretil.sub.uni-goettingen.de/gretil/corpustei/transformations/html/sa_dhvajAgrakeyUrAdhAriNI-alt.htm,http://gretil.sub.uni-goettingen.de/gretil/1_sanskr/4_rellit/buddh/dhvajkdu.htm,http://gretil.sub.uni-goettingen.de/gretil/1_sanskr/4_rellit/buddh/dhvajkdu.htm,,,4_rellit/buddh,,
sa_adhyardhazatikA-prajJApAramitA.xml,Adhyardhaśatikā prajñāpāramitā,Adhyardhaśatikā prajñāpāramitā [Adhyardhaśatikāprajñāpāramitāsūtra],,,,,,"T05n220(10), T08n0240, T08n0241, T08n0242, T08n0243","T05n220(10) - This refers to the tenth division of the Mahāprañāpāramitāsūtra. However, I'm uncertain whether the volume number 08 is correct, as I couldn't confirm it anywhere. Moreover, I find the reference to T08n0244 not entirely convincing.",,http://gretil.sub.uni-goettingen.de/gretil/corpustei/transformations/html/sa_adhyardhazatikA-prajJApAramitA.htm,http://gretil.sub.uni-goettingen.de/gretil/1_sanskr/4_rellit/buddh/bsu056_u.htm,http://gretil.sub.uni-goettingen.de/gretil/1_sanskr/4_rellit/buddh/bsu056_u.htm,,y,4_rellit/buddh,n,gretil_extra/sa_adhyardhazatikA-prajJApAramitA-alt.xml
sa_kauzikaprajJApAramitAsUtra.xml,Kauśikaprajñāpāramitāsūtra,Kauśikaprajñāpāramitāsūtra,,,,,"D0554, D0019",T08n0249,,,http://gretil.sub.uni-goettingen.de/gretil/corpustei/transformations/html/sa_kauzikaprajJApAramitAsUtra.htm,http://gretil.sub.uni-goettingen.de/gretil/1_sanskr/4_rellit/buddh/bsu055_u.htm,http://gretil.sub.uni-goettingen.de/gretil/1_sanskr/4_rellit/buddh/bsu055_u.htm,,y,4_rellit/buddh,y,
sa_svalpAkSarA-prajJApAramitA.xml,Svalpākṣarā prajñāpāramitā,Svalpākṣarā prajñāpāramitā,,,,,D0530. D0022,T08n0258,,,http://gretil.sub.uni-goettingen.de/gretil/corpustei/transformations/html/sa_svalpAkSarA-prajJApAramitA.htm,http://gretil.sub.uni-goettingen.de/gretil/1_sanskr/4_rellit/buddh/bsu050_u.htm,http://gretil.sub.uni-goettingen.de/gretil/1_sanskr/4_rellit/buddh/bsu050_u.htm,,y,4_rellit/buddh,y,
sa_maJjuzrImUlakalpa.xml,Mañjuśrīmūlakalpa,Mañjuśrīmūlakalpa [Āryamañjuśrī Mūlakalpa],,,,,D0543,T20n1191,,,http://gretil.sub.uni-goettingen.de/gretil/corpustei/transformations/html/sa_maJjuzrImUlakalpa.htm,http://gretil.sub.uni-goettingen.de/gretil/1_sanskr/4_rellit/buddh/bsu041_u.htm,http://gretil.sub.uni-goettingen.de/gretil/1_sanskr/4_rellit/buddh/bsu041_u.htm,https://archive.org/details/in.ernet.dli.2015.345315/page/n7/mode/2up,y,4_rellit/buddh,y,
sa_suvarNaprabhAsasUtra.xml,Suvarṇaprabhāsasūtra,"Suvarṇaprabhāsasūtra [Suvarṇaprabhāsottama(sūtra), Suvarṇabhāsottama-sūtra, Suvarṇa(pra)bhāsottama-sūtrendrarāja]",,,,,"D0557, D0555, D0556, D0557","T16n0663, T16n0664, T16n0665",,,http://gretil.sub.uni-goettingen.de/gretil/corpustei/transformations/html/sa_suvarNaprabhAsasUtra.htm,http://gretil.sub.uni-goettingen.de/gretil/1_sanskr/4_rellit/buddh/bsu035_u.htm,http://gretil.sub.uni-goettingen.de/gretil/1_sanskr/4_rellit/buddh/bsu035_u.htm,,y,4_rellit/buddh,y,
sa_bhaiSajyaguruvaidUryaprabharAjasUtra.xml,Bhaiṣajyaguruvaidūryaprabharājasūtra,Bhaiṣajyaguruvaidūryaprabharājasūtra,,,,,D0504,"T14n0449, T14n0450, T14n0451",I'm not entirely certain whether T14n0449 corresponds to the current text.,,http://gretil.sub.uni-goettingen.de/gretil/corpustei/transformations/html/sa_bhaiSajyaguruvaidUryaprabharAjasUtra.htm,http://gretil.sub.uni-goettingen.de/gretil/1_sanskr/4_rellit/buddh/bsu012_u.htm,http://gretil.sub.uni-goettingen.de/gretil/1_sanskr/4_rellit/buddh/bsu012_u.htm,,y,4_rellit/buddh,y,
sa_zrImahAdevIvyAkaraNa.xml,Śrīmahādevīvyākaraṇa,"Śrīmahādevīvyākaraṇa [Śrīmahādevīvyākaraṇasūtra, Dvādaśadaṇḍakanāmāṣṭaśatavimalīkaraṇā]",,,,,D0739,T21n1253,,,http://gretil.sub.uni-goettingen.de/gretil/corpustei/transformations/html/sa_zrImahAdevIvyAkaraNa.htm,http://gretil.sub.uni-goettingen.de/gretil/1_sanskr/4_rellit/buddh/bsu007_u.htm,http://gretil.sub.uni-goettingen.de/gretil/1_sanskr/4_rellit/buddh/bsu007_u.htm,,y,4_rellit/buddh,y,
sa_sitAtapatrA.xml,Sitātapatrā,Sitātapatrā,,,,,"D0590, D0985","T19n0976, T19n0977",,,http://gretil.sub.uni-goettingen.de/gretil/corpustei/transformations/html/sa_sitAtapatrA.htm,http://gretil.sub.uni-goettingen.de/gretil/1_sanskr/4_rellit/buddh/bsu004_u.htm,http://gretil.sub.uni-goettingen.de/gretil/1_sanskr/4_rellit/buddh/bsu004_u.htm,,y,4_rellit/buddh,y,
sa_aparimitAyuHsUtra.xml,Aparimitāyuḥsūtra,Aparimitāyuḥsūtra,,,,,,,Not found.,,http://gretil.sub.uni-goettingen.de/gretil/corpustei/transformations/html/sa_aparimitAyuHsUtra.htm,http://gretil.sub.uni-goettingen.de/gretil/1_sanskr/4_rellit/buddh/bsu003_u.htm,http://gretil.sub.uni-goettingen.de/gretil/1_sanskr/4_rellit/buddh/bsu003_u.htm,,y,4_rellit/buddh,y,
sa_vimalakIrtinirdeza.xml,Vimalakīrtinirdeśa,Vimalakīrtinirdeśa [Vimalakīrtinirdeśasūtra],,,,,D0176,"T14n0474, T14n0475, T14n0476, T14n0477, T14n0478, T14n0479",,,http://gretil.sub.uni-goettingen.de/gretil/corpustei/transformations/html/sa_vimalakIrtinirdeza.htm,http://gretil.sub.uni-goettingen.de/gretil/1_sanskr/4_rellit/buddh/vimkn_u.htm,http://gretil.sub.uni-goettingen.de/gretil/1_sanskr/4_rellit/buddh/vimkn_u.htm,https://archive.org/details/vimalakirtinirdesateachingofvimalakirtilamotteetienne_202003_943_m,,4_rellit/buddh,,
sa_tathAgatabimbakArApaNasUtra.xml,Tathāgatabimbakārāpaṇasūtra,Tathāgatabimbakārāpaṇasūtra,,,,,,,Not found.,,http://gretil.sub.uni-goettingen.de/gretil/corpustei/transformations/html/sa_tathAgatabimbakArApaNasUtra.htm,http://gretil.sub.uni-goettingen.de/gretil/1_sanskr/4_rellit/buddh/tbimbk_u.htm,http://gretil.sub.uni-goettingen.de/gretil/1_sanskr/4_rellit/buddh/tbimbk_u.htm,,,4_rellit/buddh,,
sa_smaller-sukhAvatIvyUha.xml,Smaller Sukhāvatīvyūha,Sukhāvatyamṛtavyūha [Sukhāvatī(amṛta)vyūhasūtra] aka the Smaller Sukhāvatīvyūha,saṃkṣiptamātṛkā,,,,,T12n0366,"T11n0310(5), T12n0360, T12n0361, T12n0362, T12n0363, T12n0364 and T12n0367 refer to the Sukhāvatīvyūha(sūtra), i.e., vistaramātṛkā.",,http://gretil.sub.uni-goettingen.de/gretil/corpustei/transformations/html/sa_smaller-sukhAvatIvyUha.htm,http://gretil.sub.uni-goettingen.de/gretil/1_sanskr/4_rellit/buddh/sukhvysu.htm,http://gretil.sub.uni-goettingen.de/gretil/1_sanskr/4_rellit/buddh/sukhvysu.htm,https://archive.org/search.php?query=Sukh%C4%81vat%C4%ABvy%C5%ABha,,4_rellit/buddh,,
sa_samAdhirAjasUtratransliteration-1-111315-22.xml,"Samādhirājasūtra, transliteration 1-11, 13, 15-22",Samādhirājasūtra,,,,,,"T15n0639, T15n0640, T15n0641",,,http://gretil.sub.uni-goettingen.de/gretil/corpustei/transformations/html/sa_samAdhirAjasUtratransliteration-1-111315-22.htm,http://gretil.sub.uni-goettingen.de/gretil/1_sanskr/4_rellit/buddh/srajsgiu.htm,http://gretil.sub.uni-goettingen.de/gretil/1_sanskr/4_rellit/buddh/srajsgiu.htm,https://archive.org/search.php?query=Sam%C4%81dhir%C4%81jas%C5%ABtra,,4_rellit/buddh,,
sa_sarvajJatAkAradhAraNI.xml,Sarvajñatākāradhāraṇī,Sarvajñatākāradhāraṇī [Karuṇāpuṇḍarīka(sūtra)],,,,,,"T03n0157, T03n0158",,,http://gretil.sub.uni-goettingen.de/gretil/corpustei/transformations/html/sa_sarvajJatAkAradhAraNI.htm,http://gretil.sub.uni-goettingen.de/gretil/1_sanskr/4_rellit/buddh/sjdh_u.htm,http://gretil.sub.uni-goettingen.de/gretil/1_sanskr/4_rellit/buddh/sjdh_u.htm,,,4_rellit/buddh,,
sa_saMyuktAgama-966-972-according-to-the-chinese-canon.xml,Saṃyuktāgama (966-972 according to the Chinese canon),Saṃyuktāgama,,,,,,"T02n0099, T02n0101",,,http://gretil.sub.uni-goettingen.de/gretil/corpustei/transformations/html/sa_saMyuktAgama-966-972-according-to-the-chinese-canon.htm,http://gretil.sub.uni-goettingen.de/gretil/1_sanskr/4_rellit/buddh/samyu_wu.htm,http://gretil.sub.uni-goettingen.de/gretil/1_sanskr/4_rellit/buddh/samyu_wu.htm,,,4_rellit/buddh,,
sa_saMghATasUtra-alt.xml,Saṃghāṭasūtra,Saṃghāṭasūtra [Saṅghāṭasūtra],,,,,D0102,T13n0423,,,http://gretil.sub.uni-goettingen.de/gretil/corpustei/transformations/html/sa_saMghATasUtra-alt.htm,http://gretil.sub.uni-goettingen.de/gretil/1_sanskr/4_rellit/buddh/samghscu.htm,http://gretil.sub.uni-goettingen.de/gretil/1_sanskr/4_rellit/buddh/samghscu.htm,,,4_rellit/buddh,,
sa_mahAsaMnipAtaratnaketudhAraNIsUtra.xml,Mahāsaṃnipātaratnaketudhāraṇīsūtra or Ratnaketuparivarta (=RKP),"Mahāsannipātaratnaketudhāraṇīsūtra [Ratnaketuparivarta, Ratnaketudhāraṇīsūtra]",,,,,D0138,T13n0402,"I'm not entirely certain whether the Ratnaketuparivarta is included in the Mahāsaṃnipāta (C. 大方等大集經, T13n0397).",,http://gretil.sub.uni-goettingen.de/gretil/corpustei/transformations/html/sa_mahAsaMnipAtaratnaketudhAraNIsUtra.htm,http://gretil.sub.uni-goettingen.de/gretil/1_sanskr/4_rellit/buddh/ratnakeu.htm,http://gretil.sub.uni-goettingen.de/gretil/1_sanskr/4_rellit/buddh/ratnakeu.htm,,,4_rellit/buddh,,
sa_nidAnasaMyukta.xml,Nidānasaṃyukta,Nidānasaṃyukta,,,,,,T02n0099,,,http://gretil.sub.uni-goettingen.de/gretil/corpustei/transformations/html/sa_nidAnasaMyukta.htm,http://gretil.sub.uni-goettingen.de/gretil/1_sanskr/4_rellit/buddh/nidansyu.htm,http://gretil.sub.uni-goettingen.de/gretil/1_sanskr/4_rellit/buddh/nidansyu.htm,,,4_rellit/buddh,,
sa_nagaropamasUtra.xml,Nagaropamasūtra,Nagaropamasūtra,Apotropaic Text from the Saṃyuktāgama,,,,,,Not found.,"Reconstructed; Sanskrit text reconstructed according to one of the MS traditions, namely the Pelliot/Stein manuscript",http://gretil.sub.uni-goettingen.de/gretil/corpustei/transformations/html/sa_nagaropamasUtra.htm,http://gretil.sub.uni-goettingen.de/gretil/1_sanskr/4_rellit/buddh/nagsu_tu.htm,http://gretil.sub.uni-goettingen.de/gretil/1_sanskr/4_rellit/buddh/nagsu_pu.htm,,,4_rellit/buddh,,
sa_mahAkarmavibhaGga.xml,Mahākarmavibhaṅga,Mahākarmavibhaṅga,,,,,,,Not found.,,http://gretil.sub.uni-goettingen.de/gretil/corpustei/transformations/html/sa_mahAkarmavibhaGga.htm,http://gretil.sub.uni-goettingen.de/gretil/1_sanskr/4_rellit/buddh/mkarmviu.htm,http://gretil.sub.uni-goettingen.de/gretil/1_sanskr/4_rellit/buddh/mkarmviu.htm,https://archive.org/details/in.ernet.dli.2015.188835,,4_rellit/buddh,,
sa_maitreyavyAkaraNa.xml,Maitreyavyākaraṇa,Maitreyavyākaraṇa [Maitreyavyākaraṇasūtra],,,,,,"T14n0454, T14n0455, T14n0457",,,http://gretil.sub.uni-goettingen.de/gretil/corpustei/transformations/html/sa_maitreyavyAkaraNa.htm,http://gretil.sub.uni-goettingen.de/gretil/1_sanskr/4_rellit/buddh/maivy_au.htm,http://gretil.sub.uni-goettingen.de/gretil/1_sanskr/4_rellit/buddh/maivy_pu.htm,,,4_rellit/buddh,,
sa_mahAmantrAnusAriNI.xml,Mahāmantrānusāriṇī,Mahāmantrānusāriṇī,,,,,,T20n1048,,,http://gretil.sub.uni-goettingen.de/gretil/corpustei/transformations/html/sa_mahAmantrAnusAriNI.htm,http://gretil.sub.uni-goettingen.de/gretil/1_sanskr/4_rellit/buddh/mahama_u.htm,http://gretil.sub.uni-goettingen.de/gretil/1_sanskr/4_rellit/buddh/mahama_u.htm,,,4_rellit/buddh,,
sa_kalpadrumAvadAnamAlA.xml,Kalpadrumāvadānamālā,Kalpadrumāvadānamālā,,,,,,,Not found.,,http://gretil.sub.uni-goettingen.de/gretil/corpustei/transformations/html/sa_kalpadrumAvadAnamAlA.htm,http://gretil.sub.uni-goettingen.de/gretil/1_sanskr/4_rellit/buddh/klpdraau.htm,http://gretil.sub.uni-goettingen.de/gretil/1_sanskr/4_rellit/buddh/klpdrapu.htm,,,4_rellit/buddh,,
sa_kSemendra-bodhisattvAvadAnakalpalatA-93sumAgadhAvadAna.xml,"Bodhisattvāvadānakalpalatā 93, Sumāgadhāvadāna",Sumāgadhāvadāna [Sumāgadhāvadānasūtra],from the Bodhisattvāvadānakalpalatā (Avadāna 93),Kṣemendra,Kṣemendra,P7847,,"T02n0128a, T02n0128b, T02_0129, T02n0130",,,http://gretil.sub.uni-goettingen.de/gretil/corpustei/transformations/html/sa_kSemendra-bodhisattvAvadAnakalpalatA-93sumAgadhAvadAna.htm,http://gretil.sub.uni-goettingen.de/gretil/1_sanskr/4_rellit/buddh/kbavk93u.htm,http://gretil.sub.uni-goettingen.de/gretil/1_sanskr/4_rellit/buddh/kbavk93u.htm,,,4_rellit/buddh,,
sa_kSemendra-pratItyasamutpAdAvadAna.xml,Pratītyasamutpādāvadāna,Pratītyasamutpādāvadāna,from the Bodhisattvāvadānakalpalatā (Avadāna 75),Kṣemendra,Kṣemendra,P7847,,,Not found.,,http://gretil.sub.uni-goettingen.de/gretil/corpustei/transformations/html/sa_kSemendra-pratItyasamutpAdAvadAna.htm,http://gretil.sub.uni-goettingen.de/gretil/1_sanskr/4_rellit/buddh/kbavk75u.htm,http://gretil.sub.uni-goettingen.de/gretil/1_sanskr/4_rellit/buddh/kbavk75u.htm,,,4_rellit/buddh,,
sa_kSemendra-sudhanakinnaryavadAna.xml,Sudhanakinnaryavadāna,Sudhanakinnaryavadāna,from the Avadānakalpalatā (Avadāna 64),Kṣemendra,Kṣemendra,P7847,,,Not found.,,http://gretil.sub.uni-goettingen.de/gretil/corpustei/transformations/html/sa_kSemendra-sudhanakinnaryavadAna.htm,http://gretil.sub.uni-goettingen.de/gretil/1_sanskr/4_rellit/buddh/kbavk64u.htm,http://gretil.sub.uni-goettingen.de/gretil/1_sanskr/4_rellit/buddh/kbavk64u.htm,,,4_rellit/buddh,,
sa_kSemendra-garbhAvakrAntyavadAna.xml,Garbhāvakrāntyavadāna,Garbhāvakrāntyavadāna,,Kṣemendra,Kṣemendra,P7847,,,Not found.,,http://gretil.sub.uni-goettingen.de/gretil/corpustei/transformations/html/sa_kSemendra-garbhAvakrAntyavadAna.htm,http://gretil.sub.uni-goettingen.de/gretil/1_sanskr/4_rellit/buddh/kbavk10u.htm,http://gretil.sub.uni-goettingen.de/gretil/1_sanskr/4_rellit/buddh/kbavk10u.htm,,,4_rellit/buddh,,
sa_kaThinAvadAna.xml,Kaṭhināvadāna,Kaṭhināvadāna,,,,,,,Not found.,,http://gretil.sub.uni-goettingen.de/gretil/corpustei/transformations/html/sa_kaThinAvadAna.htm,http://gretil.sub.uni-goettingen.de/gretil/1_sanskr/4_rellit/buddh/kathinau.htm,http://gretil.sub.uni-goettingen.de/gretil/1_sanskr/4_rellit/buddh/kathinau.htm,,,4_rellit/buddh,,
sa_jJAnAlokAlaMkArasUtra.xml,Jñānālokālaṃkārasūtra [Sarvabuddhaviṣayāvatārajñānālokālaṃkāra nāma mahāyānasūtra] = JĀA,"Jñānālokālaṃkāra sūtra [Sarvabuddhaviṣayāvatārajñānālokālaṃkāra nāma mahāyānasūtra, Sarvabuddhaviṣayāvatārajñānalokālaṃkārasūtra]",,,,,D0100,"T12n0357, T12n0358, T12n0359",,,http://gretil.sub.uni-goettingen.de/gretil/corpustei/transformations/html/sa_jJAnAlokAlaMkArasUtra.htm,http://gretil.sub.uni-goettingen.de/gretil/1_sanskr/4_rellit/buddh/jnalokau.htm,http://gretil.sub.uni-goettingen.de/gretil/1_sanskr/4_rellit/buddh/jnalokau.htm,,,4_rellit/buddh,,
sa_ekottarAgamafragments.xml,"Ekottarāgama, fragments",Ekottarāgama [Ekottarāgamasūtra],,,,,,T02n0125,,,http://gretil.sub.uni-goettingen.de/gretil/corpustei/transformations/html/sa_ekottarAgamafragments.htm,http://gretil.sub.uni-goettingen.de/gretil/1_sanskr/4_rellit/buddh/ekottaru.htm,http://gretil.sub.uni-goettingen.de/gretil/1_sanskr/4_rellit/buddh/ekottaru.htm,,,4_rellit/buddh,,
sa_devatAsUtra-and-alpadevatAsUtra.xml,Devatāsūtra and Alpadevatāsūtra,Devatāsūtra,,,,,,T15n0592,,,http://gretil.sub.uni-goettingen.de/gretil/corpustei/transformations/html/sa_devatAsUtra-and-alpadevatAsUtra.htm,http://gretil.sub.uni-goettingen.de/gretil/1_sanskr/4_rellit/buddh/dvtasutu.htm,http://gretil.sub.uni-goettingen.de/gretil/1_sanskr/4_rellit/buddh/dvtasutu.htm,,,4_rellit/buddh,,
sa_dvAviMzatyavadAnakathA.xml,Dvāviṃśatyavadānakathā,Dvāviṃśatyavadānakathā,,,,,,,Not found.,,http://gretil.sub.uni-goettingen.de/gretil/corpustei/transformations/html/sa_dvAviMzatyavadAnakathA.htm,http://gretil.sub.uni-goettingen.de/gretil/1_sanskr/4_rellit/buddh/dvavims_tu.htm,http://gretil.sub.uni-goettingen.de/gretil/1_sanskr/4_rellit/buddh/dvavims_tu.htm,,,4_rellit/buddh,,
sa_divyAvadAna.xml,Divyāvadāna,Divyāvadāna,,,,,,,Not found.,,http://gretil.sub.uni-goettingen.de/gretil/corpustei/transformations/html/sa_divyAvadAna.htm,http://gretil.sub.uni-goettingen.de/gretil/1_sanskr/4_rellit/buddh/divyav_u.htm,http://gretil.sub.uni-goettingen.de/gretil/1_sanskr/4_rellit/buddh/divyav_u.htm,https://archive.org/search.php?query=Divy%C4%81vad%C4%81na,,4_rellit/buddh,,
sa_zArdUlakarNAvadAna.xml,Śārdūlakarṇāvadāna [= Avadāna 33 of the Divyāvadāna],Śārdūlakarṇāvadāna,from the Divyāvadāna (Avadāna 33),,,,,,Not found.,,http://gretil.sub.uni-goettingen.de/gretil/corpustei/transformations/html/sa_zArdUlakarNAvadAna.htm,http://gretil.sub.uni-goettingen.de/gretil/1_sanskr/4_rellit/buddh/divav33u.htm,http://gretil.sub.uni-goettingen.de/gretil/1_sanskr/4_rellit/buddh/divav33u.htm,https://archive.org/search.php?query=%C5%9A%C4%81rd%C5%ABlakar%E1%B9%87%C4%81vad%C4%81na,,4_rellit/buddh,,
sa_azokAvadAna.xml,Aśokāvadāna,Aśokāvadāna,,,,,,T50n2042,Is this the correct translation? T50 sounds rather high to us.,,http://gretil.sub.uni-goettingen.de/gretil/corpustei/transformations/html/sa_azokAvadAna.htm,http://gretil.sub.uni-goettingen.de/gretil/1_sanskr/4_rellit/buddh/divav29u.htm,http://gretil.sub.uni-goettingen.de/gretil/1_sanskr/4_rellit/buddh/divav29u.htm,https://archive.org/search.php?query=A%C5%9Bok%C4%81vad%C4%81na,y,4_rellit/buddh,,
sa_dazabalasUtra-1-4.xml,Daśabalasūtra 1-4,Daśabalasūtra,,,,,,"T17n0780, T17n0781",,,http://gretil.sub.uni-goettingen.de/gretil/corpustei/transformations/html/sa_dazabalasUtra-1-4.htm,http://gretil.sub.uni-goettingen.de/gretil/1_sanskr/4_rellit/buddh/dbsu1-4u.htm,http://gretil.sub.uni-goettingen.de/gretil/1_sanskr/4_rellit/buddh/dbsu1-4u.htm,,,4_rellit/buddh,,
sa_vimalakIrtinirdezasUtra.xml,Vimalakīrtinirdeśasūtra,Vimalakīrtinirdeśasūtra [Vimalakīrtinirdeśa],,,,,D0176,"T14n0474, T14n0475, T14n0476, T14n0477, T14n0478, T14n0479",,,http://gretil.sub.uni-goettingen.de/gretil/corpustei/transformations/html/sa_vimalakIrtinirdezasUtra.htm,http://gretil.sub.uni-goettingen.de/gretil/1_sanskr/4_rellit/buddh/bsu061_u.htm,http://gretil.sub.uni-goettingen.de/gretil/1_sanskr/4_rellit/buddh/bsu061_u.htm,https://archive.org/details/in.ernet.dli.2015.345763,y,4_rellit/buddh,y,
sa_saMghATasUtra.xml,Saṃghāṭasūtra,Saṃghāṭa Sūtra,,,,,D0102,T13n0423,,,http://gretil.sub.uni-goettingen.de/gretil/corpustei/transformations/html/sa_saMghATasUtra.htm,http://gretil.sub.uni-goettingen.de/gretil/1_sanskr/4_rellit/buddh/bsu045_u.htm,http://gretil.sub.uni-goettingen.de/gretil/1_sanskr/4_rellit/buddh/bsu045_u.htm,,y,4_rellit/buddh,y,
sa_triskandhasUtra.xml,Triskandhasūtra,Triskandhasūtra,,,,,,,Not found.,,http://gretil.sub.uni-goettingen.de/gretil/corpustei/transformations/html/sa_triskandhasUtra.htm,http://gretil.sub.uni-goettingen.de/gretil/1_sanskr/4_rellit/buddh/bsu039_u.htm,http://gretil.sub.uni-goettingen.de/gretil/1_sanskr/4_rellit/buddh/bsu039_u.htm,,y,4_rellit/buddh,y,
sa_sAgaranAgarAjaparipRcchAmahAyAnasUtra.xml,Sāgaranāgarājaparipṛcchāmahāyānasūtra,Sāgaranāgarājaparipṛcchā Nāma Mahāyānasūtra [Sāgaranāgarājaparipṛcchāsūtra],,,,,D0155,"T15n0598, T15n0599, T15n0601",,,http://gretil.sub.uni-goettingen.de/gretil/corpustei/transformations/html/sa_sAgaranAgarAjaparipRcchAmahAyAnasUtra.htm,http://gretil.sub.uni-goettingen.de/gretil/1_sanskr/4_rellit/buddh/bsu038_u.htm,http://gretil.sub.uni-goettingen.de/gretil/1_sanskr/4_rellit/buddh/bsu038_u.htm,,y,4_rellit/buddh,y,
sa_sarvatathAgatAdhiSThAnavyUhasUtra.xml,Sarvatathāgatādhiṣṭhānavyūhasūtra,Sarvatathāgatādhiṣṭhānavyūhasūtra,,,,,"D0098, D0721",,Not found.,,http://gretil.sub.uni-goettingen.de/gretil/corpustei/transformations/html/sa_sarvatathAgatAdhiSThAnavyUhasUtra.htm,http://gretil.sub.uni-goettingen.de/gretil/1_sanskr/4_rellit/buddh/bsu037_u.htm,http://gretil.sub.uni-goettingen.de/gretil/1_sanskr/4_rellit/buddh/bsu037_u.htm,,y,4_rellit/buddh,y,
sa_saddharmapuNDarIkasUtra.xml,Saddharmapuṇḍarīkasūtra,Saddharmapuṇḍarīkasūtra,,,,,D0113,"T09n0262, T09n0263, T09n0264, T09n0265",,,http://gretil.sub.uni-goettingen.de/gretil/corpustei/transformations/html/sa_saddharmapuNDarIkasUtra.htm,http://gretil.sub.uni-goettingen.de/gretil/1_sanskr/4_rellit/buddh/bsu036_u.htm,http://gretil.sub.uni-goettingen.de/gretil/1_sanskr/4_rellit/buddh/bsu036_u.htm,,y,4_rellit/buddh,y,
sa_samAdhirAjasUtra.xml,Samādhirājasūtra,Samādhirājasūtra,,,,,D0127,"T15n0639, T15n0640, T15n0641",,,http://gretil.sub.uni-goettingen.de/gretil/corpustei/transformations/html/sa_samAdhirAjasUtra.htm,http://gretil.sub.uni-goettingen.de/gretil/1_sanskr/4_rellit/buddh/bsu034_u.htm,http://gretil.sub.uni-goettingen.de/gretil/1_sanskr/4_rellit/buddh/bsu034_u.htm,https://archive.org/search.php?query=Sam%C4%81dhir%C4%81jas%C5%ABtra,y,4_rellit/buddh,y,
sa_sukhAvatIvyUhasaMkSiptamAtRkA.xml,"Sukhāvatīvyūha, saṃkṣiptamātṛkā",Sukhāvatyamṛtavyūha [Sukhāvatī(amṛta)vyūhasūtra] aka the Smaller Sukhāvatīvyūha,saṃkṣiptamātṛkā,,,,,T12n0366,"T11n0310(5), T12n0360, T12n0361, T12n0362, T12n0363, T12n0364 and T12n0367 refer to the Sukhāvatīvyūha(sūtra), i.e., vistaramātṛkā.",,http://gretil.sub.uni-goettingen.de/gretil/corpustei/transformations/html/sa_sukhAvatIvyUhasaMkSiptamAtRkA.htm,http://gretil.sub.uni-goettingen.de/gretil/1_sanskr/4_rellit/buddh/bsu032_u.htm,http://gretil.sub.uni-goettingen.de/gretil/1_sanskr/4_rellit/buddh/bsu032_u.htm,https://archive.org/search.php?query=Sukh%C4%81vat%C4%ABvy%C5%ABha,y,4_rellit/buddh,y,
sa_zAlistambasUtra.xml,Śālistambasūtra,Śālistambasūtra,,,,,D0210,"T16n708, T16n0709, T16n0710, T16n0711, T16n0712",,,http://gretil.sub.uni-goettingen.de/gretil/corpustei/transformations/html/sa_zAlistambasUtra.htm,http://gretil.sub.uni-goettingen.de/gretil/1_sanskr/4_rellit/buddh/bsu031_u.htm,http://gretil.sub.uni-goettingen.de/gretil/1_sanskr/4_rellit/buddh/bsu031_u.htm,,y,4_rellit/buddh,y,
sa_pratItyasamutpAdamahAyAnasUtra.xml,Pratītyasamutpādamahāyānasūtra,Pratītyasamutpādamahāyānasūtra,,,,,"D0212, D0520, D0980",,Not found.,,http://gretil.sub.uni-goettingen.de/gretil/corpustei/transformations/html/sa_pratItyasamutpAdamahAyAnasUtra.htm,http://gretil.sub.uni-goettingen.de/gretil/1_sanskr/4_rellit/buddh/bsu026_u.htm,http://gretil.sub.uni-goettingen.de/gretil/1_sanskr/4_rellit/buddh/bsu026_u.htm,,y,4_rellit/buddh,y,
sa_nairAtmyaparipRcchAmahAyAnasUtra.xml,Nairātmyaparipṛcchāmahāyānasūtra,Nairātmyaparipṛcchāmahāyānasūtra,,,,,D0173,,Not found.,,http://gretil.sub.uni-goettingen.de/gretil/corpustei/transformations/html/sa_nairAtmyaparipRcchAmahAyAnasUtra.htm,http://gretil.sub.uni-goettingen.de/gretil/1_sanskr/4_rellit/buddh/bsu025_u.htm,http://gretil.sub.uni-goettingen.de/gretil/1_sanskr/4_rellit/buddh/bsu025_u.htm,,y,4_rellit/buddh,y,
sa_mahAsaMnipAtaratnaketudhAraNIsUtra1-610-11.xml,"Mahāsaṃnipātaratnaketudhāraṇīsūtra, 1-6, 10-11","Mahāsannipātaratnaketudhāraṇīsūtra [Ratnaketuparivarta, Ratnaketudhāraṇīsūtra]",,,,,D0138,T13n0402,"I'm not entirely certain whether the Ratnaketuparivarta is included in the Mahāsaṃnipāta (C. 大方等大集經, T13n0397).",,http://gretil.sub.uni-goettingen.de/gretil/corpustei/transformations/html/sa_mahAsaMnipAtaratnaketudhAraNIsUtra1-610-11.htm,http://gretil.sub.uni-goettingen.de/gretil/1_sanskr/4_rellit/buddh/bsu024_u.htm,http://gretil.sub.uni-goettingen.de/gretil/1_sanskr/4_rellit/buddh/bsu024_u.htm,,y,4_rellit/buddh,y,
sa_madhyamakazAlistambasUtra.xml,Madhyamakaśālistambasūtra,Madhyamakaśālistambasūtra,,,,,D0210,,Not found.,,http://gretil.sub.uni-goettingen.de/gretil/corpustei/transformations/html/sa_madhyamakazAlistambasUtra.htm,http://gretil.sub.uni-goettingen.de/gretil/1_sanskr/4_rellit/buddh/bsu023_u.htm,http://gretil.sub.uni-goettingen.de/gretil/1_sanskr/4_rellit/buddh/bsu023_u.htm,,y,4_rellit/buddh,y,
sa_lalitavistara.xml,Lalitavistara,Lalitavistara [Lalitavistarasūtra],,,,,D0095,"T03n0186, T03n0187",,,http://gretil.sub.uni-goettingen.de/gretil/corpustei/transformations/html/sa_lalitavistara.htm,http://gretil.sub.uni-goettingen.de/gretil/1_sanskr/4_rellit/buddh/bsu022_u.htm,http://gretil.sub.uni-goettingen.de/gretil/1_sanskr/4_rellit/buddh/bsu022_u.htm,https://archive.org/search.php?query=Lalitavistara,y,4_rellit/buddh,y,
sa_saddharmalaGkAvatArasUtra.xml,Saddharmalaṅkāvatārasūtra,Saddharmalaṅkāvatārasūtra [Laṅkāvatārasūtra],,,,,D0107,"T16n0670, T16n0671, T16n0672",,,http://gretil.sub.uni-goettingen.de/gretil/corpustei/transformations/html/sa_saddharmalaGkAvatArasUtra.htm,http://gretil.sub.uni-goettingen.de/gretil/1_sanskr/4_rellit/buddh/bsu021_u.htm,http://gretil.sub.uni-goettingen.de/gretil/1_sanskr/4_rellit/buddh/bsu021_u.htm,,y,4_rellit/buddh,y,
sa_kAraNDavyUha.xml,Kāraṇḍavyūha,Kāraṇḍavyūha Sūtra [Avalokiteśvaraguṇa-Kāraṇḍavyūha(sūtra)],,,,,D0116,T20n1050,,,http://gretil.sub.uni-goettingen.de/gretil/corpustei/transformations/html/sa_kAraNDavyUha.htm,http://gretil.sub.uni-goettingen.de/gretil/1_sanskr/4_rellit/buddh/bsu019_u.htm,http://gretil.sub.uni-goettingen.de/gretil/1_sanskr/4_rellit/buddh/bsu019_u.htm,https://archive.org/search.php?query=K%C4%81ra%E1%B9%87%E1%B8%8Davy%C5%ABha,y,4_rellit/buddh,y,
sa_karuNApuNDarIkasUtra.xml,Karuṇāpuṇḍarīkasūtra,Sarvajñatākāradhāraṇī [Karuṇāpuṇḍarīka(sūtra)],,,,,D0112,"T03n0157, T03n0158",,,http://gretil.sub.uni-goettingen.de/gretil/corpustei/transformations/html/sa_karuNApuNDarIkasUtra.htm,http://gretil.sub.uni-goettingen.de/gretil/1_sanskr/4_rellit/buddh/bsu018_u.htm,http://gretil.sub.uni-goettingen.de/gretil/1_sanskr/4_rellit/buddh/bsu018_u.htm,,y,4_rellit/buddh,y,
sa_caturdharmanirdezasUtra.xml,Caturdharmanirdeśasūtra,Āryacaturdharmanirdeśasūtra,,,,,,,Not found.,,http://gretil.sub.uni-goettingen.de/gretil/corpustei/transformations/html/sa_caturdharmanirdezasUtra.htm,http://gretil.sub.uni-goettingen.de/gretil/1_sanskr/4_rellit/buddh/bsu013_u.htm,http://gretil.sub.uni-goettingen.de/gretil/1_sanskr/4_rellit/buddh/bsu013_u.htm,,y,4_rellit/buddh,y,
sa_bhavasaMkrAntisUtra.xml,Bhavasaṃkrāntisūtra,Bhavasaṅkrāntisūtra,,,,,D0226,"T14n0575, T14n0576, T14n0577",,,http://gretil.sub.uni-goettingen.de/gretil/corpustei/transformations/html/sa_bhavasaMkrAntisUtra.htm,http://gretil.sub.uni-goettingen.de/gretil/1_sanskr/4_rellit/buddh/bsu010_u.htm,http://gretil.sub.uni-goettingen.de/gretil/1_sanskr/4_rellit/buddh/bsu010_u.htm,,y,4_rellit/buddh,y,
sa_maitreyavyAkaraNa-alt.xml,Maitreyavyākaraṇa,Maitreyavyākaraṇa [Maitreyavyākaraṇasūtra],,,,,,"T14n0454, T14n0455, T14n0457",,,http://gretil.sub.uni-goettingen.de/gretil/corpustei/transformations/html/sa_maitreyavyAkaraNa-alt.htm,http://gretil.sub.uni-goettingen.de/gretil/1_sanskr/4_rellit/buddh/bsu009_u.htm,http://gretil.sub.uni-goettingen.de/gretil/1_sanskr/4_rellit/buddh/bsu009_u.htm,,y,4_rellit/buddh,y,
sa_buddhabalAdhAnaprAtihAryavikurvANanirdezasUtra.xml,Buddhabalādhānaprātihāryavikurvāṇanirdeśasūtra,Āryabuddhabalādhānaprātihāryavikurvāṇanirdeśanāma Mahāyānasūtra,,,,,,,Not found.,,http://gretil.sub.uni-goettingen.de/gretil/corpustei/transformations/html/sa_buddhabalAdhAnaprAtihAryavikurvANanirdezasUtra.htm,http://gretil.sub.uni-goettingen.de/gretil/1_sanskr/4_rellit/buddh/bsu008_u.htm,http://gretil.sub.uni-goettingen.de/gretil/1_sanskr/4_rellit/buddh/bsu008_u.htm,,y,4_rellit/buddh,y,
sa_ajitasenavyAkaraNa-alt.xml,Ajitasenavyākaraṇa,Ajitasenavyākaraṇa,,,,,,,Not found.,,http://gretil.sub.uni-goettingen.de/gretil/corpustei/transformations/html/sa_ajitasenavyAkaraNa-alt.htm,http://gretil.sub.uni-goettingen.de/gretil/1_sanskr/4_rellit/buddh/bsu006_u.htm,http://gretil.sub.uni-goettingen.de/gretil/1_sanskr/4_rellit/buddh/bsu006_u.htm,,y,4_rellit/buddh,y,
sa_arthavinizcayasUtra.xml,Arthaviniścayasūtra,Arthaviniścayasūtra,,,,,D0317,,Not found.,,http://gretil.sub.uni-goettingen.de/gretil/corpustei/transformations/html/sa_arthavinizcayasUtra.htm,http://gretil.sub.uni-goettingen.de/gretil/1_sanskr/4_rellit/buddh/bsu005_u.htm,http://gretil.sub.uni-goettingen.de/gretil/1_sanskr/4_rellit/buddh/bsu005_u.htm,,y,4_rellit/buddh,y,
sa_AryAnityatAsUtra.xml,Āryānityatāsūtra,Āryānityatāsūtra [Anityatāsūtra],,,,,,"T17n0758, T17n0801",,,http://gretil.sub.uni-goettingen.de/gretil/corpustei/transformations/html/sa_AryAnityatAsUtra.htm,http://gretil.sub.uni-goettingen.de/gretil/1_sanskr/4_rellit/buddh/bsu001_u.htm,http://gretil.sub.uni-goettingen.de/gretil/1_sanskr/4_rellit/buddh/bsu001_u.htm,,y,4_rellit/buddh,y,
sa_AyuHparyantasUtra.xml,Āyuḥparyantasūtra,Āyuḥparyantasūtra,,,,,D0307,,Not found.,,http://gretil.sub.uni-goettingen.de/gretil/corpustei/transformations/html/sa_AyuHparyantasUtra.htm,http://gretil.sub.uni-goettingen.de/gretil/1_sanskr/4_rellit/buddh/ayuhparu.htm,http://gretil.sub.uni-goettingen.de/gretil/1_sanskr/4_rellit/buddh/ayuhparu.htm,,,4_rellit/buddh,,
sa_avadAnazataka.xml,Avadānaśataka,Avadānaśataka,,,,,D0343,T04n0200,,,http://gretil.sub.uni-goettingen.de/gretil/corpustei/transformations/html/sa_avadAnazataka.htm,http://gretil.sub.uni-goettingen.de/gretil/1_sanskr/4_rellit/buddh/avsata_u.htm,http://gretil.sub.uni-goettingen.de/gretil/1_sanskr/4_rellit/buddh/avsata_u.htm,,,4_rellit/buddh,,
sa_anityatAsUtra.xml,Anityatāsūtra,Anityatāsūtra [Āryānityatāsūtra],,,,,D0310,"T17n0758, T17n0801",,,http://gretil.sub.uni-goettingen.de/gretil/corpustei/transformations/html/sa_anityatAsUtra.htm,http://gretil.sub.uni-goettingen.de/gretil/1_sanskr/4_rellit/buddh/anitysuu.htm,http://gretil.sub.uni-goettingen.de/gretil/1_sanskr/4_rellit/buddh/anitysuu.htm,,,4_rellit/buddh,,
sa_ahorAtravratacaityasevAnuzaMsAvadAna.xml,Ahorātravratacaityasevānuśaṃsāvadāna,Ahorātravratacaityasevānuśaṃsāvadāna,,,,,,,Not found.,,http://gretil.sub.uni-goettingen.de/gretil/corpustei/transformations/html/sa_ahorAtravratacaityasevAnuzaMsAvadAna.htm,http://gretil.sub.uni-goettingen.de/gretil/1_sanskr/4_rellit/buddh/ahovcs_u.htm,http://gretil.sub.uni-goettingen.de/gretil/1_sanskr/4_rellit/buddh/ahovcs_u.htm,,,4_rellit/buddh,,
sa_adbhutadharmaparyAya.xml,Adbhutadharmaparyāya,Adbhutadharmaparyāya [Adbhutadharmaparyāyasūtra],,,,,D0319,"T16n0688, T16n0689",T17n0754 - I don't find this reference entirely convincing.,,http://gretil.sub.uni-goettingen.de/gretil/corpustei/transformations/html/sa_adbhutadharmaparyAya.htm,http://gretil.sub.uni-goettingen.de/gretil/1_sanskr/4_rellit/buddh/adbhutdu.htm,http://gretil.sub.uni-goettingen.de/gretil/1_sanskr/4_rellit/buddh/adbhutdu.htm,,,4_rellit/buddh,,
sa_gaNDavyUhasUtra.xml,Gaṇḍavyūhasūtra,Gaṇḍavyūhasūtra [Gaṇḍavyūha],,,,,D0044,"T09n0278, T10n0279, T10n0293, T10n0294, T10n0295",,,http://gretil.sub.uni-goettingen.de/gretil/corpustei/transformations/html/sa_gaNDavyUhasUtra.htm,http://gretil.sub.uni-goettingen.de/gretil/1_sanskr/4_rellit/buddh/bsu016_u.htm,http://gretil.sub.uni-goettingen.de/gretil/1_sanskr/4_rellit/buddh/bsu016_u.htm,https://archive.org/details/in.ernet.dli.2015.326198,y,4_rellit/buddh,y,
sa_dazabhUmikasUtra.xml,Daśabhūmikasūtra,Daśabhūmikasūtra,,,,,,"T10n0285, T10n0286, T10n0287",,,http://gretil.sub.uni-goettingen.de/gretil/corpustei/transformations/html/sa_dazabhUmikasUtra.htm,http://gretil.sub.uni-goettingen.de/gretil/1_sanskr/4_rellit/buddh/bsu014_u.htm,http://gretil.sub.uni-goettingen.de/gretil/1_sanskr/4_rellit/buddh/bsu014_u.htm,https://archive.org/details/in.ernet.dli.2015.351937/mode/2up,y,4_rellit/buddh,y,
sa_kAzyapaparivartasUtra.xml,Kāśyapaparivartasūtra,Kāśyapaparivartasūtra [Kāśyapaparivarta],,,,,D0087,"T11n0310(43), T12n0350, T12n0351, T12n0352",,,http://gretil.sub.uni-goettingen.de/gretil/corpustei/transformations/html/sa_kAzyapaparivartasUtra.htm,http://gretil.sub.uni-goettingen.de/gretil/1_sanskr/4_rellit/buddh/kasyparu.htm,http://gretil.sub.uni-goettingen.de/gretil/1_sanskr/4_rellit/buddh/kasyparu.htm,,,4_rellit/buddh,n,gretil_sa/sa_kAzyapaparivartasUtra-alt.xml
sa_guNakAraNDavyUhasUtra.xml,Guṇakāraṇḍavyūhasūtra,Guṇakāraṇḍavyūhasūtra,,,,,,,Not found.,,http://gretil.sub.uni-goettingen.de/gretil/corpustei/transformations/html/sa_guNakAraNDavyUhasUtra.htm,http://gretil.sub.uni-goettingen.de/gretil/1_sanskr/4_rellit/buddh/bsu062_u.htm,http://gretil.sub.uni-goettingen.de/gretil/1_sanskr/4_rellit/buddh/bsu062_u.htm,,y,4_rellit/buddh,y,
sa_vinayavinizcayaupAliparipRcchA.xml,"Vinayaviniścaya, upāliparipṛcchā",Vinayaviniścaya upāliparipṛcchā [Vinayaviniścaya upāliparipṛcchā sūtra],,,,,,,"Not found. That is, I didn't find the references I found, i.e., T12n0325 and T24n1466, convincing enough to corespond to the Sanskrit text.",,http://gretil.sub.uni-goettingen.de/gretil/corpustei/transformations/html/sa_vinayavinizcayaupAliparipRcchA.htm,http://gretil.sub.uni-goettingen.de/gretil/1_sanskr/4_rellit/buddh/bsu040_u.htm,http://gretil.sub.uni-goettingen.de/gretil/1_sanskr/4_rellit/buddh/bsu040_u.htm,,y,4_rellit/buddh,y,
sa_rASTrapAlaparipRcchA.xml,Rāṣṭrapālaparipṛcchā,Rāṣṭrapālaparipṛcchā [Rāṣṭrapālaparipṛcchāsūtra],,,,,D0062,"T03n0170, T11n0310(18), T12n0321",,,http://gretil.sub.uni-goettingen.de/gretil/corpustei/transformations/html/sa_rASTrapAlaparipRcchA.htm,http://gretil.sub.uni-goettingen.de/gretil/1_sanskr/4_rellit/buddh/bsu029_u.htm,http://gretil.sub.uni-goettingen.de/gretil/1_sanskr/4_rellit/buddh/bsu029_u.htm,,y,4_rellit/buddh,y,
sa_kAzyapaparivartasUtra-alt.xml,Kāśyapaparivartasūtra,Kāśyapaparivartasūtra [Kāśyapaparivarta],,,,,D0087,"T11n0310(43), T12n0350, T12n0351, T12n0352",,,http://gretil.sub.uni-goettingen.de/gretil/corpustei/transformations/html/sa_kAzyapaparivartasUtra-alt.htm,http://gretil.sub.uni-goettingen.de/gretil/1_sanskr/4_rellit/buddh/bsu020_u.htm,http://gretil.sub.uni-goettingen.de/gretil/1_sanskr/4_rellit/buddh/bsu020_u.htm,,y,4_rellit/buddh,y,
sa_sukhAvatIvyUha.xml,Sukhāvatīvyūha,Sukhāvatīvyūha,vistaramātṛkā,,,,D0049,"T11n0310(5), T12n0360, T12n0361, T12n0362, T12n0363, T12n0364 and T12n0367 refer to the Sukhāvatīvyūha(sūtra), i.e., vistaramātṛkā.",T12n0366 refers to the Sukhāvatyamṛtavyūha [Sukhāvatī(amṛta)vyūhasūtra] aka the Smaller Sukhāvatīvyūha.,,http://gretil.sub.uni-goettingen.de/gretil/corpustei/transformations/html/sa_sukhAvatIvyUha.htm,http://gretil.sub.uni-goettingen.de/gretil/1_sanskr/4_rellit/buddh/sukhvylu.htm,http://gretil.sub.uni-goettingen.de/gretil/1_sanskr/4_rellit/buddh/sukhvylu.htm,https://archive.org/search.php?query=Sukh%C4%81vat%C4%ABvy%C5%ABha,,4_rellit/buddh,,
sa_larger-prajJApAramitA-edchoong.xml,Larger Prajñāpāramitā,"Larger Prajñāpāramitā [Pañcaviṃśatisāhasrikā Prajñāpāramitā, Pañcaviṃśatisāhasrikāprajñāpāramitāsūtra]",,,,,,"T05n0220, T08n0221, T08n0222, T08n0223",,,http://gretil.sub.uni-goettingen.de/gretil/corpustei/transformations/html/sa_larger-prajJApAramitA-edchoong.htm,http://gretil.sub.uni-goettingen.de/gretil/1_sanskr/4_rellit/buddh/pplg202u.htm,http://gretil.sub.uni-goettingen.de/gretil/1_sanskr/4_rellit/buddh/pplg202u.htm,,,4_rellit/buddh,,
sa_larger-prajJApAramitA.xml,Larger Prajñāpāramitā,"Larger Prajñāpāramitā [Pañcaviṃśatisāhasrikā Prajñāpāramitā, Pañcaviṃśatisāhasrikāprajñāpāramitāsūtra]",,,,,,"T05n0220, T08n0221, T08n0222, T08n0223",,,http://gretil.sub.uni-goettingen.de/gretil/corpustei/transformations/html/sa_larger-prajJApAramitA.htm,http://gretil.sub.uni-goettingen.de/gretil/1_sanskr/4_rellit/buddh/pplg1__u.htm,http://gretil.sub.uni-goettingen.de/gretil/1_sanskr/4_rellit/buddh/pplg1__u.htm,,,4_rellit/buddh,,
sa_fragments-of-prajJApAramitA-texts.xml,Fragments of Prajñāpāramitā texts (from 16 sources),Fragments of Prajnāpāramitā texts,,,,,,"T05n0220, T08n0221, T08n0222, T08n0223","Since I only found these references in the BDRC-List, I couldn't double-check them with any other sources.",,http://gretil.sub.uni-goettingen.de/gretil/corpustei/transformations/html/sa_fragments-of-prajJApAramitA-texts.htm,http://gretil.sub.uni-goettingen.de/gretil/1_sanskr/4_rellit/buddh/ppfrag_u.htm,http://gretil.sub.uni-goettingen.de/gretil/1_sanskr/4_rellit/buddh/ppfrag_u.htm,,,4_rellit/buddh,,
sa_sukhAvatIvyUhavistaramAtRkA.xml,"Sukhāvatīvyūha, vistaramātṛkā",Sukhāvatīvyūha (vistara),vistaramātṛkā,,,,D0049,"T11n0310(5), T12n0360, T12n0361, T12n0362, T12n0363, T12n0364 and T12n0367 refer to the Sukhāvatīvyūha(sūtra), i.e., vistaramātṛkā.",T12n0366 refers Sukhāvatyamṛtavyūha [Sukhāvatī(amṛta)vyūhasūtra] aka the Smaller Sukhāvatīvyūha.,,http://gretil.sub.uni-goettingen.de/gretil/corpustei/transformations/html/sa_sukhAvatIvyUhavistaramAtRkA.htm,http://gretil.sub.uni-goettingen.de/gretil/1_sanskr/4_rellit/buddh/bsu033_u.htm,http://gretil.sub.uni-goettingen.de/gretil/1_sanskr/4_rellit/buddh/bsu033_u.htm,https://archive.org/search.php?query=Sukh%C4%81vat%C4%ABvy%C5%ABha,y,4_rellit/buddh,y,
sa_asaGga-trizatikAyAH-prajJApAramitAyAH-kArikAsaptatiH.xml,Triśatikāyāḥ prajñāpāramitāyāḥ kārikāsaptatiḥ,Triśatikāyāḥ prajñāpāramitāyāḥ kārikāsaptatiḥ [Vajracchedikāprajñāpāramitāsūtraśāstrakārikā],,Asaṅga,Asaṅga,P6117,,T25n1514,,,http://gretil.sub.uni-goettingen.de/gretil/corpustei/transformations/html/sa_asaGga-trizatikAyAH-prajJApAramitAyAH-kArikAsaptatiH.htm,http://gretil.sub.uni-goettingen.de/gretil/1_sanskr/4_rellit/buddh/atrisatu.htm,http://gretil.sub.uni-goettingen.de/gretil/1_sanskr/4_rellit/buddh/atrisatu.htm,,,4_rellit/buddh,,
sa_vajracchedikA-prajJApAramitA-frag.xml,Vajracchedika Prajñāpāramitā,Vajracchedikā Prajñāpāramitā [Vajracchedikāprajñāpāramitāsūtra],,,,,D0016,"T05n0220(9), T08n0235, T08n0236, T08n0237, T08n0238, T08n0239",,,http://gretil.sub.uni-goettingen.de/gretil/corpustei/transformations/html/sa_vajracchedikA-prajJApAramitA-frag.htm,http://gretil.sub.uni-goettingen.de/gretil/1_sanskr/4_rellit/buddh/vchedppu.htm,http://gretil.sub.uni-goettingen.de/gretil/1_sanskr/4_rellit/buddh/vchedppu.htm,https://archive.org/search.php?query=Vajracchedik%C4%81%20Praj%C3%B1%C4%81p%C4%81ramit%C4%81,,4_rellit/buddh,,
sa_vajracchedikA-prajJApAramitA-gilgit.xml,Vajracchedikā Prajñāpāramitā-Gilgit,Vajracchedikā Prajñāpāramitā [Vajracchedikāprajñāpāramitāsūtra],,,,,D0016,"T05n0220(9), T08n0235, T08n0236, T08n0237, T08n0238, T08n0239",,,http://gretil.sub.uni-goettingen.de/gretil/corpustei/transformations/html/sa_vajracchedikA-prajJApAramitA-gilgit.htm,http://gretil.sub.uni-goettingen.de/gretil/1_sanskr/4_rellit/buddh/vchedpgu.htm,http://gretil.sub.uni-goettingen.de/gretil/1_sanskr/4_rellit/buddh/vchedpgu.htm,https://archive.org/search.php?query=Vajracchedik%C4%81%20Praj%C3%B1%C4%81p%C4%81ramit%C4%81,,4_rellit/buddh,,
sa_prajJApAramitAhRdayasUtrasaMkSiptamAtRkA.xml,"Prajñāpāramitāhṛdayasūtra, saṃkṣiptamātṛkā",Prajñāpāramitāhṛdayasūtra (saṃkṣipta),saṃkṣiptamātṛkā,,,,"D0531, D0021","T08n0249, T08n0250",,,http://gretil.sub.uni-goettingen.de/gretil/corpustei/transformations/html/sa_prajJApAramitAhRdayasUtrasaMkSiptamAtRkA.htm,http://gretil.sub.uni-goettingen.de/gretil/1_sanskr/4_rellit/buddh/bsu054_u.htm,http://gretil.sub.uni-goettingen.de/gretil/1_sanskr/4_rellit/buddh/bsu054_u.htm,,y,4_rellit/buddh,y,
sa_prajJApAramitAhRdayasUtravistaramAtRkA.xml,"Prajñāpāramitāhṛdayasūtra, vistaramātṛkā",Prajñāpāramitāhṛdayasūtra (vistara),vistaramātṛkā,,,,"D0531, D0021","T08n0251, T08n0252, T08n0253, T08n0254, T08n0255, T08n0256, T08n0257",,,http://gretil.sub.uni-goettingen.de/gretil/corpustei/transformations/html/sa_prajJApAramitAhRdayasUtravistaramAtRkA.htm,http://gretil.sub.uni-goettingen.de/gretil/1_sanskr/4_rellit/buddh/bsu053_u.htm,http://gretil.sub.uni-goettingen.de/gretil/1_sanskr/4_rellit/buddh/bsu053_u.htm,,y,4_rellit/buddh,y,
sa_saptazatikA-prajJApAramitA.xml,Saptaśatikā prajñāpāramitā,Saptaśatikā prajñāpāramitā [Saptaśatikaprajñāpāramitāsūtra],,,,,"D0024, D0090","T05n0220(7), T08n0232, T08n0233, T11n0310(46)",,,http://gretil.sub.uni-goettingen.de/gretil/corpustei/transformations/html/sa_saptazatikA-prajJApAramitA.htm,http://gretil.sub.uni-goettingen.de/gretil/1_sanskr/4_rellit/buddh/bsu052_u.htm,http://gretil.sub.uni-goettingen.de/gretil/1_sanskr/4_rellit/buddh/bsu052_u.htm,,y,4_rellit/buddh,y,
sa_vajracchedikA-prajJApAramitA.xml,Vajracchedikā prajñāpāramitā,Vajracchedikā Prajñāpāramitā [Vajracchedikāprajñāpāramitāsūtra],,,,,D0016,"T05n0220(9), T08n0235, T08n0236, T08n0237, T08n0238, T08n0239",,,http://gretil.sub.uni-goettingen.de/gretil/corpustei/transformations/html/sa_vajracchedikA-prajJApAramitA.htm,http://gretil.sub.uni-goettingen.de/gretil/1_sanskr/4_rellit/buddh/bsu051_u.htm,http://gretil.sub.uni-goettingen.de/gretil/1_sanskr/4_rellit/buddh/bsu051_u.htm,https://archive.org/search.php?query=Vajracchedik%C4%81%20Praj%C3%B1%C4%81p%C4%81ramit%C4%81,y,4_rellit/buddh,y,
sa_suvikrAntavikrAmiparipRcchA.xml,Suvikrāntavikrāmiparipṛcchā,"Suvikrāntavikrāmiparipṛcchā [Suvikrāntavikrāmiparipṛcchāprajñāpāramitāsūtra, Sārdhadvisāhasrikā prajñāpāramitā]",,,,,D0014,"T05n0220(16), T08n0231",,,http://gretil.sub.uni-goettingen.de/gretil/corpustei/transformations/html/sa_suvikrAntavikrAmiparipRcchA.htm,http://gretil.sub.uni-goettingen.de/gretil/1_sanskr/4_rellit/buddh/bsu030_u.htm,http://gretil.sub.uni-goettingen.de/gretil/1_sanskr/4_rellit/buddh/bsu030_u.htm,,y,4_rellit/buddh,y,
sa_ratnaguNasaMcayagAthA.xml,Ratnaguṇasaṃcayagāthā,Ratnaguṇasaṃcayagāthā,,,,,D0013,T08n0229,,,http://gretil.sub.uni-goettingen.de/gretil/corpustei/transformations/html/sa_ratnaguNasaMcayagAthA.htm,http://gretil.sub.uni-goettingen.de/gretil/1_sanskr/4_rellit/buddh/bsu028au.htm,http://gretil.sub.uni-goettingen.de/gretil/1_sanskr/4_rellit/buddh/bsu028pu.htm,https://archive.org/search.php?query=Ratnagu%E1%B9%87asa%E1%B9%83cayag%C4%81th%C4%81,,4_rellit/buddh,,
sa_dazasAhasrikA-prajJApAramitA1-and-2-translated-from-tibetan.xml,"Daśasāhasrikā prajñāpāramitā, 1 and 2 translated from Tibetan",Daśasāhasrikā Prajñāpāramitā,,,,,D0011,"T09n0278(22) ???, T10n0279 ???, T10n0285 ???, T10n0286 ???, T10n0287 ???","Here all the references with a question mark are from the BDRC-list and refer to the Daśabhūmikasūtra. It seems supicious to me, but I couldn't double check it with any other sources.",Partially reconstructed; chapters 1 and 2 are reconstructed from the Tibetan,http://gretil.sub.uni-goettingen.de/gretil/corpustei/transformations/html/sa_dazasAhasrikA-prajJApAramitA1-and-2-translated-from-tibetan.htm,http://gretil.sub.uni-goettingen.de/gretil/1_sanskr/4_rellit/buddh/dsp1-2_u.htm,http://gretil.sub.uni-goettingen.de/gretil/1_sanskr/4_rellit/buddh/dsp1-2_u.htm,,,4_rellit/buddh,,
sa_aSTasAhasrikA-prajJApAramitA.xml,Aṣṭasāhasrikā Prajñāpāramitā,Aṣṭasāhasrikā Prajñāpāramitā [Aṣṭasāhasrikāprajñāpāramitāsūtra],,,,,D0012,"T08n0224, T08n0225, T08n0226, T08n0227, T08n0228","Perhaps even T05n0220(4) can be counted as a reference, but I can't verify it.",,http://gretil.sub.uni-goettingen.de/gretil/corpustei/transformations/html/sa_aSTasAhasrikA-prajJApAramitA.htm,http://gretil.sub.uni-goettingen.de/gretil/1_sanskr/4_rellit/buddh/bsu049_u.htm,http://gretil.sub.uni-goettingen.de/gretil/1_sanskr/4_rellit/buddh/bsu049_u.htm,https://archive.org/search.php?query=A%E1%B9%A3%E1%B9%ADas%C4%81hasrik%C4%81%20Praj%C3%B1%C4%81p%C4%81ramit%C4%81,y,4_rellit/buddh,y,
sa_aSTAdazasAhasrikA-prajJApAramitA55-82.xml,"Aṣṭādaśasāhasrikā Prajñāpāramitā, 55-82",Aṣṭādaśasāhasrikā Prajñāpāramitā [Aṣṭādaśasāhasrikāprajñāpāramitāsūtra],Chapters 55–70,,,,D0009,T05n0220,"Since I only found this reference in the BDRC-List, I couldn't double-check it with any other sources.",,http://gretil.sub.uni-goettingen.de/gretil/corpustei/transformations/html/sa_aSTAdazasAhasrikA-prajJApAramitA55-82.htm,http://gretil.sub.uni-goettingen.de/gretil/1_sanskr/4_rellit/buddh/adsp55-u.htm,http://gretil.sub.uni-goettingen.de/gretil/1_sanskr/4_rellit/buddh/adsp55-u.htm,,,4_rellit/buddh,,
sa_paJcaviMzatisAhasrikA-prajJApAramitA.xml,Pañcaviṃśatisāhasrikā Prajñāpāramitā,Pañcaviṃśatisāhasrikā Prajñāpāramitā [Pañcaviṃśatisāhasrikāprajñāpāramitāsūtra],,,,,,"T05n0220, T08n0221, T08n0222, T08n0223",,,http://gretil.sub.uni-goettingen.de/gretil/corpustei/transformations/html/sa_paJcaviMzatisAhasrikA-prajJApAramitA.htm,http://gretil.sub.uni-goettingen.de/gretil/1_sanskr/4_rellit/buddh/pvspl_u.htm,http://gretil.sub.uni-goettingen.de/gretil/1_sanskr/4_rellit/buddh/pvspl_u.htm,,,4_rellit/buddh,n,gretil_sa/sa_paJcaviMzatisAhasrikA-prajJApAramitA1-8.xml
sa_paJcaviMzatisAhasrikA-prajJApAramitA1.xml,"Pañcaviṃśatisāhasrikā Prajñāpāramitā, 1",Pañcaviṃśatisāhasrikā Prajñāpāramitā [Pañcaviṃśatisāhasrikāprajñāpāramitāsūtra],,,,,D3790,"T05n0220, T08n0221, T08n0222, T08n0223",,,http://gretil.sub.uni-goettingen.de/gretil/corpustei/transformations/html/sa_paJcaviMzatisAhasrikA-prajJApAramitA1.htm,http://gretil.sub.uni-goettingen.de/gretil/1_sanskr/4_rellit/buddh/pspdut2u.htm,http://gretil.sub.uni-goettingen.de/gretil/1_sanskr/4_rellit/buddh/pspdut2u.htm,,,4_rellit/buddh,,
sa_paJcaviMzatisAhasrikA-prajJApAramitA1-8.xml,"Pañcaviṃśatisāhasrikā Prajñāpāramitā, 1-8",Pañcaviṃśatisāhasrikā Prajñāpāramitā I [Pañcaviṃśatisāhasrikāprajñāpāramitāsūtra],,,,,D3790,"T05n0220, T08n0221, T08n0222, T08n0223",,,http://gretil.sub.uni-goettingen.de/gretil/corpustei/transformations/html/sa_paJcaviMzatisAhasrikA-prajJApAramitA1-8.htm,http://gretil.sub.uni-goettingen.de/gretil/1_sanskr/4_rellit/buddh/psp_1u.htm,http://gretil.sub.uni-goettingen.de/gretil/1_sanskr/4_rellit/buddh/psp_1u.htm,,,4_rellit/buddh,y,
sa_zatasAhasrikA-prajJApAramitA-2.xml,Śatasāhasrikā Prajñāpāramitā-2,Śatasāhasrikā Prajñāpāramitā II-1 [Śatasāhasrikāprajñāpāramitāsūtra],,,,,,,"Not found. ""This massive text (Skt. Śatasāhasrikā Prajñāpāramitā; Tib. Shes rab kyi pha rol tu phyin pa stong phrag brgya pa or Yum 'bum pa in short) has no separate Chinese translation. It was translated into Chinese by Xuanzang 玄奘 as the first 400 fascicles of the Great Perfection of Wisdom Sutra 大品般若經 (Skt. *Mahāprajñāpāramitā-sūtra)."" (Allan Yi Ding)",,http://gretil.sub.uni-goettingen.de/gretil/corpustei/transformations/html/sa_zatasAhasrikA-prajJApAramitA-2.htm,http://gretil.sub.uni-goettingen.de/gretil/1_sanskr/4_rellit/buddh/sspp2_1u.htm,http://gretil.sub.uni-goettingen.de/gretil/1_sanskr/4_rellit/buddh/sspp2_1u.htm,https://archive.org/search.php?query=%C5%9Aatas%C4%81hasrik%C4%81%20Praj%C3%B1%C4%81p%C4%81ramit%C4%81,,4_rellit/buddh,,
sa_advayazatikA-prajJApAramitA.xml,Advayaśatikā prajñāpāramitā,Advayaśatikā Prajñāpāramitāsūtra,,,,,,,Not found.,,http://gretil.sub.uni-goettingen.de/gretil/corpustei/transformations/html/sa_advayazatikA-prajJApAramitA.htm,http://gretil.sub.uni-goettingen.de/gretil/1_sanskr/4_rellit/buddh/bsu057_u.htm,http://gretil.sub.uni-goettingen.de/gretil/1_sanskr/4_rellit/buddh/bsu057_u.htm,,y,4_rellit/buddh,y,
sa_saGghabhedavastu.xml,Saṅghabhedavastu,Saṅghabhedavastu 1,,,,,D0001,,Not found.,,http://gretil.sub.uni-goettingen.de/gretil/corpustei/transformations/html/sa_saGghabhedavastu.htm,http://gretil.sub.uni-goettingen.de/gretil/1_sanskr/4_rellit/buddh/vinv171u.htm,http://gretil.sub.uni-goettingen.de/gretil/1_sanskr/4_rellit/buddh/vinv171u.htm,,,4_rellit/buddh,,
sa_adhikaraNavastu.xml,Adhikaraṇavastu,Adhikaraṇavastu,,,,,,,Not found.,,http://gretil.sub.uni-goettingen.de/gretil/corpustei/transformations/html/sa_adhikaraNavastu.htm,http://gretil.sub.uni-goettingen.de/gretil/1_sanskr/4_rellit/buddh/vinv16_u.htm,http://gretil.sub.uni-goettingen.de/gretil/1_sanskr/4_rellit/buddh/vinv16_u.htm,,,4_rellit/buddh,,
sa_zayanAsanavastu.xml,Śayanāsanavastu,Śayanāsanavastu,,,,,D0001,,Not found.,,http://gretil.sub.uni-goettingen.de/gretil/corpustei/transformations/html/sa_zayanAsanavastu.htm,http://gretil.sub.uni-goettingen.de/gretil/1_sanskr/4_rellit/buddh/vinv15_u.htm,http://gretil.sub.uni-goettingen.de/gretil/1_sanskr/4_rellit/buddh/vinv15_u.htm,,,4_rellit/buddh,,
sa_poSadhasthApanavastu.xml,Poṣadhasthāpanavastu,Poṣadhasthāpanavastu,,,,,,,Not found.,,http://gretil.sub.uni-goettingen.de/gretil/corpustei/transformations/html/sa_poSadhasthApanavastu.htm,http://gretil.sub.uni-goettingen.de/gretil/1_sanskr/4_rellit/buddh/vinv14_u.htm,http://gretil.sub.uni-goettingen.de/gretil/1_sanskr/4_rellit/buddh/vinv14_u.htm,,,4_rellit/buddh,,
sa_pArivAsikavastu.xml,Pārivāsikavastu,Pārivāsikavastu,,,,,,,Not found.,,http://gretil.sub.uni-goettingen.de/gretil/corpustei/transformations/html/sa_pArivAsikavastu.htm,http://gretil.sub.uni-goettingen.de/gretil/1_sanskr/4_rellit/buddh/vinv13_u.htm,http://gretil.sub.uni-goettingen.de/gretil/1_sanskr/4_rellit/buddh/vinv13_u.htm,,,4_rellit/buddh,,
sa_pudgalavastu.xml,Pudgalavastu,Pudgalavastu,,,,,,,Not found.,,http://gretil.sub.uni-goettingen.de/gretil/corpustei/transformations/html/sa_pudgalavastu.htm,http://gretil.sub.uni-goettingen.de/gretil/1_sanskr/4_rellit/buddh/vinv12_u.htm,http://gretil.sub.uni-goettingen.de/gretil/1_sanskr/4_rellit/buddh/vinv12_u.htm,,,4_rellit/buddh,,
sa_pANDulohitakavastu.xml,Pāṇḍulohitakavastu,Pāṇḍulohitakavastu,,,,,,,Not found.,,http://gretil.sub.uni-goettingen.de/gretil/corpustei/transformations/html/sa_pANDulohitakavastu.htm,http://gretil.sub.uni-goettingen.de/gretil/1_sanskr/4_rellit/buddh/vinv11_u.htm,http://gretil.sub.uni-goettingen.de/gretil/1_sanskr/4_rellit/buddh/vinv11_u.htm,,,4_rellit/buddh,,
sa_karmavastu.xml,Karmavastu,Karmavastu,,,,,,,Not found.,,http://gretil.sub.uni-goettingen.de/gretil/corpustei/transformations/html/sa_karmavastu.htm,http://gretil.sub.uni-goettingen.de/gretil/1_sanskr/4_rellit/buddh/vinv10_u.htm,http://gretil.sub.uni-goettingen.de/gretil/1_sanskr/4_rellit/buddh/vinv10_u.htm,,,4_rellit/buddh,,
sa_kozAmbakavastu.xml,Kośāmbakavastu,Kośāmbakavastu,,,,,,,Not found.,,http://gretil.sub.uni-goettingen.de/gretil/corpustei/transformations/html/sa_kozAmbakavastu.htm,http://gretil.sub.uni-goettingen.de/gretil/1_sanskr/4_rellit/buddh/vinv09_u.htm,http://gretil.sub.uni-goettingen.de/gretil/1_sanskr/4_rellit/buddh/vinv09_u.htm,,,4_rellit/buddh,,
sa_kaThinavastu.xml,Kaṭhinavastu,Kaṭhinavastu,,,,,,T24n1449,,,http://gretil.sub.uni-goettingen.de/gretil/corpustei/transformations/html/sa_kaThinavastu.htm,http://gretil.sub.uni-goettingen.de/gretil/1_sanskr/4_rellit/buddh/vinv08_u.htm,http://gretil.sub.uni-goettingen.de/gretil/1_sanskr/4_rellit/buddh/vinv08_u.htm,,,4_rellit/buddh,,
sa_cIvaravastu.xml,Cīvaravastu,Cīvaravastu,,,,,,T24n1449,,,http://gretil.sub.uni-goettingen.de/gretil/corpustei/transformations/html/sa_cIvaravastu.htm,http://gretil.sub.uni-goettingen.de/gretil/1_sanskr/4_rellit/buddh/vinv07_u.htm,http://gretil.sub.uni-goettingen.de/gretil/1_sanskr/4_rellit/buddh/vinv07_u.htm,,,4_rellit/buddh,,
sa_bhaiSajyavastu.xml,Bhaiṣajyavastu,Bhaiṣajyavastu,,,,,,T24n1448,,,http://gretil.sub.uni-goettingen.de/gretil/corpustei/transformations/html/sa_bhaiSajyavastu.htm,http://gretil.sub.uni-goettingen.de/gretil/1_sanskr/4_rellit/buddh/vinv_06u.htm,http://gretil.sub.uni-goettingen.de/gretil/1_sanskr/4_rellit/buddh/vinv_06u.htm,,,4_rellit/buddh,,
sa_carmavastu.xml,Carmavastu,Carmavastu,,,,,,T23n1447,,,http://gretil.sub.uni-goettingen.de/gretil/corpustei/transformations/html/sa_carmavastu.htm,http://gretil.sub.uni-goettingen.de/gretil/1_sanskr/4_rellit/buddh/vinv05_u.htm,http://gretil.sub.uni-goettingen.de/gretil/1_sanskr/4_rellit/buddh/vinv05_u.htm,,,4_rellit/buddh,,
sa_varSAvastu.xml,Varṣāvastu,Varṣāvastu,,,,,,,Not found.,,http://gretil.sub.uni-goettingen.de/gretil/corpustei/transformations/html/sa_varSAvastu.htm,http://gretil.sub.uni-goettingen.de/gretil/1_sanskr/4_rellit/buddh/vinv04_u.htm,http://gretil.sub.uni-goettingen.de/gretil/1_sanskr/4_rellit/buddh/vinv04_u.htm,,,4_rellit/buddh,,
sa_pravAraNAvastu.xml,Pravāraṇāvastu,Pravāraṇāvastu,,,,,,T23n1446,,,http://gretil.sub.uni-goettingen.de/gretil/corpustei/transformations/html/sa_pravAraNAvastu.htm,http://gretil.sub.uni-goettingen.de/gretil/1_sanskr/4_rellit/buddh/vinv03_u.htm,http://gretil.sub.uni-goettingen.de/gretil/1_sanskr/4_rellit/buddh/vinv03_u.htm,,,4_rellit/buddh,,
sa_poSadhavastu.xml,Poṣadhavastu,Poṣadhavastu,,,,,,,Not found.,,http://gretil.sub.uni-goettingen.de/gretil/corpustei/transformations/html/sa_poSadhavastu.htm,http://gretil.sub.uni-goettingen.de/gretil/1_sanskr/4_rellit/buddh/vinv02_u.htm,http://gretil.sub.uni-goettingen.de/gretil/1_sanskr/4_rellit/buddh/vinv02_u.htm,,,4_rellit/buddh,,
sa_pravrajyAvastu.xml,Pravrajyāvastu,Pravrajyāvastu,,,,,,T23n1444,,,http://gretil.sub.uni-goettingen.de/gretil/corpustei/transformations/html/sa_pravrajyAvastu.htm,http://gretil.sub.uni-goettingen.de/gretil/1_sanskr/4_rellit/buddh/vinv01_u.htm,http://gretil.sub.uni-goettingen.de/gretil/1_sanskr/4_rellit/buddh/vinv01_u.htm,,,4_rellit/buddh,,
sa_vinayasUtra.xml,Vinayasūtra,Vinayasūtra,,,,,,,Not found.,,http://gretil.sub.uni-goettingen.de/gretil/corpustei/transformations/html/sa_vinayasUtra.htm,http://gretil.sub.uni-goettingen.de/gretil/1_sanskr/4_rellit/buddh/vinsutru.htm,http://gretil.sub.uni-goettingen.de/gretil/1_sanskr/4_rellit/buddh/vinsutru.htm,,,4_rellit/buddh,,
sa_upasaMpadAjJapti.xml,Upasaṃpadājñapti,Upasaṃpadājñapti,,,,,,,Not found.,,http://gretil.sub.uni-goettingen.de/gretil/corpustei/transformations/html/sa_upasaMpadAjJapti.htm,http://gretil.sub.uni-goettingen.de/gretil/1_sanskr/4_rellit/buddh/upsmpjnu.htm,http://gretil.sub.uni-goettingen.de/gretil/1_sanskr/4_rellit/buddh/upsmpjnu.htm,,,4_rellit/buddh,,
sa_prAtimokSasUtra-of-the-lokottaravAdimahAsaGghika.xml,Prātimokṣasūtra of the Lokottaravādimahāsaṅghika,Prātimokṣasūtra,Of the Lokottaravādimahāsaṅghika School,,,,,,Not found.,,http://gretil.sub.uni-goettingen.de/gretil/corpustei/transformations/html/sa_prAtimokSasUtra-of-the-lokottaravAdimahAsaGghika.htm,http://gretil.sub.uni-goettingen.de/gretil/1_sanskr/4_rellit/buddh/prmosulu.htm,http://gretil.sub.uni-goettingen.de/gretil/1_sanskr/4_rellit/buddh/prmosulu.htm,https://archive.org/details/twobuddhistvinayatextsinsanskritpratimoksasutraandbhiksukarmavakyaankulchandrabanerjee_147_g,,4_rellit/buddh,,
sa_prAtimokSasUtrafragments.xml,"Prātimokṣasūtra, fragments",Prātimokṣasūtra,(Fragments),,,,,,Not found.,,http://gretil.sub.uni-goettingen.de/gretil/corpustei/transformations/html/sa_prAtimokSasUtrafragments.htm,http://gretil.sub.uni-goettingen.de/gretil/1_sanskr/4_rellit/buddh/prmosufu.htm,http://gretil.sub.uni-goettingen.de/gretil/1_sanskr/4_rellit/buddh/prmosufu.htm,https://archive.org/details/twobuddhistvinayatextsinsanskritpratimoksasutraandbhiksukarmavakyaankulchandrabanerjee_147_g,,4_rellit/buddh,,
sa_prAtimokSasUtra-of-the-mUlasarvAstivAdins.xml,Prātimokṣasūtra of the Mūlasarvāstivādins,Prātimokṣasūtra,Of the Mūlasarvāstivādins,,,,D0002,"T24n1454, T24n1455",,,http://gretil.sub.uni-goettingen.de/gretil/corpustei/transformations/html/sa_prAtimokSasUtra-of-the-mUlasarvAstivAdins.htm,http://gretil.sub.uni-goettingen.de/gretil/1_sanskr/4_rellit/buddh/prmosubu.htm,http://gretil.sub.uni-goettingen.de/gretil/1_sanskr/4_rellit/buddh/prmosubu.htm,,,4_rellit/buddh,,
sa_prAtimokSasUtra-of-the-sarvAstivAdins.xml,Prātimokṣasūtra of the Sarvāstivādins,Prātimokṣasūtra,Of the Sarvāstivādins,,,,,"T23n1436, T23n1437",,,http://gretil.sub.uni-goettingen.de/gretil/corpustei/transformations/html/sa_prAtimokSasUtra-of-the-sarvAstivAdins.htm,http://gretil.sub.uni-goettingen.de/gretil/1_sanskr/4_rellit/buddh/prmosu_u.htm,http://gretil.sub.uni-goettingen.de/gretil/1_sanskr/4_rellit/buddh/prmosu_u.htm,,,4_rellit/buddh,,
sa_vinayasUtra-1pravrajyAvastu.xml,"Vinayasūtra 1, pravrajyāvastu",Vinayasūtra [1: Pravrajyāvastu],,,Guṇaprabha,P6242,,,Not found.,,http://gretil.sub.uni-goettingen.de/gretil/corpustei/transformations/html/sa_vinayasUtra-1pravrajyAvastu.htm,http://gretil.sub.uni-goettingen.de/gretil/1_sanskr/4_rellit/buddh/bsu058_u.htm,http://gretil.sub.uni-goettingen.de/gretil/1_sanskr/4_rellit/buddh/bsu058_u.htm,,y,4_rellit/buddh,y,
sa_prAtimokSasUtra-of-the-mahAsAMghikas.xml,Prātimokṣasūtra of the Mahāsāṃghikas,Prātimokṣasūtra,Of the Mahāsāṅghikās,,,,,,Not found.,,http://gretil.sub.uni-goettingen.de/gretil/corpustei/transformations/html/sa_prAtimokSasUtra-of-the-mahAsAMghikas.htm,http://gretil.sub.uni-goettingen.de/gretil/1_sanskr/4_rellit/buddh/bsu046_u.htm,http://gretil.sub.uni-goettingen.de/gretil/1_sanskr/4_rellit/buddh/bsu046_u.htm,,y,4_rellit/buddh,y,
sa_bodhisattvaprAtimokSasUtra.xml,Bodhisattvaprātimokṣasūtra,Bodhisattvaprātimokṣasūtra,,,,,D3967,,Not found.,,http://gretil.sub.uni-goettingen.de/gretil/corpustei/transformations/html/sa_bodhisattvaprAtimokSasUtra.htm,http://gretil.sub.uni-goettingen.de/gretil/1_sanskr/4_rellit/buddh/bsu011_u.htm,http://gretil.sub.uni-goettingen.de/gretil/1_sanskr/4_rellit/buddh/bsu011_u.htm,,y,4_rellit/buddh,y,
sa_bhikSukarmavAkya.xml,Bhikṣukarmavākya,Bhikṣukarmavākya,,,,,,,Not found.,,http://gretil.sub.uni-goettingen.de/gretil/corpustei/transformations/html/sa_bhikSukarmavAkya.htm,http://gretil.sub.uni-goettingen.de/gretil/1_sanskr/6_sastra/3_phil/buddh/bsa068_u.htm,http://gretil.sub.uni-goettingen.de/gretil/1_sanskr/6_sastra/3_phil/buddh/bsa068_u.htm,https://archive.org/details/twobuddhistvinayatextsinsanskritpratimoksasutraandbhiksukarmavakyaankulchandrabanerjee_147_g/mode/2up,y,6_sastra/3_phil/buddh,y,
sa_bhikSuNIvinaya.xml,Bhikṣuṇīvinaya,Bhikṣuṇīvinaya,,,,,,T22n1427,,,http://gretil.sub.uni-goettingen.de/gretil/corpustei/transformations/html/sa_bhikSuNIvinaya.htm,http://gretil.sub.uni-goettingen.de/gretil/1_sanskr/4_rellit/buddh/bhivin_u.htm,http://gretil.sub.uni-goettingen.de/gretil/1_sanskr/4_rellit/buddh/bhivin_u.htm,,y,4_rellit/buddh,y,
sa_bhikSuNIkarmavAcanA.xml,Bhikṣuṇīkarmavācanā,Bhikṣuṇī-Karmavācanā,,,,,,,Not found.,,http://gretil.sub.uni-goettingen.de/gretil/corpustei/transformations/html/sa_bhikSuNIkarmavAcanA.htm,http://gretil.sub.uni-goettingen.de/gretil/1_sanskr/4_rellit/buddh/bhikavau.htm,http://gretil.sub.uni-goettingen.de/gretil/1_sanskr/4_rellit/buddh/bhikavau.htm,,,4_rellit/buddh,,
sa_abhisamAcArikadharma.xml,Abhisamācārikadharma,Abhisamācārikadharma,Of the Lokottaravādimahāsaṅghika School,,,,,T22n1425 ???,,,http://gretil.sub.uni-goettingen.de/gretil/corpustei/transformations/html/sa_abhisamAcArikadharma.htm,http://gretil.sub.uni-goettingen.de/gretil/1_sanskr/4_rellit/buddh/abhisdhu.htm,http://gretil.sub.uni-goettingen.de/gretil/1_sanskr/4_rellit/buddh/abhisdhu.htm,,,4_rellit/buddh,,
sa_vArAhagRhyasUtra.xml,Vārāhagṛhyasūtra,Vārāha-Gṛhyasūtra,,,,,,,,,http://gretil.sub.uni-goettingen.de/gretil/corpustei/transformations/html/sa_vArAhagRhyasUtra.htm,http://gretil.sub.uni-goettingen.de/gretil/1_sanskr/1_veda/5_vedang/2_grhya/vargs_u.htm,http://gretil.sub.uni-goettingen.de/gretil/1_sanskr/1_veda/5_vedang/2_grhya/vargs_u.htm,,,1_veda/5_vedang/2_grhya,,
sa_vaitAnazrautasUtra-vaitAnasUtra.xml,Vaitānaśrautasūtra (= Vaitānasūtra),Vaitāna-Śrautasūtra [Vaitānasūtra],,,,,,,,,http://gretil.sub.uni-goettingen.de/gretil/corpustei/transformations/html/sa_vaitAnazrautasUtra-vaitAnasUtra.htm,http://gretil.sub.uni-goettingen.de/gretil/1_sanskr/1_veda/5_vedang/1_srauta/vaitss_u.htm,http://gretil.sub.uni-goettingen.de/gretil/1_sanskr/1_veda/5_vedang/1_srauta/vaitss_u.htm,https://archive.org/details/VaitanaSutra,,1_veda/5_vedang/1_srauta,,
sa_zAGkhAyanazrautasUtra.xml,Śāṅkhāyanaśrautasūtra,Śāṅkhāyana-Śrautasūtra,,,,,,,,,http://gretil.sub.uni-goettingen.de/gretil/corpustei/transformations/html/sa_zAGkhAyanazrautasUtra.htm,http://gretil.sub.uni-goettingen.de/gretil/1_sanskr/1_veda/5_vedang/1_srauta/sankhssu.htm,http://gretil.sub.uni-goettingen.de/gretil/1_sanskr/1_veda/5_vedang/1_srauta/sankhssu.htm,https://archive.org/search.php?query=%C5%9A%C4%81%E1%B9%85kh%C4%81yana-%C5%9Arautas%C5%ABtra,,1_veda/5_vedang/1_srauta,,
sa_zAGkhAyanagRhyasUtra.xml,Śāṅkhāyanagṛhyasūtra,Śāṅkhāyana-Gṛhyasūtra,,,,,,,,,http://gretil.sub.uni-goettingen.de/gretil/corpustei/transformations/html/sa_zAGkhAyanagRhyasUtra.htm,http://gretil.sub.uni-goettingen.de/gretil/1_sanskr/1_veda/5_vedang/2_grhya/sankhgsu.htm,http://gretil.sub.uni-goettingen.de/gretil/1_sanskr/1_veda/5_vedang/2_grhya/sankhgsu.htm,,,1_veda/5_vedang/2_grhya,,
sa_RgvidhAna.xml,Ṛgvidhāna,Ṛgvidhāna,,,,,,,,,http://gretil.sub.uni-goettingen.de/gretil/corpustei/transformations/html/sa_RgvidhAna.htm,http://gretil.sub.uni-goettingen.de/gretil/1_sanskr/1_veda/5_vedang/3_pratis/rgvidh_u.htm,http://gretil.sub.uni-goettingen.de/gretil/1_sanskr/1_veda/5_vedang/3_pratis/rgvidh_u.htm,,,1_veda/5_vedang/3_pratis,,
sa_mAnavagRhyasUtra-maitrAyaNIyamAnavagRhyasUtra.xml,Mānavagṛhyasūtra (= Maitrāyaṇīyamānavagṛhyasūtra),Mānava-Gṛhyasūtra [Maitrāyaṇīyamānava-Gṛhyasūtra],,,,,,,,,http://gretil.sub.uni-goettingen.de/gretil/corpustei/transformations/html/sa_mAnavagRhyasUtra-maitrAyaNIyamAnavagRhyasUtra.htm,http://gretil.sub.uni-goettingen.de/gretil/1_sanskr/1_veda/5_vedang/2_grhya/manavgsu.htm,http://gretil.sub.uni-goettingen.de/gretil/1_sanskr/1_veda/5_vedang/2_grhya/manavgsu.htm,,,1_veda/5_vedang/2_grhya,,
sa_kezava-kauzikapaddhati.xml,Kauśikapaddhati,Kauśikapaddhati,,Keśava,Keśava,P0AT0117,,,,,http://gretil.sub.uni-goettingen.de/gretil/corpustei/transformations/html/sa_kezava-kauzikapaddhati.htm,http://gretil.sub.uni-goettingen.de/gretil/1_sanskr/1_veda/5_vedang/2_grhya/keskaupu.htm,http://gretil.sub.uni-goettingen.de/gretil/1_sanskr/1_veda/5_vedang/2_grhya/keskaupu.htm,,,1_veda/5_vedang/2_grhya,,
sa_kauthumagRhyasUtra.xml,Kauthumagṛhyasūtra,Kauthuma-Gṛhyasūtra,,,,,,,,,http://gretil.sub.uni-goettingen.de/gretil/corpustei/transformations/html/sa_kauthumagRhyasUtra.htm,http://gretil.sub.uni-goettingen.de/gretil/1_sanskr/1_veda/5_vedang/2_grhya/kauthgsu.htm,http://gretil.sub.uni-goettingen.de/gretil/1_sanskr/1_veda/5_vedang/2_grhya/kauthgsu.htm,,,1_veda/5_vedang/2_grhya,,
sa_kauzikasUtra.xml,Kauśikasūtra,Kauśika-Sūtra,,,,,,,,,http://gretil.sub.uni-goettingen.de/gretil/corpustei/transformations/html/sa_kauzikasUtra.htm,http://gretil.sub.uni-goettingen.de/gretil/1_sanskr/1_veda/5_vedang/2_grhya/kaussu_u.htm,http://gretil.sub.uni-goettingen.de/gretil/1_sanskr/1_veda/5_vedang/2_grhya/kaussu_u.htm,https://archive.org/search.php?query=Kau%C5%9Bika-S%C5%ABtra,,1_veda/5_vedang/2_grhya,,
sa_jaiminIyagRhyasUtra.xml,Jaiminīyagṛhyasūtra,Jaimini-Gṛhyasūtra,,,,,,,,,http://gretil.sub.uni-goettingen.de/gretil/corpustei/transformations/html/sa_jaiminIyagRhyasUtra.htm,http://gretil.sub.uni-goettingen.de/gretil/1_sanskr/1_veda/5_vedang/2_grhya/jaimigsu.htm,http://gretil.sub.uni-goettingen.de/gretil/1_sanskr/1_veda/5_vedang/2_grhya/jaimigsu.htm,https://archive.org/details/AgamaJaiminiGrhyasutra,,1_veda/5_vedang/2_grhya,,
sa_dantyoSThavidhi.xml,Dantyoṣṭhavidhi,Dantyoṣṭhyavidhi,,,,,,,,,http://gretil.sub.uni-goettingen.de/gretil/corpustei/transformations/html/sa_dantyoSThavidhi.htm,http://gretil.sub.uni-goettingen.de/gretil/1_sanskr/1_veda/5_vedang/2_paris/dantyovu.htm,http://gretil.sub.uni-goettingen.de/gretil/1_sanskr/1_veda/5_vedang/2_paris/dantyovu.htm,,,1_veda/5_vedang/2_paris,,
sa_atharvaprAyazcittAni.xml,Atharvaprāyaścittāni,Atharvaprāyaścittāni,,,,,,,,,http://gretil.sub.uni-goettingen.de/gretil/corpustei/transformations/html/sa_atharvaprAyazcittAni.htm,http://gretil.sub.uni-goettingen.de/gretil/1_sanskr/1_veda/5_vedang/2_paris/avpray_u.htm,http://gretil.sub.uni-goettingen.de/gretil/1_sanskr/1_veda/5_vedang/2_paris/avpray_u.htm,https://archive.org/search.php?query=Atharvapr%C4%81ya%C5%9Bcitt%C4%81ni,,1_veda/5_vedang/2_paris,,
sa_atharvavedapariziSTas.xml,Atharvavedapariśiṣṭas,Atharvavedapariśiṣṭas,,,,,,,,,http://gretil.sub.uni-goettingen.de/gretil/corpustei/transformations/html/sa_atharvavedapariziSTas.htm,http://gretil.sub.uni-goettingen.de/gretil/1_sanskr/1_veda/5_vedang/2_paris/avpari_u.htm,http://gretil.sub.uni-goettingen.de/gretil/1_sanskr/1_veda/5_vedang/2_paris/avpari_u.htm,,,1_veda/5_vedang/2_paris,,
sa_AzvalAyanazrautasUtra.xml,Āśvalāyanaśrautasūtra,Āśvalāyana-Śrautasūtra,,,,,,,,,http://gretil.sub.uni-goettingen.de/gretil/corpustei/transformations/html/sa_AzvalAyanazrautasUtra.htm,http://gretil.sub.uni-goettingen.de/gretil/1_sanskr/1_veda/5_vedang/1_srauta/asvss_u.htm,http://gretil.sub.uni-goettingen.de/gretil/1_sanskr/1_veda/5_vedang/1_srauta/asvss_u.htm,,,1_veda/5_vedang/1_srauta,,
sa_AzvalAyanagRhyasUtra.xml,Āśvalāyanagṛhyasūtra,Āśvalāyana-Gṛhyasūtra,,,,,,,,,http://gretil.sub.uni-goettingen.de/gretil/corpustei/transformations/html/sa_AzvalAyanagRhyasUtra.htm,http://gretil.sub.uni-goettingen.de/gretil/1_sanskr/1_veda/5_vedang/2_grhya/asvgs_u.htm,http://gretil.sub.uni-goettingen.de/gretil/1_sanskr/1_veda/5_vedang/2_grhya/asvgs_u.htm,,,1_veda/5_vedang/2_grhya,,
sa_ApastambazulbasUtra.xml,"Āpastambaśulbasūtra with the commentaries of Kapardin, Karavinda and Sundararāja",Āpastamba-Śulbasūtra,,,,,,,,,http://gretil.sub.uni-goettingen.de/gretil/corpustei/transformations/html/sa_ApastambazulbasUtra.htm,http://gretil.sub.uni-goettingen.de/gretil/1_sanskr/1_veda/5_vedang/1_srauta/apsulbcu.htm,http://gretil.sub.uni-goettingen.de/gretil/1_sanskr/1_veda/5_vedang/1_srauta/apsulb_u.htm,https://archive.org/search.php?query=%C4%80pastamba-%C5%9Aulbas%C5%ABtra,,1_veda/5_vedang/1_srauta,,
sa_ApastambagRhyasUtra-comm.xml,Āpastambagṛhyasūtra with Haradatta's Anākulāvṛtti and Sudarśana's Gṛhyatātparyadarśanavyākhyā,Āpastamba-Gṛhyasūtra,,,,,,,,,http://gretil.sub.uni-goettingen.de/gretil/corpustei/transformations/html/sa_ApastambagRhyasUtra-comm.htm,http://gretil.sub.uni-goettingen.de/gretil/1_sanskr/1_veda/5_vedang/2_grhya/apastgcu.htm,http://gretil.sub.uni-goettingen.de/gretil/1_sanskr/1_veda/5_vedang/2_grhya/apastgcu.htm,,,1_veda/5_vedang/2_grhya,,
sa_zvetAzvataropaniSad-alt.xml,Śvetāśvataropaniṣad,Śvetāśvatara-Upaniṣad,,,,,,,,,http://gretil.sub.uni-goettingen.de/gretil/corpustei/transformations/html/sa_zvetAzvataropaniSad-alt.htm,http://gretil.sub.uni-goettingen.de/gretil/1_sanskr/1_veda/4_upa/svetugau.htm,http://gretil.sub.uni-goettingen.de/gretil/1_sanskr/1_veda/4_upa/svetugpu.htm,https://archive.org/search.php?query=%C5%9Avet%C4%81%C5%9Bvatara-Upani%E1%B9%A3ad,,1_veda/4_upa,n,gretil_sa/sa_zvetAzvataropaniSad.xml
sa_zvetAzvataropaniSad.xml,Śvetāśvataropaniṣad,Śvetāśvatara-Upaniṣad,,,,,,,,,http://gretil.sub.uni-goettingen.de/gretil/corpustei/transformations/html/sa_zvetAzvataropaniSad.htm,http://gretil.sub.uni-goettingen.de/gretil/1_sanskr/1_veda/4_upa/svetu_au.htm,http://gretil.sub.uni-goettingen.de/gretil/1_sanskr/1_veda/4_upa/svetu_pu.htm,https://archive.org/search.php?query=%C5%9Avet%C4%81%C5%9Bvatara-Upani%E1%B9%A3ad,,1_veda/4_upa,y,
sa_zira-upaniSad.xml,Śira-upaniṣad (= Atharvaśira-upanisad),Śira-Upaniṣad [Atharvaśira-Upaniṣad],,,,,,,,,http://gretil.sub.uni-goettingen.de/gretil/corpustei/transformations/html/sa_zira-upaniSad.htm,http://gretil.sub.uni-goettingen.de/gretil/1_sanskr/1_veda/4_upa/sirup_u.htm,http://gretil.sub.uni-goettingen.de/gretil/1_sanskr/1_veda/4_upa/sirup_u.htm,,,1_veda/4_upa,,
sa_praznopaniSad-comm.xml,Praśnopaniṣad with the commentary ascribed to Śaṃkara,Praśna-Upaniṣad,,,,,,,,,http://gretil.sub.uni-goettingen.de/gretil/corpustei/transformations/html/sa_praznopaniSad-comm.htm,http://gretil.sub.uni-goettingen.de/gretil/1_sanskr/1_veda/4_upa/prasupbu.htm,http://gretil.sub.uni-goettingen.de/gretil/1_sanskr/1_veda/4_upa/prasupbu.htm,https://archive.org/search.php?query=Pra%C5%9Bna-Upani%E1%B9%A3ad,,1_veda/4_upa,,
sa_nAdabindUpaniSad.xml,Nādabindūpaniṣad,Nādabindu-Upaniṣad,,,,,,,,,http://gretil.sub.uni-goettingen.de/gretil/corpustei/transformations/html/sa_nAdabindUpaniSad.htm,http://gretil.sub.uni-goettingen.de/gretil/1_sanskr/1_veda/4_upa/ndbiuppu.htm,http://gretil.sub.uni-goettingen.de/gretil/1_sanskr/1_veda/4_upa/ndbiuppu.htm,,,1_veda/4_upa,,
sa_mANDUkyopaniSad-alt.xml,Māṇḍūkyopaniṣad,Māṇḍūkya-Upaniṣad,,,,,,,,,http://gretil.sub.uni-goettingen.de/gretil/corpustei/transformations/html/sa_mANDUkyopaniSad-alt.htm,http://gretil.sub.uni-goettingen.de/gretil/1_sanskr/1_veda/4_upa/mand_upu.htm,http://gretil.sub.uni-goettingen.de/gretil/1_sanskr/1_veda/4_upa/mand_upu.htm,https://archive.org/search.php?query=M%C4%81%E1%B9%87%E1%B8%8D%C5%ABkyopani%E1%B9%A3ad,,1_veda/4_upa,,
sa_kathopaniSad.xml,Kathopaniṣad,Kaṭha-Upaniṣad,,,,,,,,,http://gretil.sub.uni-goettingen.de/gretil/corpustei/transformations/html/sa_kathopaniSad.htm,http://gretil.sub.uni-goettingen.de/gretil/1_sanskr/1_veda/4_upa/kathop_u.htm,http://gretil.sub.uni-goettingen.de/gretil/1_sanskr/1_veda/4_upa/kathop_u.htm,https://archive.org/search.php?query=Ka%E1%B9%ADha-Upani%E1%B9%A3ad,,1_veda/4_upa,,
sa_kaivalyopaniSad.xml,Kaivalyopaniṣad,Kaivalya-Upaniṣad,,,,,,,,,http://gretil.sub.uni-goettingen.de/gretil/corpustei/transformations/html/sa_kaivalyopaniSad.htm,http://gretil.sub.uni-goettingen.de/gretil/1_sanskr/1_veda/4_upa/kaivup_u.htm,http://gretil.sub.uni-goettingen.de/gretil/1_sanskr/1_veda/4_upa/kaivup_u.htm,,,1_veda/4_upa,,
sa_IzopaniSad-or-IzAvAsyopaniSadkANva-recension-comm.xml,"Īśopaniṣad (or Īśāvāsyopaniṣad), Kāṇva recension with the commentary ascribed to Śaṃkara",Īśa-Upaniṣad [Īśāvāsyopaniṣad],,,,,,,,,http://gretil.sub.uni-goettingen.de/gretil/corpustei/transformations/html/sa_IzopaniSad-or-IzAvAsyopaniSadkANva-recension-comm.htm,http://gretil.sub.uni-goettingen.de/gretil/1_sanskr/1_veda/4_upa/isupsb_u.htm,http://gretil.sub.uni-goettingen.de/gretil/1_sanskr/1_veda/4_upa/isupsb_u.htm,https://archive.org/search.php?query=%C4%AA%C5%9Ba-Upani%E1%B9%A3ad; https://archive.org/search.php?query=%C4%AA%C5%9B%C4%81v%C4%81syopani%E1%B9%A3ad,,1_veda/4_upa,,
sa_mANDUkyopaniSatkArikA.xml,"Māṇḍūkyopaniṣatkārikā (also known as Gauḍapādakārikā, Māṇḍūkyakārikā or Āgamaśāstra)","Māṇḍūkya-Upaniṣadkārikā [Gauḍapādakārikā, Māṇḍūkyakārikā, Āgamaśāstra]",,,Gauḍapāda,P0AT0116,,,,,http://gretil.sub.uni-goettingen.de/gretil/corpustei/transformations/html/sa_mANDUkyopaniSatkArikA.htm,http://gretil.sub.uni-goettingen.de/gretil/1_sanskr/1_veda/4_upa/gmandk_u.htm,http://gretil.sub.uni-goettingen.de/gretil/1_sanskr/1_veda/4_upa/gmandk_u.htm,https://archive.org/details/GaudapadaKarika/mode/2up; https://archive.org/search.php?query=%C4%80gama%C5%9B%C4%81stra,,1_veda/4_upa,,
sa_garbhopaniSad.xml,Garbhopaniṣad,Garbha-Upaniṣad,,,,,,,,,http://gretil.sub.uni-goettingen.de/gretil/corpustei/transformations/html/sa_garbhopaniSad.htm,http://gretil.sub.uni-goettingen.de/gretil/1_sanskr/1_veda/4_upa/garbhupu.htm,http://gretil.sub.uni-goettingen.de/gretil/1_sanskr/1_veda/4_upa/garbhupu.htm,,,1_veda/4_upa,,
sa_chAndogyopaniSad-comm.xml,Chāndogyopaniṣad with the commentary ascribed to Śaṃkara,Chāndogya-Upaniṣad,,,,,,,,,http://gretil.sub.uni-goettingen.de/gretil/corpustei/transformations/html/sa_chAndogyopaniSad-comm.htm,http://gretil.sub.uni-goettingen.de/gretil/1_sanskr/1_veda/4_upa/chupsb_u.htm,http://gretil.sub.uni-goettingen.de/gretil/1_sanskr/1_veda/4_upa/chupsb_u.htm,https://archive.org/search.php?query=Ch%C4%81ndogya-Upani%E1%B9%A3ad,,1_veda/4_upa,,
sa_bRhadAraNyakopaniSadkANva-recension-comm.xml,"Bṛhadāraṇyakopaniṣad, Kāṇva recension with the commentary ascribed to Śaṃkara",Bṛhadāraṇyaka-Upaniṣad: Adhyāya 1,,,,,,,,,http://gretil.sub.uni-goettingen.de/gretil/corpustei/transformations/html/sa_bRhadAraNyakopaniSadkANva-recension-comm.htm,http://gretil.sub.uni-goettingen.de/gretil/1_sanskr/1_veda/4_upa/brupsb_u.htm,http://gretil.sub.uni-goettingen.de/gretil/1_sanskr/1_veda/4_upa/brupsb1u.htm,https://archive.org/search.php?query=B%E1%B9%9Bhad%C4%81ra%E1%B9%87yaka-Upani%E1%B9%A3ad,,1_veda/4_upa,,
sa_brahmabindUpaniSad.xml,Brahmabindūpaniṣad,Brahmabindu-Upaniṣad,,,,,,,,,http://gretil.sub.uni-goettingen.de/gretil/corpustei/transformations/html/sa_brahmabindUpaniSad.htm,http://gretil.sub.uni-goettingen.de/gretil/1_sanskr/1_veda/4_upa/brbiuppu.htm,http://gretil.sub.uni-goettingen.de/gretil/1_sanskr/1_veda/4_upa/brbiuppu.htm,,,1_veda/4_upa,,
sa_aitareyopaniSad-comm.xml,Aitareyopaniṣad with the commentary ascribed to Śaṃkara,Aitareya-Upaniṣad,,,,,,,,,http://gretil.sub.uni-goettingen.de/gretil/corpustei/transformations/html/sa_aitareyopaniSad-comm.htm,http://gretil.sub.uni-goettingen.de/gretil/1_sanskr/1_veda/4_upa/aitupsbu.htm,http://gretil.sub.uni-goettingen.de/gretil/1_sanskr/1_veda/4_upa/aitupsbu.htm,https://archive.org/search.php?query=Aitareya-Upanisad,,1_veda/4_upa,,
sa_mANDUkyopaniSad-comm.xml,"Māṇḍūkyopaniṣad with Māṇḍūkyamūlamantrabhāṣya, Māṇḍūkyopaniṣatkārikā, and Āgamaśāstrabhāṣya",Āgamaśāstra 1: Āgamaprakaraṇa,Including Māṇḍūkya-Upaniṣad,,,,,,,,http://gretil.sub.uni-goettingen.de/gretil/corpustei/transformations/html/sa_mANDUkyopaniSad-comm.htm,http://gretil.sub.uni-goettingen.de/gretil/1_sanskr/1_veda/4_upa/agsas_1u.htm,http://gretil.sub.uni-goettingen.de/gretil/1_sanskr/1_veda/4_upa/agsas_1u.htm,https://archive.org/search.php?query=%C4%80gama%C5%9B%C4%81stra,,1_veda/4_upa,,
sa_zaGkhAyana-AraNyaka.xml,Śaṅkhāyana-Āraṇyaka,Śāṅkhāyana-Āraṇyaka,,,,,,,,,http://gretil.sub.uni-goettingen.de/gretil/corpustei/transformations/html/sa_zaGkhAyana-AraNyaka.htm,http://gretil.sub.uni-goettingen.de/gretil/1_sanskr/1_veda/3_ara/sankharu.htm,http://gretil.sub.uni-goettingen.de/gretil/1_sanskr/1_veda/3_ara/sankharu.htm,https://archive.org/search.php?query=%C5%9A%C4%81%E1%B9%85kh%C4%81yana-%C4%80ra%E1%B9%87yaka,,1_veda/3_ara,,
sa_paJcaviMzabrAhmaNa.xml,Pañcaviṃśabrāhmaṇa,Pañcaviṃśabrāhmaṇa,,,,,,,,,http://gretil.sub.uni-goettingen.de/gretil/corpustei/transformations/html/sa_paJcaviMzabrAhmaNa.htm,http://gretil.sub.uni-goettingen.de/gretil/1_sanskr/1_veda/2_bra/pncvbr1u.htm,http://gretil.sub.uni-goettingen.de/gretil/1_sanskr/1_veda/2_bra/pncvbr1u.htm,https://archive.org/search.php?query=Pa%C3%B1cavi%E1%B9%83%C5%9Ba-Br%C4%81hma%E1%B9%87a,,1_veda/2_bra,,
sa_kauSItakibrAhmaNa.xml,Kauṣītakibrāhmaṇa (or Śāṅkhāyanabrāhmaṇa),Kauṣītaki-Brāhmaṇa [Śāṅkhāyana-Brāhmaṇa],,,,,,,,,http://gretil.sub.uni-goettingen.de/gretil/corpustei/transformations/html/sa_kauSItakibrAhmaNa.htm,http://gretil.sub.uni-goettingen.de/gretil/1_sanskr/1_veda/2_bra/kausibru.htm,http://gretil.sub.uni-goettingen.de/gretil/1_sanskr/1_veda/2_bra/kausibru.htm,,,1_veda/2_bra,,
"sa_gopathabrAhmaNa-1,1,1-1,3,6.xml","Gopathabrāhmaṇa 1,1.1-1,3.6",Gopatha-Brāhmaṇa,,,,,,,,,"http://gretil.sub.uni-goettingen.de/gretil/corpustei/transformations/html/sa_gopathabrAhmaNa-1,1,1-1,3,6.htm",http://gretil.sub.uni-goettingen.de/gretil/1_sanskr/1_veda/2_bra/gopthbru.htm,http://gretil.sub.uni-goettingen.de/gretil/1_sanskr/1_veda/2_bra/gopthbru.htm,https://archive.org/details/gopathabrahmanao00gopauoft/mode/2up,,1_veda/2_bra,,
sa_gopathabrAhmaNa.xml,Gopathabrāhmaṇa,Gopathabrāhmaṇa,,,,,,,,,http://gretil.sub.uni-goettingen.de/gretil/corpustei/transformations/html/sa_gopathabrAhmaNa.htm,http://gretil.sub.uni-goettingen.de/gretil/1_sanskr/1_veda/2_bra/gopbra_u.htm,http://gretil.sub.uni-goettingen.de/gretil/1_sanskr/1_veda/2_bra/gopbra_u.htm,https://archive.org/details/gopathabrahmanao00gopauoft/mode/2up,,1_veda/2_bra,,
sa_RgvedasaMhitApadapATha.xml,"Ṛgvedasaṃhitā, Padapāṭha",Ṛgveda-Saṃhitā: Padapāṭha text: Maṇḍala 1,,,,,,,,,http://gretil.sub.uni-goettingen.de/gretil/corpustei/transformations/html/sa_RgvedasaMhitApadapATha.htm,http://gretil.sub.uni-goettingen.de/gretil/1_sanskr/1_veda/1_sam/1_rv/rvpp_01u.htm,http://gretil.sub.uni-goettingen.de/gretil/1_sanskr/1_veda/1_sam/1_rv/rvpp_01u.htm,https://archive.org/search.php?query=%E1%B9%9Agveda-Sa%E1%B9%83hit%C4%81,,1_veda/1_sam/1_rv,,
sa_RgvedakhilAni.xml,Ṛgvedakhilāni,The Khila Verses of the Ṛgveda,,,,,,,,,http://gretil.sub.uni-goettingen.de/gretil/corpustei/transformations/html/sa_RgvedakhilAni.htm,http://gretil.sub.uni-goettingen.de/gretil/1_sanskr/1_veda/1_sam/1_rv/rvkhilau.htm,http://gretil.sub.uni-goettingen.de/gretil/1_sanskr/1_veda/1_sam/1_rv/rvkhilau.htm,https://archive.org/details/apokryphen-des-rgveda/mode/2up,,1_veda/1_sam/1_rv,,
sa_Rgveda-edAufrecht.xml,Ṛgveda-Saṃhitā,Ṛgveda,,,,,,,,,http://gretil.sub.uni-goettingen.de/gretil/corpustei/transformations/html/sa_Rgveda-edAufrecht.htm,,http://gretil.sub.uni-goettingen.de/gretil/1_sanskr/1_veda/1_sam/1_rv/rvh1-10u.htm,https://archive.org/search.php?query=%E1%B9%9Agveda,,,,
sa_sAmavedasaMhitA.xml,Sāmavedasaṃhitā,Sāmaveda-Saṃhitā,,,,,,,,,http://gretil.sub.uni-goettingen.de/gretil/corpustei/transformations/html/sa_sAmavedasaMhitA.htm,http://gretil.sub.uni-goettingen.de/gretil/1_sanskr/1_veda/1_sam/samavedu.htm,http://gretil.sub.uni-goettingen.de/gretil/1_sanskr/1_veda/1_sam/samavedu.htm,https://archive.org/search.php?query=S%C4%81maveda-Sa%E1%B9%83hit%C4%81,,1_veda/1_sam,,
sa_paippalAdasaMhitA.xml,Paippalāda-Saṃhitā,Paippalāda-Saṃhitā,,,,,,,,,http://gretil.sub.uni-goettingen.de/gretil/corpustei/transformations/html/sa_paippalAdasaMhitA.htm,,http://gretil.sub.uni-goettingen.de/gretil/corpustei/transformations/html/sa_paippalAdasaMhitA.htm,https://archive.org/search.php?query=Paippal%C4%81da-Sa%E1%B9%83hit%C4%81,,,,
sa_mokSopAya.xml,Mokṣopāya,Mokṣopāya,,Anonymus Casmiriensis,Anonymus Casmiriensis,,,,,,http://gretil.sub.uni-goettingen.de/gretil/corpustei/transformations/html/sa_mokSopAya.htm,,http://gretil.sub.uni-goettingen.de/gretil/corpustei/transformations/html/sa_mokSopAya.htm,,,,,
sa_bhAskarakaNTha-mokSopAyaTIkA.xml,Mokṣopāyaṭīkā,Mokṣopāyaṭīkā,,Bhāskarakaṇṭha,Bhāskarakaṇṭha,P0AT0266,,,,,http://gretil.sub.uni-goettingen.de/gretil/corpustei/transformations/html/sa_bhAskarakaNTha-mokSopAyaTIkA.htm,,http://gretil.sub.uni-goettingen.de/gretil/corpustei/transformations/html/sa_bhAskarakaNTha-mokSopAyaTIkA.htm,,,,,
sa_pataJjali-yogasUtra-with-bhASya-alt.xml,Yogasūtra with Bhāṣya,Yogasūtra,With Bhāṣya,Patañjali,Patañjali,P0AT0153,,,,,http://gretil.sub.uni-goettingen.de/gretil/corpustei/transformations/html/sa_pataJjali-yogasUtra-with-bhASya-alt.htm,http://gretil.sub.uni-goettingen.de/gretil/1_sanskr/6_sastra/3_phil/yoga/yogsubhu.htm,http://gretil.sub.uni-goettingen.de/gretil/1_sanskr/6_sastra/3_phil/yoga/yogsubhu.htm,https://archive.org/search.php?query=Yogas%C5%ABtra,,6_sastra/3_phil/yoga,,
sa_pataJjali-yogasUtra-alt.xml,Yogasūtra,Yogasūtra,,Patañjali,Patañjali,P0AT0153,,,,,http://gretil.sub.uni-goettingen.de/gretil/corpustei/transformations/html/sa_pataJjali-yogasUtra-alt.htm,http://gretil.sub.uni-goettingen.de/gretil/1_sanskr/6_sastra/3_phil/yoga/yogasutu.htm,http://gretil.sub.uni-goettingen.de/gretil/1_sanskr/6_sastra/3_phil/yoga/yogasutu.htm,https://archive.org/search.php?query=Yogas%C5%ABtra,,6_sastra/3_phil/yoga,,
sa_pataJjali-yogasUtra-with-bhASya.xml,Yogasūtra with Bhāṣya (= Pātañjalayogaśāstra),Yogasūtra,With Bhāṣya [Pātañjalayogaśāstra],Patañjali,Patañjali,P0AT0153,,,,,http://gretil.sub.uni-goettingen.de/gretil/corpustei/transformations/html/sa_pataJjali-yogasUtra-with-bhASya.htm,http://gretil.sub.uni-goettingen.de/gretil/1_sanskr/6_sastra/3_phil/yoga/patyogbu.htm,http://gretil.sub.uni-goettingen.de/gretil/1_sanskr/6_sastra/3_phil/yoga/patyogbu.htm,https://archive.org/search.php?query=Yogas%C5%ABtra,,6_sastra/3_phil/yoga,,
sa_pataJjali-yogasUtra.xml,Yogasūtra,Yogasūtra,,Patañjali,Patañjali,P0AT0153,,,,,http://gretil.sub.uni-goettingen.de/gretil/corpustei/transformations/html/sa_pataJjali-yogasUtra.htm,http://gretil.sub.uni-goettingen.de/gretil/1_sanskr/6_sastra/3_phil/yoga/patyog_u.htm,http://gretil.sub.uni-goettingen.de/gretil/1_sanskr/6_sastra/3_phil/yoga/patyog_u.htm,https://archive.org/search.php?query=Yogas%C5%ABtra,,6_sastra/3_phil/yoga,,
sa_svAtmArAma-haThayogapradIpikA.xml,Haṭhayogapradīpikā,Haṭhayogapradīpikā,,Svātmārāma,Svātmārāma,P0AT0237,,,,,http://gretil.sub.uni-goettingen.de/gretil/corpustei/transformations/html/sa_svAtmArAma-haThayogapradIpikA.htm,http://gretil.sub.uni-goettingen.de/gretil/1_sanskr/6_sastra/3_phil/yoga/hathyopu.htm,http://gretil.sub.uni-goettingen.de/gretil/1_sanskr/6_sastra/3_phil/yoga/hathyopu.htm,https://archive.org/search.php?query=Ha%E1%B9%ADhayogaprad%C4%ABpik%C4%81,,6_sastra/3_phil/yoga,,
sa_gheraNDasaMhitA.xml,Gheraṇḍasaṃhitā,Gheraṇḍa-Saṃhitā,,,,,,,,,http://gretil.sub.uni-goettingen.de/gretil/corpustei/transformations/html/sa_gheraNDasaMhitA.htm,http://gretil.sub.uni-goettingen.de/gretil/1_sanskr/6_sastra/3_phil/yoga/ghers_bu.htm,http://gretil.sub.uni-goettingen.de/gretil/1_sanskr/6_sastra/3_phil/yoga/ghers_pu.htm,https://archive.org/search.php?query=Ghera%E1%B9%87%E1%B8%8Da-Sa%E1%B9%83hit%C4%81,,6_sastra/3_phil/yoga,,
sa_yAmuna-saMvitsiddhi-comm.xml,Saṃvitsiddhi,Siddhitraya: Part 3: Saṃvitsiddhi,,Yāmuna,Yāmuna,P0AT0139,,,,,http://gretil.sub.uni-goettingen.de/gretil/corpustei/transformations/html/sa_yAmuna-saMvitsiddhi-comm.htm,http://gretil.sub.uni-goettingen.de/gretil/1_sanskr/6_sastra/3_phil/vedanta/yasasi_u.htm,http://gretil.sub.uni-goettingen.de/gretil/1_sanskr/6_sastra/3_phil/vedanta/yasasi_u.htm,,,6_sastra/3_phil/vedanta,,
sa_yAmuna-saMvitsiddhi.xml,Saṃvitsiddhi,Saṃvitsiddhi,,Yāmuna,Yāmunācārya,P0AT0139,,,,,http://gretil.sub.uni-goettingen.de/gretil/corpustei/transformations/html/sa_yAmuna-saMvitsiddhi.htm,http://gretil.sub.uni-goettingen.de/gretil/1_sanskr/6_sastra/3_phil/vedanta/yamsvsau.htm,http://gretil.sub.uni-goettingen.de/gretil/1_sanskr/6_sastra/3_phil/vedanta/yamsvspu.htm,,,6_sastra/3_phil/vedanta,n,gretil_sa/sa_yAmuna-saMvitsiddhi-alt.xml
sa_yAmuna-saMvitsiddhi-alt.xml,Saṃvitsiddhi,Saṃvitsiddhi,,Yāmuna,Yāmuna,P0AT0139,,,,,http://gretil.sub.uni-goettingen.de/gretil/corpustei/transformations/html/sa_yAmuna-saMvitsiddhi-alt.htm,http://gretil.sub.uni-goettingen.de/gretil/1_sanskr/6_sastra/3_phil/vedanta/yamss_au.htm,http://gretil.sub.uni-goettingen.de/gretil/1_sanskr/6_sastra/3_phil/vedanta/yamss_pu.htm,,,6_sastra/3_phil/vedanta,y,
sa_yAmuna-Izvarasiddhi.xml,Īśvarasiddhi,Īśvarasiddhi,,Yāmuna,Yāmuna,P0AT0139,,,,,http://gretil.sub.uni-goettingen.de/gretil/corpustei/transformations/html/sa_yAmuna-Izvarasiddhi.htm,http://gretil.sub.uni-goettingen.de/gretil/1_sanskr/6_sastra/3_phil/vedanta/yamis_au.htm,http://gretil.sub.uni-goettingen.de/gretil/1_sanskr/6_sastra/3_phil/vedanta/yamis_pu.htm,,,6_sastra/3_phil/vedanta,,
sa_yAmuna-gItArthasaMgraha.xml,Gītārthasaṃgraha,Gītārthasaṅgraha,,Yāmuna,Yāmuna,P0AT0139,,,,,http://gretil.sub.uni-goettingen.de/gretil/corpustei/transformations/html/sa_yAmuna-gItArthasaMgraha.htm,http://gretil.sub.uni-goettingen.de/gretil/1_sanskr/6_sastra/3_phil/vedanta/yamgasau.htm,http://gretil.sub.uni-goettingen.de/gretil/1_sanskr/6_sastra/3_phil/vedanta/yamgaspu.htm,https://archive.org/search.php?query=G%C4%ABt%C4%81rthasa%E1%B9%85graha,,6_sastra/3_phil/vedanta,,
sa_yAmuna-Izvarasiddhi-alt.xml,Īśvarasiddhi,Siddhitraya: Part 2: Īśvarasiddhi,,Yāmuna,Yāmuna,P0AT0139,,,,,http://gretil.sub.uni-goettingen.de/gretil/corpustei/transformations/html/sa_yAmuna-Izvarasiddhi-alt.htm,http://gretil.sub.uni-goettingen.de/gretil/1_sanskr/6_sastra/3_phil/vedanta/yaissi_u.htm,http://gretil.sub.uni-goettingen.de/gretil/1_sanskr/6_sastra/3_phil/vedanta/yaissi_u.htm,,,6_sastra/3_phil/vedanta,,
sa_yAmuna-Atmasiddhi.xml,Ātmasiddhi,Siddhitraya: Part 1: Ātmasiddhi,,Yāmuna,Yāmuna,P0AT0139,,,,,http://gretil.sub.uni-goettingen.de/gretil/corpustei/transformations/html/sa_yAmuna-Atmasiddhi.htm,http://gretil.sub.uni-goettingen.de/gretil/1_sanskr/6_sastra/3_phil/vedanta/yaatsi_u.htm,http://gretil.sub.uni-goettingen.de/gretil/1_sanskr/6_sastra/3_phil/vedanta/yaatsi_u.htm,,,6_sastra/3_phil/vedanta,,
sa_zaMkara-vivekacuDAmaNi.xml,Vivekacuḍāmaṇi,Vivekacūḍāmaṇi,,Śaṃkara (attrib.),Śaṃkara,?,,,,,http://gretil.sub.uni-goettingen.de/gretil/corpustei/transformations/html/sa_zaMkara-vivekacuDAmaNi.htm,http://gretil.sub.uni-goettingen.de/gretil/1_sanskr/6_sastra/3_phil/vedanta/vivcud_u.htm,http://gretil.sub.uni-goettingen.de/gretil/1_sanskr/6_sastra/3_phil/vedanta/vivcud_u.htm,,,6_sastra/3_phil/vedanta,,
sa_vAcaspatimizra-bhAmati.xml,Bhāmati a commentary on Śaṃkara's Brahmasūtrabhāṣya,Bhāmatī,,Vācaspatimiśra,Vācaspati,P0AT0236,,,,,http://gretil.sub.uni-goettingen.de/gretil/corpustei/transformations/html/sa_vAcaspatimizra-bhAmati.htm,http://gretil.sub.uni-goettingen.de/gretil/1_sanskr/6_sastra/3_phil/vedanta/vacbhamu.htm,http://gretil.sub.uni-goettingen.de/gretil/1_sanskr/6_sastra/3_phil/vedanta/vacbhamu.htm,https://archive.org/search.php?query=Bh%C4%81mat%C4%AB,,6_sastra/3_phil/vedanta,,
sa_zaMkara-upadezasAhasrI.xml,Upadeśasāhasrī,Upadeśasāhasrī,,Śaṃkara,Śaṃkara,?,,,,,http://gretil.sub.uni-goettingen.de/gretil/corpustei/transformations/html/sa_zaMkara-upadezasAhasrI.htm,http://gretil.sub.uni-goettingen.de/gretil/1_sanskr/6_sastra/3_phil/vedanta/samkupad_u.htm,http://gretil.sub.uni-goettingen.de/gretil/1_sanskr/6_sastra/3_phil/vedanta/samkupad_u.htm,https://archive.org/details/in.ernet.dli.2015.407171,,6_sastra/3_phil/vedanta,,
sa_zaMkara-kaThopaniSadbhASya.xml,Kaṭhopaniṣadbhāṣya,Kaṭhopaniṣadbhāṣya,,Śaṃkara (attrib.),Śaṃkara,?,,,,,http://gretil.sub.uni-goettingen.de/gretil/corpustei/transformations/html/sa_zaMkara-kaThopaniSadbhASya.htm,http://gretil.sub.uni-goettingen.de/gretil/1_sanskr/6_sastra/3_phil/vedanta/samkaubh_u.htm,http://gretil.sub.uni-goettingen.de/gretil/1_sanskr/6_sastra/3_phil/vedanta/samkaubh_u.htm,,,6_sastra/3_phil/vedanta,,
sa_rAmAnuja-vedArthasaMgraha.xml,Vedārthasaṃgraha,Vedārthasaṃgraha,,Rāmānuja,Rāmānuja,P0AT0235,,,,,http://gretil.sub.uni-goettingen.de/gretil/corpustei/transformations/html/sa_rAmAnuja-vedArthasaMgraha.htm,http://gretil.sub.uni-goettingen.de/gretil/1_sanskr/6_sastra/3_phil/vedanta/ramvasau.htm,http://gretil.sub.uni-goettingen.de/gretil/1_sanskr/6_sastra/3_phil/vedanta/ramvaspu.htm,https://archive.org/details/VedarthaSangraha,,6_sastra/3_phil/vedanta,,
"sa_rAmAnuja-zrIbhASya-1,1,3.xml","Śrībhāṣya 1,1.3","Śrībhāṣya: 1,1.3",,Rāmānuja,Rāmānuja,P0AT0235,,,,,"http://gretil.sub.uni-goettingen.de/gretil/corpustei/transformations/html/sa_rAmAnuja-zrIbhASya-1,1,3.htm",http://gretil.sub.uni-goettingen.de/gretil/1_sanskr/6_sastra/3_phil/vedanta/rams11au.htm,http://gretil.sub.uni-goettingen.de/gretil/1_sanskr/6_sastra/3_phil/vedanta/rams11pu.htm,https://archive.org/search.php?query=%C5%9Ar%C4%ABbh%C4%81%E1%B9%A3ya,,6_sastra/3_phil/vedanta,,
sa_rAmAnuja-bhagavadgItAbhASya.xml,Bhagavadgītābhāṣya,Bhagavadgītābhāṣya,,Rāmānuja,Rāmānuja,P0AT0235,,,,,http://gretil.sub.uni-goettingen.de/gretil/corpustei/transformations/html/sa_rAmAnuja-bhagavadgItAbhASya.htm,http://gretil.sub.uni-goettingen.de/gretil/1_sanskr/6_sastra/3_phil/vedanta/ramgbhau.htm,http://gretil.sub.uni-goettingen.de/gretil/1_sanskr/6_sastra/3_phil/vedanta/ramgbhpu.htm,,,6_sastra/3_phil/vedanta,,
sa_jayatIrtha-nyAyasudhA.xml,"Nyāyasudhā a subcommentary on Mādhva's Anuvyākhāna, a commentary on Bādarāyaṇa's Brahmasūtra, integrated version",Nyāyasudhā: Adhyāya 1,Pāda 1 incomplete,Jayatīrtha,Jayatīrtha,P0AT0234,,,,,http://gretil.sub.uni-goettingen.de/gretil/corpustei/transformations/html/sa_jayatIrtha-nyAyasudhA.htm,http://gretil.sub.uni-goettingen.de/gretil/1_sanskr/6_sastra/3_phil/vedanta/nysu__1u.htm,http://gretil.sub.uni-goettingen.de/gretil/1_sanskr/6_sastra/3_phil/vedanta/nysu__1u.htm,https://archive.org/search.php?query=Ny%C4%81yasudh%C4%81,,6_sastra/3_phil/vedanta,,
sa_narahari-bodhasAra.xml,Bodhasāra,Bodhasāra,,Narahari,Narahari,P0AT0233,,,,,http://gretil.sub.uni-goettingen.de/gretil/corpustei/transformations/html/sa_narahari-bodhasAra.htm,http://gretil.sub.uni-goettingen.de/gretil/1_sanskr/6_sastra/3_phil/vedanta/nabodhsu.htm,http://gretil.sub.uni-goettingen.de/gretil/1_sanskr/6_sastra/3_phil/vedanta/nabodhsu.htm,https://archive.org/search.php?query=Bodhas%C4%81ra,,6_sastra/3_phil/vedanta,,
sa_maNDanamizra-vibhramaviveka.xml,Vibhramaviveka,Vibhramaviveka,,Maṇḍanamiśra,Maṇḍana Miśra [Maṇḍanamiśra],P0AT0232,,,,,http://gretil.sub.uni-goettingen.de/gretil/corpustei/transformations/html/sa_maNDanamizra-vibhramaviveka.htm,http://gretil.sub.uni-goettingen.de/gretil/1_sanskr/6_sastra/3_phil/vedanta/mndvivau.htm,http://gretil.sub.uni-goettingen.de/gretil/1_sanskr/6_sastra/3_phil/vedanta/mndvivpu.htm,https://archive.org/search.php?query=Vibhramaviveka,,6_sastra/3_phil/vedanta,,
sa_mandanamizra-brahmasiddhi.xml,Brahmasiddhi,Brahmasiddhi,,Mandanamiśra,Maṇḍana Miśra [Maṇḍanamiśra],P0AT0232,,,,,http://gretil.sub.uni-goettingen.de/gretil/corpustei/transformations/html/sa_mandanamizra-brahmasiddhi.htm,http://gretil.sub.uni-goettingen.de/gretil/1_sanskr/6_sastra/3_phil/vedanta/mbrahsiu.htm,http://gretil.sub.uni-goettingen.de/gretil/1_sanskr/6_sastra/3_phil/vedanta/mbrahsiu.htm,https://archive.org/search.php?query=Brahmasiddhi,,6_sastra/3_phil/vedanta,,
sa_madhusUdanasarasvatI-siddhAntabindu.xml,Siddhāntabindu,Siddhāntabindu,,Madhusūdanasarasvatī,Madhusūdanasarasvatī,P0AT0231,,,,,http://gretil.sub.uni-goettingen.de/gretil/corpustei/transformations/html/sa_madhusUdanasarasvatI-siddhAntabindu.htm,http://gretil.sub.uni-goettingen.de/gretil/1_sanskr/6_sastra/3_phil/vedanta/madhsiddhb_u.htm,http://gretil.sub.uni-goettingen.de/gretil/1_sanskr/6_sastra/3_phil/vedanta/madhsiddhb_u.htm,https://archive.org/search.php?query=Siddh%C4%81ntabindu,,6_sastra/3_phil/vedanta,,
sa_mAdhva-anuvyAkhyAna.xml,Anuvyākhyāna a Dvaita verse commentary on Bādarāyaṇa's Brahmasūtra,Anuvyākhyāna,,Mādhva,Madhva Ānandatīrtha,P0AT0136,,,,,http://gretil.sub.uni-goettingen.de/gretil/corpustei/transformations/html/sa_mAdhva-anuvyAkhyAna.htm,http://gretil.sub.uni-goettingen.de/gretil/1_sanskr/6_sastra/3_phil/vedanta/madhanuu.htm,http://gretil.sub.uni-goettingen.de/gretil/1_sanskr/6_sastra/3_phil/vedanta/madhanuu.htm,,,6_sastra/3_phil/vedanta,,
sa_mAdhva-mahAbhAratatAtparyanirNaya.xml,Mahābhāratatātparyanirṇaya,Mahābhāratatātparyanirṇaya,,Mādhva,Madhva Ānandatīrtha,P0AT0136,,,,,http://gretil.sub.uni-goettingen.de/gretil/corpustei/transformations/html/sa_mAdhva-mahAbhAratatAtparyanirNaya.htm,http://gretil.sub.uni-goettingen.de/gretil/1_sanskr/6_sastra/3_phil/vedanta/m_mbhtnu.htm,http://gretil.sub.uni-goettingen.de/gretil/1_sanskr/6_sastra/3_phil/vedanta/m_mbhtnu.htm,,,6_sastra/3_phil/vedanta,,
sa_gauDapAda-AgamazAstra.xml,"Āgamaśāstra (= Gauḍapādakārikā, Gauḍapādīyakārikā, a verse commentary on the Māṇḍūkya-Upaniṣad)","Āgamaśāstra [Gauḍapādakārikā, Gauḍapādīyakārikā]",,Gauḍapāda,Gauḍapāda,P0AT0116,,,,,http://gretil.sub.uni-goettingen.de/gretil/corpustei/transformations/html/sa_gauDapAda-AgamazAstra.htm,http://gretil.sub.uni-goettingen.de/gretil/1_sanskr/6_sastra/3_phil/vedanta/gaukarau.htm,http://gretil.sub.uni-goettingen.de/gretil/1_sanskr/6_sastra/3_phil/vedanta/gaukarpu.htm,https://archive.org/search.php?query=%C4%80gama%C5%9B%C4%81stra; https://archive.org/details/GaudapadaKarika/mode/2up,,6_sastra/3_phil/vedanta,,
sa_bAdarAyaNa-brahmasUtra-subcomm2.xml,Brahmasūtra2 with Vācaspati's Bhāmatī (a subcommentary on Śaṃkara's Śārīrakamīmāṃsābhāṣya),Brahmasūtra: Adhyāya 1,,Bādarāyaṇa,Bādarāyaṇa,P0AT0228,,,,,http://gretil.sub.uni-goettingen.de/gretil/corpustei/transformations/html/sa_bAdarAyaNa-brahmasUtra-subcomm2.htm,http://gretil.sub.uni-goettingen.de/gretil/1_sanskr/6_sastra/3_phil/vedanta/brsvbh1u.htm,http://gretil.sub.uni-goettingen.de/gretil/1_sanskr/6_sastra/3_phil/vedanta/brsvbh1u.htm,https://archive.org/search.php?query=Brahmas%C5%ABtra,,6_sastra/3_phil/vedanta,,
sa_bAdarAyaNa-brahmasUtra-comm-subcomm2.xml,Brahmasūtra2 with Śaṃkara's Śārīrakamīmāṃsābhāṣya and Govindānanda's Ratnaprabhāvyākhyā (subcommentary),Brahmasūtra: Adhyāya 1,,Bādarāyaṇa,Bādarāyaṇa,P0AT0228,,,,,http://gretil.sub.uni-goettingen.de/gretil/corpustei/transformations/html/sa_bAdarAyaNa-brahmasUtra-comm-subcomm2.htm,http://gretil.sub.uni-goettingen.de/gretil/1_sanskr/6_sastra/3_phil/vedanta/brssgo1u.htm,http://gretil.sub.uni-goettingen.de/gretil/1_sanskr/6_sastra/3_phil/vedanta/brssgo1u.htm,https://archive.org/search.php?query=Brahmas%C5%ABtra,,6_sastra/3_phil/vedanta,,
sa_bAdarAyaNa-brahmasUtra-comm.xml,Brahmasūtra with Śaṃkara's Śārīrakamīmāṃsābhāṣya,Brahmasūtra: Adhyāya 1,,Bādarāyaṇa,Bādarāyaṇa,P0AT0228,,,,,http://gretil.sub.uni-goettingen.de/gretil/corpustei/transformations/html/sa_bAdarAyaNa-brahmasUtra-comm.htm,http://gretil.sub.uni-goettingen.de/gretil/1_sanskr/6_sastra/3_phil/vedanta/brssbh1u.htm,http://gretil.sub.uni-goettingen.de/gretil/1_sanskr/6_sastra/3_phil/vedanta/brssbh1u.htm,https://archive.org/search.php?query=Brahmas%C5%ABtra,,6_sastra/3_phil/vedanta,,
sa_bAdarAyaNa-brahmasUtra-subcomm.xml,"Brahmasūtra with Govindānanda's Ratnaprabhāvyākhyā, a subcommentary on Śaṃkara's Śārīrakamīmāṃsābhāṣya",Brahmasūtra: Adhyāya 1,,Bādarāyaṇa,Bādarāyaṇa,P0AT0228,,,,,http://gretil.sub.uni-goettingen.de/gretil/corpustei/transformations/html/sa_bAdarAyaNa-brahmasUtra-subcomm.htm,http://gretil.sub.uni-goettingen.de/gretil/1_sanskr/6_sastra/3_phil/vedanta/brsgor1u.htm,http://gretil.sub.uni-goettingen.de/gretil/1_sanskr/6_sastra/3_phil/vedanta/brsgor1u.htm,https://archive.org/search.php?query=Brahmas%C5%ABtra,,6_sastra/3_phil/vedanta,,
sa_bAdarAyaNa-brahmasUtra.xml,Brahmasūtra,Brahmasūtra,,Bādarāyaṇa,Bādarāyaṇa,P0AT0228,,,,,http://gretil.sub.uni-goettingen.de/gretil/corpustei/transformations/html/sa_bAdarAyaNa-brahmasUtra.htm,http://gretil.sub.uni-goettingen.de/gretil/1_sanskr/6_sastra/3_phil/vedanta/brahmsuu.htm,http://gretil.sub.uni-goettingen.de/gretil/1_sanskr/6_sastra/3_phil/vedanta/brahmsuu.htm,https://archive.org/search.php?query=Brahmas%C5%ABtra,,6_sastra/3_phil/vedanta,,
sa_bAdarAyaNa-brahmasUtra-alt.xml,Brahmasūtra text extracted from Śaṃkara's Śārīrakamīmāṃsābhāṣya,Brahmasūtra,Alternative version,Bādarāyaṇa,Bādarāyaṇa,P0AT0228,,,,,http://gretil.sub.uni-goettingen.de/gretil/corpustei/transformations/html/sa_bAdarAyaNa-brahmasUtra-alt.htm,http://gretil.sub.uni-goettingen.de/gretil/1_sanskr/6_sastra/3_phil/vedanta/brahms2u.htm,http://gretil.sub.uni-goettingen.de/gretil/1_sanskr/6_sastra/3_phil/vedanta/brahms2u.htm,https://archive.org/search.php?query=Brahmas%C5%ABtra,,6_sastra/3_phil/vedanta,,
sa_bhagavadgItA-comm.xml,Bhagavadgītā with the commentary ascribed to Śaṃkara (Adhyāyas 1-17),Bhagavadgītābhāṣya,,,Śaṃkara,,,,,,http://gretil.sub.uni-goettingen.de/gretil/corpustei/transformations/html/sa_bhagavadgItA-comm.htm,http://gretil.sub.uni-goettingen.de/gretil/1_sanskr/6_sastra/3_phil/vedanta/bhgsbh_u.htm,http://gretil.sub.uni-goettingen.de/gretil/1_sanskr/6_sastra/3_phil/vedanta/bhgsbh_u.htm,,,6_sastra/3_phil/vedanta,,
sa_bhAskara-bhagavadAzayAnusaraNabhAsya.xml,Bhagavadāśayānusaraṇabhāsya,Bhagavadāśayānusaraṇabhāsya,"On the Bhagavadgītā, Adhyāyas 1-9",Bhāskara,Bhāskara,P0AT0229,,,,,http://gretil.sub.uni-goettingen.de/gretil/corpustei/transformations/html/sa_bhAskara-bhagavadAzayAnusaraNabhAsya.htm,http://gretil.sub.uni-goettingen.de/gretil/1_sanskr/6_sastra/3_phil/vedanta/bhbhg_cu.htm,http://gretil.sub.uni-goettingen.de/gretil/1_sanskr/6_sastra/3_phil/vedanta/bhbhg_cu.htm,,,6_sastra/3_phil/vedanta,,
"sa_bAdarAyaNa-brahmasUtra1,1-1,3-comm-subcomm.xml","Brahmasūtra, 1.1-1.3 with the Bhāṣya by Mādhva (Ānandatīrtha), and Jagannāthatīrtha's Dīpikā","Brahmasūtra: Adhyāya 1, Pāda 1",,Bādarāyaṇa,Bādarāyaṇa,P0AT0228,,,,,"http://gretil.sub.uni-goettingen.de/gretil/corpustei/transformations/html/sa_bAdarAyaNa-brahmasUtra1,1-1,3-comm-subcomm.htm",http://gretil.sub.uni-goettingen.de/gretil/1_sanskr/6_sastra/3_phil/vedanta/bbdip11u.htm,http://gretil.sub.uni-goettingen.de/gretil/1_sanskr/6_sastra/3_phil/vedanta/bbdip11u.htm,https://archive.org/search.php?query=Brahmas%C5%ABtra,,6_sastra/3_phil/vedanta,,
sa_vAdivAgIzvara-mAnamanohara.xml,Mānamanohara,Mānamanohara,,Vādivāgīśvara,Vādivāgīśvara,P0AT0227,,,,,http://gretil.sub.uni-goettingen.de/gretil/corpustei/transformations/html/sa_vAdivAgIzvara-mAnamanohara.htm,http://gretil.sub.uni-goettingen.de/gretil/1_sanskr/6_sastra/3_phil/vaisesik/vvmanmhu.htm,http://gretil.sub.uni-goettingen.de/gretil/1_sanskr/6_sastra/3_phil/vaisesik/vvmanmhu.htm,,,6_sastra/3_phil/vaisesik,,
sa_kaNAda-vaizeSikasUtra.xml,Vaiśeṣikasūtra,Vaiśeṣikasūtra,,Kaṇāda,Kaṇāda,P0AT0226,,,,,http://gretil.sub.uni-goettingen.de/gretil/corpustei/transformations/html/sa_kaNAda-vaizeSikasUtra.htm,http://gretil.sub.uni-goettingen.de/gretil/1_sanskr/6_sastra/3_phil/vaisesik/vaissu1u.htm,http://gretil.sub.uni-goettingen.de/gretil/1_sanskr/6_sastra/3_phil/vaisesik/vaissu1u.htm,https://archive.org/search.php?query=Vai%C5%9Be%E1%B9%A3ikas%C5%ABtra,,6_sastra/3_phil/vaisesik,,
sa_kaNAda-vaizeSikasUtra-alt.xml,Vaiśeṣikasūtra,Vaiśeṣikasūtra,,Kaṇāda,Kaṇāda,P0AT0226,,,,,http://gretil.sub.uni-goettingen.de/gretil/corpustei/transformations/html/sa_kaNAda-vaizeSikasUtra-alt.htm,http://gretil.sub.uni-goettingen.de/gretil/1_sanskr/6_sastra/3_phil/vaisesik/vaisessu.htm,http://gretil.sub.uni-goettingen.de/gretil/1_sanskr/6_sastra/3_phil/vaisesik/vaisessu.htm,https://archive.org/search.php?query=Vai%C5%9Be%E1%B9%A3ikas%C5%ABtra,,6_sastra/3_phil/vaisesik,,
sa_prazastapAda-pAdArthadharmasaMgraha.xml,Pādārthadharmasaṃgraha commentary on Kaṇāda's Vaiśeṣikasūtra,Padārthadharmasaṃgraha,Commentary on Kaṇāda's Vaiśeṣikasūtra,Praśastapāda,Praśastapāda,P0AT0225,,,,,http://gretil.sub.uni-goettingen.de/gretil/corpustei/transformations/html/sa_prazastapAda-pAdArthadharmasaMgraha.htm,http://gretil.sub.uni-goettingen.de/gretil/1_sanskr/6_sastra/3_phil/vaisesik/paddhs_u.htm,http://gretil.sub.uni-goettingen.de/gretil/1_sanskr/6_sastra/3_phil/vaisesik/paddhs_u.htm,https://archive.org/details/PadarthadharmasangrahahVyomavatiSuktihSetuh/mode/2up,,6_sastra/3_phil/vaisesik,,
sa_yuktidIpikA.xml,Yuktidīpikā a commentary on Īśvarakṛṣṇa's Sāṃkhyakārikā,Yuktidīpikā,A commentary on Īśvarakṛṣṇa's Sāṃkhyakārikā,,,,,,,,http://gretil.sub.uni-goettingen.de/gretil/corpustei/transformations/html/sa_yuktidIpikA.htm,http://gretil.sub.uni-goettingen.de/gretil/1_sanskr/6_sastra/3_phil/samkhya/yuktdipu.htm,http://gretil.sub.uni-goettingen.de/gretil/1_sanskr/6_sastra/3_phil/samkhya/yuktdipu.htm,,,6_sastra/3_phil/samkhya,,
sa_vijJAnabhikSu-sAMkhyasAra.xml,Sāṃkhyasāra,Sāṅkhyasāra,,Vijñānabhikṣu,Vijñānabhikṣu,P0AT0224,,,,,http://gretil.sub.uni-goettingen.de/gretil/corpustei/transformations/html/sa_vijJAnabhikSu-sAMkhyasAra.htm,http://gretil.sub.uni-goettingen.de/gretil/1_sanskr/6_sastra/3_phil/samkhya/vijsamsu.htm,http://gretil.sub.uni-goettingen.de/gretil/1_sanskr/6_sastra/3_phil/samkhya/vijsamsu.htm,,,6_sastra/3_phil/samkhya,,
sa_tattvasamAsa-4versions.xml,"Tattvasamāsa-4versions an abstract of Sāṃkhya philosophy in (23-) 25 sūtras,",Tattvasamāsa,,,,,,,,,http://gretil.sub.uni-goettingen.de/gretil/corpustei/transformations/html/sa_tattvasamAsa-4versions.htm,http://gretil.sub.uni-goettingen.de/gretil/1_sanskr/6_sastra/3_phil/samkhya/tttvsamu.htm,http://gretil.sub.uni-goettingen.de/gretil/1_sanskr/6_sastra/3_phil/samkhya/tttvsamu.htm,,,6_sastra/3_phil/samkhya,,
sa_sarvopakAriNI.xml,"Sarvopakāriṇī a commentary on the Tattvasamāsa, an abstract of Sāṃkhya philosophy in 22 (-25) sūtras.",Sarvopakāriṇī,,,,,,,,,http://gretil.sub.uni-goettingen.de/gretil/corpustei/transformations/html/sa_sarvopakAriNI.htm,http://gretil.sub.uni-goettingen.de/gretil/1_sanskr/6_sastra/3_phil/samkhya/ttssarvu.htm,http://gretil.sub.uni-goettingen.de/gretil/1_sanskr/6_sastra/3_phil/samkhya/ttssarvu.htm,https://archive.org/search.php?query=Sarvopak%C4%81ri%E1%B9%87%C4%AB,,6_sastra/3_phil/samkhya,,
sa_sAMkhyasUtravivaraNa.xml,"Sāṃkhyasūtravivaraṇa a commentary on the Tattvasamāsa, an abstract of Sāṃkhya philosophy in (23-) 25 sūtras.",Sāṃkhyasūtravivaraṇa,,,,,,,,,http://gretil.sub.uni-goettingen.de/gretil/corpustei/transformations/html/sa_sAMkhyasUtravivaraNa.htm,http://gretil.sub.uni-goettingen.de/gretil/1_sanskr/6_sastra/3_phil/samkhya/tsc_vivu.htm,http://gretil.sub.uni-goettingen.de/gretil/1_sanskr/6_sastra/3_phil/samkhya/tsc_vivu.htm,,,6_sastra/3_phil/samkhya,,
sa_SimAnanda-sAMkhyatattvavivecana.xml,"Sāṃkhyatattvavivecana a commentary on the Tattvasamāsa, an abstract of Sāṃkhya philosophy in (23-) 25 sūtras.",Sāṃkhyatattvavivecana,,Ṣimānanda,Ṣimānandadīkṣita [Kṣemānanda/Kṣemendra (?)],P0AT0223,,,,,http://gretil.sub.uni-goettingen.de/gretil/corpustei/transformations/html/sa_SimAnanda-sAMkhyatattvavivecana.htm,http://gretil.sub.uni-goettingen.de/gretil/1_sanskr/6_sastra/3_phil/samkhya/tsc_simu.htm,http://gretil.sub.uni-goettingen.de/gretil/1_sanskr/6_sastra/3_phil/samkhya/tsc_simu.htm,,,6_sastra/3_phil/samkhya,,
sa_bhAvAgaNeza-tattvayAthArthyadIpana.xml,"Tattvayāthārthyadīpana a commentary on the Tattvasamāsa, an abstract of Sāṃkhya philosophy in (23-) 25 sūtras.",Tattvayāthārthyadīpana,,Bhāvāgaṇeśa,Bhāvāgaṇeśa [Ganesadiksita],P0AT0222,,,,,http://gretil.sub.uni-goettingen.de/gretil/corpustei/transformations/html/sa_bhAvAgaNeza-tattvayAthArthyadIpana.htm,http://gretil.sub.uni-goettingen.de/gretil/1_sanskr/6_sastra/3_phil/samkhya/tsc_bhau.htm,http://gretil.sub.uni-goettingen.de/gretil/1_sanskr/6_sastra/3_phil/samkhya/tsc_bhau.htm,,,6_sastra/3_phil/samkhya,,
sa_tattvamImAMsA.xml,Tattvamīmāṃsā,Tattvamīmāṃsā,,,,,,,,,http://gretil.sub.uni-goettingen.de/gretil/corpustei/transformations/html/sa_tattvamImAMsA.htm,http://gretil.sub.uni-goettingen.de/gretil/1_sanskr/6_sastra/3_phil/samkhya/tattvmiu.htm,http://gretil.sub.uni-goettingen.de/gretil/1_sanskr/6_sastra/3_phil/samkhya/tattvmiu.htm,,,6_sastra/3_phil/samkhya,,
sa_tattvasamAsasUtravRtti.xml,"Tattvasamāsasūtravṛtti or Kramadīpikā (cf. final verse), a commentary on the Tattvasamāsa, an abstract of Sāṃkhya philosophy in (23-) 25 sūtras.",Tattvasamāsasūtravṛtti [Kramadīpikā],,,,,,,,,http://gretil.sub.uni-goettingen.de/gretil/corpustei/transformations/html/sa_tattvasamAsasUtravRtti.htm,http://gretil.sub.uni-goettingen.de/gretil/1_sanskr/6_sastra/3_phil/samkhya/tatsuvru.htm,http://gretil.sub.uni-goettingen.de/gretil/1_sanskr/6_sastra/3_phil/samkhya/tatsuvru.htm,https://archive.org/search.php?query=Kramad%C4%ABpik%C4%81,,6_sastra/3_phil/samkhya,,
sa_sAMkhyaparibhASA.xml,Sāṃkhyaparibhāṣā,Sāṃkhyaparibhāṣā,,,,,,,,,http://gretil.sub.uni-goettingen.de/gretil/corpustei/transformations/html/sa_sAMkhyaparibhASA.htm,http://gretil.sub.uni-goettingen.de/gretil/1_sanskr/6_sastra/3_phil/samkhya/sparibhu.htm,http://gretil.sub.uni-goettingen.de/gretil/1_sanskr/6_sastra/3_phil/samkhya/sparibhu.htm,,,6_sastra/3_phil/samkhya,,
sa_kapila-sAMkhyasUtra.xml,"Sāṃkhyasūtra including the Tattvasamāsa, an abstract of Sāṃkhya philosophy (appended at the end)",Sāṃkhyasūtra,,Kapila,Kapila,P0AT0221,,,,,http://gretil.sub.uni-goettingen.de/gretil/corpustei/transformations/html/sa_kapila-sAMkhyasUtra.htm,http://gretil.sub.uni-goettingen.de/gretil/1_sanskr/6_sastra/3_phil/samkhya/samkhsuu.htm,http://gretil.sub.uni-goettingen.de/gretil/1_sanskr/6_sastra/3_phil/samkhya/samkhsuu.htm,,,6_sastra/3_phil/samkhya,,
sa_kezava-sAMkhyatattvapradIpikA.xml,Sāṃkhyatattvapradīpikā a short exposition of Sāṃkhya philosophy following the system of Vijñānabhikṣu.,Sāṃkhyatattvapradīpikā [Sāṃkhyārthatattvapradīpikā],,Keśava,Keśava,P0AT0117,,,,,http://gretil.sub.uni-goettingen.de/gretil/corpustei/transformations/html/sa_kezava-sAMkhyatattvapradIpikA.htm,http://gretil.sub.uni-goettingen.de/gretil/1_sanskr/6_sastra/3_phil/samkhya/kestprau.htm,http://gretil.sub.uni-goettingen.de/gretil/1_sanskr/6_sastra/3_phil/samkhya/kestprau.htm,,,6_sastra/3_phil/samkhya,,
sa_kavirAjayati-sAMkhyatattvapradIpa.xml,Sāṃkhyatattvapradīpa,Sāṃkhyatattvapradīpa,,Kavirājayati,Kavirājayati [Kavirājagiri],P0AT0220,,,,,http://gretil.sub.uni-goettingen.de/gretil/corpustei/transformations/html/sa_kavirAjayati-sAMkhyatattvapradIpa.htm,http://gretil.sub.uni-goettingen.de/gretil/1_sanskr/6_sastra/3_phil/samkhya/kavsttvu.htm,http://gretil.sub.uni-goettingen.de/gretil/1_sanskr/6_sastra/3_phil/samkhya/kavsttvu.htm,,,6_sastra/3_phil/samkhya,,
sa_IzvarakRSNa-sAMkhyakArikA-comm3.xml,Sāṃkhyakārikā with Śaṃkara's Jayamaṅgalā commentary,Sāṃkhyakārikā [Sāṃkhyasaptati],With Śaṃkara arya's Jayamaṅgalā nāma Sāṃkhyasaptatiṭīkā (commentary),Īśvarakṛṣṇa,Īśvarakṛṣṇa,,,,,,http://gretil.sub.uni-goettingen.de/gretil/corpustei/transformations/html/sa_IzvarakRSNa-sAMkhyakArikA-comm3.htm,http://gretil.sub.uni-goettingen.de/gretil/1_sanskr/6_sastra/3_phil/samkhya/jaymangu.htm,http://gretil.sub.uni-goettingen.de/gretil/1_sanskr/6_sastra/3_phil/samkhya/jaymangu.htm,https://archive.org/search.php?query=S%C4%81%E1%B9%83khyak%C4%81rik%C4%81,,6_sastra/3_phil/samkhya,,
sa_IzvarakRSNa-sAMkhyakArikA.xml,Sāṃkhyakārikā,Sāṃkhyakārikā [Sāṃkhyasaptati],,Īśvarakṛṣṇa,Īśvarakṛṣṇa,,,,,,http://gretil.sub.uni-goettingen.de/gretil/corpustei/transformations/html/sa_IzvarakRSNa-sAMkhyakArikA.htm,http://gretil.sub.uni-goettingen.de/gretil/1_sanskr/6_sastra/3_phil/samkhya/isvskaru.htm,http://gretil.sub.uni-goettingen.de/gretil/1_sanskr/6_sastra/3_phil/samkhya/isvskaru.htm,https://archive.org/search.php?query=S%C4%81%E1%B9%83khyak%C4%81rik%C4%81,,6_sastra/3_phil/samkhya,,
sa_IzvarakRSNa-sAMkhyakArikA-comm2.xml,Sāṃkhyakārikā with Gauḍapāda's Bhāṣya,Sāṃkhyakārikā [Sāṃkhyasaptati],With Gauḍapāda's Bhāṣya (commentary),Īśvarakṛṣṇa,Īśvarakṛṣṇa,,,,,,http://gretil.sub.uni-goettingen.de/gretil/corpustei/transformations/html/sa_IzvarakRSNa-sAMkhyakArikA-comm2.htm,http://gretil.sub.uni-goettingen.de/gretil/1_sanskr/6_sastra/3_phil/samkhya/iskgaudu.htm,http://gretil.sub.uni-goettingen.de/gretil/1_sanskr/6_sastra/3_phil/samkhya/iskgaudu.htm,https://archive.org/search.php?query=S%C4%81%E1%B9%83khyak%C4%81rik%C4%81,,6_sastra/3_phil/samkhya,,
sa_IzvarakRSNa-sAMkhyakArikA-alt.xml,Sāṃkhyakārikā,Sāṃkhyakārikā [Sāṃkhyasaptati],With Māṭhara's commentary Māṭharavṛtti,Īśvarakṛṣṇa,Īśvarakṛṣṇa,,,,,,http://gretil.sub.uni-goettingen.de/gretil/corpustei/transformations/html/sa_IzvarakRSNa-sAMkhyakArikA-alt.htm,http://gretil.sub.uni-goettingen.de/gretil/1_sanskr/6_sastra/3_phil/samkhya/iskar_u.htm,http://gretil.sub.uni-goettingen.de/gretil/1_sanskr/6_sastra/3_phil/samkhya/iskar_u.htm,https://archive.org/search.php?query=S%C4%81%E1%B9%83khyak%C4%81rik%C4%81,,6_sastra/3_phil/samkhya,,
sa_IzvarakRSNa-sAMkhyakArikA-comm.xml,Sāṃkhyakārikā with Māṭhara's commentary Māṭharavṛtti,Sāṃkhyakārikā [Sāṃkhyasaptati],With Māṭhara's commentary Māṭharavṛtti,Īśvarakṛṣṇa,Īśvarakṛṣṇa,,,,,,http://gretil.sub.uni-goettingen.de/gretil/corpustei/transformations/html/sa_IzvarakRSNa-sAMkhyakArikA-comm.htm,http://gretil.sub.uni-goettingen.de/gretil/1_sanskr/6_sastra/3_phil/samkhya/iskamatu.htm,http://gretil.sub.uni-goettingen.de/gretil/1_sanskr/6_sastra/3_phil/samkhya/iskamatu.htm,https://archive.org/search.php?query=S%C4%81%E1%B9%83khyak%C4%81rik%C4%81,,6_sastra/3_phil/samkhya,,
sa_bhAsarvajJa-gaNakArikA-1-comm.xml,Gaṇakārikā 1,Gaṇakārikā 1,,Bhāsarvajña,Bhāsarvajña,P0AT0218,,,,,http://gretil.sub.uni-goettingen.de/gretil/corpustei/transformations/html/sa_bhAsarvajJa-gaNakArikA-1-comm.htm,http://gretil.sub.uni-goettingen.de/gretil/1_sanskr/6_sastra/3_phil/saiva/bhgank_u.htm,http://gretil.sub.uni-goettingen.de/gretil/1_sanskr/6_sastra/3_phil/saiva/bhgank_u.htm,https://archive.org/details/kTRY_ganakarika-of-acarya-bhasarvajna-photocopy-chimanla-d.-dalal/mode/2up,,6_sastra/3_phil/saiva,,
sa_vijJAnabhairava.xml,Vijñānabhairava,Vijñānabhairava,,,,,,,,,http://gretil.sub.uni-goettingen.de/gretil/corpustei/transformations/html/sa_vijJAnabhairava.htm,http://gretil.sub.uni-goettingen.de/gretil/1_sanskr/6_sastra/3_phil/saiva/vijnbhau.htm,http://gretil.sub.uni-goettingen.de/gretil/1_sanskr/6_sastra/3_phil/saiva/vijnbhau.htm,https://archive.org/details/in.ernet.dli.2015.242331,,6_sastra/3_phil/saiva,,
sa_vAtUlanAtha-vAtUlanAthasUtra-comm.xml,Vātūlanāthasūtra with the Vṛtti of Anantaśaktipāda,Vātūlanāthasūtra,With the Vṛtti (Commentary) of Anantaśaktipāda,Vātūlanātha,Vātūlanātha,P0AT0217,,,,,http://gretil.sub.uni-goettingen.de/gretil/corpustei/transformations/html/sa_vAtUlanAtha-vAtUlanAthasUtra-comm.htm,http://gretil.sub.uni-goettingen.de/gretil/1_sanskr/6_sastra/3_phil/saiva/vatnsuau.htm,http://gretil.sub.uni-goettingen.de/gretil/1_sanskr/6_sastra/3_phil/saiva/vatnsupu.htm,,,6_sastra/3_phil/saiva,,
sa_vasugupta-spandakArikA-comm.xml,Spandakārikā with the commentary by Kṣemarāja,Spandakārikā,,Vasugupta,Vasugupta [or Kallaṭa Bhaṭṭa?],P0AT0213,,,,,http://gretil.sub.uni-goettingen.de/gretil/corpustei/transformations/html/sa_vasugupta-spandakArikA-comm.htm,http://gretil.sub.uni-goettingen.de/gretil/1_sanskr/6_sastra/3_phil/saiva/vasspacu.htm,http://gretil.sub.uni-goettingen.de/gretil/1_sanskr/6_sastra/3_phil/saiva/vasspacu.htm,https://archive.org/details/wg089/mode/2up,,6_sastra/3_phil/saiva,,
sa_vAmanadatta-svabodhodayamaJjarI.xml,Svabodhodayamañjarī,Svabodhodayamañjārī,,Vāmanadatta,Vāmanadatta,P0AT0215,,,,,http://gretil.sub.uni-goettingen.de/gretil/corpustei/transformations/html/sa_vAmanadatta-svabodhodayamaJjarI.htm,http://gretil.sub.uni-goettingen.de/gretil/1_sanskr/6_sastra/3_phil/saiva/vamsbum_u.htm,http://gretil.sub.uni-goettingen.de/gretil/1_sanskr/6_sastra/3_phil/saiva/vamsbum_u.htm,,,6_sastra/3_phil/saiva,,
sa_vAmadeva-janmamaraNavicAra.xml,Janmamaraṇavicāra,Janmamaraṇavicāra,,Vāmadeva,Vāmadeva,P0AT0214,,,,,http://gretil.sub.uni-goettingen.de/gretil/corpustei/transformations/html/sa_vAmadeva-janmamaraNavicAra.htm,http://gretil.sub.uni-goettingen.de/gretil/1_sanskr/6_sastra/3_phil/saiva/vamjanmu.htm,http://gretil.sub.uni-goettingen.de/gretil/1_sanskr/6_sastra/3_phil/saiva/vamjanmu.htm,,,6_sastra/3_phil/saiva,,
sa_utpaladeva-IzvarapratyabhijJAkArikA-with-vRtti.xml,Īśvarapratyabhijñākārikā with Vṛtti,Īśvarapratyabhijñākārikā,With Vṛtti,Utpaladeva,Utpaladeva,P0AT0126,,,,,http://gretil.sub.uni-goettingen.de/gretil/corpustei/transformations/html/sa_utpaladeva-IzvarapratyabhijJAkArikA-with-vRtti.htm,http://gretil.sub.uni-goettingen.de/gretil/1_sanskr/6_sastra/3_phil/saiva/utipk_au.htm,http://gretil.sub.uni-goettingen.de/gretil/1_sanskr/6_sastra/3_phil/saiva/utipk_pu.htm,,,6_sastra/3_phil/saiva,,
sa_timirodghATana.xml,Timirodghāṭana plus short Nirvāṇakārikā at the end,Timirodghāṭana,Plus short Nirvāṇakārikā at the end,,,,,,,,http://gretil.sub.uni-goettingen.de/gretil/corpustei/transformations/html/sa_timirodghATana.htm,http://gretil.sub.uni-goettingen.de/gretil/1_sanskr/6_sastra/3_phil/saiva/timudghu.htm,http://gretil.sub.uni-goettingen.de/gretil/1_sanskr/6_sastra/3_phil/saiva/timudghu.htm,,,6_sastra/3_phil/saiva,,
sa_abhinavagupta-tantrAloka.xml,Tantrāloka,Tantrāloka,,Abhinavagupta,Abhinavagupta,P0AT0157,,,,,http://gretil.sub.uni-goettingen.de/gretil/corpustei/transformations/html/sa_abhinavagupta-tantrAloka.htm,http://gretil.sub.uni-goettingen.de/gretil/1_sanskr/6_sastra/3_phil/saiva/tantralu.htm,http://gretil.sub.uni-goettingen.de/gretil/1_sanskr/6_sastra/3_phil/saiva/tantralu.htm,https://archive.org/search.php?query=Tantr%C4%81loka,,6_sastra/3_phil/saiva,,
sa_vasugupta-spandakArikA.xml,Spandakārikā,Spandakārikā,,Vasugupta,Vasugupta,P0AT0213,,,,,http://gretil.sub.uni-goettingen.de/gretil/corpustei/transformations/html/sa_vasugupta-spandakArikA.htm,http://gretil.sub.uni-goettingen.de/gretil/1_sanskr/6_sastra/3_phil/saiva/spandkau.htm,http://gretil.sub.uni-goettingen.de/gretil/1_sanskr/6_sastra/3_phil/saiva/spandkau.htm,,,6_sastra/3_phil/saiva,,
sa_kSemarAja-bhairavAnukaraNastotra.xml,Bhairavānukaraṇastotra,Bhairavānukaraṇastotra,,Kṣemarāja,Kṣemarāja,P0AT0212,,,,,http://gretil.sub.uni-goettingen.de/gretil/corpustei/transformations/html/sa_kSemarAja-bhairavAnukaraNastotra.htm,,http://gretil.sub.uni-goettingen.de/gretil/corpustei/transformations/html/sa_kSemarAja-bhairavAnukaraNastotra.htm,,,,,
sa_avadhUtasiddha-bhagavadbhaktistotra.xml,Bhagavadbhaktistotra,Bhagavadbhaktistotra,,Avadhūtasiddha,Avadhūtasiddha,P0AT0265,,,,,http://gretil.sub.uni-goettingen.de/gretil/corpustei/transformations/html/sa_avadhUtasiddha-bhagavadbhaktistotra.htm,,http://gretil.sub.uni-goettingen.de/gretil/corpustei/transformations/html/sa_avadhUtasiddha-bhagavadbhaktistotra.htm,,,,,
sa_kSemarAja-pratyabhijJAhRdaya.xml,Pratyabhijñāhṛdaya,Pratyabhijñāhṛdaya,,Kṣemarāja,Kṣemarāja,P0AT0212,,,,,http://gretil.sub.uni-goettingen.de/gretil/corpustei/transformations/html/sa_kSemarAja-pratyabhijJAhRdaya.htm,http://gretil.sub.uni-goettingen.de/gretil/1_sanskr/6_sastra/3_phil/saiva/pratyabu.htm,http://gretil.sub.uni-goettingen.de/gretil/1_sanskr/6_sastra/3_phil/saiva/pratyabu.htm,,,6_sastra/3_phil/saiva,,
sa_abhinavagupta-paryantapaJcAzikA.xml,Paryantapañcāśikā,Paryantapañcāśikā,,Abhinavagupta,Abhinavagupta,P0AT0157,,,,,http://gretil.sub.uni-goettingen.de/gretil/corpustei/transformations/html/sa_abhinavagupta-paryantapaJcAzikA.htm,http://gretil.sub.uni-goettingen.de/gretil/1_sanskr/6_sastra/3_phil/saiva/parypanu.htm,http://gretil.sub.uni-goettingen.de/gretil/1_sanskr/6_sastra/3_phil/saiva/parypanu.htm,,,6_sastra/3_phil/saiva,,
sa_parAtriMzikA-comm.xml,Parātriṃśikā with Abhinavagupta's Parātriṃśikāvivaraṇa (lacks the Apabhramsa passages),Parātriṃśikāvivaraṇa,,,Abhinavagupta,P0AT0157,,,,,http://gretil.sub.uni-goettingen.de/gretil/corpustei/transformations/html/sa_parAtriMzikA-comm.htm,http://gretil.sub.uni-goettingen.de/gretil/1_sanskr/6_sastra/3_phil/saiva/partrvau.htm,http://gretil.sub.uni-goettingen.de/gretil/1_sanskr/6_sastra/3_phil/saiva/partrvpu.htm,,,6_sastra/3_phil/saiva,,
sa_abhinavagupta-paramArthasAra.xml,Paramārthasāra,Paramārthasāra,,Abhinavagupta,Abhinavagupta,P0AT0157,,,,,http://gretil.sub.uni-goettingen.de/gretil/corpustei/transformations/html/sa_abhinavagupta-paramArthasAra.htm,http://gretil.sub.uni-goettingen.de/gretil/1_sanskr/6_sastra/3_phil/saiva/parmartu.htm,http://gretil.sub.uni-goettingen.de/gretil/1_sanskr/6_sastra/3_phil/saiva/parmartu.htm,https://archive.org/search.php?query=Paramarthasara,,6_sastra/3_phil/saiva,,
sa_kSemarAja-bodhavilAsa.xml,Bodhavilāsa,Bodhavilāsa,,Kṣemarāja,Kṣemarāja,P0AT0212,,,,,http://gretil.sub.uni-goettingen.de/gretil/corpustei/transformations/html/sa_kSemarAja-bodhavilAsa.htm,http://gretil.sub.uni-goettingen.de/gretil/1_sanskr/6_sastra/3_phil/saiva/ksembodhv_u.htm,http://gretil.sub.uni-goettingen.de/gretil/1_sanskr/6_sastra/3_phil/saiva/ksembodhv_u.htm,,,6_sastra/3_phil/saiva,,
sa_abhinavagupta-kramastotra.xml,Kramastotra,Kramastotra,,Abhinavagupta,Abhinavagupta,P0AT0157,,,,,http://gretil.sub.uni-goettingen.de/gretil/corpustei/transformations/html/sa_abhinavagupta-kramastotra.htm,http://gretil.sub.uni-goettingen.de/gretil/1_sanskr/6_sastra/3_phil/saiva/kramstou.htm,http://gretil.sub.uni-goettingen.de/gretil/1_sanskr/6_sastra/3_phil/saiva/kramstou.htm,,,6_sastra/3_phil/saiva,,
sa_abhinavagupta-bodhapaJcadazikA.xml,Bodhapañcadaśikā,Bodhapañcadaśikā,,Abhinavagupta,Abhinavagupta,P0AT0157,,,,,http://gretil.sub.uni-goettingen.de/gretil/corpustei/transformations/html/sa_abhinavagupta-bodhapaJcadazikA.htm,http://gretil.sub.uni-goettingen.de/gretil/1_sanskr/6_sastra/3_phil/saiva/bodhpanu.htm,http://gretil.sub.uni-goettingen.de/gretil/1_sanskr/6_sastra/3_phil/saiva/bodhpanu.htm,,,6_sastra/3_phil/saiva,,
sa_bhUtirAja-svabodhasiddhi.xml,Svabodhasiddhi,Svabodhasiddhi,,Bhūti(rāja),Bhūti(rāja),P0AT0211,,,,,http://gretil.sub.uni-goettingen.de/gretil/corpustei/transformations/html/sa_bhUtirAja-svabodhasiddhi.htm,http://gretil.sub.uni-goettingen.de/gretil/1_sanskr/6_sastra/3_phil/saiva/bhutisbs_u.htm,http://gretil.sub.uni-goettingen.de/gretil/1_sanskr/6_sastra/3_phil/saiva/bhutisbs_u.htm,,,6_sastra/3_phil/saiva,,
sa_abhinavagupta-bhairavastava.xml,Bhairavastava,Bhairavastava,,Abhinavagupta,Abhinavagupta,P0AT0157,,,,,http://gretil.sub.uni-goettingen.de/gretil/corpustei/transformations/html/sa_abhinavagupta-bhairavastava.htm,http://gretil.sub.uni-goettingen.de/gretil/1_sanskr/6_sastra/3_phil/saiva/bhairstu.htm,http://gretil.sub.uni-goettingen.de/gretil/1_sanskr/6_sastra/3_phil/saiva/bhairstu.htm,,,6_sastra/3_phil/saiva,,
sa_abhinavagupta-paramArthasAra-comm.xml,Paramārthasāra with Yogarāja's Paramārthasārasaṃgrahavivṛti commentary,Paramārthasāra,,Abhinavagupta,Abhinavagupta,P0AT0157,,,,,http://gretil.sub.uni-goettingen.de/gretil/corpustei/transformations/html/sa_abhinavagupta-paramArthasAra-comm.htm,http://gretil.sub.uni-goettingen.de/gretil/1_sanskr/6_sastra/3_phil/saiva/aparmyou.htm,http://gretil.sub.uni-goettingen.de/gretil/1_sanskr/6_sastra/3_phil/saiva/aparmyou.htm,https://archive.org/search.php?query=Paramarthasara,,6_sastra/3_phil/saiva,,
sa_abhinavagupta-anuttarASTikA.xml,Anuttarāṣṭikā,Anuttarāṣṭikā,,Abhinavagupta,Abhinavagupta,P0AT0157,,,,,http://gretil.sub.uni-goettingen.de/gretil/corpustei/transformations/html/sa_abhinavagupta-anuttarASTikA.htm,http://gretil.sub.uni-goettingen.de/gretil/1_sanskr/6_sastra/3_phil/saiva/anuttaru.htm,http://gretil.sub.uni-goettingen.de/gretil/1_sanskr/6_sastra/3_phil/saiva/anuttaru.htm,,,6_sastra/3_phil/saiva,,
sa_AdyanAtha-anuttaraprakAzapaJcAzikA.xml,Anuttaraprakāśapañcāśikā,Anuttaraprakāśapañcāśikhā,,Ādyanātha,Ādyanātha,P0AT0210,,,,,http://gretil.sub.uni-goettingen.de/gretil/corpustei/transformations/html/sa_AdyanAtha-anuttaraprakAzapaJcAzikA.htm,http://gretil.sub.uni-goettingen.de/gretil/1_sanskr/6_sastra/3_phil/saiva/adyappau.htm,http://gretil.sub.uni-goettingen.de/gretil/1_sanskr/6_sastra/3_phil/saiva/adyapppu.htm,,,6_sastra/3_phil/saiva,,
sa_abhinavagupta-tantrasAra.xml,Tantrasāra,Tantrasāra,,Abhinavagupta,Abhinavagupta,P0AT0157,,,,,http://gretil.sub.uni-goettingen.de/gretil/corpustei/transformations/html/sa_abhinavagupta-tantrasAra.htm,http://gretil.sub.uni-goettingen.de/gretil/1_sanskr/6_sastra/3_phil/saiva/abhtantu.htm,http://gretil.sub.uni-goettingen.de/gretil/1_sanskr/6_sastra/3_phil/saiva/abhtantu.htm,https://archive.org/search.php?query=Tantras%C4%81ra,,6_sastra/3_phil/saiva,,
sa_abhinavagupta-mAlinIzlokavArttika.xml,Mālinīślokavārttika,Mālinīślokavārttika: Kāṇḍa 1,,Abhinavagupta,Abhinavagupta,P0AT0157,,,,,http://gretil.sub.uni-goettingen.de/gretil/corpustei/transformations/html/sa_abhinavagupta-mAlinIzlokavArttika.htm,http://gretil.sub.uni-goettingen.de/gretil/1_sanskr/6_sastra/3_phil/saiva/abhmal1u.htm,http://gretil.sub.uni-goettingen.de/gretil/1_sanskr/6_sastra/3_phil/saiva/abhmal1u.htm,,,6_sastra/3_phil/saiva,,
sa_abhinavagupta-IzvarapratyabhijJAvimarzinI.xml,Īśvarapratyabhijñāvimarśinī,Īśvarapratyabhijñāvimarśinī,,Abhinavagupta,Abhinavagupta,P0AT0157,,,,,http://gretil.sub.uni-goettingen.de/gretil/corpustei/transformations/html/sa_abhinavagupta-IzvarapratyabhijJAvimarzinI.htm,http://gretil.sub.uni-goettingen.de/gretil/1_sanskr/6_sastra/3_phil/saiva/abhiprvu.htm,http://gretil.sub.uni-goettingen.de/gretil/1_sanskr/6_sastra/3_phil/saiva/abhiprvu.htm,,,6_sastra/3_phil/saiva,,
sa_vyAsatIrtha-tarkatANDava-comm.xml,Tarkatāṇḍava with Rāghavendratīrtha's Nyāyadīpa,Tarkatāṇḍava: Pariccheda 1,,Vyāsatīrtha,Vyāsatīrtha,P0AT0209,,,,,http://gretil.sub.uni-goettingen.de/gretil/corpustei/transformations/html/sa_vyAsatIrtha-tarkatANDava-comm.htm,http://gretil.sub.uni-goettingen.de/gretil/1_sanskr/6_sastra/3_phil/nyaya/vytrkt1u.htm,http://gretil.sub.uni-goettingen.de/gretil/1_sanskr/6_sastra/3_phil/nyaya/vytrkt1u.htm,,,6_sastra/3_phil/nyaya,,
sa_veGkaTanAtha-nyAyaparizuddhibhUmikA-13-5.xml,"Nyāyapariśuddhi, Bhūmikā, 1, 3-5",Nyāyapariśuddhi: Bhūmikā,,Veṅkaṭanātha [Vedāntadeśika],Veṅkaṭanātha [Vedāntadeśika],P0AT0208,,,,,http://gretil.sub.uni-goettingen.de/gretil/corpustei/transformations/html/sa_veGkaTanAtha-nyAyaparizuddhibhUmikA-13-5.htm,http://gretil.sub.uni-goettingen.de/gretil/1_sanskr/6_sastra/3_phil/nyaya/vnyps00u.htm,http://gretil.sub.uni-goettingen.de/gretil/1_sanskr/6_sastra/3_phil/nyaya/vnyps00u.htm,,,6_sastra/3_phil/nyaya,,
sa_udayana-nyAyakusumAJjali.xml,Nyāyakusumāñjali,Nyāyakusumāñjali: Stavaka 1,,Udayana,Udayana,P0AT0206,,,,,http://gretil.sub.uni-goettingen.de/gretil/corpustei/transformations/html/sa_udayana-nyAyakusumAJjali.htm,http://gretil.sub.uni-goettingen.de/gretil/1_sanskr/6_sastra/3_phil/nyaya/udnyku1u.htm,http://gretil.sub.uni-goettingen.de/gretil/1_sanskr/6_sastra/3_phil/nyaya/udnyku1u.htm,https://archive.org/search.php?query=Ny%C4%81yakusum%C4%81%C3%B1jali,,6_sastra/3_phil/nyaya,,
sa_siddhasenamahAmati-nyAyAvatAra-comm.xml,Nyāyāvatāra with the Nyāyāvatāravivṛti commentary by Siddharṣigaṇin,Nyāyāvatāra,,Siddhasenamahāmati,Siddhasena Mahāmati,P0AT0207,,,,,http://gretil.sub.uni-goettingen.de/gretil/corpustei/transformations/html/sa_siddhasenamahAmati-nyAyAvatAra-comm.htm,http://gretil.sub.uni-goettingen.de/gretil/1_sanskr/6_sastra/3_phil/nyaya/snyayvau.htm,http://gretil.sub.uni-goettingen.de/gretil/1_sanskr/6_sastra/3_phil/nyaya/snyayvpu.htm,https://archive.org/search.php?query=Ny%C4%81y%C4%81vat%C4%81ra,,6_sastra/3_phil/nyaya,,
sa_gautama-nyAyasUtra-comm.xml,Nyāyasūtra with Vātsyāyana's Nyāyabhāṣya,Nyāyasūtra,,Gautama,Gautama,P0AT0205,,,,,http://gretil.sub.uni-goettingen.de/gretil/corpustei/transformations/html/sa_gautama-nyAyasUtra-comm.htm,http://gretil.sub.uni-goettingen.de/gretil/1_sanskr/6_sastra/3_phil/nyaya/nysvbh1u.htm,http://gretil.sub.uni-goettingen.de/gretil/1_sanskr/6_sastra/3_phil/nyaya/nysvbh1u.htm,https://archive.org/search.php?query=Ny%C4%81yas%C5%ABtra,,6_sastra/3_phil/nyaya,,
sa_gautama-nyAyasUtra-comm-alt.xml,Nyāyasūtra with Vātsyāyana's Nyāyabhāṣya,Nyāyasūtra,,Gautama,Gautama,P0AT0205,,,,,http://gretil.sub.uni-goettingen.de/gretil/corpustei/transformations/html/sa_gautama-nyAyasUtra-comm-alt.htm,http://gretil.sub.uni-goettingen.de/gretil/1_sanskr/6_sastra/3_phil/nyaya/nysvbh_u.htm,http://gretil.sub.uni-goettingen.de/gretil/1_sanskr/6_sastra/3_phil/nyaya/nysvbh_u.htm,https://archive.org/search.php?query=Ny%C4%81yas%C5%ABtra,,6_sastra/3_phil/nyaya,,
"sa_gautama-nyAyasUtra5,1-comm.xml","Nyāyasūtra, 5.1 with Nyāyasūtrabhāṣya by Vātsyāyana",Nyāyasūtra 5.1,,Gautama,Gautama,P0AT0205,,,,,"http://gretil.sub.uni-goettingen.de/gretil/corpustei/transformations/html/sa_gautama-nyAyasUtra5,1-comm.htm",http://gretil.sub.uni-goettingen.de/gretil/1_sanskr/6_sastra/3_phil/nyaya/nysu51au.htm,http://gretil.sub.uni-goettingen.de/gretil/1_sanskr/6_sastra/3_phil/nyaya/nysu51pu.htm,https://archive.org/search.php?query=Ny%C4%81yas%C5%ABtra,,6_sastra/3_phil/nyaya,,
sa_gautama-nyAyasUtra-comm2.xml,Nyāyasūtra with Vacaspatimiśra's Nyāyavārttikatātparyaṭīkā,Nyāyasūtra,,Gautama,Gautama,P0AT0205,,,,,http://gretil.sub.uni-goettingen.de/gretil/corpustei/transformations/html/sa_gautama-nyAyasUtra-comm2.htm,http://gretil.sub.uni-goettingen.de/gretil/1_sanskr/6_sastra/3_phil/nyaya/nystik_u.htm,http://gretil.sub.uni-goettingen.de/gretil/1_sanskr/6_sastra/3_phil/nyaya/nystik_u.htm,https://archive.org/search.php?query=Ny%C4%81yas%C5%ABtra,,6_sastra/3_phil/nyaya,,
sa_udayana-nyAyavArttikatAtparyaparizuddhi-1.xml,Nyāyavārttikatātparyapariśuddhi 1,Nyāyavārttikatātparyapariśuddhi: Adhyāya 1.1,,Udayana,Udayana,P0AT0206,,,,,http://gretil.sub.uni-goettingen.de/gretil/corpustei/transformations/html/sa_udayana-nyAyavArttikatAtparyaparizuddhi-1.htm,http://gretil.sub.uni-goettingen.de/gretil/1_sanskr/6_sastra/3_phil/nyaya/nvtp1_1u.htm,http://gretil.sub.uni-goettingen.de/gretil/1_sanskr/6_sastra/3_phil/nyaya/nvtp1_1u.htm,,,6_sastra/3_phil/nyaya,,
sa_gautama-nyAyasUtra.xml,Nyāyasūtra,Nyāyasūtra,,Gautama,Gautama,P0AT0205,,,,,http://gretil.sub.uni-goettingen.de/gretil/corpustei/transformations/html/sa_gautama-nyAyasUtra.htm,http://gretil.sub.uni-goettingen.de/gretil/1_sanskr/6_sastra/3_phil/nyaya/gaunys_u.htm,http://gretil.sub.uni-goettingen.de/gretil/1_sanskr/6_sastra/3_phil/nyaya/gaunys_u.htm,https://archive.org/search.php?query=Ny%C4%81yas%C5%ABtra,,6_sastra/3_phil/nyaya,,
sa_gAGgeza-tattvacintAmaNizabdakhANDa.xml,"Tattvacintāmaṇi, Śabdakhāṇḍa from Śabdaprāmāṇyavāda to Jātiśaktivāda (incomplete)",Tattvacintāmaṇi,,Gāṅgeśa,Gaṅgeśa,P0AT0204,,,,,http://gretil.sub.uni-goettingen.de/gretil/corpustei/transformations/html/sa_gAGgeza-tattvacintAmaNizabdakhANDa.htm,http://gretil.sub.uni-goettingen.de/gretil/1_sanskr/6_sastra/3_phil/nyaya/gangtciu.htm,http://gretil.sub.uni-goettingen.de/gretil/1_sanskr/6_sastra/3_phil/nyaya/gangtciu.htm,https://archive.org/search.php?query=Tattvacint%C4%81ma%E1%B9%87i,,6_sastra/3_phil/nyaya,,
sa_annaMbhaTTa-tarkasaMgraha-comm.xml,"Tarkasaṃgraha with autoentary (Dīpikā), Nīlakaṇṭha's Dīpikāprakāśikā and Bālapriyā",Tarkasaṃgraha,,Annaṃbhaṭṭa,Annambhaṭṭa,P0AT0203,,,,,http://gretil.sub.uni-goettingen.de/gretil/corpustei/transformations/html/sa_annaMbhaTTa-tarkasaMgraha-comm.htm,http://gretil.sub.uni-goettingen.de/gretil/1_sanskr/6_sastra/3_phil/nyaya/antsdi_u.htm,http://gretil.sub.uni-goettingen.de/gretil/1_sanskr/6_sastra/3_phil/nyaya/antsdi_u.htm,https://archive.org/search.php?query=Tarkasa%E1%B9%83graha; https://archive.org/search.php?query=Tarkasa%E1%B9%85graha,,6_sastra/3_phil/nyaya,,
sa_annaMbhatta-tarkasaMgraha.xml,Tarkasaṃgraha,Tarkasaṃgraha,,Annaṃbhatta,Annambhaṭṭa,P0AT0203,,,,,http://gretil.sub.uni-goettingen.de/gretil/corpustei/transformations/html/sa_annaMbhatta-tarkasaMgraha.htm,http://gretil.sub.uni-goettingen.de/gretil/1_sanskr/6_sastra/3_phil/nyaya/antarkau.htm,http://gretil.sub.uni-goettingen.de/gretil/1_sanskr/6_sastra/3_phil/nyaya/antarkpu.htm,https://archive.org/search.php?query=Tarkasa%E1%B9%83graha; https://archive.org/search.php?query=Tarkasa%E1%B9%85graha,,6_sastra/3_phil/nyaya,,
sa_pArthasArathimizra-zAstradIpikA.xml,"Śāstradīpikā (Jaimini's Mīmāṃsāsūtra 1,1.1-23)",Śāstradīpikā,,Pārthasārathimiśra,Pārthasārathi Miśra,P0AT0202,,,,,http://gretil.sub.uni-goettingen.de/gretil/corpustei/transformations/html/sa_pArthasArathimizra-zAstradIpikA.htm,http://gretil.sub.uni-goettingen.de/gretil/1_sanskr/6_sastra/3_phil/mimamsa/sastrdiu.htm,http://gretil.sub.uni-goettingen.de/gretil/1_sanskr/6_sastra/3_phil/mimamsa/sastrdiu.htm,https://archive.org/search.php?query=%C5%9A%C4%81strad%C4%ABpik%C4%81,,6_sastra/3_phil/mimamsa,,
"sa_zabara-mImAMsAsUtrabhASya-1,1,1-5.xml",Mīmāṃsāsūtrabhāṣya 1.1.1-5,Mīmāṃsāsūtrabhāṣya,,Śabara,Śabara,P0AT0201,,,,,"http://gretil.sub.uni-goettingen.de/gretil/corpustei/transformations/html/sa_zabara-mImAMsAsUtrabhASya-1,1,1-5.htm",http://gretil.sub.uni-goettingen.de/gretil/1_sanskr/6_sastra/3_phil/mimamsa/sabbha1u.htm,http://gretil.sub.uni-goettingen.de/gretil/1_sanskr/6_sastra/3_phil/mimamsa/sabbha1u.htm,,,6_sastra/3_phil/mimamsa,,
sa_zAlikanAthamizra-prakaraNapaJcikA-comm.xml,Prakaraṇapañcikā with Nārāyaṇabhaṭṭa's Nyāyasiddhi,Prakaraṇapañcikā: Prakaraṇa 1,,Śālikanāthamiśra,Śālikanāthamiśra,P0AT0200,,,,,http://gretil.sub.uni-goettingen.de/gretil/corpustei/transformations/html/sa_zAlikanAthamizra-prakaraNapaJcikA-comm.htm,http://gretil.sub.uni-goettingen.de/gretil/1_sanskr/6_sastra/3_phil/mimamsa/prakp01u.htm,http://gretil.sub.uni-goettingen.de/gretil/1_sanskr/6_sastra/3_phil/mimamsa/prakp01u.htm,https://archive.org/details/prakaranapacika00alik/mode/2up,,6_sastra/3_phil/mimamsa,,
sa_jaimini-mImAMsAsUtra-1-7-comm.xml,Mīmāṃsāsūtra 1-7 with Śabara's Bhāṣya,Mīmāṃsāsūtra,,Jaimini,Jaimini,P0AT0196,,,,,http://gretil.sub.uni-goettingen.de/gretil/corpustei/transformations/html/sa_jaimini-mImAMsAsUtra-1-7-comm.htm,http://gretil.sub.uni-goettingen.de/gretil/1_sanskr/6_sastra/3_phil/mimamsa/msbh1-7u.htm,http://gretil.sub.uni-goettingen.de/gretil/1_sanskr/6_sastra/3_phil/mimamsa/msbh1-7u.htm,,,6_sastra/3_phil/mimamsa,,
sa_mAdhava-jaiminIyanyAyamAlAvistara.xml,"Jaiminīyanyāyamālāvistara a metrical exposition of Jaimini's Mīmāṃsāsūtra, with Mādhava's prose commentary",Jaiminīyanyāyamālāvistara: Adhyāya 1,,Mādhava,Mādhava,P0AT0199,,,,,http://gretil.sub.uni-goettingen.de/gretil/corpustei/transformations/html/sa_mAdhava-jaiminIyanyAyamAlAvistara.htm,http://gretil.sub.uni-goettingen.de/gretil/1_sanskr/6_sastra/3_phil/mimamsa/mjnya01u.htm,http://gretil.sub.uni-goettingen.de/gretil/1_sanskr/6_sastra/3_phil/mimamsa/mjnya01u.htm,,,6_sastra/3_phil/mimamsa,,
sa_sucaritamizra-mImAMsAzlokavArttika.xml,Mīmāṃsāślokavārttika,Mīmāṃsāślokavārttikakāśikā,,Sucaritamiśra,Sucaritamiśra,P0AT0198,,,,,http://gretil.sub.uni-goettingen.de/gretil/corpustei/transformations/html/sa_sucaritamizra-mImAMsAzlokavArttika.htm,http://gretil.sub.uni-goettingen.de/gretil/1_sanskr/6_sastra/3_phil/mimamsa/mimsvtku.htm,http://gretil.sub.uni-goettingen.de/gretil/1_sanskr/6_sastra/3_phil/mimamsa/mimsvtku.htm,,,6_sastra/3_phil/mimamsa,,
sa_kumArila-mImAMsazlokavArttika-comm.xml,Mīmāṃsaślokavārttika with Sucaritamiśra's Kāśikā,Mīmāṃsāślokavārttika,,Kumārila,Kumārila Bhaṭṭa,P0AT0197,,,,,http://gretil.sub.uni-goettingen.de/gretil/corpustei/transformations/html/sa_kumArila-mImAMsazlokavArttika-comm.htm,http://gretil.sub.uni-goettingen.de/gretil/1_sanskr/6_sastra/3_phil/mimamsa/mimslovu.htm,http://gretil.sub.uni-goettingen.de/gretil/1_sanskr/6_sastra/3_phil/mimamsa/mimslovu.htm,https://archive.org/search.php?query=M%C4%ABm%C4%81%E1%B9%83s%C4%81%C5%9Blokav%C4%81rttika,,6_sastra/3_phil/mimamsa,,
"sa_kumArila-tantravArttika-2,1,1-4.xml",Tantravārttika 2.1.1-4,Tantravārttika 2.1.1–4,,Kumārila,Kumārila [Kumārilabhaṭṭa],P0AT0197,,,,,"http://gretil.sub.uni-goettingen.de/gretil/corpustei/transformations/html/sa_kumArila-tantravArttika-2,1,1-4.htm",http://gretil.sub.uni-goettingen.de/gretil/1_sanskr/6_sastra/3_phil/mimamsa/ktv_2-1u.htm,http://gretil.sub.uni-goettingen.de/gretil/1_sanskr/6_sastra/3_phil/mimamsa/ktv_2-1u.htm,https://archive.org/search.php?query=Tantrav%C4%81rttika,,6_sastra/3_phil/mimamsa,,
"sa_khaNDadeva-bhATTadIpikA1-3,3.xml","Bhāṭṭadīpikā, 1-3,3 a commentary on Jaimini's Mīmāṃsāsūtra, with Śaṃbhubhaṭṭa's Prabhāvalī","Bhāṭṭadīpikā: Adhyāya 1, Adhikaraṇa 1",A commentary on Jaimini's Mīmāṃsāsūtra,Khaṇḍadeva,Khaṇḍadeva,,,,,,"http://gretil.sub.uni-goettingen.de/gretil/corpustei/transformations/html/sa_khaNDadeva-bhATTadIpikA1-3,3.htm",http://gretil.sub.uni-goettingen.de/gretil/1_sanskr/6_sastra/3_phil/mimamsa/jsbh1-1u.htm,http://gretil.sub.uni-goettingen.de/gretil/1_sanskr/6_sastra/3_phil/mimamsa/jsbh1-1u.htm,,,6_sastra/3_phil/mimamsa,,
sa_jaimini-mImAMsAsUtra.xml,Mīmāṃsāsūtra,Mīmāṃsāsūtra,,Jaimini,Jaimini,P0AT0196,,,,,http://gretil.sub.uni-goettingen.de/gretil/corpustei/transformations/html/sa_jaimini-mImAMsAsUtra.htm,http://gretil.sub.uni-goettingen.de/gretil/1_sanskr/6_sastra/3_phil/mimamsa/jaimsutu.htm,http://gretil.sub.uni-goettingen.de/gretil/1_sanskr/6_sastra/3_phil/mimamsa/jaimsutu.htm,,,6_sastra/3_phil/mimamsa,,
sa_durvekamizra-dharmottarapradIpa.xml,Dharmottarapradīpa subcommentary on Dharmottara's Nyāyabinduṭīkā on Dharmakīrti's Nyāyabindu,Dharmottarapradīpa,,Durvekamiśra,Durvekamiśra,P0ER0008,,,,,http://gretil.sub.uni-goettingen.de/gretil/corpustei/transformations/html/sa_durvekamizra-dharmottarapradIpa.htm,http://gretil.sub.uni-goettingen.de/gretil/1_sanskr/6_sastra/3_phil/buddh/durdhpru.htm,http://gretil.sub.uni-goettingen.de/gretil/1_sanskr/6_sastra/3_phil/buddh/durdhpru.htm,https://archive.org/search.php?query=Dharmottaraprad%C4%ABpa,,6_sastra/3_phil/buddh,,
sa_durvekamizra-hetubinduTIkAloka.xml,Hetubinduṭīkāloka (subcommentary on Arcaṭa's Hetubinduṭīkā on Dharmakīrti's Hetubindu),Hetubinduṭīkāloka,,Durvekamiśra,Durveka Miśra,P0ER0008,,,,,http://gretil.sub.uni-goettingen.de/gretil/corpustei/transformations/html/sa_durvekamizra-hetubinduTIkAloka.htm,http://gretil.sub.uni-goettingen.de/gretil/1_sanskr/6_sastra/3_phil/buddh/dhebta_u.htm,http://gretil.sub.uni-goettingen.de/gretil/1_sanskr/6_sastra/3_phil/buddh/dhebta_u.htm,,,6_sastra/3_phil/buddh,,
sa_vAsiSThadharmasUtra.xml,Vāsiṣṭhadharmasūtra,Vāsiṣṭadharmasūtra,,,,,,,,,http://gretil.sub.uni-goettingen.de/gretil/corpustei/transformations/html/sa_vAsiSThadharmasUtra.htm,http://gretil.sub.uni-goettingen.de/gretil/1_sanskr/6_sastra/4_dharma/sutra/vasist_u.htm,http://gretil.sub.uni-goettingen.de/gretil/1_sanskr/6_sastra/4_dharma/sutra/vasist_u.htm,,,6_sastra/4_dharma/sutra,,
sa_vaikhAnasadharmasUtra.xml,Vaikhānasadharmasūtra,Vaikhānasa Dharmasūtra 1–3 [Vaikhānasa Smārtasūtra 8-10],,,,,,,,,http://gretil.sub.uni-goettingen.de/gretil/corpustei/transformations/html/sa_vaikhAnasadharmasUtra.htm,http://gretil.sub.uni-goettingen.de/gretil/1_sanskr/6_sastra/4_dharma/sutra/vaikhd_u.htm,http://gretil.sub.uni-goettingen.de/gretil/1_sanskr/6_sastra/4_dharma/sutra/vaikhd_u.htm,,,6_sastra/4_dharma/sutra,,
sa_gautama-dharmasUtra1-3-comm.xml,"Dharmasūtra, 1-3 with Maskari's commentary Gautamasmṛtibhāṣya",Gautama-Dharmasūtra,,Gautama,,,,,,,http://gretil.sub.uni-goettingen.de/gretil/corpustei/transformations/html/sa_gautama-dharmasUtra1-3-comm.htm,http://gretil.sub.uni-goettingen.de/gretil/1_sanskr/6_sastra/4_dharma/sutra/gautdhcu.htm,http://gretil.sub.uni-goettingen.de/gretil/1_sanskr/6_sastra/4_dharma/sutra/gautdhcu.htm,https://archive.org/search.php?query=Gautama-Dharmas%C5%ABtra,,6_sastra/4_dharma/sutra,,
sa_gautama-dharmasUtra.xml,Dharmasūtra,Gautama-Dharmasūtra,,Gautama,,,,,,,http://gretil.sub.uni-goettingen.de/gretil/corpustei/transformations/html/sa_gautama-dharmasUtra.htm,http://gretil.sub.uni-goettingen.de/gretil/1_sanskr/6_sastra/4_dharma/sutra/gautdh_u.htm,http://gretil.sub.uni-goettingen.de/gretil/1_sanskr/6_sastra/4_dharma/sutra/gautdh_u.htm,https://archive.org/search.php?query=Gautama-Dharmas%C5%ABtra,,6_sastra/4_dharma/sutra,,
sa_baudhAyanadharmasUtra.xml,Baudhāyanadharmasūtra,Baudhāyana-Dharmasūtra,,,,,,,,,http://gretil.sub.uni-goettingen.de/gretil/corpustei/transformations/html/sa_baudhAyanadharmasUtra.htm,http://gretil.sub.uni-goettingen.de/gretil/1_sanskr/6_sastra/4_dharma/sutra/baudhd_u.htm,http://gretil.sub.uni-goettingen.de/gretil/1_sanskr/6_sastra/4_dharma/sutra/baudhd_u.htm,https://archive.org/search.php?query=Baudh%C4%81yana-Dharmas%C5%ABtra,,6_sastra/4_dharma/sutra,,
sa_ApastambadharmasUtra.xml,Āpastambadharmasūtra,Āpastamba-Dharmasūtra,,,,,,,,,http://gretil.sub.uni-goettingen.de/gretil/corpustei/transformations/html/sa_ApastambadharmasUtra.htm,http://gretil.sub.uni-goettingen.de/gretil/1_sanskr/6_sastra/4_dharma/sutra/apastd_u.htm,http://gretil.sub.uni-goettingen.de/gretil/1_sanskr/6_sastra/4_dharma/sutra/apastd_u.htm,https://archive.org/search.php?query=%C4%80pastamba-Dharmas%C5%ABtra,,6_sastra/4_dharma/sutra,,
sa_yamasmRti-s.xml,Yamasmṛti (South Indian recension),Yamasmṛti,South Indian recension,,,,,,,,http://gretil.sub.uni-goettingen.de/gretil/corpustei/transformations/html/sa_yamasmRti-s.htm,,http://gretil.sub.uni-goettingen.de/gretil/1_sanskr/6_sastra/4_dharma/smrti/yssoutpu.htm,,,,,
sa_yamasmRti-182v.xml,"Bṛhadyamasmṛti (Yamasmṛti, 182-verse version)",Bṛhadyamasmṛti,,,,,,,,,http://gretil.sub.uni-goettingen.de/gretil/corpustei/transformations/html/sa_yamasmRti-182v.htm,,http://gretil.sub.uni-goettingen.de/gretil/1_sanskr/6_sastra/4_dharma/smrti/ys182_au.htm,,,,,
sa_yamasmRti-99v.xml,"Laghuyamasmṛti (Yamasmṛti, 99-verse version)",Laghuyamasmṛti,,,,,,,,,http://gretil.sub.uni-goettingen.de/gretil/corpustei/transformations/html/sa_yamasmRti-99v.htm,,http://gretil.sub.uni-goettingen.de/gretil/1_sanskr/6_sastra/4_dharma/smrti/ys-99_au.htm,,,,,
sa_yamasmRti-78v.xml,Yamasmṛti (78-verse version),Yamasmṛti,,,,,,,,,http://gretil.sub.uni-goettingen.de/gretil/corpustei/transformations/html/sa_yamasmRti-78v.htm,,http://gretil.sub.uni-goettingen.de/gretil/1_sanskr/6_sastra/4_dharma/smrti/ys-78_pu.htm,,,,,
sa_yAjJavalkyasmRti.xml,Yājñavalkyasmṛti,Yājñavalkyasmṛti,,,Yogīśvara Yājñavalkya,P0AT0239,,,,,http://gretil.sub.uni-goettingen.de/gretil/corpustei/transformations/html/sa_yAjJavalkyasmRti.htm,,http://gretil.sub.uni-goettingen.de/gretil/1_sanskr/6_sastra/4_dharma/smrti/yajn2_pu.htm,https://archive.org/search.php?query=Yajnavalkyasmrti,,,,
sa_viSNusmRti.xml,Viṣṇusmṛti,Viṣṇusmṛti,,,,,,,,,http://gretil.sub.uni-goettingen.de/gretil/corpustei/transformations/html/sa_viSNusmRti.htm,,http://gretil.sub.uni-goettingen.de/gretil/1_sanskr/6_sastra/4_dharma/smrti/visnu_pu.htm,https://archive.org/search.php?query=Vi%E1%B9%A3%E1%B9%87usm%E1%B9%9Bti,,,,
sa_vijJAnezvara-mitAkSarA.xml,"Mitākṣarā, a commentary on the Yājñavalkya-dharmaśāstra",Mitākṣarā,A commentary on the Yājñavalkya-dharmaśāstra,Vijñāneśvara,Vijñāneśvara,P0AT0267,,,,,http://gretil.sub.uni-goettingen.de/gretil/corpustei/transformations/html/sa_vijJAnezvara-mitAkSarA.htm,,http://gretil.sub.uni-goettingen.de/gretil/corpustei/transformations/html/sa_vijJAnezvara-mitAkSarA.htm,https://archive.org/search.php?query=Mit%C4%81k%E1%B9%A3ar%C4%81,,,,
sa_parAzarasmRti-AcAra-prAyazcitta.xml,Parāśaradharmasaṃhitā (= Parāśarasmṛti),Parāśaradharmasaṃhitā [Parāśarasmṛti]: Kāṇḍas 1 & 2,,,,,,,,,http://gretil.sub.uni-goettingen.de/gretil/corpustei/transformations/html/sa_parAzarasmRti-AcAra-prAyazcitta.htm,,http://gretil.sub.uni-goettingen.de/gretil/1_sanskr/6_sastra/4_dharma/smrti/pars2_pu.htm,,,,,
sa_nAradasmRti.xml,Nāradasmṛti,Nāradasmṛti,,,,,,,,,http://gretil.sub.uni-goettingen.de/gretil/corpustei/transformations/html/sa_nAradasmRti.htm,,http://gretil.sub.uni-goettingen.de/gretil/1_sanskr/6_sastra/4_dharma/smrti/nars2_pu.htm,,,,,
sa_manusmRti.xml,Manusmṛti,Manusmṛti,,,,,,,,,http://gretil.sub.uni-goettingen.de/gretil/corpustei/transformations/html/sa_manusmRti.htm,,http://gretil.sub.uni-goettingen.de/gretil/1_sanskr/6_sastra/4_dharma/smrti/manu2p_u.htm,https://archive.org/search.php?query=Manusm%E1%B9%9Bti,,,,
sa_kAtyAyanasmRti.xml,Kātyāyanasmṛti,Kātyāyanasmṛti [Kātyāyanasmṛtisāroddhāra],,,,,,,,,http://gretil.sub.uni-goettingen.de/gretil/corpustei/transformations/html/sa_kAtyAyanasmRti.htm,,http://gretil.sub.uni-goettingen.de/gretil/1_sanskr/6_sastra/4_dharma/smrti/katy2p_u.htm,https://archive.org/search.php?query=K%C4%81ty%C4%81yanasm%E1%B9%9Bti,,,,
sa_bRhaspatismRti-vyavahArakANDa.xml,Bṛhaspatismṛti (vyavahārakaṇḍa),Bṛhaspatismṛti: Vyavahārakāṇḍa,,,,,,,,Reconstructed,http://gretil.sub.uni-goettingen.de/gretil/corpustei/transformations/html/sa_bRhaspatismRti-vyavahArakANDa.htm,,http://gretil.sub.uni-goettingen.de/gretil/1_sanskr/6_sastra/4_dharma/smrti/brhasppu.htm,https://archive.org/search.php?query=B%E1%B9%9Bhaspatism%E1%B9%9Bti,,,,
sa_AGgirasasmRti.xml,Āṅgirasasmṛti,Āṅgirasasmṛti,,,,,,,,,http://gretil.sub.uni-goettingen.de/gretil/corpustei/transformations/html/sa_AGgirasasmRti.htm,,http://gretil.sub.uni-goettingen.de/gretil/1_sanskr/6_sastra/4_dharma/smrti/angirspu.htm,https://archive.org/search.php?query=%C4%80%E1%B9%85girasasm%E1%B9%9Bti,,,,
sa_varAhamihira-yogayAtrA-edjha.xml,Yogayātrā,Yogayātrā,,Varāhamihira,Varāhamihira,P0AT0258,,,,,http://gretil.sub.uni-goettingen.de/gretil/corpustei/transformations/html/sa_varAhamihira-yogayAtrA-edjha.htm,http://gretil.sub.uni-goettingen.de/gretil/1_sanskr/6_sastra/8_jyot/yogay2_u.htm,http://gretil.sub.uni-goettingen.de/gretil/1_sanskr/6_sastra/8_jyot/yogay2_u.htm,,,6_sastra/8_jyot,,
sa_varAhamihira-yogayAtrA-edpingree.xml,Yogayātrā,Yogayātrā,,Varāhamihira,Varāhamihira,P0AT0258,,,,,http://gretil.sub.uni-goettingen.de/gretil/corpustei/transformations/html/sa_varAhamihira-yogayAtrA-edpingree.htm,http://gretil.sub.uni-goettingen.de/gretil/1_sanskr/6_sastra/8_jyot/yogay1_u.htm,http://gretil.sub.uni-goettingen.de/gretil/1_sanskr/6_sastra/8_jyot/yogay1_u.htm,,,6_sastra/8_jyot,,
sa_varAhamihira-vivAhapaTala.xml,Vivāhapaṭala,Vivāhapaṭala,,Varāhamihira,Varāhamihira,P0AT0258,,,,,http://gretil.sub.uni-goettingen.de/gretil/corpustei/transformations/html/sa_varAhamihira-vivAhapaTala.htm,http://gretil.sub.uni-goettingen.de/gretil/1_sanskr/6_sastra/8_jyot/vivahapu.htm,http://gretil.sub.uni-goettingen.de/gretil/1_sanskr/6_sastra/8_jyot/vivahapu.htm,https://archive.org/details/vivahapatalasarasamuchayakrishnashnakarkeshvaramraikwanirnayasagarpress_202003_949_t/mode/2up,,6_sastra/8_jyot,,
sa_varAhamihira-tikanikayAtra.xml,Tikanikayātra,Tikanikayātrā,,Varāhamihira,Varāhamihira,P0AT0258,,,,,http://gretil.sub.uni-goettingen.de/gretil/corpustei/transformations/html/sa_varAhamihira-tikanikayAtra.htm,http://gretil.sub.uni-goettingen.de/gretil/1_sanskr/6_sastra/8_jyot/tikaniku.htm,http://gretil.sub.uni-goettingen.de/gretil/1_sanskr/6_sastra/8_jyot/tikaniku.htm,,,6_sastra/8_jyot,,
sa_sUryasiddhAnta.xml,Sūryasiddhānta,Sūryasiddhānta,,,,,,,,,http://gretil.sub.uni-goettingen.de/gretil/corpustei/transformations/html/sa_sUryasiddhAnta.htm,http://gretil.sub.uni-goettingen.de/gretil/1_sanskr/6_sastra/8_jyot/surysidu.htm,http://gretil.sub.uni-goettingen.de/gretil/1_sanskr/6_sastra/8_jyot/surysidu.htm,https://archive.org/search.php?query=S%C5%ABryasiddh%C4%81nta,,6_sastra/8_jyot,,
sa_bhAskara-lIlAvatI.xml,Līlāvatī,Līlāvatī,,Bhāskara,Bhāskara,P0AT0229,,,,,http://gretil.sub.uni-goettingen.de/gretil/corpustei/transformations/html/sa_bhAskara-lIlAvatI.htm,http://gretil.sub.uni-goettingen.de/gretil/1_sanskr/6_sastra/8_jyot/lilavatu.htm,http://gretil.sub.uni-goettingen.de/gretil/1_sanskr/6_sastra/8_jyot/lilavatu.htm,https://archive.org/search.php?query=L%C4%ABl%C4%81vat%C4%AB,,6_sastra/8_jyot,,
sa_lagadha-RgvedavedAGgajyotiSa.xml,Ṛgvedavedāṅgajyotiṣa,Ṛgvedavedāṅgajyotiṣa,The title of the work should rather be Vedāṅgajyotiṣa.,Lagadha,Lagadha,P0AT0260,,,,,http://gretil.sub.uni-goettingen.de/gretil/corpustei/transformations/html/sa_lagadha-RgvedavedAGgajyotiSa.htm,http://gretil.sub.uni-goettingen.de/gretil/1_sanskr/6_sastra/8_jyot/lagrvvju.htm,http://gretil.sub.uni-goettingen.de/gretil/1_sanskr/6_sastra/8_jyot/lagrvvju.htm,https://archive.org/details/VedangaJyotisa,,6_sastra/8_jyot,,
sa_brahmagupta-brAhmasphuTasiddhAnta.xml,Brāhmasphuṭasiddhānta,Brāhmasphuṭasiddhānta,,Brahmagupta,Brahmagupta,P0AT0259,,,,,http://gretil.sub.uni-goettingen.de/gretil/corpustei/transformations/html/sa_brahmagupta-brAhmasphuTasiddhAnta.htm,http://gretil.sub.uni-goettingen.de/gretil/1_sanskr/6_sastra/8_jyot/brsphutu.htm,http://gretil.sub.uni-goettingen.de/gretil/1_sanskr/6_sastra/8_jyot/brsphutu.htm,https://archive.org/search.php?query=Brahmasphu%E1%B9%ADasiddh%C4%81nta,,6_sastra/8_jyot,,
sa_varAhamihira-bRhatsaMhitA.xml,Bṛhatsaṃhitā,Bṛhatsaṃhitā,,Varāhamihira,Varāhamihira,P0AT0258,,,,,http://gretil.sub.uni-goettingen.de/gretil/corpustei/transformations/html/sa_varAhamihira-bRhatsaMhitA.htm,http://gretil.sub.uni-goettingen.de/gretil/1_sanskr/6_sastra/8_jyot/brhats_u.htm,http://gretil.sub.uni-goettingen.de/gretil/1_sanskr/6_sastra/8_jyot/brhats_u.htm,https://archive.org/search.php?query=B%E1%B9%9Bhatsa%E1%B9%83hit%C4%81,,6_sastra/8_jyot,,
sa_varAhamihira-bRhajjAtaka.xml,Bṛhajjātaka,Bṛhajjātaka,,Varāhamihira,Varāhamihira,P0AT0258,,,,,http://gretil.sub.uni-goettingen.de/gretil/corpustei/transformations/html/sa_varAhamihira-bRhajjAtaka.htm,http://gretil.sub.uni-goettingen.de/gretil/1_sanskr/6_sastra/8_jyot/brhajj_u.htm,http://gretil.sub.uni-goettingen.de/gretil/1_sanskr/6_sastra/8_jyot/brhajj_u.htm,,,6_sastra/8_jyot,,
sa_bhAskara-bIjagaNita.xml,Bījagaṇita,Bījagaṇita,,Bhāskara,Bhāskara,P0AT0229,,,,,http://gretil.sub.uni-goettingen.de/gretil/corpustei/transformations/html/sa_bhAskara-bIjagaNita.htm,http://gretil.sub.uni-goettingen.de/gretil/1_sanskr/6_sastra/8_jyot/bijaganu.htm,http://gretil.sub.uni-goettingen.de/gretil/1_sanskr/6_sastra/8_jyot/bijaganu.htm,https://archive.org/search.php?query=B%C4%ABjaga%E1%B9%87ita,,6_sastra/8_jyot,,
sa_AryabhaTa-AryabhaTIya-comm.xml,Āryabhaṭīya with the Commentary of Bhāskara I and Someśvara,Āryabhaṭīya,,Āryabhaṭa,Āryabhaṭa,P0AT0256,,,,,http://gretil.sub.uni-goettingen.de/gretil/corpustei/transformations/html/sa_AryabhaTa-AryabhaTIya-comm.htm,http://gretil.sub.uni-goettingen.de/gretil/1_sanskr/6_sastra/8_jyot/aryabhcu.htm,http://gretil.sub.uni-goettingen.de/gretil/1_sanskr/6_sastra/8_jyot/aryabhcu.htm,https://archive.org/search.php?query=%C4%80ryabha%E1%B9%AD%C4%ABya,,6_sastra/8_jyot,,
sa_AryabhaTa-AryabhaTIya.xml,Āryabhaṭīya,Āryabhaṭīya,,Āryabhaṭa,Āryabhaṭa,P0AT0256,,,,,http://gretil.sub.uni-goettingen.de/gretil/corpustei/transformations/html/sa_AryabhaTa-AryabhaTIya.htm,http://gretil.sub.uni-goettingen.de/gretil/1_sanskr/6_sastra/8_jyot/aryabh_u.htm,http://gretil.sub.uni-goettingen.de/gretil/1_sanskr/6_sastra/8_jyot/aryabh_u.htm,https://archive.org/search.php?query=%C4%80ryabha%E1%B9%AD%C4%ABya,,6_sastra/8_jyot,,
sa_yazodhara-rasaprakAzasudhAkara.xml,Rasaprakāśasudhākara,Rasaprakāśasudhākara,,Yaśodhara,Yaśodhara,P0AT0255,,,,,http://gretil.sub.uni-goettingen.de/gretil/corpustei/transformations/html/sa_yazodhara-rasaprakAzasudhAkara.htm,http://gretil.sub.uni-goettingen.de/gretil/1_sanskr/6_sastra/7_ayur/yrasprau.htm,http://gretil.sub.uni-goettingen.de/gretil/1_sanskr/6_sastra/7_ayur/yrasprpu.htm,https://archive.org/details/rasaprakasasudhakara1923,,6_sastra/7_ayur,,
sa_yogazataka.xml,Yogaśataka,Yogaśataka,,,,,,,,,http://gretil.sub.uni-goettingen.de/gretil/corpustei/transformations/html/sa_yogazataka.htm,http://gretil.sub.uni-goettingen.de/gretil/1_sanskr/6_sastra/7_ayur/yogasatu.htm,http://gretil.sub.uni-goettingen.de/gretil/1_sanskr/6_sastra/7_ayur/yogasatu.htm,https://archive.org/search.php?query=Yoga%C5%9Bataka,,6_sastra/7_ayur,,
"sa_vAgbhaTa-rasaratnasamuccaya-1-18,29.xml","Rasaratnasamuccaya 1-18.29 with commentaries: 1) Rasaratnasamuccayabodhinī, by Āśubodhavidyābhūṣaṇa and Nityabodhavidyāratna (= Asubodha & Nityabodha Senagupta, Calcutta based editors and publishers) 2) Rasaratnasamuccayaṭīkā",Rasaratnasamuccaya,,Vāgbhaṭa,Vāgbhaṭa,,,,,,"http://gretil.sub.uni-goettingen.de/gretil/corpustei/transformations/html/sa_vAgbhaTa-rasaratnasamuccaya-1-18,29.htm",http://gretil.sub.uni-goettingen.de/gretil/1_sanskr/6_sastra/7_ayur/vrasrscu.htm,http://gretil.sub.uni-goettingen.de/gretil/1_sanskr/6_sastra/7_ayur/vrasrscu.htm,https://archive.org/details/VagbhataRasaratnasamuccaya1927/mode/2up,,6_sastra/7_ayur,,
sa_vAgbhaTa-rasaratnasamuccaya.xml,Rasaratnasamuccaya,Rasaratnasamuccaya,,Vāgbhaṭa,Vāgbhaṭa,,,,,,http://gretil.sub.uni-goettingen.de/gretil/corpustei/transformations/html/sa_vAgbhaTa-rasaratnasamuccaya.htm,http://gretil.sub.uni-goettingen.de/gretil/1_sanskr/6_sastra/7_ayur/vrasrs_u.htm,http://gretil.sub.uni-goettingen.de/gretil/1_sanskr/6_sastra/7_ayur/vrasrs_u.htm,https://archive.org/details/VagbhataRasaratnasamuccaya1927/mode/2up,,6_sastra/7_ayur,,
sa_vAhaTa-aSTAGganighaNTu.xml,Aṣṭāṅganighaṇṭu,Aṣṭāṅganighaṇṭu,,Vāhaṭa,Vāhaṭa,,,,,,http://gretil.sub.uni-goettingen.de/gretil/corpustei/transformations/html/sa_vAhaTa-aSTAGganighaNTu.htm,http://gretil.sub.uni-goettingen.de/gretil/1_sanskr/6_sastra/7_ayur/vanighau.htm,http://gretil.sub.uni-goettingen.de/gretil/1_sanskr/6_sastra/7_ayur/vanighpu.htm,,,6_sastra/7_ayur,,
sa_vAgbhaTa-aSTAGgahRdayasUtra.xml,Aṣṭāṅgahṛdayasūtra,Aṣṭāṅgahṛdayasūtra,,Vāgbhaṭa,Vāgbhaṭa,,,,,,http://gretil.sub.uni-goettingen.de/gretil/corpustei/transformations/html/sa_vAgbhaTa-aSTAGgahRdayasUtra.htm,http://gretil.sub.uni-goettingen.de/gretil/1_sanskr/6_sastra/7_ayur/vagaah_u.htm,http://gretil.sub.uni-goettingen.de/gretil/1_sanskr/6_sastra/7_ayur/vagaah_u.htm,,,6_sastra/7_ayur,,
sa_suSeNa-Ayurvedamahodadhau-annapAnavidhi.xml,Āyurvedamahodadhau annapānavidhi,Āyurvedamahodadhau Annapānavidhi,,Suṣeṇa,Suṣeṇa,P0AT0253,,,,,http://gretil.sub.uni-goettingen.de/gretil/corpustei/transformations/html/sa_suSeNa-Ayurvedamahodadhau-annapAnavidhi.htm,http://gretil.sub.uni-goettingen.de/gretil/1_sanskr/6_sastra/7_ayur/samapviu.htm,http://gretil.sub.uni-goettingen.de/gretil/1_sanskr/6_sastra/7_ayur/samapviu.htm,,,6_sastra/7_ayur,,
sa_zAlinAtha-rasamaJjarI.xml,Rasamañjarī,Rasamañjarī,,Śālinātha,Śālinātha,P0AT0252,,,,,http://gretil.sub.uni-goettingen.de/gretil/corpustei/transformations/html/sa_zAlinAtha-rasamaJjarI.htm,http://gretil.sub.uni-goettingen.de/gretil/1_sanskr/6_sastra/7_ayur/salrasmu.htm,http://gretil.sub.uni-goettingen.de/gretil/1_sanskr/6_sastra/7_ayur/salrasmu.htm,https://archive.org/search.php?query=Rasama%C3%B1jar%C4%AB,,6_sastra/7_ayur,,
sa_cAmuNDa-rasasaMketakalikA.xml,Rasasaṃketakalikā [= Rasasaṅketakalikā],Rasasaṃketakalikā [Rasasaṅketakalikā],,"Cāmuṇḍa (Kāyastha [= Kāyasthacāmuṇḍa], or Caṇḍa; around 1490 CE)","Cāmuṇḍa [Kāyastha, Kāyasthacāmuṇḍa, Caṇḍa]",,,,,,http://gretil.sub.uni-goettingen.de/gretil/corpustei/transformations/html/sa_cAmuNDa-rasasaMketakalikA.htm,http://gretil.sub.uni-goettingen.de/gretil/1_sanskr/6_sastra/7_ayur/rassanku.htm,http://gretil.sub.uni-goettingen.de/gretil/1_sanskr/6_sastra/7_ayur/rassanku.htm,,,6_sastra/7_ayur,,
sa_somadeva-rasendracUDAmaNi-3-57-16.xml,"Rasendracūḍāmaṇi 3-5, 7-16",Rasendracūḍāmaṇi,,Somadeva,Somadeva,P0AT0184,,,,,http://gretil.sub.uni-goettingen.de/gretil/corpustei/transformations/html/sa_somadeva-rasendracUDAmaNi-3-57-16.htm,http://gretil.sub.uni-goettingen.de/gretil/1_sanskr/6_sastra/7_ayur/rascum_u.htm,http://gretil.sub.uni-goettingen.de/gretil/1_sanskr/6_sastra/7_ayur/rascum_u.htm,,,6_sastra/7_ayur,,
sa_rasArNava1-12.xml,"Rasārṇava, 1-12",Rasārṇava: Paṭalas 1-12,,,,,,,,,http://gretil.sub.uni-goettingen.de/gretil/corpustei/transformations/html/sa_rasArNava1-12.htm,http://gretil.sub.uni-goettingen.de/gretil/1_sanskr/6_sastra/7_ayur/rasarnau.htm,http://gretil.sub.uni-goettingen.de/gretil/1_sanskr/6_sastra/7_ayur/rasarnpu.htm,https://archive.org/search.php?query=Ras%C4%81r%E1%B9%87ava,,6_sastra/7_ayur,,
sa_rasAdhyaya1-302-com.xml,"Rasādhyaya, 1-302+com with Ṭīkā",Rasādhyāya,With Rasādhyāyaṭīkā (commentary),,,,,,,,http://gretil.sub.uni-goettingen.de/gretil/corpustei/transformations/html/sa_rasAdhyaya1-302-com.htm,http://gretil.sub.uni-goettingen.de/gretil/1_sanskr/6_sastra/7_ayur/rasadhau.htm,http://gretil.sub.uni-goettingen.de/gretil/1_sanskr/6_sastra/7_ayur/rasadh_u.htm,https://archive.org/details/rasadhyaya1930/mode/2up,,6_sastra/7_ayur,,
sa_narahari-rAjanighaNTu.xml,"Rājanighaṇṭu [also called Nighaṇṭurāja, or Abhidhānacūḍāmaṇi]","Rājanighaṇṭu [Nighaṇṭurāja, Abhidhānacūḍāmaṇi]",,Narahari [alias Nṛsiṃha],Narahari Paṇḍita [Nṛsiṃha],,,,,,http://gretil.sub.uni-goettingen.de/gretil/corpustei/transformations/html/sa_narahari-rAjanighaNTu.htm,http://gretil.sub.uni-goettingen.de/gretil/1_sanskr/6_sastra/7_ayur/rajnighu.htm,http://gretil.sub.uni-goettingen.de/gretil/1_sanskr/6_sastra/7_ayur/rajnighu.htm,,,6_sastra/7_ayur,,
sa_nityanAthasiddha-rasaratnAkara.xml,Rasaratnākara,Rasaratnākara,,Nityanāthasiddha [alias Nemanatha],Nityanāthasiddha [Nemanātha],,,,,,http://gretil.sub.uni-goettingen.de/gretil/corpustei/transformations/html/sa_nityanAthasiddha-rasaratnAkara.htm,http://gretil.sub.uni-goettingen.de/gretil/1_sanskr/6_sastra/7_ayur/nitrrk_u.htm,http://gretil.sub.uni-goettingen.de/gretil/1_sanskr/6_sastra/7_ayur/nitrrk_u.htm,,,6_sastra/7_ayur,,
sa_govindabhagavatpAda-rasahRdayatantra-comm.xml,Rasahṛdayatantra with Caturbhujamiśra's Mugdhāvabodhinī (comm.),Rasahṛdayatantra,,Govindabhagavatpāda,Govindabhagavatpāda,P0AT0248,,,,,http://gretil.sub.uni-goettingen.de/gretil/corpustei/transformations/html/sa_govindabhagavatpAda-rasahRdayatantra-comm.htm,http://gretil.sub.uni-goettingen.de/gretil/1_sanskr/6_sastra/7_ayur/grasht_u.htm,http://gretil.sub.uni-goettingen.de/gretil/1_sanskr/6_sastra/7_ayur/grasht_u.htm,,,6_sastra/7_ayur,,
sa_DhuNDhukanAtha-rasendracintAmaNi.xml,Rasendracintāmaṇi,Rasendracintāmaṇi,,Ḍhuṇḍhukanātha,Ḍhuṇḍhukanātha,P0AT0247,,,,,http://gretil.sub.uni-goettingen.de/gretil/corpustei/transformations/html/sa_DhuNDhukanAtha-rasendracintAmaNi.htm,http://gretil.sub.uni-goettingen.de/gretil/1_sanskr/6_sastra/7_ayur/dhrasciu.htm,http://gretil.sub.uni-goettingen.de/gretil/1_sanskr/6_sastra/7_ayur/dhrasciu.htm,,,6_sastra/7_ayur,,
sa_agniveza-carakasaMhitA-parts-comm.xml,Carakasaṃhitā-parts with the Āyurvedadīpikā,Carakasaṃhitā,,Agniveśa,Agniveśa,?,,,,,http://gretil.sub.uni-goettingen.de/gretil/corpustei/transformations/html/sa_agniveza-carakasaMhitA-parts-comm.htm,http://gretil.sub.uni-goettingen.de/gretil/1_sanskr/6_sastra/7_ayur/caraka_u.htm,http://gretil.sub.uni-goettingen.de/gretil/1_sanskr/6_sastra/7_ayur/caraka_u.htm,https://archive.org/search.php?query=Carakasa%E1%B9%83hit%C4%81,,6_sastra/7_ayur,,
sa_bhAvamizra-bhAvaprakAza.xml,Bhāvaprakāśa,Bhāvaprakāśa,,Bhāvamiśra,Bhāvamiśra,P0AT0245,,,,,http://gretil.sub.uni-goettingen.de/gretil/corpustei/transformations/html/sa_bhAvamizra-bhAvaprakAza.htm,http://gretil.sub.uni-goettingen.de/gretil/1_sanskr/6_sastra/7_ayur/bhavpr_u.htm,http://gretil.sub.uni-goettingen.de/gretil/1_sanskr/6_sastra/7_ayur/bhavpr_u.htm,https://archive.org/search.php?query=Bh%C4%81vaprak%C4%81%C5%9Ba,,6_sastra/7_ayur,,
sa_Anandakanda.xml,Ānandakanda,Ānandakanda,,,,,,,,,http://gretil.sub.uni-goettingen.de/gretil/corpustei/transformations/html/sa_Anandakanda.htm,http://gretil.sub.uni-goettingen.de/gretil/1_sanskr/6_sastra/7_ayur/anandk_u.htm,http://gretil.sub.uni-goettingen.de/gretil/1_sanskr/6_sastra/7_ayur/anandk_u.htm,https://archive.org/search.php?query=Anandakanda,,6_sastra/7_ayur,,
sa_purUravas-kAdambarIsvIkaraNasUtramaJjarI.xml,Kādambarīsvīkaraṇasūtramañjarī,Kādambarīsvīkaraṇasūtramañjarī,,Purūravas,Purūravas,P0AT0244,,,,,http://gretil.sub.uni-goettingen.de/gretil/corpustei/transformations/html/sa_purUravas-kAdambarIsvIkaraNasUtramaJjarI.htm,http://gretil.sub.uni-goettingen.de/gretil/1_sanskr/6_sastra/6_kama/purukadu.htm,http://gretil.sub.uni-goettingen.de/gretil/1_sanskr/6_sastra/6_kama/purukadu.htm,,,6_sastra/6_kama,,
sa_mInanAtha-smaradIpikA.xml,Smaradīpikā,Smaradīpikā,,Mīnanātha,Mīnanātha,P0AT0243,,,,,http://gretil.sub.uni-goettingen.de/gretil/corpustei/transformations/html/sa_mInanAtha-smaradIpikA.htm,http://gretil.sub.uni-goettingen.de/gretil/1_sanskr/6_sastra/6_kama/minsmaru.htm,http://gretil.sub.uni-goettingen.de/gretil/1_sanskr/6_sastra/6_kama/minsmaru.htm,,,6_sastra/6_kama,,
sa_vAtsyAyana-kAmasUtra-ednirnaya.xml,Kāmasūtra,Kāmasūtra,,Vātsyāyana,Vātsyāyana,P0AT0242,,,,,http://gretil.sub.uni-goettingen.de/gretil/corpustei/transformations/html/sa_vAtsyAyana-kAmasUtra-ednirnaya.htm,http://gretil.sub.uni-goettingen.de/gretil/1_sanskr/6_sastra/6_kama/kamasutu.htm,http://gretil.sub.uni-goettingen.de/gretil/1_sanskr/6_sastra/6_kama/kamasutu.htm,https://archive.org/search.php?query=K%C4%81mas%C5%ABtra,,6_sastra/6_kama,,
sa_vAtsyAyana-kAmasUtra.xml,Kāmasūtra,Kāmasūtra,,Vātsyāyana,Vātsyāyana,P0AT0242,,,,,http://gretil.sub.uni-goettingen.de/gretil/corpustei/transformations/html/sa_vAtsyAyana-kAmasUtra.htm,http://gretil.sub.uni-goettingen.de/gretil/1_sanskr/6_sastra/6_kama/kamasufu.htm,http://gretil.sub.uni-goettingen.de/gretil/1_sanskr/6_sastra/6_kama/kamasufu.htm,https://archive.org/search.php?query=K%C4%81mas%C5%ABtra,,6_sastra/6_kama,,
sa_jyotirIzvarakavizekhara-paJcasAyaka.xml,Pañcasāyaka,Pañcasāyaka,,Jyotirīśvarakaviśekhara,Jyotirīśvara Kaviśekhara,P0AT0241,,,,,http://gretil.sub.uni-goettingen.de/gretil/corpustei/transformations/html/sa_jyotirIzvarakavizekhara-paJcasAyaka.htm,http://gretil.sub.uni-goettingen.de/gretil/1_sanskr/6_sastra/6_kama/jyopancu.htm,http://gretil.sub.uni-goettingen.de/gretil/1_sanskr/6_sastra/6_kama/jyopancu.htm,https://archive.org/search.php?query=Pa%C3%B1cas%C4%81yaka,,6_sastra/6_kama,,
sa_kauTilya-arthazAstra.xml,Arthaśāstra,Arthaśāstra,,Kauṭilya,Kauṭilya,,,,,,http://gretil.sub.uni-goettingen.de/gretil/corpustei/transformations/html/sa_kauTilya-arthazAstra.htm,http://gretil.sub.uni-goettingen.de/gretil/1_sanskr/6_sastra/5_artha/kautil_u.htm,http://gretil.sub.uni-goettingen.de/gretil/1_sanskr/6_sastra/5_artha/kautil_u.htm,https://archive.org/search.php?query=Artha%C5%9B%C4%81stra,,6_sastra/5_artha,,
sa_samantabhadra-AptamImAMsA.xml,Āptamīmāṃsā,Āptamīmāṃsā,,Samantabhadra,Samantabhadra,P4CZ10559,,,,,http://gretil.sub.uni-goettingen.de/gretil/corpustei/transformations/html/sa_samantabhadra-AptamImAMsA.htm,http://gretil.sub.uni-goettingen.de/gretil/1_sanskr/6_sastra/3_phil/sbhami_u.htm,http://gretil.sub.uni-goettingen.de/gretil/1_sanskr/6_sastra/3_phil/sbhami_u.htm,,,6_sastra/3_phil,,
sa_sarvamatasaMgraha.xml,Sarvamatasaṃgraha,Sarvamatasaṃgraha,,,,,,,,,http://gretil.sub.uni-goettingen.de/gretil/corpustei/transformations/html/sa_sarvamatasaMgraha.htm,http://gretil.sub.uni-goettingen.de/gretil/1_sanskr/6_sastra/3_phil/sarvmtsu.htm,http://gretil.sub.uni-goettingen.de/gretil/1_sanskr/6_sastra/3_phil/sarvmtsu.htm,https://archive.org/search.php?query=Sarvamatasa%E1%B9%85graha,,6_sastra/3_phil,,
sa_jayarAzi-tattvopaplavasiMha.xml,Tattvopaplavasiṃha,Tattvopaplavasiṃha,,Jayarāśi,Jayarāśi,P0AT0195,,,,,http://gretil.sub.uni-goettingen.de/gretil/corpustei/transformations/html/sa_jayarAzi-tattvopaplavasiMha.htm,http://gretil.sub.uni-goettingen.de/gretil/1_sanskr/6_sastra/3_phil/jaytupau.htm,http://gretil.sub.uni-goettingen.de/gretil/1_sanskr/6_sastra/3_phil/jaytuppu.htm,https://archive.org/search.php?query=Tattvopaplavasi%E1%B9%83ha,,6_sastra/3_phil,,
sa_amarasiMha-nAmaliGgAnuzAsana.xml,Nāmaliṅgānuśāsana = Amarakośa,"Nāmaliṅgānuśāsana [Amarakoṣa, Amarakośa], Kāṇḍa 1",,Amarasiṃha,Amarasiṃha,P7413,,,,,http://gretil.sub.uni-goettingen.de/gretil/corpustei/transformations/html/sa_amarasiMha-nAmaliGgAnuzAsana.htm,http://gretil.sub.uni-goettingen.de/gretil/1_sanskr/6_sastra/2_lex/amark1hu.htm,http://gretil.sub.uni-goettingen.de/gretil/1_sanskr/6_sastra/2_lex/amark1pu.htm,https://archive.org/search.php?query=N%C4%81mali%E1%B9%85g%C4%81nu%C5%9B%C4%81sana; https://archive.org/search.php?query=Amarako%E1%B9%A3a,,6_sastra/2_lex,,
sa_varadarAja-laghusiddhAntakaumudI.xml,Laghusiddhāntakaumudī (= Laghukaumudi),Laghusiddhāntakaumudī [Laghukaumudī],,Varadarāja,Varadarāja,P0AT0194,,,,,http://gretil.sub.uni-goettingen.de/gretil/corpustei/transformations/html/sa_varadarAja-laghusiddhAntakaumudI.htm,http://gretil.sub.uni-goettingen.de/gretil/1_sanskr/6_sastra/1_gram/varlghku.htm,http://gretil.sub.uni-goettingen.de/gretil/1_sanskr/6_sastra/1_gram/varlghku.htm,https://archive.org/search.php?query=Laghusiddh%C4%81ntakaumud%C4%AB,,6_sastra/1_gram,,
sa_bhartRhari-vAkyapadIya.xml,Vākyapadīya,Vākyapadīya,,Bhartṛhari,Bhartṛhari,P1KG5874,,,,,http://gretil.sub.uni-goettingen.de/gretil/corpustei/transformations/html/sa_bhartRhari-vAkyapadIya.htm,http://gretil.sub.uni-goettingen.de/gretil/1_sanskr/6_sastra/1_gram/vakyp1au.htm,http://gretil.sub.uni-goettingen.de/gretil/1_sanskr/6_sastra/1_gram/vakyp1pu.htm,https://archive.org/search.php?query=V%C4%81kyapad%C4%ABya,,6_sastra/1_gram,,
"sa_bhartRhari-vAkyapadIya1-3,7.xml","Vākyapadīya, 1-3,7",Vākyapadīya 1.1–3.7,,Bhartṛhari,Bhartṛhari,P1KG5874,,,,,"http://gretil.sub.uni-goettingen.de/gretil/corpustei/transformations/html/sa_bhartRhari-vAkyapadIya1-3,7.htm",http://gretil.sub.uni-goettingen.de/gretil/1_sanskr/6_sastra/1_gram/vakyp_au.htm,http://gretil.sub.uni-goettingen.de/gretil/1_sanskr/6_sastra/1_gram/vakyp_pu.htm,https://archive.org/search.php?query=V%C4%81kyapad%C4%ABya,,6_sastra/1_gram,,
sa_kuDaka-samanvayadiz.xml,Samanvayadiś,Samanvayadiś,,Kuḍaka,Kuḍaka,P0AT0193,,,,,http://gretil.sub.uni-goettingen.de/gretil/corpustei/transformations/html/sa_kuDaka-samanvayadiz.htm,http://gretil.sub.uni-goettingen.de/gretil/1_sanskr/6_sastra/1_gram/samanv_u.htm,http://gretil.sub.uni-goettingen.de/gretil/1_sanskr/6_sastra/1_gram/samanv_u.htm,,,6_sastra/1_gram,,
sa_pataJjali-vyAkaraNamahAbhASya.xml,Vyākaraṇamahābhāṣya,Vyākaraṇamahābhāṣya [Mahābhāṣya],,Patañjali,Patañjali,P0AT0153,,,,,http://gretil.sub.uni-goettingen.de/gretil/corpustei/transformations/html/sa_pataJjali-vyAkaraNamahAbhASya.htm,http://gretil.sub.uni-goettingen.de/gretil/1_sanskr/6_sastra/1_gram/pmbhassu.htm,http://gretil.sub.uni-goettingen.de/gretil/1_sanskr/6_sastra/1_gram/pmbhasuu.htm,https://archive.org/search.php?query=Mah%C4%81bh%C4%81%E1%B9%A3ya,,6_sastra/1_gram,,
sa_nAgeza-paribhASenduzekhara.xml,Paribhāṣenduśekhara,Paribhāṣenduśekhara,,Nāgeśa [= Nāgojibhaṭṭa],Nāgeśa [Nāgojibhaṭṭa],P0AT0192,,,,,http://gretil.sub.uni-goettingen.de/gretil/corpustei/transformations/html/sa_nAgeza-paribhASenduzekhara.htm,http://gretil.sub.uni-goettingen.de/gretil/1_sanskr/6_sastra/1_gram/paribhsu.htm,http://gretil.sub.uni-goettingen.de/gretil/1_sanskr/6_sastra/1_gram/paribhsu.htm,https://archive.org/search.php?query=Paribhasendusekhara,,6_sastra/1_gram,,
sa_pANini-aSTAdhyAyI.xml,Aṣṭādhyāyī,Aṣṭādhyāyī,,Pāṇini,Pāṇini,P4CZ16886,,,,,http://gretil.sub.uni-goettingen.de/gretil/corpustei/transformations/html/sa_pANini-aSTAdhyAyI.htm,http://gretil.sub.uni-goettingen.de/gretil/1_sanskr/6_sastra/1_gram/paninixu.htm,http://gretil.sub.uni-goettingen.de/gretil/1_sanskr/6_sastra/1_gram/paninipu.htm,https://archive.org/search.php?query=A%E1%B9%A3%E1%B9%AD%C4%81dhy%C4%81y%C4%AB,,6_sastra/1_gram,y,
sa_pANini-aSTAdhyAyI-alt.xml,Aṣṭādhyāyī,Aṣṭādhyāyī,,Pāṇini,Pāṇini,P4CZ16886,,,,,http://gretil.sub.uni-goettingen.de/gretil/corpustei/transformations/html/sa_pANini-aSTAdhyAyI-alt.htm,http://gretil.sub.uni-goettingen.de/gretil/1_sanskr/6_sastra/1_gram/panini_u.htm,http://gretil.sub.uni-goettingen.de/gretil/1_sanskr/6_sastra/1_gram/panini_u.htm,https://archive.org/search.php?query=A%E1%B9%A3%E1%B9%AD%C4%81dhy%C4%81y%C4%AB,,6_sastra/1_gram,n,gretil_sa/sa_pANini-aSTAdhyAyI.xml
sa_jayAditya-and-vAmana-kAzikAvRtti.xml,Kāśikāvṛtti,Kāśikāvṛtti,,Jayāditya and Vāmana,Jayāditya & Vāmana,,,,,,http://gretil.sub.uni-goettingen.de/gretil/corpustei/transformations/html/sa_jayAditya-and-vAmana-kAzikAvRtti.htm,http://gretil.sub.uni-goettingen.de/gretil/1_sanskr/6_sastra/1_gram/jvkasixu.htm,http://gretil.sub.uni-goettingen.de/gretil/1_sanskr/6_sastra/1_gram/jvkasipu.htm,https://archive.org/search.php?query=K%C4%81%C5%9Bik%C4%81v%E1%B9%9Btti,,6_sastra/1_gram,,
sa_yAmuna-stotraratna.xml,Stotraratna,Stotraratna,,Yāmuna,Yāmuna,P0AT0139,,,,,http://gretil.sub.uni-goettingen.de/gretil/corpustei/transformations/html/sa_yAmuna-stotraratna.htm,http://gretil.sub.uni-goettingen.de/gretil/1_sanskr/4_rellit/vaisn/yamsr_au.htm,http://gretil.sub.uni-goettingen.de/gretil/1_sanskr/4_rellit/vaisn/yamsr_pu.htm,,,4_rellit/vaisn,y,
sa_yAmuna-catuHzlokI.xml,Catuḥślokī,Catuḥślokī,,Yāmuna,Yāmuna,P0AT0139,,,,,http://gretil.sub.uni-goettingen.de/gretil/corpustei/transformations/html/sa_yAmuna-catuHzlokI.htm,http://gretil.sub.uni-goettingen.de/gretil/1_sanskr/4_rellit/vaisn/yamcatau.htm,http://gretil.sub.uni-goettingen.de/gretil/1_sanskr/4_rellit/vaisn/yamcatpu.htm,,,4_rellit/vaisn,,
sa_viSvaksenasaMhitA.xml,Viṣvaksenasaṃhitā,Viṣvaksenasaṃhitā,,,,,,,,,http://gretil.sub.uni-goettingen.de/gretil/corpustei/transformations/html/sa_viSvaksenasaMhitA.htm,http://gretil.sub.uni-goettingen.de/gretil/1_sanskr/4_rellit/vaisn/visvaksu.htm,http://gretil.sub.uni-goettingen.de/gretil/1_sanskr/4_rellit/vaisn/visvaksu.htm,,,4_rellit/vaisn,,
sa_viSNudharma.xml,Viṣṇudharma,Viṣṇudharma,,,,,,,,,http://gretil.sub.uni-goettingen.de/gretil/corpustei/transformations/html/sa_viSNudharma.htm,http://gretil.sub.uni-goettingen.de/gretil/1_sanskr/4_rellit/vaisn/vdhapadu.htm,http://gretil.sub.uni-goettingen.de/gretil/1_sanskr/4_rellit/vaisn/vdhapadu.htm,,,4_rellit/vaisn,,
sa_vaikhAnasamantraprazna5-8.xml,"Vaikhānasamantrapraśna, 5-8",Vaikhānasamantrapraśna,,,,,,,,,http://gretil.sub.uni-goettingen.de/gretil/corpustei/transformations/html/sa_vaikhAnasamantraprazna5-8.htm,http://gretil.sub.uni-goettingen.de/gretil/1_sanskr/4_rellit/vaisn/vaimp_cu.htm,http://gretil.sub.uni-goettingen.de/gretil/1_sanskr/4_rellit/vaisn/vaimp__u.htm,,,4_rellit/vaisn,,
sa_utpaladeva-ajaDapramAtRsiddhi.xml,Ajaḍapramātṛsiddhi,Ajaḍapramātṛsiddhi,,Utpaladeva,Utpaladeva,P0AT0126,,,,,http://gretil.sub.uni-goettingen.de/gretil/corpustei/transformations/html/sa_utpaladeva-ajaDapramAtRsiddhi.htm,http://gretil.sub.uni-goettingen.de/gretil/1_sanskr/6_sastra/3_phil/saiva/utajp_au.htm,http://gretil.sub.uni-goettingen.de/gretil/1_sanskr/6_sastra/3_phil/saiva/utajp_pu.htm,,,6_sastra/3_phil/saiva,,
sa_jiva-gosvami-satsamdarbha.xml,Satsamdarbha with Baladevavidyābhūṣaṇa's Ṭippaṇī,Ṣaṭsandarbha: 1. Tattvasandarbha,,Jiva Gosvami,Jīva Gosvāmī,P0AT0131,,,,,http://gretil.sub.uni-goettingen.de/gretil/corpustei/transformations/html/sa_jiva-gosvami-satsamdarbha.htm,http://gretil.sub.uni-goettingen.de/gretil/1_sanskr/4_rellit/vaisn/ss1_tatu.htm,http://gretil.sub.uni-goettingen.de/gretil/1_sanskr/4_rellit/vaisn/ss1_tatu.htm,,,4_rellit/vaisn,,
sa_srinivasamakhi-vedantadesika-dazavidhAhetunirUpaNa.xml,Daśavidhāhetunirūpaṇa (part of the Vaikhānasasūtratātparyacintāmaṇi),Daśavidhahetunirūpaṇa,,Srinivasamakhi Vedantadesika,Śrīnivāsamakhi Vedāntadeśika,P0AT0208,,,,,http://gretil.sub.uni-goettingen.de/gretil/corpustei/transformations/html/sa_srinivasamakhi-vedantadesika-dazavidhAhetunirUpaNa.htm,http://gretil.sub.uni-goettingen.de/gretil/1_sanskr/4_rellit/vaisn/sdahennu.htm,http://gretil.sub.uni-goettingen.de/gretil/1_sanskr/4_rellit/vaisn/sdahen_u.htm,,,4_rellit/vaisn,,
sa_sAtvatatantra.xml,Sātvatatantra,Sātvatatantra,,,,,,,,,http://gretil.sub.uni-goettingen.de/gretil/corpustei/transformations/html/sa_sAtvatatantra.htm,http://gretil.sub.uni-goettingen.de/gretil/1_sanskr/4_rellit/vaisn/satvtanu.htm,http://gretil.sub.uni-goettingen.de/gretil/1_sanskr/4_rellit/vaisn/satvtanu.htm,https://archive.org/details/SatvataTantra,,4_rellit/vaisn,,
sa_rAdhAkRSNadAsagosvAmin-sAdhanadIpikA.xml,Sādhanadīpikā,Sādhanādīpikā,,Rādhākṛṣṇadāsagosvāmin,Rādhākṛṣṇadāsa Gosvāmī,P0AT0138,,,,,http://gretil.sub.uni-goettingen.de/gretil/corpustei/transformations/html/sa_rAdhAkRSNadAsagosvAmin-sAdhanadIpikA.htm,http://gretil.sub.uni-goettingen.de/gretil/1_sanskr/4_rellit/vaisn/sadhdipu.htm,http://gretil.sub.uni-goettingen.de/gretil/1_sanskr/4_rellit/vaisn/sadhdipu.htm,,,4_rellit/vaisn,,
sa_rUpagosvAmin-haribhaktirasAmRtasindhu.xml,Haribhaktirasāmṛtasindhu,Haribhaktirasāmṛtasindhu,,Rūpagosvāmin,Rūpa Gosvāmin,P0AT0135,,,,,http://gretil.sub.uni-goettingen.de/gretil/corpustei/transformations/html/sa_rUpagosvAmin-haribhaktirasAmRtasindhu.htm,http://gretil.sub.uni-goettingen.de/gretil/1_sanskr/4_rellit/vaisn/ruphbr_u.htm,http://gretil.sub.uni-goettingen.de/gretil/1_sanskr/4_rellit/vaisn/ruphbr_u.htm,,,4_rellit/vaisn,,
sa_pauSkarasaMhitA-27-43.xml,Pauṣkarasaṃhitā 27-43,Pauṣkara-Saṃhitā,,,,,,,,,http://gretil.sub.uni-goettingen.de/gretil/corpustei/transformations/html/sa_pauSkarasaMhitA-27-43.htm,http://gretil.sub.uni-goettingen.de/gretil/1_sanskr/4_rellit/vaisn/ps27-43u.htm,http://gretil.sub.uni-goettingen.de/gretil/1_sanskr/4_rellit/vaisn/ps27-43u.htm,https://archive.org/details/pauskarasamhitasanskritenglishapterashtriyasanskritvidyapeethatirupati1991ocr/page/n1/mode/2up,,4_rellit/vaisn,,
sa_prakAzasaMhitA.xml,Prakāśasaṃhitā (a Pāñcarātrasaṃhitā),Prakāśa-Saṃhitā [Pāñcarātra-Saṃhitā],,,,,,,,,http://gretil.sub.uni-goettingen.de/gretil/corpustei/transformations/html/sa_prakAzasaMhitA.htm,http://gretil.sub.uni-goettingen.de/gretil/1_sanskr/4_rellit/vaisn/prakassu.htm,http://gretil.sub.uni-goettingen.de/gretil/1_sanskr/4_rellit/vaisn/prakassu.htm,https://archive.org/search.php?query=P%C4%81%C3%B1car%C4%81tra-Sa%E1%B9%83hit%C4%81,,4_rellit/vaisn,y,
sa_raghunAthadAsagosvAmin-muktAcarita.xml,Muktācarita,Muktācarita,,Raghunāthadāsagosvāmin,Raghunāthadāsa Gosvāmī,P0AT0137,,,,,http://gretil.sub.uni-goettingen.de/gretil/corpustei/transformations/html/sa_raghunAthadAsagosvAmin-muktAcarita.htm,http://gretil.sub.uni-goettingen.de/gretil/1_sanskr/4_rellit/vaisn/muktacau.htm,http://gretil.sub.uni-goettingen.de/gretil/1_sanskr/4_rellit/vaisn/muktacau.htm,,,4_rellit/vaisn,,
sa_mAdhva-kRSNAmRtamahArNava.xml,Kṛṣṇāmṛtamahārṇava,Kṛṣṇāmṛtamahārṇava,,Mādhva Ānandatīrtha,Madhva [Ānandatīrtha],P0AT0136,,,,,http://gretil.sub.uni-goettingen.de/gretil/corpustei/transformations/html/sa_mAdhva-kRSNAmRtamahArNava.htm,http://gretil.sub.uni-goettingen.de/gretil/1_sanskr/4_rellit/vaisn/mdhvkmou.htm,http://gretil.sub.uni-goettingen.de/gretil/1_sanskr/4_rellit/vaisn/mdhvkmou.htm,,,4_rellit/vaisn,,
sa_rUpagosvAmin-laghubhAgavatAmRta.xml,Laghubhāgavatāmṛta,Laghubhāgavatāmṛta,,Rūpagosvāmin,Rūpa Gosvāmī,P0AT0135,,,,,http://gretil.sub.uni-goettingen.de/gretil/corpustei/transformations/html/sa_rUpagosvAmin-laghubhAgavatAmRta.htm,http://gretil.sub.uni-goettingen.de/gretil/1_sanskr/4_rellit/vaisn/laghbh_u.htm,http://gretil.sub.uni-goettingen.de/gretil/1_sanskr/4_rellit/vaisn/laghbh_u.htm,,,4_rellit/vaisn,,
sa_kulazekhara-mukundamAlA.xml,Mukundamālā,Mukundamālā,,Kulaśekhara,Kulaśekhara,P0AT0134,,,,,http://gretil.sub.uni-goettingen.de/gretil/corpustei/transformations/html/sa_kulazekhara-mukundamAlA.htm,http://gretil.sub.uni-goettingen.de/gretil/1_sanskr/4_rellit/vaisn/kumukumu.htm,http://gretil.sub.uni-goettingen.de/gretil/1_sanskr/4_rellit/vaisn/kumukumu.htm,https://archive.org/search.php?query=Mukundamala,,4_rellit/vaisn,,
sa_kezavakAzmIri-kramadIpikA.xml,Kramadīpikā with the commentary by Govindabhaṭṭācārya,Kramadīpikā,,Keśavakāśmīri,Keśava Kāśmīrī,P0AT0133,,,,,http://gretil.sub.uni-goettingen.de/gretil/corpustei/transformations/html/sa_kezavakAzmIri-kramadIpikA.htm,http://gretil.sub.uni-goettingen.de/gretil/1_sanskr/4_rellit/vaisn/krdipc_u.htm,http://gretil.sub.uni-goettingen.de/gretil/1_sanskr/4_rellit/vaisn/krdipc_u.htm,https://archive.org/search.php?query=Kramad%C4%ABpik%C4%81,,4_rellit/vaisn,,
sa_kRSNadAsa-bhAvanAsArasaMgraha-1-2.xml,Bhāvanāsārasaṃgraha 1-2,Bhāvanāsārasaṃgraha,,Kṛṣṇadāsa,Siddha Kṛṣṇadāsa Tātapāda,P0AT0132,,,,,http://gretil.sub.uni-goettingen.de/gretil/corpustei/transformations/html/sa_kRSNadAsa-bhAvanAsArasaMgraha-1-2.htm,http://gretil.sub.uni-goettingen.de/gretil/1_sanskr/4_rellit/vaisn/kbss_1-u.htm,http://gretil.sub.uni-goettingen.de/gretil/1_sanskr/4_rellit/vaisn/kbss_1-u.htm,,,4_rellit/vaisn,,
sa_jJAnAmRtasArasaMhitA.xml,Jñānāmṛtasārasaṃhitā (also called “Nāradapañcarātra”),Jñānāmṛtasāra-Saṃhitā [Nārada-Pañcarātra],,,,,,,,,http://gretil.sub.uni-goettingen.de/gretil/corpustei/transformations/html/sa_jJAnAmRtasArasaMhitA.htm,http://gretil.sub.uni-goettingen.de/gretil/1_sanskr/4_rellit/vaisn/jnass01u.htm,http://gretil.sub.uni-goettingen.de/gretil/1_sanskr/4_rellit/vaisn/jnass01u.htm,,,4_rellit/vaisn,,
sa_jIvagosvAmin-rAdhAkRSNArcanadIpikA.xml,Rādhākṛṣṇārcanadīpikā,Rādhākṛṣṇārcanadīpikā,,Jīvagosvāmin,Jīva Gosvāmin,P0AT0131,,,,,http://gretil.sub.uni-goettingen.de/gretil/corpustei/transformations/html/sa_jIvagosvAmin-rAdhAkRSNArcanadIpikA.htm,http://gretil.sub.uni-goettingen.de/gretil/1_sanskr/4_rellit/vaisn/jivrkadu.htm,http://gretil.sub.uni-goettingen.de/gretil/1_sanskr/4_rellit/vaisn/jivrkadu.htm,,,4_rellit/vaisn,,
sa_gopAlabhaTTa-haribhaktivilAsa-1-11.xml,Haribhaktivilāsa 1-11,Haribhaktivilāsa 1–11,,Gopālabhaṭṭa,Gopāla Bhaṭṭa,P0AT0130,,,,,http://gretil.sub.uni-goettingen.de/gretil/corpustei/transformations/html/sa_gopAlabhaTTa-haribhaktivilAsa-1-11.htm,http://gretil.sub.uni-goettingen.de/gretil/1_sanskr/4_rellit/vaisn/hbhvil_u.htm,http://gretil.sub.uni-goettingen.de/gretil/1_sanskr/4_rellit/vaisn/hbhvil_u.htm,,,4_rellit/vaisn,,
sa_bhaktivinoda-harinAmacintAmaNi.xml,Harināmacintāmaṇi,Harināmacintāmaṇi,,Bhaktivinoda (1838-1914) Kedāranāthadatta,Kedāranātha Datta [Bhaktivinoda Ṭhākura],P0AT0129,,,,,http://gretil.sub.uni-goettingen.de/gretil/corpustei/transformations/html/sa_bhaktivinoda-harinAmacintAmaNi.htm,http://gretil.sub.uni-goettingen.de/gretil/1_sanskr/4_rellit/vaisn/harinc_u.htm,http://gretil.sub.uni-goettingen.de/gretil/1_sanskr/4_rellit/vaisn/harinc_u.htm,,,4_rellit/vaisn,,
sa_dhyAnacandragosvAmin-rAdhAkRSNASTakAlIyalIlAsmaraNakramapaddhati.xml,Rādhākṛṣṇāṣṭakālīyalīlāsmaraṇakramapaddhati,Rādhākṛṣṇāṣṭakālīyalīlāsmaraṇakramapaddhati,,Dhyānacandragosvāmin,Dhyānacandra Gosvāmī,P0AT0128,,,,,http://gretil.sub.uni-goettingen.de/gretil/corpustei/transformations/html/sa_dhyAnacandragosvAmin-rAdhAkRSNASTakAlIyalIlAsmaraNakramapaddhati.htm,http://gretil.sub.uni-goettingen.de/gretil/1_sanskr/4_rellit/vaisn/dhyrkk_u.htm,http://gretil.sub.uni-goettingen.de/gretil/1_sanskr/4_rellit/vaisn/dhyrkk_u.htm,,,4_rellit/vaisn,,
sa_dhyAnacandragosvAmin-gauragaovindArcanasmaraNapaddhati.xml,Gauragaovindārcanasmaraṇapaddhati,Gauragovindārcanasmaraṇapaddhati,,Dhyānacandragosvāmin,Dhyānacandra Gosvāmī,P0AT0128,,,,,http://gretil.sub.uni-goettingen.de/gretil/corpustei/transformations/html/sa_dhyAnacandragosvAmin-gauragaovindArcanasmaraNapaddhati.htm,http://gretil.sub.uni-goettingen.de/gretil/1_sanskr/4_rellit/vaisn/dhyggs_u.htm,http://gretil.sub.uni-goettingen.de/gretil/1_sanskr/4_rellit/vaisn/dhyggs_u.htm,,,4_rellit/vaisn,,
sa_prabodhAnandasarasvatI-caitanyacandrAmRta.xml,Caitanyacandrāmṛta,Caitanyacandrāmṛta,,Prabodhānandasarasvatī,Prabodhānanda Sarasvatī Gosvāmī,P0AT0127,,,,,http://gretil.sub.uni-goettingen.de/gretil/corpustei/transformations/html/sa_prabodhAnandasarasvatI-caitanyacandrAmRta.htm,http://gretil.sub.uni-goettingen.de/gretil/1_sanskr/4_rellit/vaisn/caitcanu.htm,http://gretil.sub.uni-goettingen.de/gretil/1_sanskr/4_rellit/vaisn/caitcanu.htm,,,4_rellit/vaisn,,
sa_brahmasaMhitA-5-comm.xml,Brahmasaṃhitā 5 with Jīvagosvāmin's Digdarśanīṭīkā,Brahma-Saṃhitā: Adhyāya 5,,,,,,,,,http://gretil.sub.uni-goettingen.de/gretil/corpustei/transformations/html/sa_brahmasaMhitA-5-comm.htm,http://gretil.sub.uni-goettingen.de/gretil/1_sanskr/4_rellit/vaisn/brhms5cu.htm,http://gretil.sub.uni-goettingen.de/gretil/1_sanskr/4_rellit/vaisn/brhms5cu.htm,https://archive.org/details/brahmasamhita/mode/2up,,4_rellit/vaisn,,
sa_bhRgusaMhitA.xml,Bhṛgusaṃhitā (a text of the Vaikhānasa-tradition),Bhṛgu-Saṃhitā,,,,,,,,,http://gretil.sub.uni-goettingen.de/gretil/corpustei/transformations/html/sa_bhRgusaMhitA.htm,http://gretil.sub.uni-goettingen.de/gretil/1_sanskr/4_rellit/vaisn/bhrgus_u.htm,http://gretil.sub.uni-goettingen.de/gretil/1_sanskr/4_rellit/vaisn/bhrgus_u.htm,,,4_rellit/vaisn,y,
sa_aSTAvakragItA.xml,Aṣṭāvakragītā,Aṣṭāvakragītā,,,,,,,,,http://gretil.sub.uni-goettingen.de/gretil/corpustei/transformations/html/sa_aSTAvakragItA.htm,http://gretil.sub.uni-goettingen.de/gretil/1_sanskr/4_rellit/vaisn/astavgau.htm,http://gretil.sub.uni-goettingen.de/gretil/1_sanskr/4_rellit/vaisn/astavgpu.htm,,,4_rellit/vaisn,,
sa_vINAzikhatantra.xml,Vīṇāśikhatantra,Vīṇāśikhatantra,,,,,,,,,http://gretil.sub.uni-goettingen.de/gretil/corpustei/transformations/html/sa_vINAzikhatantra.htm,http://gretil.sub.uni-goettingen.de/gretil/1_sanskr/4_rellit/saiva/vinst_au.htm,http://gretil.sub.uni-goettingen.de/gretil/1_sanskr/4_rellit/saiva/vinst_pu.htm,,,4_rellit/saiva,,
sa_utpaladeva-zivastotrAvali.xml,Śivastotrāvali,Śivastotrāvālī,,Utpaladeva,Utpaladeva,P0AT0126,,,,,http://gretil.sub.uni-goettingen.de/gretil/corpustei/transformations/html/sa_utpaladeva-zivastotrAvali.htm,http://gretil.sub.uni-goettingen.de/gretil/1_sanskr/4_rellit/saiva/utsivsau.htm,http://gretil.sub.uni-goettingen.de/gretil/1_sanskr/4_rellit/saiva/utsivsau.htm,https://archive.org/search.php?query=%C5%9Aivastotr%C4%81v%C4%81l%C4%AB,,4_rellit/saiva,,
sa_uDDAmarezvaratantra.xml,Uḍḍāmareśvaratantra,Uḍḍāmareśvaratantra,,,,,,,,,http://gretil.sub.uni-goettingen.de/gretil/corpustei/transformations/html/sa_uDDAmarezvaratantra.htm,http://gretil.sub.uni-goettingen.de/gretil/1_sanskr/4_rellit/saiva/uddamt_u.htm,http://gretil.sub.uni-goettingen.de/gretil/1_sanskr/4_rellit/saiva/uddamt_u.htm,,,4_rellit/saiva,,
sa_toDalatantra.xml,Toḍalatantra,Toḍalatantra,,,,,,,,,http://gretil.sub.uni-goettingen.de/gretil/corpustei/transformations/html/sa_toDalatantra.htm,http://gretil.sub.uni-goettingen.de/gretil/1_sanskr/4_rellit/saiva/todaltau.htm,http://gretil.sub.uni-goettingen.de/gretil/1_sanskr/4_rellit/saiva/todaltpu.htm,,,4_rellit/saiva,,
sa_svacchandatantra.xml,Svacchandatantra [or Svacchandabhairavatantra],Svacchandatantra [Svacchandabhairavatantra],,,,,,,,,http://gretil.sub.uni-goettingen.de/gretil/corpustei/transformations/html/sa_svacchandatantra.htm,http://gretil.sub.uni-goettingen.de/gretil/1_sanskr/4_rellit/saiva/svact_au.htm,http://gretil.sub.uni-goettingen.de/gretil/1_sanskr/4_rellit/saiva/svact_pu.htm,,,4_rellit/saiva,,
sa_sArdhatrizatikAlottarAgama.xml,Sārdhatriśatikālottarāgama,Sārdhatriśatikālottarāgama,,,,,,,,,http://gretil.sub.uni-goettingen.de/gretil/corpustei/transformations/html/sa_sArdhatrizatikAlottarAgama.htm,http://gretil.sub.uni-goettingen.de/gretil/1_sanskr/4_rellit/saiva/stkal_au.htm,http://gretil.sub.uni-goettingen.de/gretil/1_sanskr/4_rellit/saiva/stkal_pu.htm,https://archive.org/details/sardhatrisatikalottaragamadebhattaramakantha_202002/mode/2up,,4_rellit/saiva,,
sa_zrIkaNTha-ratnatrayaparIkSA.xml,Ratnatrayaparīkṣā,Ratnatrayaparīkṣā,,Śrīkaṇṭha,Śrīkaṇṭha,P0AT0125,,,,,http://gretil.sub.uni-goettingen.de/gretil/corpustei/transformations/html/sa_zrIkaNTha-ratnatrayaparIkSA.htm,http://gretil.sub.uni-goettingen.de/gretil/1_sanskr/4_rellit/saiva/sratrpau.htm,http://gretil.sub.uni-goettingen.de/gretil/1_sanskr/4_rellit/saiva/sratrppu.htm,,,4_rellit/saiva,,
sa_somAnanda-zAktavijJAna.xml,Śāktavijñāna,Śāktavijñāna,,Somānanda,Somānanda,P0AT0124,,,,,http://gretil.sub.uni-goettingen.de/gretil/corpustei/transformations/html/sa_somAnanda-zAktavijJAna.htm,http://gretil.sub.uni-goettingen.de/gretil/1_sanskr/4_rellit/saiva/somsv_u.htm,http://gretil.sub.uni-goettingen.de/gretil/1_sanskr/4_rellit/saiva/somsv_u.htm,,,4_rellit/saiva,,
sa_zivopaniSad.xml,Śivopaniṣad,Śiva-Upaniṣad,,,,,,,,,http://gretil.sub.uni-goettingen.de/gretil/corpustei/transformations/html/sa_zivopaniSad.htm,http://gretil.sub.uni-goettingen.de/gretil/1_sanskr/4_rellit/saiva/sivup_au.htm,http://gretil.sub.uni-goettingen.de/gretil/1_sanskr/4_rellit/saiva/sivup_pu.htm,,,4_rellit/saiva,,
sa_zivasUtra-with-vArttika.xml,Śivasūtra with vārttika,Śivasūtra,,,,,,,,,http://gretil.sub.uni-goettingen.de/gretil/corpustei/transformations/html/sa_zivasUtra-with-vArttika.htm,http://gretil.sub.uni-goettingen.de/gretil/1_sanskr/4_rellit/saiva/sivsutru.htm,http://gretil.sub.uni-goettingen.de/gretil/1_sanskr/4_rellit/saiva/sivsutru.htm,https://archive.org/details/SivasutraEtVimarsiniDeKsemarajaLilianSIlburn,,4_rellit/saiva,,
sa_zivamahimnastava.xml,Śivamahimnastava,Śivamahimnastava,,,,,,,,,http://gretil.sub.uni-goettingen.de/gretil/corpustei/transformations/html/sa_zivamahimnastava.htm,http://gretil.sub.uni-goettingen.de/gretil/1_sanskr/4_rellit/saiva/sivmstau.htm,http://gretil.sub.uni-goettingen.de/gretil/1_sanskr/4_rellit/saiva/sivmstpu.htm,,,4_rellit/saiva,y,
sa_zaMkara-saundaryalaharI.xml,Saundaryalaharī,Saundaryalaharī,,Śaṃkara (attrib.),Śaṃkara,?,,,,,http://gretil.sub.uni-goettingen.de/gretil/corpustei/transformations/html/sa_zaMkara-saundaryalaharI.htm,http://gretil.sub.uni-goettingen.de/gretil/1_sanskr/4_rellit/saiva/saulahau.htm,http://gretil.sub.uni-goettingen.de/gretil/1_sanskr/4_rellit/saiva/saulahpu.htm,https://archive.org/search.php?query=Saundaryalahari,,4_rellit/saiva,,
sa_puruSottamadeva-ekAkSarakoza.xml,Ekākṣarakośa,Ekākṣarakośa,,Puruṣottamadeva,Puruṣottamadeva,P0AT0122,,,,,http://gretil.sub.uni-goettingen.de/gretil/corpustei/transformations/html/sa_puruSottamadeva-ekAkSarakoza.htm,http://gretil.sub.uni-goettingen.de/gretil/1_sanskr/4_rellit/saiva/purekaku.htm,http://gretil.sub.uni-goettingen.de/gretil/1_sanskr/4_rellit/saiva/purekaku.htm,,,4_rellit/saiva,,
sa_pAzupatasUtra.xml,Pāśupatasūtra,Pāśupatasūtra,,,,,,,,,http://gretil.sub.uni-goettingen.de/gretil/corpustei/transformations/html/sa_pAzupatasUtra.htm,http://gretil.sub.uni-goettingen.de/gretil/1_sanskr/4_rellit/saiva/pasupsau.htm,http://gretil.sub.uni-goettingen.de/gretil/1_sanskr/4_rellit/saiva/pasupspu.htm,,,4_rellit/saiva,,
sa_pAzupatasUtra-comm.xml,Pāśupatasūtra with Kauṇḍinya's Pañcārthabhāṣya,Pāśupatasūtra,,,,,,,,,http://gretil.sub.uni-goettingen.de/gretil/corpustei/transformations/html/sa_pAzupatasUtra-comm.htm,http://gretil.sub.uni-goettingen.de/gretil/1_sanskr/4_rellit/saiva/pasupbhu.htm,http://gretil.sub.uni-goettingen.de/gretil/1_sanskr/4_rellit/saiva/pasupbhu.htm,,,4_rellit/saiva,,
sa_parazurAmakalpasUtra.xml,"Paraśurāmakalpasūtra (a digest of Śrīvidyā, as system of worship of the Divine Mother)",Paraśurāma-Kalpasūtra,,,,,,,,,http://gretil.sub.uni-goettingen.de/gretil/corpustei/transformations/html/sa_parazurAmakalpasUtra.htm,http://gretil.sub.uni-goettingen.de/gretil/1_sanskr/4_rellit/saiva/paraksau.htm,http://gretil.sub.uni-goettingen.de/gretil/1_sanskr/4_rellit/saiva/parakspu.htm,https://archive.org/details/wg551,,4_rellit/saiva,,
sa_mRgendrAgama.xml,Mṛgendrāgama (= Mrgendratantra),Mṛgendrāgama [Mṛgendratantra]: 1. Vidyāpāda,,,,,,,,,http://gretil.sub.uni-goettingen.de/gretil/corpustei/transformations/html/sa_mRgendrAgama.htm,http://gretil.sub.uni-goettingen.de/gretil/1_sanskr/4_rellit/saiva/mrgt1mau.htm,http://gretil.sub.uni-goettingen.de/gretil/1_sanskr/4_rellit/saiva/mrgt1mpu.htm,https://archive.org/search.php?query=M%E1%B9%9Bgendr%C4%81gama,,4_rellit/saiva,,
sa_mAlinIvijayottaratantra.xml,Mālinīvijayottaratantra,Mālinīvijayottaratantra,,,,,,,,,http://gretil.sub.uni-goettingen.de/gretil/corpustei/transformations/html/sa_mAlinIvijayottaratantra.htm,http://gretil.sub.uni-goettingen.de/gretil/1_sanskr/4_rellit/saiva/malinivu.htm,http://gretil.sub.uni-goettingen.de/gretil/1_sanskr/4_rellit/saiva/malinivu.htm,,,4_rellit/saiva,,
sa_mAtRkAbhedatantra.xml,Mātṛkābhedatantra,Mātṛkābhedatantra,,,,,,,,,http://gretil.sub.uni-goettingen.de/gretil/corpustei/transformations/html/sa_mAtRkAbhedatantra.htm,http://gretil.sub.uni-goettingen.de/gretil/1_sanskr/4_rellit/saiva/mabhedtu.htm,http://gretil.sub.uni-goettingen.de/gretil/1_sanskr/4_rellit/saiva/mabhedtu.htm,,,4_rellit/saiva,,
sa_gorakSanAtha-AmaraughazAsana-comm.xml,Āmaraughaśāsana,Āmaraughaśāsana,,Gorakṣanātha,Gorakṣanātha [= Gorakhnāth],P0AT0120,,,,,http://gretil.sub.uni-goettingen.de/gretil/corpustei/transformations/html/sa_gorakSanAtha-AmaraughazAsana-comm.htm,http://gretil.sub.uni-goettingen.de/gretil/1_sanskr/4_rellit/saiva/goramaru.htm,http://gretil.sub.uni-goettingen.de/gretil/1_sanskr/4_rellit/saiva/goramaru.htm,,,4_rellit/saiva,,
sa_devIkAlottarAgama.xml,Devīkālottarāgama,Devīkālottara-Āgama,,,,,,,,,http://gretil.sub.uni-goettingen.de/gretil/corpustei/transformations/html/sa_devIkAlottarAgama.htm,http://gretil.sub.uni-goettingen.de/gretil/1_sanskr/4_rellit/saiva/devikaau.htm,http://gretil.sub.uni-goettingen.de/gretil/1_sanskr/4_rellit/saiva/devikaau.htm,,,4_rellit/saiva,,
sa_cakrapANinAtha-bhAvopahArastotra.xml,Bhāvopahārastotra with Vivaraṇa commentary by Ramyadeva Bhaṭṭa,Cakrapāṇinātha: Bhāvopahārastotra,,Cakrapāṇinātha,,,,,,,http://gretil.sub.uni-goettingen.de/gretil/corpustei/transformations/html/sa_cakrapANinAtha-bhAvopahArastotra.htm,http://gretil.sub.uni-goettingen.de/gretil/1_sanskr/4_rellit/saiva/cakbhavu.htm,http://gretil.sub.uni-goettingen.de/gretil/1_sanskr/4_rellit/saiva/cakbhavu.htm,,,4_rellit/saiva,,
sa_bIjanighaNTu.xml,Bījanighaṇṭu,Bījanighaṇṭu,,,,,,,,,http://gretil.sub.uni-goettingen.de/gretil/corpustei/transformations/html/sa_bIjanighaNTu.htm,http://gretil.sub.uni-goettingen.de/gretil/1_sanskr/4_rellit/saiva/bijnighu.htm,http://gretil.sub.uni-goettingen.de/gretil/1_sanskr/4_rellit/saiva/bijnighu.htm,,,4_rellit/saiva,,
sa_bhaTTanArAyaNa-stavacintAmaNi.xml,Stavacintāmaṇi,Stavacintāmaṇi,,Bhaṭṭanārāyaṇa,Bhaṭṭa Nārāyaṇa,P0AT0119,,,,,http://gretil.sub.uni-goettingen.de/gretil/corpustei/transformations/html/sa_bhaTTanArAyaNa-stavacintAmaNi.htm,http://gretil.sub.uni-goettingen.de/gretil/1_sanskr/4_rellit/saiva/bhnstcbu.htm,http://gretil.sub.uni-goettingen.de/gretil/1_sanskr/4_rellit/saiva/bhnstcpu.htm,,,4_rellit/saiva,,
sa_haribhadrasUri-zAstravArttAsamuccaya.xml,Śāstravārttāsamuccaya,Śāstravārtāsamuccaya,,Haribhadrasūri,Haribhadrasūri,P0ER0009,,,,,http://gretil.sub.uni-goettingen.de/gretil/corpustei/transformations/html/sa_haribhadrasUri-zAstravArttAsamuccaya.htm,http://gretil.sub.uni-goettingen.de/gretil/1_sanskr/4_rellit/jaina/hsasvrau.htm,http://gretil.sub.uni-goettingen.de/gretil/1_sanskr/4_rellit/jaina/hsasvrpu.htm,https://archive.org/search.php?query=Sastravartasamuccaya,,4_rellit/jaina,,
sa_revAkhANDa-of-the-vAyupurANa-rkv.xml,Revākhāṇḍa of the Vāyupurāṇa (RKV),Revākhaṇḍa of the Vāyupurāṇa,,,,,,,,,http://gretil.sub.uni-goettingen.de/gretil/corpustei/transformations/html/sa_revAkhANDa-of-the-vAyupurANa-rkv.htm,http://gretil.sub.uni-goettingen.de/gretil/1_sanskr/3_purana/vprevk_u.htm,http://gretil.sub.uni-goettingen.de/gretil/1_sanskr/3_purana/vprevk_u.htm,,,3_purana,,
sa_viSNupurANa.xml,Viṣṇupurāṇa,Viṣṇu-Purāṇa,,,,,,,,,http://gretil.sub.uni-goettingen.de/gretil/corpustei/transformations/html/sa_viSNupurANa.htm,http://gretil.sub.uni-goettingen.de/gretil/1_sanskr/3_purana/visnup_u.htm,http://gretil.sub.uni-goettingen.de/gretil/1_sanskr/3_purana/visnup_u.htm,https://archive.org/search.php?query=Vi%E1%B9%A3%E1%B9%87upur%C4%81%E1%B9%87a,,3_purana,,
"sa_viSNudharmottarapurANa3,343-353.xml","Viṣṇudharmottarapurāṇa, 3,343-353",Viṣṇudharmottara-Purāṇa,,,,,,,,,"http://gretil.sub.uni-goettingen.de/gretil/corpustei/transformations/html/sa_viSNudharmottarapurANa3,343-353.htm",http://gretil.sub.uni-goettingen.de/gretil/1_sanskr/3_purana/vd3343au.htm,http://gretil.sub.uni-goettingen.de/gretil/1_sanskr/3_purana/vd3343pu.htm,https://archive.org/search.php?query=Vi%E1%B9%A3%E1%B9%87udharmottara-Pur%C4%81%E1%B9%87a,,3_purana,,
"sa_viSNudharmottarapurANa-2,127.xml","Viṣṇudharmottarapurāṇa 2,127 Atharvavidhikathana (= Atharvavidhāna)",Viṣṇudharmottara-Purāṇa: Atharvavidhikathana [Atharvavidhāna],,,,,,,,,"http://gretil.sub.uni-goettingen.de/gretil/corpustei/transformations/html/sa_viSNudharmottarapurANa-2,127.htm",http://gretil.sub.uni-goettingen.de/gretil/1_sanskr/3_purana/vd2127_u.htm,http://gretil.sub.uni-goettingen.de/gretil/1_sanskr/3_purana/vd2127_u.htm,https://archive.org/search.php?query=Vi%E1%B9%A3%E1%B9%87udharmottara-Pur%C4%81%E1%B9%87a,,3_purana,,
sa_vAmanapurANasaromAhAtmya.xml,"Vāmanapurāṇa, Saromāhātmya",Vāmana-Purāṇa,,,,,,,,,http://gretil.sub.uni-goettingen.de/gretil/corpustei/transformations/html/sa_vAmanapurANasaromAhAtmya.htm,http://gretil.sub.uni-goettingen.de/gretil/1_sanskr/3_purana/vampsm_u.htm,http://gretil.sub.uni-goettingen.de/gretil/1_sanskr/3_purana/vampsm_u.htm,https://archive.org/search.php?query=V%C4%81mana-Pur%C4%81%E1%B9%87a,,3_purana,,
sa_vAmanapurANa1-69.xml,"Vāmanapurāṇa, 1-69",Vāmana-Purāṇa,,,,,,,,,http://gretil.sub.uni-goettingen.de/gretil/corpustei/transformations/html/sa_vAmanapurANa1-69.htm,http://gretil.sub.uni-goettingen.de/gretil/1_sanskr/3_purana/vamp__u.htm,http://gretil.sub.uni-goettingen.de/gretil/1_sanskr/3_purana/vamp__u.htm,https://archive.org/search.php?query=V%C4%81mana-Pur%C4%81%E1%B9%87a,,3_purana,,
sa_skandapurANa-revAkhaNDa-rks.xml,Skandapurāṇa: Revākhaṇḍa (RKS),Skanda-Purāṇa: Revākhaṇḍa,,,,,,,,,http://gretil.sub.uni-goettingen.de/gretil/corpustei/transformations/html/sa_skandapurANa-revAkhaNDa-rks.htm,http://gretil.sub.uni-goettingen.de/gretil/1_sanskr/3_purana/skprevku.htm,http://gretil.sub.uni-goettingen.de/gretil/1_sanskr/3_purana/skprevku.htm,https://archive.org/search.php?query=Skanda-Pur%C4%81%E1%B9%87a,,3_purana,,
"sa_skandapurANa1-31,14.xml","Skandapurāṇa, 1-31.14",Skandapurāṇa,,,,,,,,,"http://gretil.sub.uni-goettingen.de/gretil/corpustei/transformations/html/sa_skandapurANa1-31,14.htm",http://gretil.sub.uni-goettingen.de/gretil/1_sanskr/3_purana/skp031au.htm,http://gretil.sub.uni-goettingen.de/gretil/1_sanskr/3_purana/skp031pu.htm,https://archive.org/search.php?query=Skanda-Pur%C4%81%E1%B9%87a,,3_purana,,
sa_zivapurANabooks-1-and-7.xml,"Śivapurāṇa, Books 1 and 7",Śiva-Purāṇa 1 [Vidyeśvara-Saṃhitā],,,,,,,,,http://gretil.sub.uni-goettingen.de/gretil/corpustei/transformations/html/sa_zivapurANabooks-1-and-7.htm,http://gretil.sub.uni-goettingen.de/gretil/1_sanskr/3_purana/sivap1_u.htm,http://gretil.sub.uni-goettingen.de/gretil/1_sanskr/3_purana/sivap1_u.htm,https://archive.org/search.php?query=%C5%9Aiva-Pur%C4%81%E1%B9%87a,,3_purana,,
sa_narasiMhapurANa.xml,Narasiṃhapurāṇa,Narasiṃha-Purāṇa,,,,,,,,,http://gretil.sub.uni-goettingen.de/gretil/corpustei/transformations/html/sa_narasiMhapurANa.htm,http://gretil.sub.uni-goettingen.de/gretil/1_sanskr/3_purana/narsipau.htm,http://gretil.sub.uni-goettingen.de/gretil/1_sanskr/3_purana/narsippu.htm,https://archive.org/search.php?query=Narasi%E1%B9%83ha-Pur%C4%81%E1%B9%87a,,3_purana,,
sa_nAradapurANa.xml,Nāradapurāṇa (or Nāradīyapurāṇa),Nārada-Purāṇa 1 [Nāradīya-Purāṇa 1],,,,,,,,,http://gretil.sub.uni-goettingen.de/gretil/corpustei/transformations/html/sa_nAradapurANa.htm,http://gretil.sub.uni-goettingen.de/gretil/1_sanskr/3_purana/nardp1_u.htm,http://gretil.sub.uni-goettingen.de/gretil/1_sanskr/3_purana/nardp1_u.htm,https://archive.org/search.php?query=N%C4%81rada-Pur%C4%81%E1%B9%87a,,3_purana,,
sa_matsyapurANa1-176.xml,"Matsyapurāṇa, 1-176",Matsya-Purāṇa,,,,,,,,,http://gretil.sub.uni-goettingen.de/gretil/corpustei/transformations/html/sa_matsyapurANa1-176.htm,http://gretil.sub.uni-goettingen.de/gretil/1_sanskr/3_purana/mtp176au.htm,http://gretil.sub.uni-goettingen.de/gretil/1_sanskr/3_purana/mtp176pu.htm,https://archive.org/search.php?query=Matsyapur%C4%81%E1%B9%87a,,3_purana,,
sa_mArkaNDeyapurANa1-93.xml,"Mārkaṇḍeyapurāṇa, 1-93",Mārkaṇḍeya-Purāṇa,,,,,,,,,http://gretil.sub.uni-goettingen.de/gretil/corpustei/transformations/html/sa_mArkaNDeyapurANa1-93.htm,http://gretil.sub.uni-goettingen.de/gretil/1_sanskr/3_purana/mkp1-93u.htm,http://gretil.sub.uni-goettingen.de/gretil/1_sanskr/3_purana/mkp1-93u.htm,https://archive.org/search.php?query=M%C4%81rka%E1%B9%87%E1%B8%8Deya-Pur%C4%81%E1%B9%87a,,3_purana,,
"sa_liGgapurANa2,1-55.xml","Liṅgapurāṇa, 2,1-55","Liṅga-Purāṇa 2,1–55",,,,,,,,,"http://gretil.sub.uni-goettingen.de/gretil/corpustei/transformations/html/sa_liGgapurANa2,1-55.htm",http://gretil.sub.uni-goettingen.de/gretil/1_sanskr/3_purana/lip_2__u.htm,http://gretil.sub.uni-goettingen.de/gretil/1_sanskr/3_purana/lip_2__u.htm,https://archive.org/search.php?query=Li%E1%B9%85ga-Pur%C4%81%E1%B9%87a,,3_purana,,
sa_kUrmapurANa.xml,Kūrmapurāṇa,Kūrma-Purāṇa 1,,,,,,,,,http://gretil.sub.uni-goettingen.de/gretil/corpustei/transformations/html/sa_kUrmapurANa.htm,http://gretil.sub.uni-goettingen.de/gretil/1_sanskr/3_purana/kurmp1_u.htm,http://gretil.sub.uni-goettingen.de/gretil/1_sanskr/3_purana/kurmp1_u.htm,https://archive.org/search.php?query=K%C5%ABrma-Pur%C4%81%E1%B9%87a,,3_purana,,
sa_garuDapurANa.xml,Garuḍapurāṇa,Garuḍa-Purāṇa 1,,,,,,,,,http://gretil.sub.uni-goettingen.de/gretil/corpustei/transformations/html/sa_garuDapurANa.htm,http://gretil.sub.uni-goettingen.de/gretil/1_sanskr/3_purana/garup1_u.htm,http://gretil.sub.uni-goettingen.de/gretil/1_sanskr/3_purana/garup1_u.htm,https://archive.org/search.php?query=Garu%E1%B8%8Da-Pur%C4%81%E1%B9%87a,,3_purana,,
sa_devIgItA.xml,"Devīgītā (= Devībhāgavata-Purāṇa 7,31-40)",Devīgītā [Devībhāgavata-Purāṇa],,,,,,,,,http://gretil.sub.uni-goettingen.de/gretil/corpustei/transformations/html/sa_devIgItA.htm,http://gretil.sub.uni-goettingen.de/gretil/1_sanskr/3_purana/dbhp_dgu.htm,http://gretil.sub.uni-goettingen.de/gretil/1_sanskr/3_purana/dbhp_dgu.htm,https://archive.org/search.php?query=Dev%C4%ABg%C4%ABt%C4%81,,3_purana,,
sa_brahmANDapurANa.xml,Brahmāṇḍapurāṇa,Brahmāṇḍa-Purāṇa 1,,,,,,,,,http://gretil.sub.uni-goettingen.de/gretil/corpustei/transformations/html/sa_brahmANDapurANa.htm,http://gretil.sub.uni-goettingen.de/gretil/1_sanskr/3_purana/brndp1_u.htm,http://gretil.sub.uni-goettingen.de/gretil/1_sanskr/3_purana/brndp1_u.htm,https://archive.org/search.php?query=Brahm%C4%81%E1%B9%87%E1%B8%8Da-Pur%C4%81%E1%B9%87a,,3_purana,,
sa_agnipurANa.xml,Agnipurāṇa,Agni-Purāṇa,,,,,,,,,http://gretil.sub.uni-goettingen.de/gretil/corpustei/transformations/html/sa_agnipurANa.htm,http://gretil.sub.uni-goettingen.de/gretil/1_sanskr/3_purana/agp_bi_u.htm,http://gretil.sub.uni-goettingen.de/gretil/1_sanskr/3_purana/agp_bi_u.htm,https://archive.org/search.php?query=Agni-Pur%C4%81%E1%B9%87a,,3_purana,,
sa_brahmapurANa-1-246.xml,Brahmapurāṇa 1-246,Brahma-Purāṇa,,,,,,,,,http://gretil.sub.uni-goettingen.de/gretil/corpustei/transformations/html/sa_brahmapurANa-1-246.htm,http://gretil.sub.uni-goettingen.de/gretil/1_sanskr/3_purana/brahmap/brahmpau.htm,http://gretil.sub.uni-goettingen.de/gretil/1_sanskr/3_purana/brahmap/brahmppu.htm,https://archive.org/search.php?query=Brahma-Pur%C4%81%E1%B9%87a,,3_purana/brahmap,,
"sa_bhAgavatapurANa-10,29-33.xml","Bhāgavatapurāṇa 10.29-33 (the five ""rasa""-chapters) with Śrīdhara's commentary (Bhāvārthadīpikā)","Bhāgavata-Purāṇa 10, 29–33",,,,,,,,,"http://gretil.sub.uni-goettingen.de/gretil/corpustei/transformations/html/sa_bhAgavatapurANa-10,29-33.htm",http://gretil.sub.uni-goettingen.de/gretil/1_sanskr/3_purana/bhagp/bhpc101u.htm,http://gretil.sub.uni-goettingen.de/gretil/1_sanskr/3_purana/bhagp/bhpc101u.htm,https://archive.org/search.php?query=Bh%C4%81gavata-Pur%C4%81%E1%B9%87a,,3_purana/bhagp,,
sa_bhAgavatapurANa.xml,Bhāgavatapurāṇa,Bhāgavata-Purāṇa 1,,,,,,,,,http://gretil.sub.uni-goettingen.de/gretil/corpustei/transformations/html/sa_bhAgavatapurANa.htm,http://gretil.sub.uni-goettingen.de/gretil/1_sanskr/3_purana/bhagp/bhp1-12u.htm,http://gretil.sub.uni-goettingen.de/gretil/1_sanskr/3_purana/bhagp/bhp_01u.htm,https://archive.org/search.php?query=Bh%C4%81gavata-Pur%C4%81%E1%B9%87a,,3_purana/bhagp,,
sa_govindkaul-pradezasaMgraha.xml,Pradeśasaṃgraha,Pradeśasaṃgraha,,Govind Kaul,Govind Kaul,P0AT0190,,,,,http://gretil.sub.uni-goettingen.de/gretil/corpustei/transformations/html/sa_govindkaul-pradezasaMgraha.htm,,http://gretil.sub.uni-goettingen.de/gretil/1_sanskr/5_poetry/6_hist/kaulpradsam_u.htm,,,,,
sa_jonarAja-and-pseudo-jonarAja-rAjataraGginI.xml,Rājataraṅginī,Rājataraṅginī,,Jonarāja and Pseudo-Jonarāja,Jonarāja and Pseudo-Jonarāja,P0AT0189,,,,,http://gretil.sub.uni-goettingen.de/gretil/corpustei/transformations/html/sa_jonarAja-and-pseudo-jonarAja-rAjataraGginI.htm,http://gretil.sub.uni-goettingen.de/gretil/1_sanskr/5_poetry/6_hist/jonart_au.htm,http://gretil.sub.uni-goettingen.de/gretil/1_sanskr/5_poetry/6_hist/jonart_pu.htm,https://archive.org/search.php?query=R%C4%81jatara%E1%B9%85gin%C4%AB,,5_poetry/6_hist,,
sa_viSNuzarman-paJcatantra.xml,Pañcatantra,Pañcatantra,,Viṣṇuśarman,Viṣṇuśarma,P0AT0188,,,,,http://gretil.sub.uni-goettingen.de/gretil/corpustei/transformations/html/sa_viSNuzarman-paJcatantra.htm,http://gretil.sub.uni-goettingen.de/gretil/1_sanskr/5_poetry/4_narr/vispancu.htm,http://gretil.sub.uni-goettingen.de/gretil/1_sanskr/5_poetry/4_narr/vispancu.htm,https://archive.org/search.php?query=Pa%C3%B1catantra,,5_poetry/4_narr,,
sa_vidyAkara-subhASitaratnakoza.xml,Subhāṣitaratnakośa,Subhāṣitaratnakoṣa,,Vidyākara,Vidyākara,P0AT0187,,,,,http://gretil.sub.uni-goettingen.de/gretil/corpustei/transformations/html/sa_vidyAkara-subhASitaratnakoza.htm,http://gretil.sub.uni-goettingen.de/gretil/1_sanskr/5_poetry/5_subhas/vidsrgau.htm,http://gretil.sub.uni-goettingen.de/gretil/1_sanskr/5_poetry/5_subhas/vidsripu.htm,https://archive.org/details/subhasitaratnako0000vidy/mode/2up,,5_poetry/5_subhas,,
sa_vallabhadeva-subhASitAvali-1-1040.xml,Subhāṣitāvali 1-1040,Subhāṣitāvalī,,Vallabhadeva,Vallabhadeva,P0AT0186,,,,,http://gretil.sub.uni-goettingen.de/gretil/corpustei/transformations/html/sa_vallabhadeva-subhASitAvali-1-1040.htm,http://gretil.sub.uni-goettingen.de/gretil/1_sanskr/5_poetry/5_subhas/valsubhu.htm,http://gretil.sub.uni-goettingen.de/gretil/1_sanskr/5_poetry/5_subhas/valsubhu.htm,https://archive.org/search.php?query=Subh%C4%81%E1%B9%A3it%C4%81val%C4%AB,,5_poetry/5_subhas,,
sa_mahAsubhASitasaMgraha-1-9979.xml,Mahāsubhāṣitasaṃgraha 1-9979,Mahāsubhāṣitasaṅgraha,,,,,,,,,http://gretil.sub.uni-goettingen.de/gretil/corpustei/transformations/html/sa_mahAsubhASitasaMgraha-1-9979.htm,http://gretil.sub.uni-goettingen.de/gretil/1_sanskr/5_poetry/5_subhas/msubhs_u.htm,http://gretil.sub.uni-goettingen.de/gretil/1_sanskr/5_poetry/5_subhas/msubhs_u.htm,,,5_poetry/5_subhas,,
sa_kSemendra-darpadalana.xml,Darpadalana,Darpadalana,,Kṣemendra,Kṣemendra,P7847,,,,,http://gretil.sub.uni-goettingen.de/gretil/corpustei/transformations/html/sa_kSemendra-darpadalana.htm,http://gretil.sub.uni-goettingen.de/gretil/1_sanskr/5_poetry/5_subhas/ksdarpau.htm,http://gretil.sub.uni-goettingen.de/gretil/1_sanskr/5_poetry/5_subhas/ksdarppu.htm,,,5_poetry/5_subhas,,
sa_bhatRhari-zatakatraya.xml,"Śatakatraya (1. Nītiśataka, 2. Śṛṅgāraśataka, 3. Vairāgyaśataka)","Śatakatraya: 1. Nītiśataka, 2. Śṛṅgāraśataka, 3. Vairāgyaśataka",,Bhatṛhari,Bhartṛhari,P1KG5874,,,,,http://gretil.sub.uni-goettingen.de/gretil/corpustei/transformations/html/sa_bhatRhari-zatakatraya.htm,http://gretil.sub.uni-goettingen.de/gretil/1_sanskr/5_poetry/5_subhas/bharst_u.htm,http://gretil.sub.uni-goettingen.de/gretil/1_sanskr/5_poetry/5_subhas/bharst_u.htm,https://archive.org/details/EpigramsAttributedToBhartrhariKosambiBookmarked/mode/2up,,5_poetry/5_subhas,,
sa_tantrAkhyAyika-1-2.xml,Tantrākhyāyika 1-2,Tantrākhyāyika 1,,,,,,,,,http://gretil.sub.uni-goettingen.de/gretil/corpustei/transformations/html/sa_tantrAkhyAyika-1-2.htm,http://gretil.sub.uni-goettingen.de/gretil/1_sanskr/5_poetry/4_narr/ttrkhy1u.htm,http://gretil.sub.uni-goettingen.de/gretil/1_sanskr/5_poetry/4_narr/ttrkhy1u.htm,https://archive.org/search.php?query=Tantr%C4%81khy%C4%81yika,,5_poetry/4_narr,,
sa_zukasaptati.xml,Śukasaptati,Śukasaptati,,,,,,,,,http://gretil.sub.uni-goettingen.de/gretil/corpustei/transformations/html/sa_zukasaptati.htm,http://gretil.sub.uni-goettingen.de/gretil/1_sanskr/5_poetry/4_narr/suksaptu.htm,http://gretil.sub.uni-goettingen.de/gretil/1_sanskr/5_poetry/4_narr/suksaptu.htm,https://archive.org/search.php?query=%C5%9Aukasaptati,,5_poetry/4_narr,,
sa_somadeva-kathAsaritsAgara.xml,Kathāsaritsāgara,Kathāsaritsāgara,,Somadeva,Somadeva,P0AT0184,,,,,http://gretil.sub.uni-goettingen.de/gretil/corpustei/transformations/html/sa_somadeva-kathAsaritsAgara.htm,http://gretil.sub.uni-goettingen.de/gretil/1_sanskr/5_poetry/4_narr/sokss_mu.htm,http://gretil.sub.uni-goettingen.de/gretil/1_sanskr/5_poetry/4_narr/soksvppu.htm,https://archive.org/search.php?query=Kath%C4%81sarits%C4%81gara,,5_poetry/4_narr,,
sa_nArAyaNa-hitopadeza.xml,Hitopadeśa,Hitopadeśa,,Nārāyaṇa,Nārāyaṇa,P0AT0183,,,,,http://gretil.sub.uni-goettingen.de/gretil/corpustei/transformations/html/sa_nArAyaNa-hitopadeza.htm,http://gretil.sub.uni-goettingen.de/gretil/1_sanskr/5_poetry/4_narr/hitop_u.htm,http://gretil.sub.uni-goettingen.de/gretil/1_sanskr/5_poetry/4_narr/hitop_u.htm,https://archive.org/search.php?query=Hitopade%C5%9Ba,,5_poetry/4_narr,,
sa_buddhasvAmin-bRhatkathAzlokasaMgraha.xml,Bṛhatkathāślokasaṃgraha,Bṛhatkathāślokasaṃgraha,,Buddhasvāmin,Buddhasvāmin,P0AT0182,,,,,http://gretil.sub.uni-goettingen.de/gretil/corpustei/transformations/html/sa_buddhasvAmin-bRhatkathAzlokasaMgraha.htm,http://gretil.sub.uni-goettingen.de/gretil/1_sanskr/5_poetry/4_narr/brkas_au.htm,http://gretil.sub.uni-goettingen.de/gretil/1_sanskr/5_poetry/4_narr/brkas_pu.htm,,,5_poetry/4_narr,,
sa_udIcyazyAmilaka-pADatADitaka.xml,Pāḍatāḍitaka,Pāḍatāḍitaka,,Udīcyaśyāmilaka,Udīcya Śyāmilaka,P0AT0181,,,,,http://gretil.sub.uni-goettingen.de/gretil/corpustei/transformations/html/sa_udIcyazyAmilaka-pADatADitaka.htm,http://gretil.sub.uni-goettingen.de/gretil/1_sanskr/5_poetry/3_drama/sypadatu.htm,http://gretil.sub.uni-goettingen.de/gretil/1_sanskr/5_poetry/3_drama/sypadatu.htm,,,5_poetry/3_drama,,
sa_ruyyaka-sahRdayalIlA.xml,Sahṛdayalīlā,Sahṛdayalīlā,,Ruyyaka,Ruyyaka,P0AT0147,,,,,http://gretil.sub.uni-goettingen.de/gretil/corpustei/transformations/html/sa_ruyyaka-sahRdayalIlA.htm,http://gretil.sub.uni-goettingen.de/gretil/1_sanskr/5_poetry/2_kavya/ruysahlu.htm,http://gretil.sub.uni-goettingen.de/gretil/1_sanskr/5_poetry/2_kavya/ruysahlu.htm,https://archive.org/search.php?query=Sah%E1%B9%9Bdayal%C4%ABl%C4%81,,5_poetry/2_kavya,,
sa_abhinanda-rAmacaritamahAkAvye.xml,Rāmacaritamahākāvye,Rāmacaritamahākāvya 1–3,,Abhinanda,Abhinanda,P0AT0158,,,,,http://gretil.sub.uni-goettingen.de/gretil/corpustei/transformations/html/sa_abhinanda-rAmacaritamahAkAvye.htm,http://gretil.sub.uni-goettingen.de/gretil/1_sanskr/5_poetry/2_kavya/rmc1-3au.htm,http://gretil.sub.uni-goettingen.de/gretil/1_sanskr/5_poetry/2_kavya/rmc1-3pu.htm,,,5_poetry/2_kavya,,
sa_mahendravarman-i-mattavilAsaprahasana.xml,Mattavilāsaprahasana,Mattavilāsaprahasana,,Mahendravarman I,Mahendravarman I,P0AT0180,,,,,http://gretil.sub.uni-goettingen.de/gretil/corpustei/transformations/html/sa_mahendravarman-i-mattavilAsaprahasana.htm,http://gretil.sub.uni-goettingen.de/gretil/1_sanskr/5_poetry/3_drama/mmatvipu.htm,http://gretil.sub.uni-goettingen.de/gretil/1_sanskr/5_poetry/3_drama/mmatvipu.htm,,,5_poetry/3_drama,,
sa_kAlidAsa-abhijJAnazakuntala.xml,Abhijñānaśakuntala,Abhijñānaśākuntala,,Kālidāsa,Kālidāsa,P8058,,,,,http://gretil.sub.uni-goettingen.de/gretil/corpustei/transformations/html/sa_kAlidAsa-abhijJAnazakuntala.htm,http://gretil.sub.uni-goettingen.de/gretil/1_sanskr/5_poetry/3_drama/ksakunau.htm,http://gretil.sub.uni-goettingen.de/gretil/1_sanskr/5_poetry/3_drama/ksakunpu.htm,https://archive.org/search.php?query=Abhij%C3%B1%C4%81na%C5%9B%C4%81kuntala,,5_poetry/3_drama,,
sa_harSadeva-priyadarzikA.xml,Priyadarśikā,Priyadarśikā,,Harṣadeva,Harṣadeva,P7374,,,,,http://gretil.sub.uni-goettingen.de/gretil/corpustei/transformations/html/sa_harSadeva-priyadarzikA.htm,http://gretil.sub.uni-goettingen.de/gretil/1_sanskr/5_poetry/3_drama/hpriydau.htm,http://gretil.sub.uni-goettingen.de/gretil/1_sanskr/5_poetry/3_drama/hpriydpu.htm,https://archive.org/search.php?query=Priyadar%C5%9Bik%C4%81,,5_poetry/3_drama,,
sa_harSadeva-ratnAvalInATikA.xml,Ratnāvalīnāṭikā,Ratnāvalīnāṭikā,,Harṣadeva,Harṣadeva,P7374,,,,,http://gretil.sub.uni-goettingen.de/gretil/corpustei/transformations/html/sa_harSadeva-ratnAvalInATikA.htm,http://gretil.sub.uni-goettingen.de/gretil/1_sanskr/5_poetry/3_drama/hdratn_u.htm,http://gretil.sub.uni-goettingen.de/gretil/1_sanskr/5_poetry/3_drama/hdratn_u.htm,,,5_poetry/3_drama,,
sa_harSadeva-nAgAnanda.xml,Nāgānanda,Nāgānandanāṭaka,,Harṣadeva,Harṣadeva,P7374,,,,,http://gretil.sub.uni-goettingen.de/gretil/corpustei/transformations/html/sa_harSadeva-nAgAnanda.htm,http://gretil.sub.uni-goettingen.de/gretil/1_sanskr/5_poetry/3_drama/harnagau.htm,http://gretil.sub.uni-goettingen.de/gretil/1_sanskr/5_poetry/3_drama/harnagau.htm,,y,5_poetry/3_drama,,
sa_dramatic-fragments-buddhist.xml,Dramatic Fragments (buddhist),Dramatic Fragments (buddhist),,,,,,,,,http://gretil.sub.uni-goettingen.de/gretil/corpustei/transformations/html/sa_dramatic-fragments-buddhist.htm,http://gretil.sub.uni-goettingen.de/gretil/1_sanskr/5_poetry/3_drama/dramfrag_tu.htm,http://gretil.sub.uni-goettingen.de/gretil/1_sanskr/5_poetry/3_drama/dramfrag_pu.htm,,,5_poetry/3_drama,,
sa_bhaTTanArAyaNa-veNIsaMhAra.xml,Veṇīsaṃhāra,Veṇīsaṃhāra,,Bhaṭṭanārāyaṇa,Bhaṭṭanārāyaṇa,P0AT0179,,,,,http://gretil.sub.uni-goettingen.de/gretil/corpustei/transformations/html/sa_bhaTTanArAyaNa-veNIsaMhAra.htm,http://gretil.sub.uni-goettingen.de/gretil/1_sanskr/5_poetry/3_drama/bhveni_u.htm,http://gretil.sub.uni-goettingen.de/gretil/1_sanskr/5_poetry/3_drama/bhveni_u.htm,https://archive.org/search.php?query=Ve%E1%B9%87%C4%ABsa%E1%B9%83h%C4%81ra,,5_poetry/3_drama,,
sa_bhAsa-svapnavAsavadatta.xml,Svapnavāsavadatta,Svapnavāsavadatta,,Bhāsa,Bhāsa,P0AT0178,,,,,http://gretil.sub.uni-goettingen.de/gretil/corpustei/transformations/html/sa_bhAsa-svapnavAsavadatta.htm,http://gretil.sub.uni-goettingen.de/gretil/1_sanskr/5_poetry/3_drama/bhassv_u.htm,http://gretil.sub.uni-goettingen.de/gretil/1_sanskr/5_poetry/3_drama/bhassv_u.htm,https://archive.org/search.php?query=Svapnavasavadatta,,5_poetry/3_drama,,
sa_bhAsa-dUtavAkya.xml,Dūtavākya,Dūtavākya,,Bhāsa,Bhāsa,P0AT0178,,,,,http://gretil.sub.uni-goettingen.de/gretil/corpustei/transformations/html/sa_bhAsa-dUtavAkya.htm,http://gretil.sub.uni-goettingen.de/gretil/1_sanskr/5_poetry/3_drama/bhasdutu.htm,http://gretil.sub.uni-goettingen.de/gretil/1_sanskr/5_poetry/3_drama/bhasdutu.htm,https://archive.org/search.php?query=D%C5%ABtav%C4%81kya,,5_poetry/3_drama,,
sa_uddaNDa-kokilasaMdesa.xml,Kokilasaṃdesa,Kokilasandeśa,,Uddaṇḍa,Uddaṇḍa,P0AT0177,,,,,http://gretil.sub.uni-goettingen.de/gretil/corpustei/transformations/html/sa_uddaNDa-kokilasaMdesa.htm,http://gretil.sub.uni-goettingen.de/gretil/1_sanskr/5_poetry/2_kavya/uddkokau.htm,http://gretil.sub.uni-goettingen.de/gretil/1_sanskr/5_poetry/2_kavya/uddkokpu.htm,,,5_poetry/2_kavya,,
sa_subandhu-vAsavadattA.xml,Vāsavadattā,Vāsavadattā,,Subandhu,Subandhu,P0AT0176,,,,,http://gretil.sub.uni-goettingen.de/gretil/corpustei/transformations/html/sa_subandhu-vAsavadattA.htm,http://gretil.sub.uni-goettingen.de/gretil/1_sanskr/5_poetry/2_kavya/suvasavu.htm,http://gretil.sub.uni-goettingen.de/gretil/1_sanskr/5_poetry/2_kavya/suvasavu.htm,https://archive.org/search.php?query=Vasavadatta,,5_poetry/2_kavya,,
sa_rudrabhaTTaH-zRGgAratilaka.xml,Śṛṅgāratilaka,Srngaratilaka,,Rudrabhaṭṭaḥ,Rudrabhaṭṭa,P0AT0175,,,,,http://gretil.sub.uni-goettingen.de/gretil/corpustei/transformations/html/sa_rudrabhaTTaH-zRGgAratilaka.htm,http://gretil.sub.uni-goettingen.de/gretil/1_sanskr/5_poetry/2_kavya/srngt_vu.htm,http://gretil.sub.uni-goettingen.de/gretil/1_sanskr/5_poetry/2_kavya/srngt_pu.htm,,,5_poetry/2_kavya,,
sa_rUpagosvAmin-haMsadUta.xml,Haṃsadūta,Haṃsadūta,,Rūpagosvāmin,Rūpa Gosvāmī,P0AT0135,,,,,http://gretil.sub.uni-goettingen.de/gretil/corpustei/transformations/html/sa_rUpagosvAmin-haMsadUta.htm,http://gretil.sub.uni-goettingen.de/gretil/1_sanskr/5_poetry/2_kavya/ruphamdu.htm,http://gretil.sub.uni-goettingen.de/gretil/1_sanskr/5_poetry/2_kavya/ruphamdu.htm,,,5_poetry/2_kavya,,
sa_rAmodanta.xml,Rāmodanta,Rāmodanta,,,,,,,,,http://gretil.sub.uni-goettingen.de/gretil/corpustei/transformations/html/sa_rAmodanta.htm,http://gretil.sub.uni-goettingen.de/gretil/1_sanskr/5_poetry/2_kavya/ramodtau.htm,http://gretil.sub.uni-goettingen.de/gretil/1_sanskr/5_poetry/2_kavya/ramodtpu.htm,,,5_poetry/2_kavya,,
sa_kAlidAsa-raghuvaMza-kashm1-6.xml,"Raghuvaṃśa-kashm, 1-6",Raghuvaṃśa,,Kālidāsa,Kālidāsa,P8058,,,,,http://gretil.sub.uni-goettingen.de/gretil/corpustei/transformations/html/sa_kAlidAsa-raghuvaMza-kashm1-6.htm,http://gretil.sub.uni-goettingen.de/gretil/1_sanskr/5_poetry/2_kavya/ragh1-6u.htm,http://gretil.sub.uni-goettingen.de/gretil/1_sanskr/5_poetry/2_kavya/ragh1-6u.htm,https://archive.org/search.php?query=Raghuva%E1%B9%83%C5%9Ba,,5_poetry/2_kavya,,
sa_rAghavacaitanya-mahAgaNapatistotra-comm.xml,Mahāgaṇapatistotra with a commentary “by his disciple”,Mahāgaṇapatistotra,,Rāghavacaitanya,Rāghavacaitanya,P0AT0174,,,,,http://gretil.sub.uni-goettingen.de/gretil/corpustei/transformations/html/sa_rAghavacaitanya-mahAgaNapatistotra-comm.htm,http://gretil.sub.uni-goettingen.de/gretil/1_sanskr/5_poetry/2_kavya/raggancu.htm,http://gretil.sub.uni-goettingen.de/gretil/1_sanskr/5_poetry/2_kavya/raggancu.htm,,,5_poetry/2_kavya,,
sa_rUpagosvAmin-padyAvalI.xml,Padyāvalī (comp.),Padyāvalī,,Rūpagosvāmin,Rūpa Gosvāmī,P0AT0135,,,,,http://gretil.sub.uni-goettingen.de/gretil/corpustei/transformations/html/sa_rUpagosvAmin-padyAvalI.htm,http://gretil.sub.uni-goettingen.de/gretil/1_sanskr/5_poetry/2_kavya/padyavlu.htm,http://gretil.sub.uni-goettingen.de/gretil/1_sanskr/5_poetry/2_kavya/padyavlu.htm,https://archive.org/search.php?query=Padyavali,,5_poetry/2_kavya,,
sa_padmagupta-navasAhasAGkacarita.xml,Navasāhasāṅkacarita,Navasāhasāṅkacarita,,Padmagupta,Padmagupta [Parimala],P0AT0173,,,,,http://gretil.sub.uni-goettingen.de/gretil/corpustei/transformations/html/sa_padmagupta-navasAhasAGkacarita.htm,http://gretil.sub.uni-goettingen.de/gretil/1_sanskr/5_poetry/2_kavya/padnscau.htm,http://gretil.sub.uni-goettingen.de/gretil/1_sanskr/5_poetry/2_kavya/padnscpu.htm,,,5_poetry/2_kavya,,
sa_nIlakaNThadIkSita-kaliviDambana.xml,Kaliviḍambana,Kaliviḍambana,,Nīlakaṇṭhadīkṣita,Nīlakaṇṭha Dīkṣita,P0AT0172,,,,,http://gretil.sub.uni-goettingen.de/gretil/corpustei/transformations/html/sa_nIlakaNThadIkSita-kaliviDambana.htm,http://gretil.sub.uni-goettingen.de/gretil/1_sanskr/5_poetry/2_kavya/nkalivau.htm,http://gretil.sub.uni-goettingen.de/gretil/1_sanskr/5_poetry/2_kavya/nkalivpu.htm,,,5_poetry/2_kavya,,
sa_kAlidAsa-meghadUta-edkale.xml,Meghadūta,Meghadūta,,Kālidāsa,Kālidāsa,P8058,,,,,http://gretil.sub.uni-goettingen.de/gretil/corpustei/transformations/html/sa_kAlidAsa-meghadUta-edkale.htm,http://gretil.sub.uni-goettingen.de/gretil/1_sanskr/5_poetry/2_kavya/meghdk_u.htm,http://gretil.sub.uni-goettingen.de/gretil/1_sanskr/5_poetry/2_kavya/meghdk_u.htm,https://archive.org/search.php?query=Meghad%C5%ABta,,5_poetry/2_kavya,,
sa_mAgha-zizupAlavadha.xml,Śiśupālavadha,Śiśupālavadha,,Māgha,Māgha,P0AT0171,,,,,http://gretil.sub.uni-goettingen.de/gretil/corpustei/transformations/html/sa_mAgha-zizupAlavadha.htm,http://gretil.sub.uni-goettingen.de/gretil/1_sanskr/5_poetry/2_kavya/maghspvu.htm,http://gretil.sub.uni-goettingen.de/gretil/1_sanskr/5_poetry/2_kavya/maghspvu.htm,https://archive.org/search.php?query=%C5%9Ai%C5%9Bup%C4%81lavadha,,5_poetry/2_kavya,,
sa_laGkezvara-zivastuti.xml,Śivastuti,Śivastuti,,Laṅkeśvara,Laṅkeśvara,P0AT0170,,,,,http://gretil.sub.uni-goettingen.de/gretil/corpustei/transformations/html/sa_laGkezvara-zivastuti.htm,http://gretil.sub.uni-goettingen.de/gretil/1_sanskr/5_poetry/2_kavya/lnksivsu.htm,http://gretil.sub.uni-goettingen.de/gretil/1_sanskr/5_poetry/2_kavya/lnksivsu.htm,,,5_poetry/2_kavya,,
sa_kulazekhara-mukundamAlA-eddurgaprasad.xml,Mukundamālā,Mukundamālā,,Kulaśekhara,Kulaśekhara,P0AT0134,,,,,http://gretil.sub.uni-goettingen.de/gretil/corpustei/transformations/html/sa_kulazekhara-mukundamAlA-eddurgaprasad.htm,http://gretil.sub.uni-goettingen.de/gretil/1_sanskr/5_poetry/2_kavya/kulmukuu.htm,http://gretil.sub.uni-goettingen.de/gretil/1_sanskr/5_poetry/2_kavya/kulmukuu.htm,https://archive.org/search.php?query=Mukundam%C4%81l%C4%81,,5_poetry/2_kavya,,
sa_kAlidAsa-zyAmalAdaNDaka.xml,Śyāmalādaṇḍaka,Śyāmalādaṇḍaka,,Kālidāsa,Kālidāsa,P8058,,,,,http://gretil.sub.uni-goettingen.de/gretil/corpustei/transformations/html/sa_kAlidAsa-zyAmalAdaNDaka.htm,http://gretil.sub.uni-goettingen.de/gretil/1_sanskr/5_poetry/2_kavya/ksyadndu.htm,http://gretil.sub.uni-goettingen.de/gretil/1_sanskr/5_poetry/2_kavya/ksyadndu.htm,,,5_poetry/2_kavya,,
sa_kSemendra-kalAvilAsa.xml,Kalāvilāsa,Kalāvilāsa,,Kṣemendra,Kṣemendra,P7847,,,,,http://gretil.sub.uni-goettingen.de/gretil/corpustei/transformations/html/sa_kSemendra-kalAvilAsa.htm,http://gretil.sub.uni-goettingen.de/gretil/1_sanskr/5_poetry/2_kavya/kskala_u.htm,http://gretil.sub.uni-goettingen.de/gretil/1_sanskr/5_poetry/2_kavya/kskala_u.htm,,,5_poetry/2_kavya,,
sa_kSemendra-bhAratamaJjarI-6-19.xml,Bhāratamañjarī 6-19,Bhāratamañjarī: 6. Bhīṣmaparvan,,Kṣemendra,Kṣemendra,P7847,,,,,http://gretil.sub.uni-goettingen.de/gretil/corpustei/transformations/html/sa_kSemendra-bhAratamaJjarI-6-19.htm,http://gretil.sub.uni-goettingen.de/gretil/1_sanskr/5_poetry/2_kavya/ksbhm06u.htm,http://gretil.sub.uni-goettingen.de/gretil/1_sanskr/5_poetry/2_kavya/ksbhm06u.htm,https://archive.org/search.php?query=Bh%C4%81ratama%C3%B1jar%C4%AB,,5_poetry/2_kavya,,
sa_kAlidAsa-raghuvaMza.xml,Raghuvaṃśa,Raghuvaṃśa,,Kālidāsa,Kālidāsa,P8058,,,,,http://gretil.sub.uni-goettingen.de/gretil/corpustei/transformations/html/sa_kAlidAsa-raghuvaMza.htm,http://gretil.sub.uni-goettingen.de/gretil/1_sanskr/5_poetry/2_kavya/kragh_au.htm,http://gretil.sub.uni-goettingen.de/gretil/1_sanskr/5_poetry/2_kavya/kragh_pu.htm,https://archive.org/search.php?query=Raghuvamsa,,5_poetry/2_kavya,,
sa_kAlidAsa-meghadUta-acc-vallabhadeva.xml,Meghadūta-acc-Vallabhadeva,Meghadūta,,Kālidāsa,Kālidāsa,P8058,,,,,http://gretil.sub.uni-goettingen.de/gretil/corpustei/transformations/html/sa_kAlidAsa-meghadUta-acc-vallabhadeva.htm,http://gretil.sub.uni-goettingen.de/gretil/1_sanskr/5_poetry/2_kavya/kmeghvau.htm,http://gretil.sub.uni-goettingen.de/gretil/1_sanskr/5_poetry/2_kavya/kmeghvpu.htm,https://archive.org/search.php?query=Meghad%C5%ABta,,5_poetry/2_kavya,,
sa_kAlidAsa-meghadUta.xml,Meghadūta,Meghadūta,,Kālidāsa,Kālidāsa,P8058,,,,,http://gretil.sub.uni-goettingen.de/gretil/corpustei/transformations/html/sa_kAlidAsa-meghadUta.htm,http://gretil.sub.uni-goettingen.de/gretil/1_sanskr/5_poetry/2_kavya/kmeghdau.htm,http://gretil.sub.uni-goettingen.de/gretil/1_sanskr/5_poetry/2_kavya/kmeghdpu.htm,https://archive.org/search.php?query=Meghad%C5%ABta,,5_poetry/2_kavya,,
sa_kAlidAsa-RtusaMhAra.xml,Ṛtusaṃhāra,Ṛtusaṃhāra,,Kālidāsa,Kālidāsa,P8058,,,,,http://gretil.sub.uni-goettingen.de/gretil/corpustei/transformations/html/sa_kAlidAsa-RtusaMhAra.htm,http://gretil.sub.uni-goettingen.de/gretil/1_sanskr/5_poetry/2_kavya/kalrs_au.htm,http://gretil.sub.uni-goettingen.de/gretil/1_sanskr/5_poetry/2_kavya/kalrs_pu.htm,https://archive.org/search.php?query=%E1%B9%9Atusa%E1%B9%83h%C4%81ra,,5_poetry/2_kavya,,
sa_kAlidAsa-kumArasaMbhava.xml,Kumārasaṃbhava,Kumārasambhava,,Kālidāsa,Kālidāsa,P8058,,,,,http://gretil.sub.uni-goettingen.de/gretil/corpustei/transformations/html/sa_kAlidAsa-kumArasaMbhava.htm,http://gretil.sub.uni-goettingen.de/gretil/1_sanskr/5_poetry/2_kavya/kakumsau.htm,http://gretil.sub.uni-goettingen.de/gretil/1_sanskr/5_poetry/2_kavya/kakumspu.htm,https://archive.org/search.php?query=Kum%C4%81rasambhava,,5_poetry/2_kavya,,
sa_jIvagosvAmin-saMkalpakalpadruma.xml,Saṃkalpakalpadruma,Saṅkalpakalpadruma,,Jīvagosvāmin,Jīva Gosvāmin,,,,,,http://gretil.sub.uni-goettingen.de/gretil/corpustei/transformations/html/sa_jIvagosvAmin-saMkalpakalpadruma.htm,http://gretil.sub.uni-goettingen.de/gretil/1_sanskr/5_poetry/2_kavya/jivskd_u.htm,http://gretil.sub.uni-goettingen.de/gretil/1_sanskr/5_poetry/2_kavya/jivskd_u.htm,,,5_poetry/2_kavya,,
sa_jayadeva-gItagovinda-alt.xml,Gītagovinda,Gītagovinda,,Jayadeva,Jayadeva,P4CZ15492,,,,,http://gretil.sub.uni-goettingen.de/gretil/corpustei/transformations/html/sa_jayadeva-gItagovinda-alt.htm,http://gretil.sub.uni-goettingen.de/gretil/1_sanskr/5_poetry/2_kavya/jaygit2u.htm,http://gretil.sub.uni-goettingen.de/gretil/1_sanskr/5_poetry/2_kavya/jaygit2u.htm,https://archive.org/details/Gitagovinda1937,,5_poetry/2_kavya,,
sa_jayadeva-gItagovinda.xml,Gītagovinda,Gītagovinda-kāvya,,Jayadeva,Jayadeva,P4CZ15492,,,,,http://gretil.sub.uni-goettingen.de/gretil/corpustei/transformations/html/sa_jayadeva-gItagovinda.htm,http://gretil.sub.uni-goettingen.de/gretil/1_sanskr/5_poetry/2_kavya/jaygit1u.htm,http://gretil.sub.uni-goettingen.de/gretil/1_sanskr/5_poetry/2_kavya/jaygit1u.htm,https://archive.org/details/Gitagovinda1937,,5_poetry/2_kavya,,
sa_jalhaNa-mugdhopadeza.xml,Mugdhopadeśa,Mugdhopadeśa,,Jalhaṇa,Jalhaṇa,P0AT0169,,,,,http://gretil.sub.uni-goettingen.de/gretil/corpustei/transformations/html/sa_jalhaNa-mugdhopadeza.htm,http://gretil.sub.uni-goettingen.de/gretil/1_sanskr/5_poetry/2_kavya/jalmugau.htm,http://gretil.sub.uni-goettingen.de/gretil/1_sanskr/5_poetry/2_kavya/jalmugpu.htm,,,5_poetry/2_kavya,,
sa_jagannAtha-sudhAlaharI.xml,Sudhālaharī,Sudhālaharī,,Jagannātha,Jagannātha Paṇḍitarāja,P0AT0143,,,,,http://gretil.sub.uni-goettingen.de/gretil/corpustei/transformations/html/sa_jagannAtha-sudhAlaharI.htm,http://gretil.sub.uni-goettingen.de/gretil/1_sanskr/5_poetry/2_kavya/jagsudhu.htm,http://gretil.sub.uni-goettingen.de/gretil/1_sanskr/5_poetry/2_kavya/jagsudhu.htm,,,5_poetry/2_kavya,,
sa_jagannAtha-prANAbharaNa-comm.xml,Prāṇābharaṇa with autoentary,Prāṇābharaṇa,,Jagannātha,Jagannātha Paṇḍitarāja,P0AT0143,,,,,http://gretil.sub.uni-goettingen.de/gretil/corpustei/transformations/html/sa_jagannAtha-prANAbharaNa-comm.htm,http://gretil.sub.uni-goettingen.de/gretil/1_sanskr/5_poetry/2_kavya/jagpranu.htm,http://gretil.sub.uni-goettingen.de/gretil/1_sanskr/5_poetry/2_kavya/jagpranu.htm,,,5_poetry/2_kavya,,
sa_jIvagosvAmin-gopAlacampUp1-33u1-3u5-6u29.xml,"Gopālacampū, P1-33, U1-3, U5-6, U29","Gopālacampū: Pūrvacampū, 1-11",,Jīvagosvāmin,Jīva Gosvāmin,P0AT0131,,,,,http://gretil.sub.uni-goettingen.de/gretil/corpustei/transformations/html/sa_jIvagosvAmin-gopAlacampUp1-33u1-3u5-6u29.htm,http://gretil.sub.uni-goettingen.de/gretil/1_sanskr/5_poetry/2_kavya/gp01-11u.htm,http://gretil.sub.uni-goettingen.de/gretil/1_sanskr/5_poetry/2_kavya/gp01-11u.htm,,,5_poetry/2_kavya,,
sa_govardhana-AryAsaptazatI.xml,Āryāsaptaśatī,Āryāsaptaśatī,,Govardhana (c. 12th cent.):,Govardhana,P0AT0168,,,,,http://gretil.sub.uni-goettingen.de/gretil/corpustei/transformations/html/sa_govardhana-AryAsaptazatI.htm,http://gretil.sub.uni-goettingen.de/gretil/1_sanskr/5_poetry/2_kavya/govass_u.htm,http://gretil.sub.uni-goettingen.de/gretil/1_sanskr/5_poetry/2_kavya/govass_u.htm,https://archive.org/search.php?query=%C4%80ry%C4%81sapta%C5%9Bat%C4%AB,,5_poetry/2_kavya,,
sa_kuzalamizra-gUDhArthadIpikA.xml,Gūḍhārthadīpikā commentary on Ghaṭakharparakāvya,Gūḍhārthadīpikā,Commentary on the Ghaṭakharparakāvya,Kuśalamiśra,Kuśalamiśra,,,,,,http://gretil.sub.uni-goettingen.de/gretil/corpustei/transformations/html/sa_kuzalamizra-gUDhArthadIpikA.htm,http://gretil.sub.uni-goettingen.de/gretil/1_sanskr/5_poetry/2_kavya/ghatgu_u.htm,http://gretil.sub.uni-goettingen.de/gretil/1_sanskr/5_poetry/2_kavya/ghatgu_u.htm,,,5_poetry/2_kavya,,
sa_dhoyI-pavanadUta.xml,Pavanadūta,Pavanadūta,,Dhoyī (12th cent.),Dhoyī,P0AT0167,,,,,http://gretil.sub.uni-goettingen.de/gretil/corpustei/transformations/html/sa_dhoyI-pavanadUta.htm,http://gretil.sub.uni-goettingen.de/gretil/1_sanskr/5_poetry/2_kavya/dhoypavu.htm,http://gretil.sub.uni-goettingen.de/gretil/1_sanskr/5_poetry/2_kavya/dhoypavu.htm,https://archive.org/details/pavanaduta/mode/2up,,5_poetry/2_kavya,,
sa_daNDin-dazakumAracarita.xml,Daśakumāracarita,Daśakumāracarita,,Daṇḍin,Daṇḍin,P5787,,,,,http://gretil.sub.uni-goettingen.de/gretil/corpustei/transformations/html/sa_daNDin-dazakumAracarita.htm,http://gretil.sub.uni-goettingen.de/gretil/1_sanskr/5_poetry/2_kavya/dandkc_u.htm,http://gretil.sub.uni-goettingen.de/gretil/1_sanskr/5_poetry/2_kavya/dandkc_u.htm,https://archive.org/search.php?query=Da%C5%9Bakum%C4%81racarita,,5_poetry/2_kavya,y,
sa_daNDin-dazakumAracarita3--5-6.xml,"Daśakumāracarita, 3, 5-6","Daśakumāracarita: Ucchvāsas 3, 5 & 6",,Daṇḍin,Daṇḍin,P5787,,,,,http://gretil.sub.uni-goettingen.de/gretil/corpustei/transformations/html/sa_daNDin-dazakumAracarita3--5-6.htm,http://gretil.sub.uni-goettingen.de/gretil/1_sanskr/5_poetry/2_kavya/danddk2u.htm,http://gretil.sub.uni-goettingen.de/gretil/1_sanskr/5_poetry/2_kavya/danddk1u.htm,https://archive.org/search.php?query=Da%C5%9Bakum%C4%81racarita,,5_poetry/2_kavya,n,gretil_sa/sa_daNDin-dazakumAracarita.xml
sa_dAmodaragupta-kuTTanImata.xml,Kuṭṭanīmata,Kuṭṭanīmata,,Dāmodaragupta,Dāmodaragupta,,,,,,http://gretil.sub.uni-goettingen.de/gretil/corpustei/transformations/html/sa_dAmodaragupta-kuTTanImata.htm,http://gretil.sub.uni-goettingen.de/gretil/1_sanskr/5_poetry/2_kavya/damkuttu.htm,http://gretil.sub.uni-goettingen.de/gretil/1_sanskr/5_poetry/2_kavya/damkuttu.htm,,,5_poetry/2_kavya,,
sa_bilhaNa-caurapaJcAzikA.xml,Caurapañcāśikā,Caurapañcāśikā,,Bilhaṇa,Bilhaṇa,P0AT0166,,,,,http://gretil.sub.uni-goettingen.de/gretil/corpustei/transformations/html/sa_bilhaNa-caurapaJcAzikA.htm,http://gretil.sub.uni-goettingen.de/gretil/1_sanskr/5_poetry/2_kavya/bicaupau.htm,http://gretil.sub.uni-goettingen.de/gretil/1_sanskr/5_poetry/2_kavya/bicauppu.htm,,,5_poetry/2_kavya,,
sa_bhaTTi-rAvaNavadha.xml,Rāvaṇavadha (= Bhaṭṭikāvya),Rāvaṇavadha [Bhaṭṭikāvya],,Bhaṭṭi,Bhaṭṭi,P0AT0165,,,,,http://gretil.sub.uni-goettingen.de/gretil/corpustei/transformations/html/sa_bhaTTi-rAvaNavadha.htm,http://gretil.sub.uni-goettingen.de/gretil/1_sanskr/5_poetry/2_kavya/bhattiku.htm,http://gretil.sub.uni-goettingen.de/gretil/1_sanskr/5_poetry/2_kavya/bhattiku.htm,https://archive.org/search.php?query=Ravanavadha,,5_poetry/2_kavya,,
sa_bhallaTa-bhallaTazataka.xml,Bhallaṭaśataka,Bhallaṭaśataka,,Bhallaṭa,Bhallaṭa,P0AT0164,,,,,http://gretil.sub.uni-goettingen.de/gretil/corpustei/transformations/html/sa_bhallaTa-bhallaTazataka.htm,http://gretil.sub.uni-goettingen.de/gretil/1_sanskr/5_poetry/2_kavya/bhall_au.htm,http://gretil.sub.uni-goettingen.de/gretil/1_sanskr/5_poetry/2_kavya/bhall_pu.htm,,,5_poetry/2_kavya,,
sa_bhAravi-kirAtArjunIya.xml,Kirātārjunīya,Kirātārjunīya,,Bhāravi,Bhāravi,P0AT0163,,,,,http://gretil.sub.uni-goettingen.de/gretil/corpustei/transformations/html/sa_bhAravi-kirAtArjunIya.htm,http://gretil.sub.uni-goettingen.de/gretil/1_sanskr/5_poetry/2_kavya/bhakirau.htm,http://gretil.sub.uni-goettingen.de/gretil/1_sanskr/5_poetry/2_kavya/bhakirpu.htm,https://archive.org/search.php?query=Kiratarjuniya,,5_poetry/2_kavya,,
"sa_bANa-kAdambarI-1,84-122.xml",Kādambarī 1.84-122,Kādambarī,,Bāṇa,Bāṇa [Bāṇabhaṭṭa],P0AT0162,,,,,"http://gretil.sub.uni-goettingen.de/gretil/corpustei/transformations/html/sa_bANa-kAdambarI-1,84-122.htm",http://gretil.sub.uni-goettingen.de/gretil/1_sanskr/5_poetry/2_kavya/bankad1u.htm,http://gretil.sub.uni-goettingen.de/gretil/1_sanskr/5_poetry/2_kavya/bankad1u.htm,https://archive.org/search.php?query=K%C4%81dambar%C4%AB,,5_poetry/2_kavya,,
sa_bANa-harSacaritapariziSTa.xml,"Harṣacarita, Pariśiṣṭa",Harṣacarita: Pariśiṣṭa,,Bāṇa,Bāṇa,P0AT0162,,,,,http://gretil.sub.uni-goettingen.de/gretil/corpustei/transformations/html/sa_bANa-harSacaritapariziSTa.htm,http://gretil.sub.uni-goettingen.de/gretil/1_sanskr/5_poetry/2_kavya/bahcarpu.htm,http://gretil.sub.uni-goettingen.de/gretil/1_sanskr/5_poetry/2_kavya/bahcarpu.htm,https://archive.org/details/padyaharsacarita00rajauoft/mode/2up,,5_poetry/2_kavya,,
sa_bANa-harSacarita.xml,Harṣacarita,Harṣacarita: Ucchvāsa 1,,Bāṇa,Bāṇa,P0AT0162,,,,,http://gretil.sub.uni-goettingen.de/gretil/corpustei/transformations/html/sa_bANa-harSacarita.htm,http://gretil.sub.uni-goettingen.de/gretil/1_sanskr/5_poetry/2_kavya/bhcarr_au.htm,http://gretil.sub.uni-goettingen.de/gretil/1_sanskr/5_poetry/2_kavya/bahcar1u.htm,https://archive.org/details/padyaharsacarita00rajauoft/mode/2up,,5_poetry/2_kavya,,
sa_azvaghoSa-saundarAnanda-edmatsunami.xml,Saundarānanda,Saundarananda,,Aśvaghoṣa,Aśvaghoṣa,P7612,,,,,http://gretil.sub.uni-goettingen.de/gretil/corpustei/transformations/html/sa_azvaghoSa-saundarAnanda-edmatsunami.htm,http://gretil.sub.uni-goettingen.de/gretil/1_sanskr/5_poetry/2_kavya/asvsaunu.htm,http://gretil.sub.uni-goettingen.de/gretil/1_sanskr/5_poetry/2_kavya/asvsaunu.htm,https://archive.org/search.php?query=Saundarananda,,5_poetry/2_kavya,y,
sa_azvaghoSa-saundarAnanda.xml,Saundarānanda,Saundarananda,,Aśvaghoṣa,Aśvaghoṣa,P7612,,,,,http://gretil.sub.uni-goettingen.de/gretil/corpustei/transformations/html/sa_azvaghoSa-saundarAnanda.htm,http://gretil.sub.uni-goettingen.de/gretil/1_sanskr/5_poetry/2_kavya/asvsau2u.htm,http://gretil.sub.uni-goettingen.de/gretil/1_sanskr/5_poetry/2_kavya/asvsau2u.htm,https://archive.org/search.php?query=Saundarananda,y,5_poetry/2_kavya,n,gretil_sa/sa_azvaghoSa-saundarAnanda-edmatsunami.xml
sa_azvaghoSa-buddhacarita-alt.xml,Buddhacarita,Buddhacarita,,Aśvaghoṣa,Aśvaghoṣa,P7612,,,,,http://gretil.sub.uni-goettingen.de/gretil/corpustei/transformations/html/sa_azvaghoSa-buddhacarita-alt.htm,http://gretil.sub.uni-goettingen.de/gretil/1_sanskr/5_poetry/2_kavya/asvbuc2u.htm,http://gretil.sub.uni-goettingen.de/gretil/1_sanskr/5_poetry/2_kavya/asvbuc2u.htm,https://archive.org/search.php?query=Buddhacarita,y,5_poetry/2_kavya,y,
sa_azvaghoSa-buddhacarita.xml,Buddhacarita,Buddhacarita,,Aśvaghoṣa,Aśvaghoṣa,P7612,,,,,http://gretil.sub.uni-goettingen.de/gretil/corpustei/transformations/html/sa_azvaghoSa-buddhacarita.htm,http://gretil.sub.uni-goettingen.de/gretil/1_sanskr/5_poetry/2_kavya/asvbc_3u.htm,http://gretil.sub.uni-goettingen.de/gretil/1_sanskr/5_poetry/2_kavya/asvbc_1u.htm,https://archive.org/search.php?query=Buddhacarita,,5_poetry/2_kavya,n,gretil_sa/sa_azvaghoSa-buddhacarita-alt.xml
sa_appayadIkSita-vairAgyazatakam.xml,Vairāgyaśatakam,Vairāgyaśataka,,Appayadīkṣita,Appayadīkṣita,P0AT0161,,,,,http://gretil.sub.uni-goettingen.de/gretil/corpustei/transformations/html/sa_appayadIkSita-vairAgyazatakam.htm,http://gretil.sub.uni-goettingen.de/gretil/1_sanskr/5_poetry/2_kavya/appvairu.htm,http://gretil.sub.uni-goettingen.de/gretil/1_sanskr/5_poetry/2_kavya/appvairu.htm,,,5_poetry/2_kavya,,
sa_AnandabhaTTa-vallAlacarita.xml,Vallālacarita,Vallālacarita,,Ānandabhaṭṭa,Ānandabhaṭṭa,P0AT0160,,,,,http://gretil.sub.uni-goettingen.de/gretil/corpustei/transformations/html/sa_AnandabhaTTa-vallAlacarita.htm,http://gretil.sub.uni-goettingen.de/gretil/1_sanskr/5_poetry/2_kavya/anvallcu.htm,http://gretil.sub.uni-goettingen.de/gretil/1_sanskr/5_poetry/2_kavya/anvallcu.htm,,,5_poetry/2_kavya,,
sa_amaru-amaruzataka.xml,Amaruśataka,Amaruśataka,,Amaru,Amaru,P0AT0159,,,,,http://gretil.sub.uni-goettingen.de/gretil/corpustei/transformations/html/sa_amaru-amaruzataka.htm,http://gretil.sub.uni-goettingen.de/gretil/1_sanskr/5_poetry/2_kavya/amaru_u.htm,http://gretil.sub.uni-goettingen.de/gretil/1_sanskr/5_poetry/2_kavya/amaru_u.htm,https://archive.org/search.php?query=Amarusataka,,5_poetry/2_kavya,,
sa_abhinanda-kAdambarIkathAsAra.xml,Kādambarīkathāsāra,Kādambarīkathāsāra,,Abhinanda,Abhinanda,P0AT0158,,,,,http://gretil.sub.uni-goettingen.de/gretil/corpustei/transformations/html/sa_abhinanda-kAdambarIkathAsAra.htm,http://gretil.sub.uni-goettingen.de/gretil/1_sanskr/5_poetry/2_kavya/akadambu.htm,http://gretil.sub.uni-goettingen.de/gretil/1_sanskr/5_poetry/2_kavya/akadambu.htm,https://archive.org/search.php?query=K%C4%81dambar%C4%ABkath%C4%81s%C4%81ra,,5_poetry/2_kavya,,
sa_ghaTakarparakAvya-comm.xml,Ghaṭakarparakāvya with Abhinavagupta's Ghaṭakarparavivṛti,Ghaṭakarparakāvya,,,Abhinavagupta,P0AT0157,,,,,http://gretil.sub.uni-goettingen.de/gretil/corpustei/transformations/html/sa_ghaTakarparakAvya-comm.htm,http://gretil.sub.uni-goettingen.de/gretil/1_sanskr/5_poetry/2_kavya/aghatkvu.htm,http://gretil.sub.uni-goettingen.de/gretil/1_sanskr/5_poetry/2_kavya/aghatkvu.htm,,,5_poetry/2_kavya,,
sa_dhanaMjaya-dazarUpaka-1-4.xml,Daśarūpaka 1-4,Daśarūpaka,,Dhanaṃjaya,Dhanañjaya,P0AT0156,,,,,http://gretil.sub.uni-goettingen.de/gretil/corpustei/transformations/html/sa_dhanaMjaya-dazarUpaka-1-4.htm,http://gretil.sub.uni-goettingen.de/gretil/1_sanskr/5_poetry/1_natya/dhandasu.htm,http://gretil.sub.uni-goettingen.de/gretil/1_sanskr/5_poetry/1_natya/dhandasu.htm,https://archive.org/search.php?query=Dasarupaka,,5_poetry/1_natya,,
sa_bharata-nATyazAstra-1-1618-303335-37.xml,"Nāṭyaśāstra 1-16, 18-30, 33, 35-37",Nāṭyaśāstra,,Bharata,Bharata,?,,,,,http://gretil.sub.uni-goettingen.de/gretil/corpustei/transformations/html/sa_bharata-nATyazAstra-1-1618-303335-37.htm,http://gretil.sub.uni-goettingen.de/gretil/1_sanskr/5_poetry/1_natya/bharnatu.htm,http://gretil.sub.uni-goettingen.de/gretil/1_sanskr/5_poetry/1_natya/bharnatu.htm,https://archive.org/search.php?query=N%C4%81%E1%B9%ADya%C5%9B%C4%81stra,,5_poetry/1_natya,,
sa_kedArabhaTTa-vRttaratnAkara-comm.xml,Vṛttaratnākara with Sulhaṇa's commentary Sukavihṛdayānandinī,Vṛttaratnākara,With Sulhaṇa's Sukavihṛdayānandinī,Kedārabhaṭṭa,Kedārabhaṭṭa,P0AT0154,,,,,http://gretil.sub.uni-goettingen.de/gretil/corpustei/transformations/html/sa_kedArabhaTTa-vRttaratnAkara-comm.htm,http://gretil.sub.uni-goettingen.de/gretil/1_sanskr/5_poetry/1_chandas/kvrtrsuu.htm,http://gretil.sub.uni-goettingen.de/gretil/1_sanskr/5_poetry/1_chandas/kvrtrsuu.htm,https://archive.org/search.php?query=V%E1%B9%9Bttaratn%C4%81kara,,5_poetry/1_chandas,,
sa_kedArabhaTTa-vRttaratnAkara.xml,Vṛttaratnākara,Vṛttaratnākara,,Kedārabhaṭṭa,Kedārabhaṭṭa,P0AT0154,,,,,http://gretil.sub.uni-goettingen.de/gretil/corpustei/transformations/html/sa_kedArabhaTTa-vRttaratnAkara.htm,http://gretil.sub.uni-goettingen.de/gretil/1_sanskr/5_poetry/1_chandas/kedvratu.htm,http://gretil.sub.uni-goettingen.de/gretil/1_sanskr/5_poetry/1_chandas/kedvratu.htm,https://archive.org/search.php?query=V%E1%B9%9Bttaratn%C4%81kara,,5_poetry/1_chandas,,
sa_jJAnazrImitra-vRttamAlAstuti.xml,Vṛttamālāstuti,Vṛttamālāstuti,,Jñānaśrīmitra,Jñānaśrīmitra,P4CZ16872,,,,,http://gretil.sub.uni-goettingen.de/gretil/corpustei/transformations/html/sa_jJAnazrImitra-vRttamAlAstuti.htm,http://gretil.sub.uni-goettingen.de/gretil/1_sanskr/5_poetry/1_chandas/jvrtmsau.htm,http://gretil.sub.uni-goettingen.de/gretil/1_sanskr/5_poetry/1_chandas/jvrtmspu.htm,,,5_poetry/1_chandas,,
sa_chandoviciti.xml,Chandoviciti,Chandoviciti,,,Patañjali,P0AT0153,,,,,http://gretil.sub.uni-goettingen.de/gretil/corpustei/transformations/html/sa_chandoviciti.htm,http://gretil.sub.uni-goettingen.de/gretil/1_sanskr/5_poetry/1_chandas/chandovu.htm,http://gretil.sub.uni-goettingen.de/gretil/1_sanskr/5_poetry/1_chandas/chandovu.htm,https://archive.org/details/chandovicitiofpatanjalitattvasubodhinioftataprasadachandovicitivrittiofpettasast_202002/mode/2up,,5_poetry/1_chandas,,
sa_vizvanAthakavirAja-sAhityadarpaNa.xml,Sāhityadarpaṇa,Sāhityadarpaṇa,,Viśvanāthakavirāja,Viśvanātha,P0AT0152,,,,,http://gretil.sub.uni-goettingen.de/gretil/corpustei/transformations/html/sa_vizvanAthakavirAja-sAhityadarpaNa.htm,http://gretil.sub.uni-goettingen.de/gretil/1_sanskr/5_poetry/1_alam/visvsdpu.htm,http://gretil.sub.uni-goettingen.de/gretil/1_sanskr/5_poetry/1_alam/visvsdpu.htm,https://archive.org/search.php?query=Sahityadarpana,,5_poetry/1_alam,,
sa_vizvanAthakavirAja-sAhityadarpaNa-comm.xml,Sāhityadarpaṇa,Sāhityadarpaṇa,,Viśvanāthakavirāja,Viśvanātha,P0AT0152,,,,,http://gretil.sub.uni-goettingen.de/gretil/corpustei/transformations/html/sa_vizvanAthakavirAja-sAhityadarpaNa-comm.htm,http://gretil.sub.uni-goettingen.de/gretil/1_sanskr/5_poetry/1_alam/visah_cu.htm,http://gretil.sub.uni-goettingen.de/gretil/1_sanskr/5_poetry/1_alam/visah__u.htm,https://archive.org/search.php?query=Sahityadarpana,,5_poetry/1_alam,,
sa_vidyAnAtha-pratAparudrIya.xml,Pratāparudrīya or Pratāparudrayaśobhūṣaṇa with Kumārasvāmin's commentary Ratnāpaṇa,Pratāparudrīya [Pratāparudrayaśobhūṣaṇa],,Vidyānātha,Vidyānātha,P0AT0152,,,,,http://gretil.sub.uni-goettingen.de/gretil/corpustei/transformations/html/sa_vidyAnAtha-pratAparudrIya.htm,http://gretil.sub.uni-goettingen.de/gretil/1_sanskr/5_poetry/1_alam/viprud_u.htm,http://gretil.sub.uni-goettingen.de/gretil/1_sanskr/5_poetry/1_alam/viprud_u.htm,https://archive.org/search.php?query=Prat%C4%81parudr%C4%ABya; https://archive.org/details/Prataparudriya-BombaySanskritSeries/mode/2up,,5_poetry/1_alam,,
sa_vizvezvarakavicandra-camatkAracandrikA.xml,Camatkāracandrikā,Camatkāracandrikā,,Viśveśvarakavicandra,Viśveśvara Kavicandra,P0AT0151,,,,,http://gretil.sub.uni-goettingen.de/gretil/corpustei/transformations/html/sa_vizvezvarakavicandra-camatkAracandrikA.htm,http://gretil.sub.uni-goettingen.de/gretil/1_sanskr/5_poetry/1_alam/vcamkc_u.htm,http://gretil.sub.uni-goettingen.de/gretil/1_sanskr/5_poetry/1_alam/vcamkc_u.htm,https://archive.org/details/CamatkaraCandrika/mode/2up,,5_poetry/1_alam,,
sa_vAmana-kAvyAlaMkArasUtra.xml,Kāvyālaṃkārasūtra with Vṛtti,Kāvyālaṅkārasūtra,,Vāmana,Vāmana,P0AT0150,,,,,http://gretil.sub.uni-goettingen.de/gretil/corpustei/transformations/html/sa_vAmana-kAvyAlaMkArasUtra.htm,http://gretil.sub.uni-goettingen.de/gretil/1_sanskr/5_poetry/1_alam/vamkalvu.htm,http://gretil.sub.uni-goettingen.de/gretil/1_sanskr/5_poetry/1_alam/vamkalvu.htm,,,5_poetry/1_alam,,
sa_vAmana-kAvyAlaMkArasUtra-alt.xml,Kāvyālaṃkārasūtra,Kāvyālaṅkārasūtra,,Vāmana,Vāmana,P0AT0150,,,,,http://gretil.sub.uni-goettingen.de/gretil/corpustei/transformations/html/sa_vAmana-kAvyAlaMkArasUtra-alt.htm,http://gretil.sub.uni-goettingen.de/gretil/1_sanskr/5_poetry/1_alam/vamkalsu.htm,http://gretil.sub.uni-goettingen.de/gretil/1_sanskr/5_poetry/1_alam/vamkalsu.htm,,,5_poetry/1_alam,,
sa_rUpagosvAmin-ujjvalanIlamaNi.xml,Ujjvalanīlamaṇi,Ujjvalanīlamaṇi,,Rūpagosvāmin,Rūpa Gosvāmin,P0AT0135,,,,,http://gretil.sub.uni-goettingen.de/gretil/corpustei/transformations/html/sa_rUpagosvAmin-ujjvalanIlamaNi.htm,http://gretil.sub.uni-goettingen.de/gretil/1_sanskr/5_poetry/1_alam/ujjvni_u.htm,http://gretil.sub.uni-goettingen.de/gretil/1_sanskr/5_poetry/1_alam/ujjvni_u.htm,,,5_poetry/1_alam,,
sa_udbhaTa-kAvyAlaMkArasArasaMgraha.xml,Kāvyālaṃkārasārasaṃgraha with Indurāja's Laghuvṛtti commentary,Kāvyālaṃkārasārasaṃgraha,,Udbhaṭa,Udbhaṭa,P0AT0149,,,,,http://gretil.sub.uni-goettingen.de/gretil/corpustei/transformations/html/sa_udbhaTa-kAvyAlaMkArasArasaMgraha.htm,http://gretil.sub.uni-goettingen.de/gretil/1_sanskr/5_poetry/1_alam/udkass_u.htm,http://gretil.sub.uni-goettingen.de/gretil/1_sanskr/5_poetry/1_alam/udkass_u.htm,https://archive.org/search.php?query=Kavyalankarasarasangraha,,5_poetry/1_alam,,
sa_siMhabhUpAla-rasArNavasudhAkara.xml,Rasārṇavasudhākara,Rasārṇavasudhākara,,Siṃhabhūpāla,Siṃhabhūpāla,P0AT0148,,,,,http://gretil.sub.uni-goettingen.de/gretil/corpustei/transformations/html/sa_siMhabhUpAla-rasArNavasudhAkara.htm,http://gretil.sub.uni-goettingen.de/gretil/1_sanskr/5_poetry/1_alam/simhrs_u.htm,http://gretil.sub.uni-goettingen.de/gretil/1_sanskr/5_poetry/1_alam/simhrs_u.htm,https://archive.org/search.php?query=Rasarnavasudhakara,,5_poetry/1_alam,,
sa_ruyyaka-alaMkArasarvasva-1-34-comm.xml,Alaṃkārasarvasva 1-34 with Jayaratha's commentary Vimarśinī,Alaṅkārasarvasva,,Ruyyaka,Rājānaka Ruyyaka,P0AT0147,,,,,http://gretil.sub.uni-goettingen.de/gretil/corpustei/transformations/html/sa_ruyyaka-alaMkArasarvasva-1-34-comm.htm,http://gretil.sub.uni-goettingen.de/gretil/1_sanskr/5_poetry/1_alam/ruyalsvu.htm,http://gretil.sub.uni-goettingen.de/gretil/1_sanskr/5_poetry/1_alam/ruyalsvu.htm,https://archive.org/search.php?query=Ala%E1%B9%85k%C4%81rasarvasva,,5_poetry/1_alam,,
sa_ruyyaka-alaMkArasarvasva-1-34.xml,Alaṃkārasarvasva 1-34,Alaṅkārasarvasva,,Ruyyaka,Rājānaka Ruyyaka,P0AT0147,,,,,http://gretil.sub.uni-goettingen.de/gretil/corpustei/transformations/html/sa_ruyyaka-alaMkArasarvasva-1-34.htm,http://gretil.sub.uni-goettingen.de/gretil/1_sanskr/5_poetry/1_alam/ruyalssu.htm,http://gretil.sub.uni-goettingen.de/gretil/1_sanskr/5_poetry/1_alam/ruyalssu.htm,https://archive.org/search.php?query=Ala%E1%B9%85k%C4%81rasarvasva,,5_poetry/1_alam,,
sa_ruyyaka-alaMkArasarvasva.xml,Alaṃkārasarvasva with Vidyācakravarti's commentary Saṃjīvanī,Alaṅkārasarvasva,,Ruyyaka,Rājānaka Ruyyaka,P0AT0147,,,,,http://gretil.sub.uni-goettingen.de/gretil/corpustei/transformations/html/sa_ruyyaka-alaMkArasarvasva.htm,http://gretil.sub.uni-goettingen.de/gretil/1_sanskr/5_poetry/1_alam/ruyalscu.htm,http://gretil.sub.uni-goettingen.de/gretil/1_sanskr/5_poetry/1_alam/ruyalscu.htm,https://archive.org/search.php?query=Ala%E1%B9%85k%C4%81rasarvasva,,5_poetry/1_alam,,
sa_ruyyaka-vyaktivivekavyAkhyA-2.xml,"Vyaktivivekavyākhyā, 2",Vyaktivivekavyākhyā,,Ruyyaka [Rājānaka],Rājānaka Ruyyaka,P0AT0147,,,,,http://gretil.sub.uni-goettingen.de/gretil/corpustei/transformations/html/sa_ruyyaka-vyaktivivekavyAkhyA-2.htm,http://gretil.sub.uni-goettingen.de/gretil/1_sanskr/5_poetry/1_alam/ruvyavivya_au.htm,http://gretil.sub.uni-goettingen.de/gretil/1_sanskr/5_poetry/1_alam/ruvyavivya_pu.htm,,,5_poetry/1_alam,,
sa_rUpagosvAmin-nATakacandrikA.xml,Nāṭakacandrikā,Nāṭakacandrikā,,Rūpagosvāmin,Rūpa Gosvāmī,P0AT0135,,,,,http://gretil.sub.uni-goettingen.de/gretil/corpustei/transformations/html/sa_rUpagosvAmin-nATakacandrikA.htm,http://gretil.sub.uni-goettingen.de/gretil/1_sanskr/5_poetry/1_alam/rnatc__u.htm,http://gretil.sub.uni-goettingen.de/gretil/1_sanskr/5_poetry/1_alam/rnatc__u.htm,,,5_poetry/1_alam,,
sa_rAjazekhara-kAvyamImAMsA-1.xml,Kāvyamīmāṃsā 1,Kāvyamīmāṃsā,,Rājaśekhara,Rājaśekhara,P0AT0146,,,,,http://gretil.sub.uni-goettingen.de/gretil/corpustei/transformations/html/sa_rAjazekhara-kAvyamImAMsA-1.htm,http://gretil.sub.uni-goettingen.de/gretil/1_sanskr/5_poetry/1_alam/rajkmimu.htm,http://gretil.sub.uni-goettingen.de/gretil/1_sanskr/5_poetry/1_alam/rajkmimu.htm,https://archive.org/search.php?query=Kavyamimamsa,,5_poetry/1_alam,,
sa_mammaTa-zabdavyApAravicAra.xml,Śabdavyāpāravicāra,Śabdavyāpāravicāra,,Mammaṭa,Maṃmaṭa [Mammaṭa],P0AT0145,,,,,http://gretil.sub.uni-goettingen.de/gretil/corpustei/transformations/html/sa_mammaTa-zabdavyApAravicAra.htm,http://gretil.sub.uni-goettingen.de/gretil/1_sanskr/5_poetry/1_alam/msabdvvu.htm,http://gretil.sub.uni-goettingen.de/gretil/1_sanskr/5_poetry/1_alam/msabdvvu.htm,,,5_poetry/1_alam,,
sa_mammaTa-kAvyaprakAza-comm.xml,Kāvyaprakāśa with Vāmanācārya Rāmabhaṭṭa Jhalakikar's Bālabodhinī commentary,Kāvyaprakaśa,,Mammaṭa,Maṃmaṭa [Mammaṭa],P0AT0145,,,,,http://gretil.sub.uni-goettingen.de/gretil/corpustei/transformations/html/sa_mammaTa-kAvyaprakAza-comm.htm,http://gretil.sub.uni-goettingen.de/gretil/1_sanskr/5_poetry/1_alam/mamkpb_u.htm,http://gretil.sub.uni-goettingen.de/gretil/1_sanskr/5_poetry/1_alam/mamkpb_u.htm,https://archive.org/search.php?query=K%C4%81vyapraka%C5%9Ba,,5_poetry/1_alam,,
sa_mammaTa-kAvyaprakAza.xml,Kāvyaprakāśa,Kāvyaprakaśa,,Mammaṭa,Maṃmaṭa [Mammaṭa],P0AT0145,,,,,http://gretil.sub.uni-goettingen.de/gretil/corpustei/transformations/html/sa_mammaTa-kAvyaprakAza.htm,http://gretil.sub.uni-goettingen.de/gretil/1_sanskr/5_poetry/1_alam/mamkavpu.htm,http://gretil.sub.uni-goettingen.de/gretil/1_sanskr/5_poetry/1_alam/mamkavpu.htm,https://archive.org/search.php?query=K%C4%81vyapraka%C5%9Ba,,5_poetry/1_alam,,
sa_kuntaka-vakroktijIvita-comm.xml,Vakroktijīvita with Kuntaka's own commentary,Vakroktijīvita,,Kuntaka,Kuntaka,P0AT0144,,,,,http://gretil.sub.uni-goettingen.de/gretil/corpustei/transformations/html/sa_kuntaka-vakroktijIvita-comm.htm,http://gretil.sub.uni-goettingen.de/gretil/1_sanskr/5_poetry/1_alam/kunvjivu.htm,http://gretil.sub.uni-goettingen.de/gretil/1_sanskr/5_poetry/1_alam/kunvjivu.htm,https://archive.org/search.php?query=Vakroktijivita,,5_poetry/1_alam,,
sa_jagannAthapaNDitarAja-rasagaGgAdhara-1.xml,Rasagaṅgādhara 1,Rasagaṅgādhara,,Jagannāthapaṇḍitarāja,Jagannātha Paṇḍitarāja,P0AT0143,,,,,http://gretil.sub.uni-goettingen.de/gretil/corpustei/transformations/html/sa_jagannAthapaNDitarAja-rasagaGgAdhara-1.htm,http://gretil.sub.uni-goettingen.de/gretil/1_sanskr/5_poetry/1_alam/jgrasg1u.htm,http://gretil.sub.uni-goettingen.de/gretil/1_sanskr/5_poetry/1_alam/jgrasg1u.htm,https://archive.org/search.php?query=Rasagangadhara,,5_poetry/1_alam,,
sa_jayadeva-candrAloka.xml,Candrāloka,Candrāloka,,Jayadeva,Jayadeva [Pīyuṣavarṣa],P0AT0143,,,,,http://gretil.sub.uni-goettingen.de/gretil/corpustei/transformations/html/sa_jayadeva-candrAloka.htm,http://gretil.sub.uni-goettingen.de/gretil/1_sanskr/5_poetry/1_alam/jaycndau.htm,http://gretil.sub.uni-goettingen.de/gretil/1_sanskr/5_poetry/1_alam/jaycndpu.htm,https://archive.org/search.php?query=Candr%C4%81loka,,5_poetry/1_alam,,
sa_daNDin-kAvyAdarza-3.xml,Kāvyādarśa 3,Kāvyādarśa: Pariccheda 3,,Daṇḍin,Daṇḍin,P5787,,,,,http://gretil.sub.uni-goettingen.de/gretil/corpustei/transformations/html/sa_daNDin-kAvyAdarza-3.htm,http://gretil.sub.uni-goettingen.de/gretil/1_sanskr/5_poetry/1_alam/dkavy3_u.htm,http://gretil.sub.uni-goettingen.de/gretil/1_sanskr/5_poetry/1_alam/dkavy3_u.htm,https://archive.org/search.php?query=K%C4%81vy%C4%81dar%C5%9Ba,,5_poetry/1_alam,,
sa_daNDin-kAvyAdarza-1-2.xml,Kāvyādarśa 1-2,Kāvyādarśa: Pariccheda 1 + 2,,Daṇḍin,Daṇḍin,P5787,,,,,http://gretil.sub.uni-goettingen.de/gretil/corpustei/transformations/html/sa_daNDin-kAvyAdarza-1-2.htm,http://gretil.sub.uni-goettingen.de/gretil/1_sanskr/5_poetry/1_alam/dkavy12u.htm,http://gretil.sub.uni-goettingen.de/gretil/1_sanskr/5_poetry/1_alam/dkavy12u.htm,https://archive.org/search.php?query=K%C4%81vy%C4%81dar%C5%9Ba,,5_poetry/1_alam,,
sa_bhAmaha-kAvyAlaMkAra.xml,Kāvyālaṃkāra,Kāvyālaṃkāra,,Bhāmaha,Bhāmaha,P0AT0141,,,,,http://gretil.sub.uni-goettingen.de/gretil/corpustei/transformations/html/sa_bhAmaha-kAvyAlaMkAra.htm,http://gretil.sub.uni-goettingen.de/gretil/1_sanskr/5_poetry/1_alam/bhakavau.htm,http://gretil.sub.uni-goettingen.de/gretil/1_sanskr/5_poetry/1_alam/bhakavpu.htm,https://archive.org/search.php?query=K%C4%81vy%C4%81la%E1%B9%85k%C4%81ra,,5_poetry/1_alam,,
sa_Anandavardhana-dhvanyAloka.xml,Dhvanyāloka (also known as Sahṛdayaloka),Dhvanyāloka [Sahṛdayāloka],,Ānandavardhana,Ānandavardhana,P0AT0140,,,,,http://gretil.sub.uni-goettingen.de/gretil/corpustei/transformations/html/sa_Anandavardhana-dhvanyAloka.htm,http://gretil.sub.uni-goettingen.de/gretil/1_sanskr/5_poetry/1_alam/andhvy_u.htm,http://gretil.sub.uni-goettingen.de/gretil/1_sanskr/5_poetry/1_alam/andhvy_u.htm,https://archive.org/search.php?query=Dhvanyaloka,,5_poetry/1_alam,,
sa_Anandavardhana-dhvanyAloka-comm.xml,Dhvanyāloka with Abhinavagupta's Locana and Rāmaśāraka's Bālapriya,"Dhvanyāloka [Sahṛdayāloka], Uddyota 1",,Ānandavardhana,Ānandavardhana,P0AT0140,,,,,http://gretil.sub.uni-goettingen.de/gretil/corpustei/transformations/html/sa_Anandavardhana-dhvanyAloka-comm.htm,http://gretil.sub.uni-goettingen.de/gretil/1_sanskr/5_poetry/1_alam/andhvc1u.htm,http://gretil.sub.uni-goettingen.de/gretil/1_sanskr/5_poetry/1_alam/andhvc1u.htm,https://archive.org/search.php?query=Dhvanyaloka,,5_poetry/1_alam,,
sa_vAlmIki-rAmAyaNa-southern-2.xml,Rāmāyaṇa-southern-2,Rāmāyaṇa: 2. Ayodhyākāṇḍa,,Vālmīki,Vālmīki,P0AT0118,,,,,http://gretil.sub.uni-goettingen.de/gretil/corpustei/transformations/html/sa_vAlmIki-rAmAyaNa-southern-2.htm,http://gretil.sub.uni-goettingen.de/gretil/1_sanskr/2_epic/ramayana/ram_02su.htm,http://gretil.sub.uni-goettingen.de/gretil/1_sanskr/2_epic/ramayana/ram_02su.htm,https://archive.org/search.php?query=Ayodhy%C4%81k%C4%81%E1%B9%87%E1%B8%8Da,,2_epic/ramayana,,
sa_rAmAyaNa.xml,Rāmāyaṇa,Rāmāyaṇa: 1. Bālakāṇḍa,,Vālmīki,Vālmīki,P0AT0118,,,,,http://gretil.sub.uni-goettingen.de/gretil/corpustei/transformations/html/sa_rAmAyaNa.htm,,http://gretil.sub.uni-goettingen.de/gretil/corpustei/transformations/html/sa_rAmAyaNa.htm,https://archive.org/search.php?query=B%C4%81lak%C4%81%E1%B9%87%E1%B8%8Da,,,y,
sa_nArAyaNIya.xml,Nārāyaṇīya (Mahābhārata 12.321-339),Nārāyaṇīya,,,,,,,,,http://gretil.sub.uni-goettingen.de/gretil/corpustei/transformations/html/sa_nArAyaNIya.htm,http://gretil.sub.uni-goettingen.de/gretil/1_sanskr/2_epic/mbh/ext/naray_bu.htm,http://gretil.sub.uni-goettingen.de/gretil/1_sanskr/2_epic/mbh/ext/naray__u.htm,https://archive.org/search.php?query=Narayaniya,,2_epic/mbh/ext,,
sa_harivaMza.xml,Harivaṃśa constituted text with star passages,Harivaṃśa,,,,,,,,,http://gretil.sub.uni-goettingen.de/gretil/corpustei/transformations/html/sa_harivaMza.htm,http://gretil.sub.uni-goettingen.de/gretil/1_sanskr/2_epic/mbh/ext/hv_conau.htm,http://gretil.sub.uni-goettingen.de/gretil/1_sanskr/2_epic/mbh/ext/hv_conpu.htm,https://archive.org/search.php?query=Harivamsa,,2_epic/mbh/ext,,
sa_harivaMza-app1.xml,"Harivaṃśa, Appendix I",Harivaṃśa,,,,,,,,,http://gretil.sub.uni-goettingen.de/gretil/corpustei/transformations/html/sa_harivaMza-app1.htm,http://gretil.sub.uni-goettingen.de/gretil/1_sanskr/2_epic/mbh/ext/hv_appau.htm,http://gretil.sub.uni-goettingen.de/gretil/1_sanskr/2_epic/mbh/ext/hv_apppu.htm,https://archive.org/search.php?query=Harivamsa,,2_epic/mbh/ext,,
sa_bhagavadgItA-4comm.xml,"Bhagavadgītā-4comm with the commentaries of Śrīdhara, Madhusūdana, Viśvanātha and Baladeva",Bhagavadgītā w/ 4 commentaries,,,,,,,,,http://gretil.sub.uni-goettingen.de/gretil/corpustei/transformations/html/sa_bhagavadgItA-4comm.htm,http://gretil.sub.uni-goettingen.de/gretil/1_sanskr/2_epic/mbh/ext/bhg4c__u.htm,http://gretil.sub.uni-goettingen.de/gretil/corpustei/transformations/html/sa_bhagavadgItA-4comm.htm,https://archive.org/search.php?query=Bhagavadg%C4%ABt%C4%81&page=2,,2_epic/mbh/ext,,
sa_108-buddhist-stotras.xml,108 Buddhist stotras,,,,,,,,,,http://gretil.sub.uni-goettingen.de/gretil/corpustei/transformations/html/sa_108-buddhist-stotras.htm,http://gretil.sub.uni-goettingen.de/gretil/1_sanskr/4_rellit/buddh/bst-108u.htm,,,y,4_rellit/buddh,,
sa_candrasUtra.xml,Candrasūtra,,,,,,,,,,http://gretil.sub.uni-goettingen.de/gretil/corpustei/transformations/html/sa_candrasUtra.htm,http://gretil.sub.uni-goettingen.de/gretil/1_sanskr/4_rellit/buddh/candras_tu.htm,,,,4_rellit/buddh,,
sa_dhvajAgrasUtra.xml,Dhvajāgrasūtra,,,,,,,,,,http://gretil.sub.uni-goettingen.de/gretil/corpustei/transformations/html/sa_dhvajAgrasUtra.htm,http://gretil.sub.uni-goettingen.de/gretil/1_sanskr/4_rellit/buddh/dhvjgs_tu.htm,,,,4_rellit/buddh,,
sa_daNDin-kAvyAdarza1--2.1-144--2.310-368.xml,"Kāvyādarśa, 1, 2.1-144, 2.310-368",,,Daṇḍin,,,,,,,http://gretil.sub.uni-goettingen.de/gretil/corpustei/transformations/html/sa_daNDin-kAvyAdarza1--2.1-144--2.310-368.htm,http://gretil.sub.uni-goettingen.de/gretil/1_sanskr/5_poetry/1_alam/dkavy1au.htm,,,,5_poetry/1_alam,,
sa_gorakSanAtha-gorakSazataka.xml,Gorakṣaśataka,,,Gorakṣanātha (= Gorakhnāth),,,,,,,http://gretil.sub.uni-goettingen.de/gretil/corpustei/transformations/html/sa_gorakSanAtha-gorakSazataka.htm,http://gretil.sub.uni-goettingen.de/gretil/1_sanskr/4_rellit/saiva/gorst1au.htm,,,,4_rellit/saiva,,
sa_gorakSazataka-alt.xml,Gorakṣaśataka,,,(= Gorakhnāth),,,,,,,http://gretil.sub.uni-goettingen.de/gretil/corpustei/transformations/html/sa_gorakSazataka-alt.htm,http://gretil.sub.uni-goettingen.de/gretil/1_sanskr/4_rellit/saiva/gorst2au.htm,,,,4_rellit/saiva,,
sa_jJAnazambhu-zivapUjAstava.xml,Śivapūjāstava,,,Jñānaśambhu (c. 12th cent.),,,,,,,http://gretil.sub.uni-goettingen.de/gretil/corpustei/transformations/html/sa_jJAnazambhu-zivapUjAstava.htm,http://gretil.sub.uni-goettingen.de/gretil/1_sanskr/4_rellit/saiva/jssivpau.htm,,,,4_rellit/saiva,,
sa_karatoyAmAhAtmya.xml,Karatoyāmāhātmya,,,,,,,,,,http://gretil.sub.uni-goettingen.de/gretil/corpustei/transformations/html/sa_karatoyAmAhAtmya.htm,http://gretil.sub.uni-goettingen.de/gretil/1_sanskr/4_rellit/saiva/karatoau.htm,,,,4_rellit/saiva,,
sa_kiraNatantra1-6.xml,"Kiraṇatantra, 1-6 with the commentary of Rāmakaṇṭha",,,,,,,,,,http://gretil.sub.uni-goettingen.de/gretil/corpustei/transformations/html/sa_kiraNatantra1-6.htm,http://gretil.sub.uni-goettingen.de/gretil/1_sanskr/4_rellit/saiva/kirtc_au.htm,,,,4_rellit/saiva,,
sa_kSemendra-narmamAlA.xml,Narmamālā,,,Kṣemendra,,,,,,,http://gretil.sub.uni-goettingen.de/gretil/corpustei/transformations/html/sa_kSemendra-narmamAlA.htm,http://gretil.sub.uni-goettingen.de/gretil/1_sanskr/4_rellit/buddh/ksnarm_u.htm,,,,4_rellit/buddh,,
sa_kubjikamatatantra.xml,Kubjikamatatantra,,,,,,,,,,http://gretil.sub.uni-goettingen.de/gretil/corpustei/transformations/html/sa_kubjikamatatantra.htm,http://gretil.sub.uni-goettingen.de/gretil/1_sanskr/4_rellit/saiva/kubjt_au.htm,,,,4_rellit/saiva,,
sa_liGgapurANa1-108.xml,"Liṅgapurāṇa, 1-108",,,,,,,,,,http://gretil.sub.uni-goettingen.de/gretil/corpustei/transformations/html/sa_liGgapurANa1-108.htm,http://gretil.sub.uni-goettingen.de/gretil/1_sanskr/3_purana/lip_1_au.htm,,,,3_purana,,
sa_mahAmAyUrIvidyArAjJI.xml,Mahāmāyūrīvidyārājñī,,,,,,,,,,http://gretil.sub.uni-goettingen.de/gretil/corpustei/transformations/html/sa_mahAmAyUrIvidyArAjJI.htm,http://gretil.sub.uni-goettingen.de/gretil/1_sanskr/4_rellit/buddh/mmayuvru.htm,,,,4_rellit/buddh,,
"sa_mRgendrAgama1,1-7,23.xml","Mṛgendrāgama, 1.1-7.23 (= Mrgendratantra) with Nārāyaṇakaṇṭha's Vṛtti",,,,,,,,,,"http://gretil.sub.uni-goettingen.de/gretil/corpustei/transformations/html/sa_mRgendrAgama1,1-7,23.htm",http://gretil.sub.uni-goettingen.de/gretil/1_sanskr/4_rellit/saiva/mrgt1chu.htm,,,,4_rellit/saiva,,
sa_nArAyaNabhaTTa-nArAyaNIya.xml,Nārāyaṇīya,,,Nārāyaṇabhaṭṭa,,,,,,,http://gretil.sub.uni-goettingen.de/gretil/corpustei/transformations/html/sa_nArAyaNabhaTTa-nArAyaNIya.htm,http://gretil.sub.uni-goettingen.de/gretil/1_sanskr/5_poetry/2_kavya/narayniu.htm,,,,5_poetry/2_kavya,,
sa_yAska-nirukta.xml,Nirukta,,,Yāska,,,,,,,http://gretil.sub.uni-goettingen.de/gretil/corpustei/transformations/html/sa_yAska-nirukta.htm,http://gretil.sub.uni-goettingen.de/gretil/1_sanskr/1_veda/5_vedang/3_pratis/niruktau.htm,,,,1_veda/5_vedang/3_pratis,,
sa_parAtriMzikA.xml,Parātriṃśikā,,,,,,,,,,http://gretil.sub.uni-goettingen.de/gretil/corpustei/transformations/html/sa_parAtriMzikA.htm,http://gretil.sub.uni-goettingen.de/gretil/1_sanskr/6_sastra/3_phil/saiva/paratriu.htm,,,,6_sastra/3_phil/saiva,,
sa_pratItyasamutpAdavibhaGgasUtra.xml,Pratītyasamutpādavibhaṅgasūtra,,,,,,,,,,http://gretil.sub.uni-goettingen.de/gretil/corpustei/transformations/html/sa_pratItyasamutpAdavibhaGgasUtra.htm,http://gretil.sub.uni-goettingen.de/gretil/1_sanskr/4_rellit/buddh/psupvibhs_tu.htm,,,,4_rellit/buddh,,
sa_vAlmIki-rAmAyaNa-rev-2-3.xml,Rāmāyaṇa-rev-2-3,,,Vālmīki,,,,,,,http://gretil.sub.uni-goettingen.de/gretil/corpustei/transformations/html/sa_vAlmIki-rAmAyaNa-rev-2-3.htm,http://gretil.sub.uni-goettingen.de/gretil/1_sanskr/2_epic/ramayana/ram_02au.htm,,,,2_epic/ramayana,n,gretil_sa/sa_rAmAyaNa.xml
sa_rASTrapAlasUtra.xml,Rāṣṭrapālasūtra,,,,,,,,,,http://gretil.sub.uni-goettingen.de/gretil/corpustei/transformations/html/sa_rASTrapAlasUtra.htm,http://gretil.sub.uni-goettingen.de/gretil/1_sanskr/4_rellit/buddh/rastrps_tu.htm,,,,4_rellit/buddh,,
sa_zAntarakSita-tattvasaMgraha.xml,Tattvasaṃgraha,,,Śāntarakṣita,,,,,,,http://gretil.sub.uni-goettingen.de/gretil/corpustei/transformations/html/sa_zAntarakSita-tattvasaMgraha.htm,http://gretil.sub.uni-goettingen.de/gretil/1_sanskr/6_sastra/3_phil/buddh/santts_u.htm,,,,6_sastra/3_phil/buddh,,
sa_satyasUtra.xml,Satyasūtra,,,,,,,,,,http://gretil.sub.uni-goettingen.de/gretil/corpustei/transformations/html/sa_satyasUtra.htm,http://gretil.sub.uni-goettingen.de/gretil/1_sanskr/4_rellit/buddh/satyas_tu.htm,,,,4_rellit/buddh,,
sa_somadeva-kathAsaritsAgaravetAlapaJcaviMzatikA.xml,"Kathāsaritsāgara, Vetālapañcaviṃśatikā",,,Somadeva,,,,,,,http://gretil.sub.uni-goettingen.de/gretil/corpustei/transformations/html/sa_somadeva-kathAsaritsAgaravetAlapaJcaviMzatikA.htm,http://gretil.sub.uni-goettingen.de/gretil/1_sanskr/5_poetry/4_narr/soksvpau.htm,,,,5_poetry/4_narr,,
sa_svAgatasUtra.xml,Svāgatasūtra,,,,,,,,,,http://gretil.sub.uni-goettingen.de/gretil/corpustei/transformations/html/sa_svAgatasUtra.htm,http://gretil.sub.uni-goettingen.de/gretil/1_sanskr/4_rellit/buddh/svagata_tu.htm,,,,4_rellit/buddh,,
sa_viSNupurANa-crit.xml,Viṣṇupurāṇa,,,,,,,,,,http://gretil.sub.uni-goettingen.de/gretil/corpustei/transformations/html/sa_viSNupurANa-crit.htm,http://gretil.sub.uni-goettingen.de/gretil/1_sanskr/3_purana/vipce_au.htm,,,,3_purana,,
sa_vidyAsthAnopamasUtra.xml,Vidyāsthānopamasūtra,,,,,,,,,,http://gretil.sub.uni-goettingen.de/gretil/corpustei/transformations/html/sa_vidyAsthAnopamasUtra.htm,http://gretil.sub.uni-goettingen.de/gretil/1_sanskr/4_rellit/buddh/vsths_tu.htm,,,,4_rellit/buddh,,
sa_AdizeSa-paramArthasAra.xml,Paramārthasāra,,,Ādiśeṣa,,,,,,,http://gretil.sub.uni-goettingen.de/gretil/corpustei/transformations/html/sa_AdizeSa-paramArthasAra.htm,,,,,,,
sa_amoghapAzahRdayasUtra-mz.xml,Amoghapāśanāmahṛdayaṃ mahāyānasūtram,,,,,,,,,,http://gretil.sub.uni-goettingen.de/gretil/corpustei/transformations/html/sa_amoghapAzahRdayasUtra-mz.htm,,,,,,,
sa_candrakIrti-bodhisattvayogAcAracatuHzatakaTIkA.xml,Bodhisattvayogācāracatuḥśatakaṭīkā,,,Candrakīrti,,,,,,,http://gretil.sub.uni-goettingen.de/gretil/corpustei/transformations/html/sa_candrakIrti-bodhisattvayogAcAracatuHzatakaTIkA.htm,,,,,,,
sa_hetvAbhAsadazaka.xml,Hetvābhāsadaśaka,,,Prince of Koṭiliṅgapura,,,,,,,http://gretil.sub.uni-goettingen.de/gretil/corpustei/transformations/html/sa_hetvAbhAsadazaka.htm,,,,,,,
sa_kSemendra-caturvargasaMgraha.xml,Caturvargasaṃgraha,,,Kṣemendra,,,,,,,http://gretil.sub.uni-goettingen.de/gretil/corpustei/transformations/html/sa_kSemendra-caturvargasaMgraha.htm,,,,,,,
sa_kSemendra-sevyasevakopadeza.xml,Sevyasevakopadeśaḥ,,,Kṣemendra,,,,,,,http://gretil.sub.uni-goettingen.de/gretil/corpustei/transformations/html/sa_kSemendra-sevyasevakopadeza.htm,,,,,,,
sa_kalhaNa-ardhanarIzvarastotra.xml,Ardhanarīśvarastotra,,,Kalhaṇa,,,,,,,http://gretil.sub.uni-goettingen.de/gretil/corpustei/transformations/html/sa_kalhaNa-ardhanarIzvarastotra.htm,,,,,,,
sa_lakSmINkarA-advayasiddhi.xml,Advayasiddhi,,,Yoginī Lakṣmīṅkarā,,,,,,,http://gretil.sub.uni-goettingen.de/gretil/corpustei/transformations/html/sa_lakSmINkarA-advayasiddhi.htm,,,,,,,
sa_lolimbarAja-vaidyajIvana.xml,Vaidyajīvana,,,Lolimbarāja,,,,,,,http://gretil.sub.uni-goettingen.de/gretil/corpustei/transformations/html/sa_lolimbarAja-vaidyajIvana.htm,,,,,,,
sa_rAva-mithyAgrahaNa.xml,Mithyāgrahaṇam,,,Kṣamā Rāva,,,,,,,http://gretil.sub.uni-goettingen.de/gretil/corpustei/transformations/html/sa_rAva-mithyAgrahaNa.htm,,,,,,,
sa_ravideva-rAkSasakAvyawithTIkA.xml,Rākṣasakāvya with Ṭīkā,,,Ravideva,,,,,,,http://gretil.sub.uni-goettingen.de/gretil/corpustei/transformations/html/sa_ravideva-rAkSasakAvyawithTIkA.htm,,,,,,,
sa_taittirIyopaniSad-zaMkarabhASya.xml,Taittirīya-Upaniṣad with Śaṃkarabhāṣya,,,,,,,,,,http://gretil.sub.uni-goettingen.de/gretil/corpustei/transformations/html/sa_taittirIyopaniSad-zaMkarabhASya.htm,,,,,,,
sa_vAmanadatta-dvayasaMpattivArttika.xml,Dvayasaṃpattivārttika,,,Vāmanadatta,,,,,,,http://gretil.sub.uni-goettingen.de/gretil/corpustei/transformations/html/sa_vAmanadatta-dvayasaMpattivArttika.htm,,,,,,,
sa_zatasAhasrikAprajJApAramitA-1.xml,"Śatasāhasrikā Prajñāpāramitā, Part I",,,,,,,,,,http://gretil.sub.uni-goettingen.de/gretil/corpustei/transformations/html/sa_zatasAhasrikAprajJApAramitA-1.htm,,,,,,,
sa_zivasaMkalpopaniSad.xml,Śivasaṃkalpopaniṣad,,,,,,,,,,http://gretil.sub.uni-goettingen.de/gretil/corpustei/transformations/html/sa_zivasaMkalpopaniSad.htm,,,,,,,