original_filename,file,catalogue_no,title,title_notes,author,author_pid,url,editor,best_text,duplicate_of_standard,,Version: Completeness: incomplete | fragments | excerpts | uncertain,Version: Completness: further notes and specifications,"Title source: If not specified=MB, otherwise: Intenal/External+type (e.g. Colophon), if reconstructed add *",Title 2 (Muktabodha),"Ancillary to: MB catalogue number, or ilxM- entry specifically created when MB catalogue number is not available",Ancillary Type: Vyākhyātantra | Uttaratantra | Commentary | Sub-commentary| Ritual | Other | Excerpts,Ancillary Note (most commonly: if the commentary includes the mūla),Subjects (as in MB),Author's name: Source,Alternate name,"Alternate name: Source & Type (e.g. Muktabodha initial description, colophons etc.)",Colophon,Colophon Note
M00198 - aMzumatkAzyapAgama.htm,aMzumatkAzyapAgama_M00198.xml,M00198,Aṃśumatkāśyapāgama,,,,https://muktabodha-digital-library.org/texts/IAST/M00198,,,,,incomplete,lacking explicit+final colophon,,Aṃśumadāgama,,,,"['tantric / āgamic literature', 'śaiva', 'śaiva-siddhānta']",,,,ityaṃśumatkāśyape karṣaṇavidhipaṭalaḥ (prathamaḥ),towards beginning
M00003 - matsyendranAtha - akulavIratantra.htm,matsyendranAtha_akulavIratantra_M00003.xml,M00003,Akulavīratantra,Kaulajñānanirṇaya and some minor texts of the school,Matsyendranātha,mbP0001,https://muktabodha-digital-library.org/texts/IAST/M00003,"Bagchi, P. C.",,,,,,,,,,,"['tantric / āgamic literature', 'kaula', 'kaula early pre 1100 AD']",catalog,"Macchagnapāda, Macchendra","catalog, colophon",iti macchendrapādāvatārite kāmarūpisthāne yoginī prasādāllabdha(m) akulavīraṃ samāptam,
M00574 - agastyasaMhitA.htm,agastyasaMhitA_M00574.xml,M00574,Agastyasaṃhitā,,,,https://muktabodha-digital-library.org/texts/IAST/M00574,,,,,,,,,,,,['tantric / āgamic literature'],,,,itiśrīagastisaṃhitāyāṃdvātriṃśodhyāyaḥ samāptoyaṃgraṃthaḥ,
M00246 - agnikAryapaddhati.htm,agnikAryapaddhati_M00246.xml,M00246,Agnikāryapaddhati,,,,https://muktabodha-digital-library.org/texts/IAST/M00246,,,,,incomplete,lacking explicit+final colophon,,,,,,"['tantric / āgamic literature', 'kaula', 'kaula later post 1100 AD', 'śākta', 'Paddhati']",,,,atha vistare satyagnikāryapaddhatirlikhyate,at beginning
M00272 - acintyavizvasAdAkhyam.htm,acintyavizvasAdAkhyam_M00272.xml,M00272,Acintyaviśvasādākhya,,,,https://muktabodha-digital-library.org/texts/IAST/M00272,,,,,,complete but final verses/colophon partially illegible,,,,,,"['tantra / āgama', 'śaiva', 'śaiva-siddhānta']",,,,iti cintyopabhede acintyaviśvasādākhye kriyāpāde tantrāvatāraḥ prathamaḥ paṭalaḥ ///  pa (* * *) midaṃ samāptamāsīt,in middle /// at end
M00658 - utpaladeva - ajaDapramAtRsiddhiH.htm,utpaladeva_ajaDapramAtRsiddhiH_M00658.xml,M00658,Ajaḍapramātṛsiddhivṛtti,,Hara Śāstrī,mbP0129,https://muktabodha-digital-library.org/texts/IAST/M00658,,y,,,,,colophon,,ilxM00001,commentary,including the mūla,"['tantric / āgamic literature', 'non-dual śaivism of Kashmir']",colophon,Haribhaṭṭa Śāstrī,catalog,pramātṛsiddhāvācāryotpaladevakṛtau manāk | candrābdhyaṣṭendu 1841 śākābde śāstrī vṛttiṃ haro vyadhāt | ityajaḍapramātṛsiddhau śrīmanmahāmāheśvarācāryotpaladevapādaviracitāyāṃ vṛttiḥ samāptā | śrīmatpratāpabhūbharturājñayā prītaye satām | madhusūdanakaulena saṃpādyeyaṃ prakāśitā,
M00622 - somanAtha - ajJAnadhvAntadIpikA.htm,somanAtha_ajJAnadhvAntadIpikA_M00622.xml,M00622,Ajñānadhvāntadīpikā,,Somanātha,mbP0003,https://muktabodha-digital-library.org/texts/IAST/M00622,,,,,incomplete,lacking explicit+final colophon,,,,,,['śaiva'],incipit,,,oṃsītākāntaṃhṛdi dhyātvāsomanāthomaheśajaḥ kurvevālāva vodhārtham ajñānadhvāntadīpikām,at beginning
M00102 - advayatArakopaniSat.htm,advayatArakopaniSat_M00102.xml,M00102,Advayatārakopaniṣadvivaraṇaṃ,,Brahmayogin,mbP0128,https://muktabodha-digital-library.org/texts/IAST/M00102,Śāstrī Mahādeva,,,,,yes (only tārakayogādhikāraḥ),colophon,Advayatārakā Upaniṣat,ilxM00002,commentary,including the mūla,"['tantric / āgamic literature', 'yoga', 'upaniṣad', 'yogopaniṣad', 'yogopaniṣad']",colophon,,,ityupaniṣacchabdaḥ advayatārakopaniṣatsamāptyarthaḥ || śrīvāsudevendraśiṣyopaniṣadbrahmayoginā | advayopaniṣadvyākhyā likhiteśvaragocarā | advayopaniṣadvyākhyāgrantho'śītiritīritaḥ || iti śrīmadīśādyaṣṭottaraśatopaniṣacchāstravivaraṇe tripañcāśatsaṃkhyāpūrakam advayattārakopaniṣadvivaraṇaṃ saṃpūrṇam | oṃ śrīmadviśvādhiṣṭhānaparamahaṃsasadgururāmacandrārpaṇamastu,
M00510 - advayavajra - advayavajrasaMgraha.htm,advayavajra_advayavajrasaMgraha_M00510.xml,M00510,Advayavajrasaṃgraha,,Advayavajra,P44,https://muktabodha-digital-library.org/texts/IAST/M00510,,,,,,,,,,,,['tantric / āgamic literature'],colophon,,,kṛtiriyaṃ paṇḍitāvadhūtaśrīmadadvayavajrapādānām | samāpto'yaṃ granthaḥ | ye dharmā hetuprabhavā hetuṃ teṣāṃ tathāgato hyavadat | teṣāṃ ca yo nirodha evaṃvādo mahāśramaṇaḥ | śubhaṃ bhūyāt,
M00615 - anAdivIrazaivasaGgraha.htm,anAdivIrazaivasaGgraha_M00615.xml,M00615,Anādivīraśaivasaṅgraha,,Saṃpādanasiddhavīra,mbP0088,https://muktabodha-digital-library.org/texts/IAST/M00615,,,,,,8 chapters,,,,,,"['śaiva', 'vīraśaiva']",colophon,,,iti śrīmadvīramāheśvarācāryavaryaśrīvīraśaivaṣaṭsthalamārgasthāpanāgragaṇyaśrīsaṃpādanasiddhavīrākhyaśivayogīṃdraviracite anādivīraśaivasārasaṃgrahe viśvotpattisthalaṃ nāma aṣṭamaprakaraṇaṃ samāptam,
M00353 - aniruddhasaMhitA.htm,aniruddhasaMhitA_M00353.xml,M00353,Aniruddhasaṃhitā,,,,https://muktabodha-digital-library.org/texts/IAST/M00353,A. Shrinivasa Iyengar,,,,,,,,,,,['pāñcarātra'],,,,iti śrīpāñcarātre mahopaniṣadi aniruddhasaṃhitāyāṃ bhaktapratiṣṭhānām catustriṃśo'dhyāyaḥ,
M00004 - AdyanAtha - anuttaraprakAzapaJcAzikA.htm,AdyanAtha_anuttaraprakAzapaJcAzikA_M00004.xml,M00004,Anuttaraprakāśapañcāśikā,,Ādyanātha,mbP0005,https://muktabodha-digital-library.org/texts/IAST/M00004,"Śāstri, Mukundarāma",y,,,,,,,,,,"['tantric / āgamic literature', 'śaiva', 'non-dual śaivism of Kashmir']",colophon,,,iti śrīmadādyanāthaviracitā anuttaraprakāśapañcāśikā samāptā,
M00104 - amRtanAdopaniSat.htm,amRtanAdopaniSat_M00104.xml,M00104,Amṛtanādopaniṣadvivaraṇa,,Brahmayogin,mbP0128,https://muktabodha-digital-library.org/texts/IAST/M00104,Śāstrī Mahādeva,,,,,,colophon,Amṛtanāda Upaniṣat,ilxM00003,commentary,including the mūla,"['tantric / āgamic literature', 'yoga', 'upaniṣad', 'yogopaniṣad', 'yogopaniṣad']",colophon,,,śrīvāsudevendraśiṣyopaniṣadbrahmayoginā likhitaṃ syādvivaraṇaṃ nādopaniṣadaḥ sphuṭam prakṛtopaniṣadvyākhyāgranthaḥ ṣaṣṭyuttaraṃ śatam iti śrīmadīśādyaṣṭottaraśatopaniṣacchāstravivaraṇe ekaviṃśatiṃsaṃkhyāpūrakam amṛtanādopaniṣadvivaraṇaṃ saṃpūrṇam,
M00103 - amRtabindUpaniSat.htm,amRtabindUpaniSat_M00103.xml,M00103,Amṛtabindūpaniṣadvivaraṇa,,Brahmayogin,mbP0128,https://muktabodha-digital-library.org/texts/IAST/M00103,Śāstrī Mahādeva,,,,,,colophon,Amṛtabindu Upaniṣat,ilxM00004,commentary,including the mūla,"['tantric / āgamic literature', 'yoga', 'upaniṣad', 'yogopaniṣad', 'yogopaniṣad']",colophon,,,śrīvāsudevendraśiṣyopaniṣadbrahmayoginā likhitaṃ syādvivaraṇaṃ bindūpaniṣadaḥ sphuṭam prakṛtopaniṣadvyākhyāgranthastriṃśādhikaṃ śatam iti śrīmadīśādyaṣṭottaraśatopaniṣacchāstravivaraṇe viṃśatisaṃkhyāpūrakam amṛtabindūpaniṣadvivaraṇaṃ saṃpūrṇam,
M00504 - amRtezatantra.htm,amRtezatantra_M00504.xml,M00504,Amṛteśatantra,,,,https://muktabodha-digital-library.org/texts/IAST/M00504,,,,,,,,Netratantra,,,,['tantra / āgama'],,,,samāptamidaṃ mṛtyujidamṛtīśavidhānaṃ saṃpūrṇamiti śubham || saṃvat 320 caitraśudi śani dive (***?) viśveśvara likhāpitamidaṃ pustakaṃ || paṃḍitakīrtidhara likhitaṃ mayā,
M00539 - amRtezvaradikSAvidhi.htm,amRtezvaradikSAvidhi_M00539.xml,M00539,Amṛteśvaradikṣāvidhi,,,,https://muktabodha-digital-library.org/texts/IAST/M00539,,,,,incomplete,lacking incipit,,,,,,"['tantric / āgamic literature', 'Paddhati']",,,,iti śivasaptasrotāgamagaṇābhiprāyāduddhṛtāmṛtīśanetrodyotā-'pratihatamahādi ikṣāsuṭippaṇakaṃ samāptam,
M00311 - gaNananAthabhaTTa - azeSakulavallarI.htm,gaNananAthabhaTTa_azeSakulavallarI_M00311.xml,M00311,Aśeṣakulavallarī,,Gaṇanāthabhaṭṭa,mbP0006,https://muktabodha-digital-library.org/texts/IAST/M00311,,,,,incomplete,lacking explicit+final colophon,,,,,,"['tantric / āgamic literature', 'śākta', 'compendium', 'Paddhati']",colophon,Bhaṭṭa Śrī Gaṇanātha,colophon,iti bhaṭṭaśrīgaṇanāthaviracitāyāmaśeṣavallaryāṃ gurudhyānapaddhatiḥ prathamā,in middle
M00540 - aSTamAtRkApUjA.htm,aSTamAtRkApUjA_M00540.xml,M00540,Aṣṭamātṛkāpūjā,,,,https://muktabodha-digital-library.org/texts/IAST/M00540,,,,,,,,,,,,"['tantric / āgamic literature', 'Paddhati']",,,,iti navapīṭha aṣṭamātṛkāpīṭhapūjāvidhiḥ samāptaḥ | śubhaṃ bhavantu sarvadā śubhaḥ,
M00002a - ahirbudhnya saMhita volume 1.htm,ahirbudhnya_saMhita_volume_1_M00002a.xml,M00002a,Ahirbudhnya Saṃhita Volume 1,Of the Pāñcarātrāgama,,,https://muktabodha-digital-library.org/texts/IAST/M00002a,Pandit M. D. Ramanujacarya,,,,,,,,,,,"['tantric / āgamic literature', 'vaiṣṇava', 'pāñcarātra']",,,,iti śrīpāñcarātre tantrarahasye ahirbudhnyasaṃhitāyāṃ rājñāṃ sudarśanayantrārādhanavidhānakeśavādiguṇapradhānabhāvavyavasthāpanaṃ nāma ṣaṭtriṃśo'dhyāyaḥ,
M00002b - ahirbudhnya saMhita volume 2.htm,ahirbudhnya_saMhita_volume_2_M00002b.xml,M00002b,Ahirbudhnya Saṃhita Volume 2,Of the Pāñcarātrāgama,,,https://muktabodha-digital-library.org/texts/IAST/M00002b,Pandit M. D. Ramanujacarya,,,,,,,,,,,"['tantric / āgamic literature', 'vaiṣṇava', 'pāñcarātra']",,,,iti śrīpāñcarātre tantrarahasye ahirbudhnyasaṃhitāyāṃ śāstravaibhavanirūpaṇaṃ nāma ṣaṣṭitamo'dhyāyaḥ || samāptā ceyamahirbudhnyasaṃhitā /// ahirbudhnyasaṃhitāpariśiṣṭaṃ sudarśana sahasranāmastotram /// ityahirbudhnyasaṃhitāyāṃ tantrarahasye vyāsanāradasaṃvāde śrīsudarśanasahasranāmastotraṃ saṃpūrṇam,
M00117 - yadunAtha - AgamakalpalatA.htm,yadunAtha_AgamakalpalatA_M00117.xml,M00117,Āgamakalpalatā,,Yadunātha,mbP0007,https://muktabodha-digital-library.org/texts/IAST/M00117,,y,,,,,,,,,,"['tantric / āgamic literature', 'śaiva', 'śākta']",colophon,"Yadunātha Cakravartti, Yadunātha Śarma","catalog, incipit",śrīśrīyadunāthacakravartiviracitāyāmāgamakalpalatāyāṃprathamaḥpallavaḥ /// ityāgamakalpalatāṃyāṃyānāthaviracitāyāṃaṣṭāviṃśaḥpaṭalaḥ | samāpteyamāgamakalpalatāśrāgurūṇā,in middle /// at end
M00659 - AgamakalpalatA.htm,AgamakalpalatA_M00659.xml,M00659,Āgamakalpalatā,,Yadunātha,mbP0007,https://muktabodha-digital-library.org/texts/IAST/M00659,,n,muktabodha/yadunAtha_AgamakalpalatA_M00117.xml,,,,,,,,,['tantric / āgamic literature'],colophon,"Yadunātha Cakravartti, Yadunātha Śarma","catalog, incipit",ityāgamakalpalatāṃyāṃyānāthaviracitāyāṃaṣṭāviṃśaḥpaṭalaḥ | samāpteyamāgamakalpalatāśrāgurūṇā,
M00001 - yAmunAchAryasTAmin - AgamaprAmANya.htm,yAmunAchAryasTAmin_AgamaprAmANya_M00001.xml,M00001,Āgamaprāmāṇya,,Yāmuna,mbP0008,https://muktabodha-digital-library.org/texts/IAST/M00001,Rāmamiśraśāstri,,,,,,,,,,,"['tantric / āgamic literature', 'vaiṣṇava', 'pāñcarātra']",colophon,Yāmunāchāryaswāmin,catalog,iti śrīyāmunamuniviracitamāgamaprāmāṇyam,
I00020 - AgamavacanasaGgrahaH.htm,AgamavacanasaGgrahaH_I00020.xml,I00020,Āgamavacanasaṅgrahaḥ,,,,https://muktabodha-digital-library.org/texts/IAST/I00020,,y,,,fragments,,,,,,,"['tantric / āgamic literature', 'śaiva', 'śaiva-siddhānta']",,,,no,
I00024 - AgamavacanasaGgraha.htm,AgamavacanasaGgraha_I00024.xml,I00024,Āgamavacanasaṅgraha,,,,https://muktabodha-digital-library.org/texts/IAST/I00024,,n,muktabodha/AgamavacanasaGgrahaH_I00020.xml,,fragments,,,,,,,"['tantric / āgamic literature', 'śaiva', 'śaiva-siddhānta']",,,,iti vātule pratiṣṭhā tantre vāstuvidhipaṭalaḥ /// iti vātulākhye mahātantre puṇyāhavidhipaṭalaḥ,in middle
M00501 - svAtmArAma - AcArasAratantra.htm,svAtmArAma_AcArasAratantra_M00501.xml,M00501,Ācārasāratantra,,"Svātmārāma, Unknown, Unknown, Unknown, Unknown",mbP0100,https://muktabodha-digital-library.org/texts/IAST/M00501,,,,,,collection of excerpts,,Samayācāra,,,,"['tantra / āgama', 'kaula later post 1100 AD']",colophon,,,iti śrīsakalaśāstrasamuccaye svātmārāmayogīndraviracitāyāṃ haṭhapradīpikāyāṃ caturthaḥ upadeśaḥ samāptaḥ /// ityācārasāratantre haragaurīsaṃvāde paramarahasyātirahasyakathane saṃvidākalpe saṃvicchodhanasvīkāravidhiḥ samāptaḥ paṭalaḥ /// iti śrīpārvatīśvarasaṃvāde samayācāraṃ sampūrṇam /// iti śrīrudrayāmale tantre pātravandananavastotraṃ samāptaṃ /// (AT END) ayaṃ strīṇāmatirajonivāraṇamaṃtra iti dvitīyakalpaṃ ca ulūkasya alaṃkṛtaṃ | śubhamastu,5 parts
M00502 - utpaladeva - AjaDapramAtRsiddhi.htm,utpaladeva_AjaDapramAtRsiddhi_M00502.xml,M00502,Ajaḍapramātṛsiddhi Vṛtti,,Hara Śāstrī,mbP0129,https://muktabodha-digital-library.org/texts/IAST/M00502,Madhusudan Kaul Shastri,n,muktabodha/utpaladeva_ajaDapramAtRsiddhiH_M00658.xml,,,,colophon,,ilxM00001,commentary,including the mūla,"['tantric / āgamic literature', 'śaiva', 'pratyabhijñā']",colophon,Haribhaṭṭa Śāstrī,catalog,pramātṛsiddhāv ācāryotpaladevakṛtau manāk candrābdhyaṣṭenduśākābde śāstrī vṛttiṃ haro vyadhāt ity ajaḍapramātṛsiddhau śrīmānmahāmāheśvarācāryotpaladevapādaviracitāyāṃ vṛttiḥ samāptā,
I00018 - AtmArpaNastava.htm,AtmArpaNastava_I00018.xml,I00018,"Ātmārpaṇastava, Śivatatvavivekam, Śrīcakranirmāṇa, Śivajñānabodhopanyāsa",,"Unknown, Unknown, Unknown, Nigamajñānadeśika (I.E. Nigamajñānadeva)",mbP0172,https://muktabodha-digital-library.org/texts/IAST/I00018,,,,,fragments,,,,"ilxM00101, ilxM00102, ilxM00103, ilxM00104",4 texts together in the same file,,"['tantric / āgamic literature', 'śaiva', 'śaiva-siddhānta']",colophon,,,ātmārpaṇastavaḥ samāptaḥ /// śivatatvavivekam /// evaṃ śrīcakranirmāṇavidhiḥ /// iti bālabodhanāya saundaranāthaprītaye vyāghrapuravāsinā nigamajñānadeśikena viracitaśivajñānabodhopanyāsaḥ samāptaḥ,in middle
M00066 - Anandatantra.htm,Anandatantra_M00066.xml,M00066,Ānandatantra,,,,https://muktabodha-digital-library.org/texts/IAST/M00066,"Dyczkowski, Mark S. G.",,,,,,,,,,,"['tantric / āgamic literature', 'tantra / āgama']",,,,iti dvātriṃśatkoṭivistīrṇe vidyāsvarūpaṃ nāma viṃśatitamaḥ (or: viṃśatiḥ) paṭalaḥ || ānaṃdataṃtraṃ saṃpūrṇam,
M00624 - AnandezvarapaddhatiH.htm,AnandezvarapaddhatiH_M00624.xml,M00624,Ānandeśvarapaddhatiḥ,,,,https://muktabodha-digital-library.org/texts/IAST/M00624,,,,,,,,,,,,['śaiva'],,,,itivisarjanamaṃtraḥ itikalādīkṣāyāṃrahasyacarcā ityānandeśvarapaddhatiḥsamāptā /// itiśrīrudriyāmaletaṃtrepaṃcamīstavarājaḥsamāptaḥ,in middle /// at end
M00363 - AryamaJjuzrImUlakalpam part 1.htm,AryamaJjuzrImUlakalpam_part_1_M00363.xml,M00363,Āryamañjuśrīmūlakalpam Part 1,,,,https://muktabodha-digital-library.org/texts/IAST/M00363,T. Gaṇapatiśāstrī,,,,,,,,,,,['tantric / āgamic literature'],,,,mahāyānamantracaryānirdeśyamahākalpāt mañjuśrīkumārabhūtabodhisattvavikurvaṇapaṭalavisarāt mūlakalpāt prathamaḥ sannipātaparivartaḥ,in middle
M00364 - AryamaJjuzrImUlakalpam part 2.htm,AryamaJjuzrImUlakalpam_part_2_M00364.xml,M00364,Āryamañjuśrīmūlakalpam Part 2,,,,https://muktabodha-digital-library.org/texts/IAST/M00364,T. Gaṇapatiśāstrī,,,,,,,,,,,['tantric / āgamic literature'],,,,āryamañjuśrīmūlakalpam dvitīyo bhāgaḥ atha trayoviṃśatitamaḥ paṭalavisaraḥ /// āryamañjuśriyamūlakalpāt bodhisattvapiṭakāvataṃsakāt mahāyānavaipulyasūtrāt saptacatvāriṃśatimaḥ paṭalavisarāt tṛtīyaḥ catuḥkumāryopayikasarvasādhanajapaniyamamudrā(-)oṣadhitantramantrasarvakarmapaṭalavisaraṃ parisamāpta iti śubhaṃ bhūyāt,at beginning /// at end
M00365 - AryamaJjuzrImUlakalpam part 3.htm,AryamaJjuzrImUlakalpam_part_3_M00365.xml,M00365,Āryamañjuśrīmūlakalpam Part 3,,,,https://muktabodha-digital-library.org/texts/IAST/M00365,T. Gaṇapatiśāstrī,,,,,,,,,,,['tantric / āgamic literature'],,,,āryamañjuśrīmūlakalpam tṛtīyo bhāgaḥ atha pañcāśaḥ paṭalavisaraḥ /// mahākalparājāt āryamañjuśrīmūlakalpāt (?) hemasādhanapaṭalaḥ visaraḥ parisaraḥ parisamāptaḥ | parisamāptaṃ ca yathāla (?) yasya kalpamiti | svasti śrīrā(?)ṅgalakāvasthitena mārgaśīrṣaśuklā (?) padānakṣatre siṃhasthe'pi gurau mañjuśrīkalpaṃ samāptamiti | śrīmūlaghoṣavihārādhipatinā śrīvo(?) madhyadeśād vinirgatena paṇḍitaravicandreṇa likhitamiti | (?) śubhaṃ bhūyāt,at beginning /// at end
"I00005 - AzIrvAdaparamparA, samudrasnAnavidhi, kAlaprakAzikA, sudhivilocana.htm",AzIrvAdaparamparA_samudrasnAnavidhi_kAlaprakAzikA_sudhivilocana_I00005.xml,I00005,"Āśīrvādaparamparā, Samudrasnānavidhi, Kālaprakāśikā, Sudhivilocana",,,,https://muktabodha-digital-library.org/texts/IAST/I00005,,,,,incomplete/unclear,,,,,,,"['śaiva', 'śaiva-siddhānta']",,,,no,
M00237 - vedajJAna - Azaucyadiipikaa.htm,vedajJAna_Azaucyadiipikaa_M00237.xml,M00237,Āśaucyadipikā,,Vedajñāna,mbP0009,https://muktabodha-digital-library.org/texts/IAST/M00237,,,,,,,,,,,,"['śaiva', 'śaiva-siddhānta']",colophon,,,śaivānāṃ viniyogārthaṃ kṛtācāśaucyadīpikā || iti śrīmadvyāghrapurinivāsi vedajñānadevaśiracitāśaucyadīpikā samāptā,
M00286 - nAgArjuna - AzcaryayogamAlA.htm,nAgArjuna_AzcaryayogamAlA_M00286.xml,M00286,Āścaryayogamālā Laghuvṛtti,,Guṇākara,mbP0130,https://muktabodha-digital-library.org/texts/IAST/M00286,,,,,,,colophon,Yogaratnāvalī,ilxM00006,commentary,including the mūla,['tantric / āgamic literature'],colophon,,,āścaryayogamālānāgārjunaviracitānubhavaprasiddhā | sakalajane hṛdayadayitā samarthitā sūtrato jayati // iti śrīśvetāmbarapaṇḍitaguṇākaraviracitā āścaryayogamālālaghuvṛtti samāptābhūt /// ātmasmaraṇāya mayā vikrītā nāgārjunapraṇīteyaṃ | āścaryayogamālā agre tava vṛddhaṭīkāvaḥ /// iti āścaryayogamālā samāptā (+ further text),
M00012 - sadyojyoti - ASTaprakaraNa tattvatrayanirNaya.htm,sadyojyoti_ASTaprakaraNa_tattvatrayanirNaya_M00012.xml,M00012,Āṣṭaprakaraṇa Tattvatrayanirṇaya Vṛtti,,Aghoraśiva,mbP0028,https://muktabodha-digital-library.org/texts/IAST/M00012,Kṛṣṇa Śāstrī,,,,,,colophon,,ilxM00007,commentary,including the mūla,"['tantric / āgamic literature', 'śaiva', 'śaiva-siddhānta', 'śaiva-siddhānta post 1100 AD']",colophon,,,tattvatrayanirṇayaḥ | sadyojyotiḥ śivācāryapraṇī taḥ | aghoraśivācāryakṛtavṛttisahitaḥ /// ityaghoraśivācāryaviracitā tattvatrayanirṇayavṛttiḥ samāptā,at beginning /// at end
M00010 - bhojadeva - ASTaprakaraNa tattvaprakAza.htm,bhojadeva_ASTaprakaraNa_tattvaprakAza_M00010.xml,M00010,Āṣṭaprakaraṇa Tattvaprakāśa Vṛtti,,Aghoraśiva,mbP0028,https://muktabodha-digital-library.org/texts/IAST/M00010,Kṛṣṇa Śāstrī,,,,,,colophon,,ilxM00008,commentary,including the mūla,"['tantric / āgamic literature', 'śaiva', 'śaiva-siddhānta', 'śaiva-siddhānta post 1100 AD']",colophon,,,śrībhojadevanṛpatiḥ sa śivāgamārthaṃ tattvaprakāśamasamānamidaṃ vyadhatta /// iti bhāradvājakulālaṅkaraṇabhūtena śaṅkarasūnunā vidhivihitasomarasāsvādanaparitoṣiṇā śivāṅghrikamaladvayāsaktamadhukarāyamāṇamānasena śrīmatā śrīkumāreṇa racitā tattvaprakāśatātparyadīpikā paripūrṇā /// iti lakṣadvayādhyāpakaśrīmadaghoraśivācāryaviracitā tattvaprakāśikāvṛttiḥ samāptā,towards end /// at end
M00011 - sadyojyoti - ASTaprakaraNa tattvasaMgraha.htm,sadyojyoti_ASTaprakaraNa_tattvasaMgraha_M00011.xml,M00011,Āṣṭaprakaraṇa Tattvasaṃgraha Ṭīkā,,Aghoraśiva,mbP0028,https://muktabodha-digital-library.org/texts/IAST/M00011,Kṛṣṇa Śāstrī,,,,,,colophon,,ilxM00009,commentary,including the mūla,"['tantric / āgamic literature', 'śaiva', 'śaiva-siddhānta', 'śaiva-siddhānta post 1100 AD']",colophon,,,tattvasaṃgrahaḥ sadyojyotiḥśivācāryapraṇītaḥ aghoraśivācāryakṛtayā ṭīkayā sahitaḥ /// ityavadat tattvāni tu sadyojyotiḥ suvṛttikṛt | iti tattvasaṃgrahaḥ samāptaḥ | ityaghoraśivācāryaviracitā tattvasaṃgrahaṭīkā samāptā,at beginning /// at end
M00007 - rAmakaNTha - ASTaprakaraNa nAdakArikA.htm,rAmakaNTha_ASTaprakaraNa_nAdakArikA_M00007.xml,M00007,Āṣṭaprakaraṇa Nādakārikā Vyākhyā,,Aghoraśiva,mbP0028,https://muktabodha-digital-library.org/texts/IAST/M00007,Kṛṣṇa Śāstrī,,,,,,*,,ilxM00010,commentary,including the mūla,"['tantric / āgamic literature', 'śaiva', 'śaiva-siddhānta', 'śaiva-siddhānta post 1100 AD']",colophon,,,iti nādasiddhimenāmakarot śrībhaṭṭarāmakaṇṭho'tra | nārāyaṇakaṇṭhasutaḥ kāśmīre vṛttapañcaviṃśatyā || śrīmadaghoraśivācāryajanyayā'parasaṃjñayā | vyākhyātā nādasiddhiśca prārthitena guruttamaiḥ,
M00008 - sadyojyoti - ASTaprakaraNa paramokSanirAsakArikA.htm,sadyojyoti_ASTaprakaraNa_paramokSanirAsakArikA_M00008.xml,M00008,Āṣṭaprakaraṇa Paramokṣanirāsakārikā Vṛtti,,Rāmakaṇṭha,mbP0013,https://muktabodha-digital-library.org/texts/IAST/M00008,Kṛṣṇa Śāstrī,,,,,,colophon,,ilxM00011,commentary,including the mūla,"['tantric / āgamic literature', 'śaiva', 'śaiva-siddhānta', 'śaiva-siddhānta post 1100 AD']",colophon,,,iti sadyojyotiḥśivācāryakṛtā paramokṣanirāsakārikā samāptā ||  itiśrīmadbhaṭṭanārāyaṇakaṇṭhātmajaśrībhaṭṭarāmakaṇṭhaviracitā paramokṣanirāsakārikāvṛttiḥ samāptā,
M00005 - sadyojyoti - ASTaprakaraNa bhogakArikA.htm,sadyojyoti_ASTaprakaraNa_bhogakArikA_M00005.xml,M00005,Āṣṭaprakaraṇa Bhogakārikā Vṛtti,,Aghoraśiva,mbP0028,https://muktabodha-digital-library.org/texts/IAST/M00005,Kṛṣṇa Śāstrī,,,,,,colophon,,ilxM00012,commentary,including the mūla,"['tantric / āgamic literature', 'śaiva', 'śaiva-siddhānta', 'śaiva-siddhānta post 1100 AD']",colophon,,,iha hi tatrabhavadbhiḥ sadyojyotiṣpādaiḥ prakaraṇapratipādyamānaṃ bhogamokṣātmakamarthaṃ sūcayadbhistasyaivā'vighnaparisamāptyarthaṃ prathamaṃ paramaśivanamaskāraḥ kriyate /// ityaghoraśivācāryaviracitā bhogakārikāvṛttiḥ sampūrṇā,at beginning /// at end
M00006 - sadyojyoti - ASTaprakaraNa mokSakArikA.htm,sadyojyoti_ASTaprakaraNa_mokSakArikA_M00006.xml,M00006,Āṣṭaprakaraṇa Mokṣakārikā Vṛtti,,Rāmakaṇṭha,mbP0013,https://muktabodha-digital-library.org/texts/IAST/M00006,Kṛṣṇa Śāstrī,,,,,,colophon,,ilxM00013,commentary,including the mūla,"['tantric / āgamic literature', 'śaiva', 'śaiva-siddhānta', 'śaiva-siddhānta post 1100 AD']",colophon,,,mandabuddhiprabodhāya karuṇāviṣṭadhīḥ sphuṭam | sadyojyotistu saṃkṣepāt tāvetau paribaddhavān  /// iti mokṣakārikā samāptā /// iti mokṣakārikāyāṃ nārāyaṇakaṇṭhasūnunā racitā | saṃkṣepād vṛttiriyaṃ śiṣyahitā bhaṭṭarāmakaṇṭhena || iti śrīnārāyaṇakaṇṭhātmajabhaṭṭarāmakaṇṭhakṛtamokṣakārikāvṛttiḥ samāptā,
M00009 - zrIkaNTha - ASTaprakaraNa ratnatrayaparIkSA.htm,zrIkaNTha_ASTaprakaraNa_ratnatrayaparIkSA_M00009.xml,M00009,Āṣṭaprakaraṇa Ratnatrayaparīkṣā Ullekhinī,,Aghoraśiva,mbP0028,https://muktabodha-digital-library.org/texts/IAST/M00009,Kṛṣṇa Śāstrī,,,,,,colophon,,ilxM00014,commentary,including the mūla,"['tantric / āgamic literature', 'śaiva', 'śaiva-siddhānta', 'śaiva-siddhānta post 1100 AD']",colophon,,,ratnatrayaparīkṣeyaṃ kṛtā śrīkaṇṭhasūriṇā | śrīrāmakaṇṭhāsadvṛttiṃ mayaivamanukurvatā | ratnatrayaparīkṣārthaḥ saṃkṣepeṇa prakāśitaḥ | ratnatrayaparīkṣā samāptā | yenākāri kavīśvareṇa rasavānāścaryasārāhvayaḥ pāṣaṇḍāpajayaśca kāvyatilako bhaktaprakāśastathā | nāṭyeṣvabhyudayaśca sundaragirā śaiveṣu sadvṛttaya(-)stenāghoraśivena sādhu racitā ratnatrayollekhinī | ityaghoraśivācāryaviracitā ratnatrayollekhinī sampūrṇā,
M00016 - IzAnazivagurudeva - IzAnazivagurudevapaddhati volume 1.htm,IzAnazivagurudeva_IzAnazivagurudevapaddhati_volume_1_M00016.xml,M00016,Īśānaśivagurudevapaddhati Volume 1,,Īśānaśiva,mbP0015,https://muktabodha-digital-library.org/texts/IAST/M00016,Gaṇapati Śāstrī,,,,,,,,,,,"['tantric / āgamic literature', 'Paddhati']",colophon,Īśānaśivagurudeva,colophon,iti śrīmadīśānaśivagurudevapaddhatau tantrasāre agnikalpavidhirnāma caturdaśaḥ paṭalaḥ || iti sāmānyapādaḥ prathamaḥ samāptaḥ,
M00017 - IzAnazivagurudeva - IzAnazivagurudevapaddhati volume 2.htm,IzAnazivagurudeva_IzAnazivagurudevapaddhati_volume_2_M00017.xml,M00017,Īśānaśivagurudevapaddhati Volume 2,,Īśānaśiva,mbP0015,https://muktabodha-digital-library.org/texts/IAST/M00017,Gaṇapati Śāstrī,,,,,,,,,,,"['tantric / āgamic literature', 'Paddhati']",colophon,Īśānaśivagurudeva,colophon,iti śīmadīśānaśivagurudevapaddhatau tantrasāre mantrapāde yuddhajaitrakarmādividhipaṭalo dvipañcāśaḥ || iti mantrapādo dvitīyaḥ samāptaḥ | samāptaṃ ca pūrvārdham,
M00018 - IzAnazivagurudeva - IzAnazivagurudevapaddhati volume 3.htm,IzAnazivagurudeva_IzAnazivagurudevapaddhati_volume_3_M00018.xml,M00018,Īśānaśivagurudevapaddhati Volume 3,,Īśānaśiva,mbP0015,https://muktabodha-digital-library.org/texts/IAST/M00018,Gaṇapati Śāstrī,,,,,,,,,,,"['tantric / āgamic literature', 'Paddhati']",colophon,Īśānaśivagurudeva,colophon,iti śrīmadīśānaśivagurudevapaddhatau sidhāntasāre uparibhāge kriyāpāde jātyādivimānavibhāgopapīṭhavidhipaṭalastriṃśaḥ,
M00233 - IzAnazivagurudeva - IzAnazivagurudevapaddhati volume 4.htm,IzAnazivagurudeva_IzAnazivagurudevapaddhati_volume_4_M00233.xml,M00233,Īśānaśivagurudevapaddhati Volume 4,,Īśānaśiva,mbP0015,https://muktabodha-digital-library.org/texts/IAST/M00233,Gaṇapati Śāstrī,,,,,,,,,,,"['tantric / āgamic literature', 'Paddhati']",colophon,Īśānaśivagurudeva,colophon,iti śrīmadīśānaśivagurudevapaddhatau siddhāntasāre uparibhāge yogapāde prāṇāyāmādipaṭalastṛtīyaḥ | yogapādaḥ samāptaḥ] || samāptā ceyamīśānaśivagurudevasya kṛtiḥ siddhāntasārapaddhatiḥ ||,
M00053 - bhaTTAraka sundara - IzvarapratyabhijJAkaumudI.htm,bhaTTAraka_sundara_IzvarapratyabhijJAkaumudI_M00053.xml,M00053,Īśvarapratyabhijñākaumudī,,Bhaṭṭāraka,mbP0016,https://muktabodha-digital-library.org/texts/IAST/M00053,,,,,,,colophon,,ilxM00019,commentary,,"['tantric / āgamic literature', 'śaiva', 'non-dual śaivism of Kashmir', 'pratyabhijñā']",colophon,Bhaṭṭāraka Sundara,colophon,iti śrīmadudpaladevaracitapratyabhijñāyī sūtrāvali śrīmadbhirava āptaracitasūtravimarśinyīḥ śrīmadbhaṭṭārakasundarīdāsenau tu jātijadmināsākṣācchaṅkarāvatāra śrīmacchrīvidyāpārijāta śrīmacchrīśaṅkarācāryavarya putramaṇinādviśatasaṅkhyāyāḥ ślokāvalyāḥ viracitākaumudī pratyabhijñākaumudyākhyāsamāptī kṛteti śivasambhusambhunāthasādhakānāṃ parāprāmādamantrodyatsamastaparamārthatatvānāṃ pāramārtha vidāṃceti śubham // pratyabhijñākaumidīsamāptā śrīmadbhaṭṭārakaracitā || saṃ 74 śrāvaṇe kṛṣṇapakṣe saptamyāṃ revatyāṃ saubhāgyaviṣkambhe phaṭtra?yoge ca | āccike lagne ca samāptiṃ gatā pratyabhijñā kaumudī ||,
M00197 - IzvarapratyabhijJAvimarzinIvyAkhyA.htm,IzvarapratyabhijJAvimarzinIvyAkhyA_M00197.xml,M00197,Īśvarapratyabhijñāvimarśinīvyākhyā,,,,https://muktabodha-digital-library.org/texts/IAST/M00197,,,,,,,colophon,,"ilxM00019, M00019",sub-commentary,,"['tantric / āgamic literature', 'śaiva', 'śaiva-siddhānta']",,,,iti śrīmadācāryotpaladevaviracitāyāmīśvarapratyabhijñāyāṃ śrīmadācāryābhinavaguptaviracitavimarśinyākhyaṭīkopetāyāṃ tattvasaṅgrahādhikāraḥ | samāptā śrīmadīśvarapratyabhijñā || AT END - śrīpratyabhijñāsūtravimarśinī vyākhyā samāptā,
M00019 - abhinavagupta - IzvarapratyabhijJAvimarzinI.htm,abhinavagupta_IzvarapratyabhijJAvimarzinI_M00019.xml,M00019,Īśvarapratyabhijñāvimarśinī,,Abhinavagupta,mbP0017,https://muktabodha-digital-library.org/texts/IAST/M00019,"Pandey, K. C.",,,,,,colophon,,ilxM00019,commentary,,"['śaiva', 'non-dual śaivism of Kashmir', 'pratyabhijñā']",colophon,Śrīmadācārya Abhinavagupta,colophon,iti śrīmadācāryotpaladevaviracitāyāmīśvarapratyabhijñāyāṃ śrīmadācāryābhinavaguptaviracitavimarśinyākhyaṭīkopetāyāṃ tattvasaṅgrahādhikāraḥ || samāptā śrīmadīśvarapratyabhijñā || FURTHER - iti pratyabhijñāsūtravimarśinīvyākhyā samāptā,
M00020 - abhinavagupta - IzvarapratyabhijJAvivRtivimarzinI volume 1.htm,abhinavagupta_IzvarapratyabhijJAvivRtivimarzinI_volume_1_M00020.xml,M00020,Īśvarapratyabhijñāvivṛtivimarśinī Volume 1,,Abhinavagupta,mbP0017,https://muktabodha-digital-library.org/texts/IAST/M00020,Śāstrī M. K.,,,,,,colophon,,ilxM00019,commentary,,"['śaiva', 'non-dual śaivism of Kashmir', 'pratyabhijñā']",colophon,Śrīmahāmāheśvaraśrīmadācārya Abhinavagupta,colophon,iti śrīmahāmāheśvaraśrīmadācāryābhinavaguptaviracitāyāmīśvarapratyabhijñāvivṛtivimarśinyāṃ jñānādhikāre paradarśanānupapattivimarśastṛtīyaḥ,
M00021 - abhinavagupta - IzvarapratyabhijJAvivRtivimarzinI volume 2.htm,abhinavagupta_IzvarapratyabhijJAvivRtivimarzinI_volume_2_M00021.xml,M00021,Īśvarapratyabhijñāvivṛtivimarśinī Volume 2,,Abhinavagupta,mbP0017,https://muktabodha-digital-library.org/texts/IAST/M00021,Śāstrī M. K.,,,,,,colophon,,ilxM00019,commentary,,"['śaiva', 'non-dual śaivism of Kashmir', 'pratyabhijñā']",colophon,Śrīmahāmāheśvaraśrīmadācārya Abhinavagupta,colophon,spandakārikā vivṛti,
M00022 - abhinavagupta - IzvarapratyabhijJAvivRtivimarzinI volume 3.htm,abhinavagupta_IzvarapratyabhijJAvivRtivimarzinI_volume_3_M00022.xml,M00022,Īśvarapratyabhijñāvivṛtivimarśinī Volume 3,,Abhinavagupta,mbP0017,https://muktabodha-digital-library.org/texts/IAST/M00022,Śāstrī M. K.,,,,,,colophon,,ilxM00019,commentary,,"['śaiva', 'non-dual śaivism of Kashmir', 'pratyabhijñā']",colophon,Śrīmahāmāheśvaraśrīmadācārya Abhinavagupta,colophon,iti mahāmāheśvaraśrīmadācāryābhinavaguptaviracitāyāmīśvarapratyabhijñāvivṛtivimarśinyāṃ samastanigamanaṃ caturtho vimarśaḥ || samāptā ca iyamīśvarapratyabhijñāvivṛtivimarśinī || kṛtiḥ śrītrinayanacaraṇacintanalabdhaprasiddhīnāmabhinavaguptapādānām ||,
M00660 - utpaladeva - IzvarasiddhiH.htm,utpaladeva_IzvarasiddhiH_M00660.xml,M00660,Īśvarasiddhi,,Utpaladeva,mbP0002,https://muktabodha-digital-library.org/texts/IAST/M00660,M Kaul,y,,,,lacks first verse,,Siddhitrayī,,,,"['tantric / āgamic literature', 'non-dual śaivism of Kashmir']",colophon,Mahāmāheśvarācārya Utpaladeva,colophon,iti śrīmanmahāmāheśvarācāryotpaladevenodayākarasūnunā viracitā īśvarasiddhiḥ samāptā || śrīmatkaśmīrabhūbharturājñayā prītaye satām | madhusūdanakaulena saṃpādyeyaṃ prakāśitā ||,
M00023 - utpaladeva - Izvarasiddhi.htm,utpaladeva_Izvarasiddhi_M00023.xml,M00023,Īśvarasiddhi,,Utpaladeva,mbP0002,https://muktabodha-digital-library.org/texts/IAST/M00023,Śastrī M Kaul,n,muktabodha/utpaladeva_IzvarasiddhiH_M00660.xml,,,,,Siddhitrayī,,,,"['śaiva', 'non-dual śaivism of Kashmir', 'pratyabhijñā']",colophon,Mahāmāheśvarācārya Utpaladeva,colophon,iti śrīmanmahāmāheśvarācāryotpaladevenodayākarasūnunā viracitā īśvarasiddhiḥ samāptā || śrīmatkaśmīrabhūbharturājñayā prītaye satām | madhusūdanakaulena saṃpādyeyaṃ prakāśitā ||,
M00420 - ugracaNDapUjApaddhati.htm,ugracaNDapUjApaddhati_M00420.xml,M00420,Ugracaṇḍapūjāpaddhati,,,,https://muktabodha-digital-library.org/texts/IAST/M00420,,,,,incomplete,,,,,,,"['tantra / āgama', 'śākta', 'Paddhati']",,,,iti ugracaṇḍā ugracaṇḍī siddhilakṣmī guhyakāli devārcanavidhi samāpta,in middle
M00419 - ucchiSTacANDAlinIkalpa.htm,ucchiSTacANDAlinIkalpa_M00419.xml,M00419,Ucchiṣṭacāṇḍālinīkalpa,,,,https://muktabodha-digital-library.org/texts/IAST/M00419,,,,,incomplete,lacking explicit+final colophon,,,,,,"['tantra / āgama', 'śākta']",,,,ugrarudrayāmūle rudrapārvati saṃvāde śrīsāradātilake ucciddhiṣṭacāṇḍālinī kalpaviṃsāṃ talīṣyane /// iti śrīvisvasāro ucāramahādevatraṇītaṃ śrīpārvatiyodhasanmukhī kalpaṃ samāptaḥ,at beginning /// towards end
M00169 - uDDAmezvaratantra.htm,uDDAmezvaratantra_M00169.xml,M00169,Uḍḍāmeśvaratantra,,,,https://muktabodha-digital-library.org/texts/IAST/M00169,Zadoo J. D.,,,,,15 chapters,,,,,,"['tantric / āgamic literature', 'tantra / āgama']",,,,iti śrīśivaprokte vīrabhadreśvaratantroddhṛte uḍḍāmareśvaramahātantre pañcadaśaḥ paṭalaḥ samāptamidam,
M00247 - uddhArakoza.htm,uddhArakoza_M00247.xml,M00247,Uddhārakośa,A Dictionary of the Secret Tantric Syllabic Code,Śrī Dakṣiṇāmūrti,mbP0144,https://muktabodha-digital-library.org/texts/IAST/M00247,Taki Shodo,,,,,,,,,,,['tantric / āgamic literature'],colophon,,,iti śrīdakṣiṇāmūrti viracita uddhārakośe sakalāgama sāre ṣoḍaśa devī saptadevī sapta kumāra nava graha catasṛ devī kośa dhyāna nirṇayo nāma saptamaḥ kalpaḥ,
M00275 - unmattabhairava.htm,unmattabhairava_M00275.xml,M00275,Unmattabhairava,,,,https://muktabodha-digital-library.org/texts/IAST/M00275,,,,,,,,,,,,"['tantric / āgamic literature', 'śaiva']",,,,hariḥ oṃ tatsatpārameśvaratantre vārāṇasī paṭale unmattabhairavopākhyāne gururudrasaṃvāde śrī unmatta bhairavahṛdayaṃ samāptam,
M00276 - umAsaMhitA.htm,umAsaMhitA_M00276.xml,M00276,Umāsaṃhitā,,,,https://muktabodha-digital-library.org/texts/IAST/M00276,,,,,incomplete,,,,,,,['vaiṣṇava'],,,,ityumā saṃhitāyāṃ dvitīyodhyāyaḥ,in middle
M00421 - UrddhvAmnAya damanArohaNapaddhati.htm,UrddhvAmnAya_damanArohaNapaddhati_M00421.xml,M00421,Ūrddhvāmnāya Damanārohaṇapaddhati,,,,https://muktabodha-digital-library.org/texts/IAST/M00421,,,,,,,,,,,,"['tantra / āgama', 'śākta', 'Paddhati']",,,,iti śrīurddhāmnāya pakaranadamanā rohanavidhi samāpta,
M00422 - UrddhvAmnAyapUjAvidhi.htm,UrddhvAmnAyapUjAvidhi_M00422.xml,M00422,Ūrddhvāmnāyapūjāvidhi,,,,https://muktabodha-digital-library.org/texts/IAST/M00422,,,,,,,,,,,,"['tantra / āgama', 'śākta']",,,,iti uddhamata suṣmaparddhati samāpta,
M00640 - UrdhvAmnAya.htm,UrdhvAmnAya_M00640.xml,M00640,Ūrdhvāmnāya,,,,https://muktabodha-digital-library.org/texts/IAST/M00640,,,,,incomplete,lacking explicit+final colophon,,,,,,"['tantric / āgamic literature', 'tantra / āgama']",,,,kasyacinnamayākhyātamitaḥpūrvaṃkuleśvari kathayāmitavasnehāndūrdhvāmnāyaṃśṛṇupriye,at beginning
M00026 - kaGkAlamAlinItantra.htm,kaGkAlamAlinItantra_M00026.xml,M00026,Kaṅkālamālinītantra,,,,https://muktabodha-digital-library.org/texts/IAST/M00026,Chatterjee,,,,,"Forward slashes (/) are used in a manner that is compatible with anusvāra (chandrabindu), visarga and even nothing at all. Given the uncertainty, they have been kept unaltered.",,,,,,"['tantric / āgamic literature', 'tantra / āgama', 'kālīkula / krama']",,,,iti dakṣiṇāmnāye śrīkaṅkālamālinītantre pañcamaḥ paṭalaḥ samāptaḥ || granthaśca samāptaḥ,
M00523 - kamalAnAmnI tripurasundarIpaddhati.htm,kamalAnAmnI_tripurasundarIpaddhati_M00523.xml,M00523,Kamalānāmnī Tripurasundarīpaddhati,,Prema Nidhi Śarma,mbP0103,https://muktabodha-digital-library.org/texts/IAST/M00523,,y,,,,in 2 parts,,,,,,"['tantric / āgamic literature', 'śākta', 'Paddhati']",colophon,Śrī Paṇḍita Vara Prema Nidhi,colophon,kāmyakarmakamalā śrīvidyāpaddhatirūpā śrīpaṇḍitavarapremanidhiviracitā /// iti śrībhāradvājakulaprasūtayetoyanāmakakūrmācalāśritaparaṃparapremanidhiśarmanirbhitāśrīvidyākāmyakarmakamalākamalā ca saṃpūrṇā,
M00125 - kamikAgama uttarabhAga.htm,kamikAgama_uttarabhAga_M00125.xml,M00125,Kamikāgama Uttarabhāga,,,,https://muktabodha-digital-library.org/texts/IAST/M00125,,,,,,,,,,,,"['tantric / āgamic literature', 'tantra / āgama', 'śaiva', 'śaiva-siddhānta', 'śaiva-siddhānta pre 1100 AD']",,,,iti uttara kāmikākhye mahātantre vidhiraṣṭanavatitamaḥ patalaḥ,
M00124 - kamikAgama pUrvabhAga.htm,kamikAgama_pUrvabhAga_M00124.xml,M00124,Kamikāgama Pūrvabhāga,,,,https://muktabodha-digital-library.org/texts/IAST/M00124,,,,,,,,,,,,"['tantric / āgamic literature', 'tantra / āgama', 'śaiva', 'śaiva-siddhānta', 'śaiva-siddhānta pre 1100 AD']",,,,iti kāmikākhye mahātantre gopurasthāpanavidhiḥ pañcasaptatitamaḥ paṭalaḥ || pūrvakāmikaṃ samāptam,
M00208 - karaNAgama.htm,karaNAgama_M00208.xml,M00208,Karaṇāgama,,,,https://muktabodha-digital-library.org/texts/IAST/M00208,,,,,,,,Karaṇāgama Kriyāpāda,,,,['śaiva'],,,,iti śrīkāraṇāgame uttarabhāge pārvatīparameśvarasaṃvāde kriyāpāde prāyaścittavidhikathanaṃ nāma daśamaḥ paṭalaḥ,
M00236 - karpUrAdistotra.htm,karpUrAdistotra_M00236.xml,M00236,Karpūrādistotra,,,,https://muktabodha-digital-library.org/texts/IAST/M00236,Sir John Woodroffe/Arthur Avalon,,,,,,,,,,,['tantric / āgamic literature'],,,,iti śrīmanmahākālaviracitaṃ śrīmaddakṣiṇākālaikāyāḥ svarūpākhyaṃ stotraṃ samāptam ||  asya ṭīkā vimalānandadāyinī svarūpavyākhyā ca samāptā +TILAKA,almost at end
M00511 - siddhalakSmIdevI - kalazArcanavidhi.htm,siddhalakSmIdevI_kalazArcanavidhi_M00511.xml,M00511,Kalaśārcanavidhi,,,,https://muktabodha-digital-library.org/texts/IAST/M00511,,,,,,,,,,,,['tantric / āgamic literature'],,,,iti kalāśārcana vidhiḥ samāptaḥ /// āṣaḍhamāseśuklapakṣe catuthyāṃ tithaumaghanakṣatre sūlayoge ādityavāsare śvakunhu śrīśrījayabhūpatīndramalla mahārādhirājasanaḍhātā polaladevalayāhnapātayā guligāthaseḍhāvahanāṃ lipotathānakāvaśvagāthadute yatāśvasāphulidayakasevi hyāḍhāvagātha dutādinajuro,towards end /// at very end
M00320 - kalasaMkarSinImatatantraTippaNI.htm,kalasaMkarSinImatatantraTippaNI_M00320.xml,M00320,Kalasaṃkarṣinīmatatantra Ṭippaṇī,,,,https://muktabodha-digital-library.org/texts/IAST/M00320,,,,,incomplete,,colophon,,ilxM00020,commentary,including the mūla,"['tantric / āgamic literature', 'śākta']",,,,nāma ṭippaṇakaḥ samāptaḥ /// iti śrīkālasaṅkarṣaṇīmate caturviṃśatisāhasre samayāṭippaṇako nāma dvitīyaḥ paṭalaḥ,at end /// in middle
M00051 - sAhib kaul - kalpavRkSa.htm,sAhib_kaul_kalpavRkSa_M00051.xml,M00051,Kalpavṛkṣa,,Sāhiba Kaula,mbP0018,https://muktabodha-digital-library.org/texts/IAST/M00051,,,,,,,,,,,,['tantric / āgamic literature'],colophon,,,nijakalpavṛkṣavandetīkyāna grāhyanodanāvaśitaiḥ | sāhibakaulapadasthairviraśyate svalpatāt padam(?) /// śrīnāthavara śrīhetunātha śrījñānasvāmikṛpākaṭākṣa pratyabhijñātanijasahajaparātmanāṃ saptacatvāriṃśaddhāyana sthitānāṃ śrīgāyatrī bhāṣya śrīdevīnāmavilāsādi nibandhana prabandhaprathitasahitayaśasāṃ mahāmāheśvarācārya sāhibhakaulapādānāṃ śrīnāthamallādi sajjanavinodakāriketi śivam,at beginning /// at end
M00287 - kAkacaNDezvarImata.htm,kAkacaNDezvarImata_M00287.xml,M00287,Kākacaṇḍeśvarīmata,,,,https://muktabodha-digital-library.org/texts/IAST/M00287,,,,,,,,,,,,['tantric / āgamic literature'],,,,iti śrīkākacaṇḍeśvarīmataṃ samāptam || śubhamastu sadā || śubhaṃ ||,
M00631 - nIlakaNTha - kAtyAyanItantraTIka.htm,nIlakaNTha_kAtyAyanItantraTIka_M00631.xml,M00631,Kātyāyanītantra Ṭīka,,Nīlakaṇṭha,mbP0019,https://muktabodha-digital-library.org/texts/IAST/M00631,,,,,,23 chapters,,Mantravyākhyāprakāśikā,ilxM00021,commentary,including the mūla,"['tantric / āgamic literature', 'tantra / āgama']",colophon,,,raṃganāthasuteneyaṃśrīlakṣmītanayenaca nīlakaṃṭhenaviduṣāmaṃtrasaṃkhyāprakāśikā || kātyāyanītaṃtravaryekṛtāṭīkāyathāmati prīyatītenamedevībhuvaneśīmaheśvarī || itiśrīraṃgabhaṭṭasutalakṣmīgarbhajaśaivopanāmakaṃṭhakṛtāyāṃkātyāyanītaṃtremaṃtravyākhyāprakāśikāyāṃṭīkāyāṃtrayoviṃśaḥpaṭalaḥsamāptaḥ,
M00025 - puNyAnanda - kAmakalAvilAsa.htm,puNyAnanda_kAmakalAvilAsa_M00025.xml,M00025,Kāmakalāvilāsa Ṭīka,With the commentary Cidvallī,Puṇyānanda,mbP0020,https://muktabodha-digital-library.org/texts/IAST/M00025,Malaviya Sudhakar,y,,,,,,,ilxM00015,commentary,including the mūla,"['tantric / āgamic literature', 'śākta', 'śrī-vidyā']",colophon,,,iti śrīpuṇyānandayativiracitaḥ kāmakalāvilāsaḥ samāptaḥ + tilaka,
M00282 - puNyAnanda - kAmakalAvilAsa.htm,puNyAnanda_kAmakalAvilAsa_M00282.xml,M00282,Kāmakalāvilāsa Cidvallī,With the commentary Cidvallī,Naṭanānda,mbP0131,https://muktabodha-digital-library.org/texts/IAST/M00282,Malaviya Sudhakar,n,muktabodha/puNyAnanda_kAmakalAvilAsa_M00025.xml,,,,,,ilxM00015,commentary,including the mūla,"['tantric / āgamic literature', 'śākta', 'śrī-vidyā']",colophon,,,iti śrīnaṭanānandakṛtaṃ kāmakalācidvallīvyākhyānaṃ sampūrṇam || śrīgurucaraṇāravindārpaṇamastu || śrī mahātripurasundaryarpaṇamastu,
M00133 - kAmadhenutantra.htm,kAmadhenutantra_M00133.xml,M00133,Kāmadhenutantra,,,,https://muktabodha-digital-library.org/texts/IAST/M00133,R M Caṭṭopādhyāya,,,,,,,,,,,"['tantric / āgamic literature', 'tantra / āgama']",,,,iti śrīkāmadhenutantre devīśvarasaṃvāde caturviṃśatitamaḥ paṭalaḥ || samāptamidaṃ kāmadhenutantram,
M00239 - kAmaratnatantra.htm,kAmaratnatantra_M00239.xml,M00239,Kāmaratnatantra,,Nityanātha,mbP0104,https://muktabodha-digital-library.org/texts/IAST/M00239,Hemachandra Goswami Tattabhusan,,,,,16 chapters,,,,,,['tantra / āgama'],colophon,,,iti śrīnityanāthaviracite kāmaratne rasādiśodhanaṃ nāma ṣoḍaśopadeśaḥ,
M00132 - kAmAkhyAtantra.htm,kAmAkhyAtantra_M00132.xml,M00132,Kāmākhyātantra,,,,https://muktabodha-digital-library.org/texts/IAST/M00132,R M Caṭṭopādhyāya,,,,,,,,,,,"['tantric / āgamic literature', 'tantra / āgama']",,,,iti śrīkāmākhyātantre pārvatīśvarasaṃvāde navamaḥ paṭalaḥ samāptaḥ || samāptaścāyaṃ granthaḥ |,
M00546 - kAmezvarIpUjA.htm,kAmezvarIpUjA_M00546.xml,M00546,Kāmeśvarīpūjā,,,,https://muktabodha-digital-library.org/texts/IAST/M00546,,,,,incomplete,lacking explicit+final colophon,,,,,,"['tantric / āgamic literature', 'Paddhati']",,,,itya kāmeśvarī vidhāna pūjāpaṭala samāptamiti śubhaḥ /// iti śrīmanbhagavanmahātripurasundaryāyā paddhati samāptā /// iti dhyāna samāpta śubhaṃ + additional text,in middle
M00400 - prANamaJjarI - kAmyakarmakamalA.htm,prANamaJjarI_kAmyakarmakamalA_M00400.xml,M00400,Kāmyakarmakamalā,,Prema Nidhi Śarma,mbP0103,https://muktabodha-digital-library.org/texts/IAST/M00400,,n,muktabodha/kamalAnAmnI_tripurasundarIpaddhati_M00523.xml,,,,,Kamalā,,,,['śākta'],colophon,,,iti śrībhāradvājakulaprasūtayetoyanāmakakūrmācalāśritaparaṃparapremanidhiśarmanirbhitāśrīvidyākāmyakarmakamalākamalā ca saṃpūrṇā,
M00235 - kAlahastIzavilAsa.htm,kAlahastIzavilAsa_M00235.xml,M00235,Kālahastīśavilāsa,,,,https://muktabodha-digital-library.org/texts/IAST/M00235,,,,,,,,,,,,"['śaiva', 'śaiva-siddhānta']",,,,plavasaṃvatsare mārgaśīrṣe (***) veṃkaṭeśena likhitaṃ kālahastīśapustakam,
M00410 - kAlAgniyajJavidhi.htm,kAlAgniyajJavidhi_M00410.xml,M00410,Kālāgniyajñavidhi,,,,https://muktabodha-digital-library.org/texts/IAST/M00410,,,,,incomplete,,,,,,,"['tantric / āgamic literature', 'śākta']",,,,kālāgniyajñaghṛtāhuti purṇāsumurtāstu svāhā || iti ghṛtāhutipūrṇāvidhi,towards beginning
M00193 - kAlAnalatantra.htm,kAlAnalatantra_M00193.xml,M00193,Kālānalatantra,,,,https://muktabodha-digital-library.org/texts/IAST/M00193,,,,,incomplete,lacking incipit (4 pages); ends with ch.22 (lacking explicit+final colophon),,,,,,"['tantra / āgama', 'śaiva']",,,,iti nailalohitīye śrīkālānalataṃtre siddhilakṣmyayutākṣarā kathanannāmadvāviṃśatitamaḥ paṭalaḥ || śrīṁ || śrīcaṇḍakāpālinyārpaṇamastu,
M00405 - kAlikApurANam.htm,kAlikApurANam_M00405.xml,M00405,Kālikāpurāṇa,,,,https://muktabodha-digital-library.org/texts/IAST/M00405,Pañcānana Tarkavāgīśa,,,,,,,,,,,['tantric / āgamic literature'],,,,iti śrīkālikāpurāṇe navatitamo'dhyāyaḥ || iti śrīkālikāpurāṇaṃ samāptam,
M00242 - kAlikArahasya.htm,kAlikArahasya_M00242.xml,M00242,Kālikārahasya,,,,https://muktabodha-digital-library.org/texts/IAST/M00242,,,,,fragment,excerpt,,,,,,"['tantric / āgamic literature', 'śaiva', 'śaiva-siddhānta']",,,,iti śrī mahābhairavatantre śrī kālikārahasye umāmaheśvarasaṃvāde īśvaraprokto nāma pañcamaḥ paṭalaḥ,
M00293 - vimarzAnandanAtha - kAlIkalpalatA.htm,vimarzAnandanAtha_kAlIkalpalatA_M00293.xml,M00293,Kālīkalpalatā,,Vimarśānandanātha,mbP0020,https://muktabodha-digital-library.org/texts/IAST/M00293,,,,,,,,Dakṣiṇakālīkalpalatā,,,,"['tantric / āgamic literature', 'śākta']",colophon,,,iti śrīvimarśānaṃdanāthaviricitāyāṃ kālikalpalatāyāṃ dvitīyaṃ kusumaṃ samāptaṃ || śubhamastu || saṃvat 1754 mītī āsāḍhavadīdutī āsubhasthāne nepālamadhye lalita (*?) ṭhane likhitaṃ |,
M00248 - kAlottara.htm,kAlottara_M00248.xml,M00248,Kālottara,,,,https://muktabodha-digital-library.org/texts/IAST/M00248,,y,,,incomplete,"missing ch.9 to 12, lacking explicit+final colophon",,"Kālottaratantra, Kālottarāgama",,,,"['tantric / āgamic literature', 'śaiva-siddhānta']",,,,iti kālottare antaḥkaraṇapaṭalaḥ saptamaḥ,in middle
E00011 - kAllotara.htm,kAllotara_E00011.xml,E00011,Kālottara,,,,https://muktabodha-digital-library.org/texts/IAST/E00011,,n,muktabodha/kAlottara_M00248.xml,,,,,"Kālottaratantra, Kālottarāgama",,,,"['tantric / āgamic literature', 'śaiva-siddhānta']",,,,iti kālottare trayodaśaśatike daśamaḥ paṭalaḥ samāptaḥ,in middle
E00012 - kAllotara.htm,kAllotara_E00012.xml,E00012,Kālottara,,,,https://muktabodha-digital-library.org/texts/IAST/E00012,,n,muktabodha/kAlottara_M00248.xml,,incomplete,lacking explicit+final colophon,,"Kālottara Mahātantra, Bṛhadkālottara",,,,"['tantric / āgamic literature', 'śaiva', 'śaiva-siddhānta']",,,,iti kālottare mahātantre prathamaḥ paṭalaḥ,in middle
M00199 - kiJcitatantra.htm,kiJcitatantra_M00199.xml,M00199,"Kiñcitatantra (title is invented by typist; it just means ""a/some"" tantra)",,,,https://muktabodha-digital-library.org/texts/IAST/M00199,,,,,incomplete,,,,,,,"['tantric / āgamic literature', 'tantra / āgama', 'śaiva']",,,,no,
M00548 - kubjikAgurumaNDalapUjA.htm,kubjikAgurumaNDalapUjA_M00548.xml,M00548,Kubjikāgurumaṇḍalapūjā,,,,https://muktabodha-digital-library.org/texts/IAST/M00548,,,,,incomplete,,,,,,,"['tantric / āgamic literature', 'Paddhati']",,,,iti gurumaṇḍalapūjāvidhi /// samvat 8012 jyeṣṭhaśuklanavami śrīharipatideva na coyājuro śubhā,towards end
M00547 - kubjikAguhyezvarIpUjApaddhati.htm,kubjikAguhyezvarIpUjApaddhati_M00547.xml,M00547,Kubjikāguhyeśvarīpūjāpaddhati,,,,https://muktabodha-digital-library.org/texts/IAST/M00547,,,,,,,,,,,,"['tantric / āgamic literature', 'Paddhati']",,,,śrī kubjikāmūttiguhyeśvarī pūjāpaddhatiḥ samāptaḥ || śrī śrī śrī kubjikāguhyeśvarī prīnātu || yādṛśaṃ pustakaṃ dṛṣṭā tādṛśaṃ likhitaṃ mayā | yadi śuddhaṃmaśuddhaṃ vā mama doṣo na diyate + ADDITIONAL WRITING?,
M00030 - kubjikAtantra.htm,kubjikAtantra_M00030.xml,M00030,Kubjikātantra,,,,https://muktabodha-digital-library.org/texts/IAST/M00030,Chatterjee,,,,,17 chapters,,,,,,"['tantric / āgamic literature', 'tantra / āgama', 'śākta', 'kubjikā']",,,,iti kubjikātantre mṛtavatsā kavacaṃ nāma saptadaśaḥ paṭalaḥ,
M00549 - kubjikApUjA.htm,kubjikApUjA_M00549.xml,M00549,Kubjikāpūjā,,,,https://muktabodha-digital-library.org/texts/IAST/M00549,,,,,incomplete,lacking explicit+colophon,,,,,,"['tantric / āgamic literature', 'Paddhati']",,,,no,
M00551 - kubjikASTAviMzatikarmArcana.htm,kubjikASTAviMzatikarmArcana_M00551.xml,M00551,Kubjikāṣṭāviṃśatikarmārcana,,,,https://muktabodha-digital-library.org/texts/IAST/M00551,,,,,incomplete,lacking explicit+final colophon,,,,,,"['tantric / āgamic literature', 'Paddhati']",,,,iti paścimajeṣṭhāmnāya astāviśatikarmmārccanaṃ samāpta,in middle
M00550 - kubjikAsamayanirvANadIkSAvidhi.htm,kubjikAsamayanirvANadIkSAvidhi_M00550.xml,M00550,Kubjikāsamayanirvāṇadīkṣāvidhi,,,,https://muktabodha-digital-library.org/texts/IAST/M00550,,,,,incomplete,lacking explicit + final colophon,,,,,,"['tantric / āgamic literature', 'Paddhati']",,,,samayaviśiṣṭanirvvānadīkṣāvidhyoya samāptaḥ,in middle
M00402 - kulacUDAmaNi nigama.htm,kulacUDAmaNi_nigama_M00402.xml,M00402,Kulacūḍāmaṇi Nigama,,,,https://muktabodha-digital-library.org/texts/IAST/M00402,John Woodroffe,,,,,,,,,,,"['tantric / āgamic literature', 'tantra / āgama']",,,,iti kulacūḍāmaṇitantre saptamaḥ paṭalaḥ || samāptaścāyaṃ granthaḥ,
M00230 - tryambakabhaTTaraka - kuladIpikA.htm,tryambakabhaTTaraka_kuladIpikA_M00230.xml,M00230,Kuladīpikā,,"Unknown, Unknown, Bhaṭṭanāga, Unknown",mbP0106,https://muktabodha-digital-library.org/texts/IAST/M00230,,,,,excerpts,4 excerpts,,Uttaraṣaṭkam Ṣaḍvidyāprakāśikā,,,,['tantric / āgamic literature'],colophon,,,1) iti śrīrudrayāmale sapādalakṣagrandhe vidyāpīṭhāvatārite uttarabhāge nityaklinnāprakaraṇe ṣaḍvidyāprakāśāyāmuttaraṣaṭkaṃ saṃpūrṇam 2) ityuttaraṣaṭkavivaraṇe kuladīpikāyāṃ prathamaḥ paṭaḥ 3) iti śrī bhaṭṭanāgaviracite tripurāsārasamuccaye daśamaḥ paṭalaḥ 4) iti saṃpradāyadīpikāyāṃ daśamaḥ paṭalaḥ || śrī tejānandanāthasaṃvidāmbā śrīpādukāṃ pūjayāmi | tejānandasya śiṣyena kṛṣṇānandasya sūriṇā | likhitaṃ saṃpradāyasya dīpikācāmbikājñayā + ADDITIONAL WRITING,4 excerpts
M00068 - zivAnandAcArya - kulapradIpa.htm,zivAnandAcArya_kulapradIpa_M00068.xml,M00068,Kulapradīpa,,Śivānanda,mbP0102,https://muktabodha-digital-library.org/texts/IAST/M00068,,,,,,7 chapters,,,,,,"['tantric / āgamic literature', 'kaula']",colophon,Śivānanda Ācārya,colophon,iti śrīśivānandācārya viracite kulapradīpe saptamaḥ prakāśaḥ saṃpūrṇaḥ | śubhamastu,
M00318 - navamIsiMha - kulamuktikallolinI.htm,navamIsiMha_kulamuktikallolinI_M00318.xml,M00318,Kulamuktikallolinī,,Ādyānandana,mbP0038,https://muktabodha-digital-library.org/texts/IAST/M00318,,,,,,22 chapters,,,,,,"['tantric / āgamic literature', 'śākta', 'compendium', 'Paddhati']",colophon,Navamīsiṃha,catalog,iti śrī ādyānandanaviracitāyāṃ kulamuktikallolinyāṃ dvāviṃśatitamaḥ paṭalaḥ samāptaḥ | śubham,
M00331 - pUrNAnanda - kulavRtti.htm,pUrNAnanda_kulavRtti_M00331.xml,M00331,Kulavṛtti,,Pūrṇānanda,mbP0022,https://muktabodha-digital-library.org/texts/IAST/M00331,,,,,,,,,,,,"['tantric / āgamic literature', 'śaiva', 'kaula', 'kaula later post 1100 AD']",colophon,,,śrīpūrṇānaṃdanāthenakṛtāyāṃ gurubhāvataḥ kulavṛttau svataṃtrāyāṃ triṃśat paṭalaḥ īritaḥ || saṃpūrṇāścādyakhaṃḍakaḥ || (*?) ṇīyārikanagare guruṇāṃ padasannidhe ādyakhaṃḍastu saṃpūrṇā yaśodharagirāśra(***?) || gaṃgāvadetāgariṇāṃbhāvataḥ paraṃ | kulavṛttināmakaṃśāstraṃ likhitaṃ gurusammataṃ || ādau natvā gurūn mūrddhi paścāddevīṃ hṛdāṃvuje | paṭhayaṃti (***?) || śubhamastu ||,
M00285 - kulasAra.htm,kulasAra_M00285.xml,M00285,Kulasāra,,,,https://muktabodha-digital-library.org/texts/IAST/M00285,,y,,,fragments,3 fragments,,Kulācāranirṇaya,,,,"['tantric / āgamic literature', 'kaula', 'kaula later post 1100 AD']",,,,1) iti śrīsomabhujavalyākulasārasaṃgrahe caturviṃśati paṭala /// 2) iti śrīkulāścaranirṇaye gurubhaktiparichamo nāma prathama paṭala /// 3) iti tatvāmarśāṃtyaṣṭikramaḥ aṣṭādaśollāsaḥ saṃpūrṇaṃ,
M00294 - kulasAra.htm,kulasAra_M00294.xml,M00294,Kulasāra,,,,https://muktabodha-digital-library.org/texts/IAST/M00294,,n,muktabodha/kulasAra_M00285.xml,,incomplete,,,,,,,"['tantric / āgamic literature', 'śaiva', 'kaula early pre 1100 AD']",,,,iti kulasāre caturthaḥ paṭalaḥ,in middle
M00513 - matsyendranAtha - kulAnanda.htm,matsyendranAtha_kulAnanda_M00513.xml,M00513,Kulānanda,,Matsyendranātha,mbP0001,https://muktabodha-digital-library.org/texts/IAST/M00513,P. C. Bagchi,,,,,,,Kulānandatantra,,,,['tantra / āgama'],colophon,,,iti matsyendrapādāvatāritaṃ kulānandaṃ samāptamiti || śubhamastu sarvajagatāma,
M00284 - kulAnandAdi.htm,kulAnandAdi_M00284.xml,M00284,Kulānandādi,,"Matsyendranātha, Unknown",1st: mbP0001,https://muktabodha-digital-library.org/texts/IAST/M00284,,,,,fragments,"2 excerpts (2nd is fragmentary, lacking explicit+colophon) ",,,,,,"['tantric / āgamic literature', 'tantra / āgama', 'kaula', 'śākta']",colophon,,,1) iti matsyendrapādāvatārikaṃ kulānandasamāptamitiḥ /// 2) iti kapālakṣaṇaṃ picumate,
M00031 - kulArNavatantra.htm,kulArNavatantra_M00031.xml,M00031,Kulārṇavatantra,,,,https://muktabodha-digital-library.org/texts/IAST/M00031,"Malaviya, Sudhakar",,,,,17 chapters,,,,,,"['tantric / āgamic literature', 'tantra / āgama', 'kaula', 'kaula later post 1100 AD']",,,,iti śrīkulārṇave nirvāṇamokṣadvāre mahārahasye sarvāgamottamottame sapādalakṣagranthe pañcamakhaṇḍe ūrdhvāmnāyatantre kāmyakarmakathanaṃ nāma saptadaśollāsaḥ,
M00274 - kulAlazAstra.htm,kulAlazAstra_M00274.xml,M00274,Kulālaśāstra,,,,https://muktabodha-digital-library.org/texts/IAST/M00274,,,,,uncertain,yes?,,,,,,"['tantric / āgamic literature', 'śaiva']",,,,iti kulāla śānti tantre pratiṣṭhāvidhi paṭalaḥ samāptaḥ ||śubhamastu /// vidyeśvaran cakrāvannihitārthāya catuṣṣaṣṭhi kalānāṃ devamātā vidyeśvaran nārāyaṇan etat trayodaśānāṃ kulālāḥ priyantām | sarva nakṣatrāṇi prīyantāṃ sarva dhanadhānya samṛddhirastu |,in middle /// at end
M00602 - kaivalyasAra.htm,kaivalyasAra_M00602.xml,M00602,Kaivalyasāra,,Toṃṭadārya,mbP0108,https://muktabodha-digital-library.org/texts/IAST/M00602,,,,,,6 chapters,,,,,,"['śaiva', 'vīraśaiva']",colophon,,,iti śrīmatparamaśivayogirāṭparivrājakācāryaśrītoṃṭadāryaviracite paramavīraśaivādvaitabodhinyāmekottaraśatasthalaśrutimālāvivaraṇākhyakaivalyasāre liṃgasthalanirūpaṇe mahāliṃgasthalaṃ nāma ṣaṣṭhaṃ prakaraṇaṃ samāptam || śrīḥ śrīḥ,
M00326 - kaularahasya.htm,kaularahasya_M00326.xml,M00326,Kaularahasya,,,,https://muktabodha-digital-library.org/texts/IAST/M00326,,,,,incomplete,,,,,,,"['tantric / āgamic literature', 'kaula']",,,,IN MIDDLE - iti śrīkaularahasya dvitiye paṭalaḥ,in middle
M00633 - totakaula - kaulArcanadIpikA zrIjJAnatantra.htm,totakaula_kaulArcanadIpikA_zrIjJAnatantra_M00633.xml,M00633,Kaulārcanadīpikā Śrījñānatantra,,Totakaula,mbP0023,https://muktabodha-digital-library.org/texts/IAST/M00633,,,,,uncertain,yes ?,,,,,,"['tantric / āgamic literature', 'tantra / āgama']",colophon,,,itiśrījñānatantrasyadvitīyapaṭalātkatipayaślokālikhitāḥ | saṃvat 1947 bhādaro pra 29 likhitaṃ totakaulāni,
M00231 - jJAnAnandaparamahaMsa - kaulAvalInirNaya.htm,jJAnAnandaparamahaMsa_kaulAvalInirNaya_M00231.xml,M00231,Kaulāvalīnirṇaya,,Jñānānandaparamahaṃsa,mbP0024,https://muktabodha-digital-library.org/texts/IAST/M00231,Arthur Avalon,,,,,21 chapters,colophon,,ilxM00022,commentary,including the mūla,['tantric / āgamic literature'],colophon,,,iti śrīmajjñānānandaparamahaṃsaviracite kaulāvalīnirṇaye ekaviṃśollāsaḥ samāptaḥ,
M00028 - kaulopaniSad.htm,kaulopaniSad_M00028.xml,M00028,Kaulopaniṣad Bahvṛcavedīyā,,Bhāskararāya,mbP0062,https://muktabodha-digital-library.org/texts/IAST/M00028,,,,,fragments,collection of texts,,"Bhāvanopaniṣat, Śrīlalitāmahātripurasundaryupaniṣat And Commentary Called Bahvṛcavedīyā, Devyatharvaśīrṣopaniṣat, Śrīkaulopaniṣat",ilxM00016,commentary,including the mūla,"['tantric / āgamic literature', 'śaiva', 'kaula', 'kaulopaniṣad', 'kaulopaniṣad']",colophon,,,1) śrītantrarāje pañcatriṃśapaṭale bhāvanopaniṣatpratipādita /// 2) iti devī canuṣṣaṣṭyupacārasaṃgrahaḥ sampūrṇaḥ /// 3) iti śrīmadbhāskararāyamahāśayaracitaṃ tripuropaniṣad bhāṣyaṃ sampūrṇam /// 4) iti bahvṛcavedīyā lalitāmahātripurasundaryupaniṣatsamāptā /// 5) iti devyatharvaśīrṣopaniṣat samāptā /// 6)  iti kaulamārgapārāvārapārīṇaśrīmadbhāskararāyaviracitaṃ kaulopaniṣadbhāṣyaṃ saṃpūrṇam,
M00029 - zrIrasikamohana caTTopAdhyAya - kramadIpikA.htm,zrIrasikamohana_caTTopAdhyAya_kramadIpikA_M00029.xml,M00029,Kramadīpikā,,Keśavakāśmīrin Bhaṭṭācārya ?,mbP0025,https://muktabodha-digital-library.org/texts/IAST/M00029,,,,,,,,Tantrasārādivividhatantrasaṃgraha,,,,"['tantric / āgamic literature', 'kālīkula / krama']","Sanderson 2012-13, p. 69",,,iti kramadīpikāyāmaṣṭamaḥ paṭalaḥ || iti kramadīpikā samāptā | iti śrīrasikamohanacaṭṭopādhyāyakarttṛka saṃgṛhīta tu prakāśita tantrasārādivividhatantrasaṃgrahe kramadīpikā samāptā ||,
M00324 - kacchapezvarazivAcArya - kriyakramadyotikavyAkhyA.htm,kacchapezvarazivAcArya_kriyakramadyotikavyAkhyA_M00324.xml,M00324,Kriyakramadyotikā Vyākhyā,,Kacchapeśvara,mbP0132,https://muktabodha-digital-library.org/texts/IAST/M00324,,,,,,,colophon,,ilxM00017,commentary,including the mūla,"['tantric / āgamic literature', 'śaiva']",colophon,,,iti śrīmatkacchapeśvara śivācāryaviracitā śrīmadaghoraśivācāryakṛtakriyākramadyotikāvyākhyā samāptam anaiṣīt || śrīśivābhyānnamaḥ,
M00278 - kriyAkAlaguNottara.htm,kriyAkAlaguNottara_M00278.xml,M00278,Kriyākālaguṇottara,,,,https://muktabodha-digital-library.org/texts/IAST/M00278,,,,,incomplete,lacking explicit+final colophon,,,,,,"['tantric / āgamic literature', 'śaiva early']",,,,iti kriyākālaguṇottare prathamaḥ paṭalaḥ,in middle
I00001 - zivAgrayogin - kriyAdIpikA.htm,zivAgrayogin_kriyAdIpikA_I00001.xml,I00001,Kriyādīpikā,And minor works,Śivāgrayogin,mbP0027,https://muktabodha-digital-library.org/texts/IAST/I00001,,,,,incomplete,incomplete/fragments,,,,,,"['śaiva', 'śaiva-siddhānta']",colophon,,,iti varṇāśramamācāryavaryaśaivaparipālakaśivāgrayogiviracitāyāṃ kriyādīpikāyāṃ śaucācamanasnānasai(śai)vasandhyānuṣṭhānavidhirnāma prathamaḥ paṭalaḥ /// iti vātulākhye mahātantre jñānapāde jñānapūjāvidhipaṭalaḥ samāptaḥ /// iti śārā(ra)dātilake trayodaśaḥ paṭalaḥ,
E00007 - kriyAsAra.htm,kriyAsAra_E00007.xml,E00007,Kriyāsāra,,Nīlakaṇṭha,mbP0019,https://muktabodha-digital-library.org/texts/IAST/E00007,,n,muktabodha/nIlakaNTha_kriyAsAra_volume_1_M00118.xml,,,,,Nigamāgamasārasaṅgraha,,,,"['tantric / āgamic literature', 'śaiva']",colophon,,,iti śrīmadviśiṣṭādvaitasiddhāntarahasyaikottaraśatasthalābhijñanīlakaṇṭhakṛte nigamāgamasārasaṅgrahe kriyāsāre caturthopadeśaḥ,
M00232 - kriyAsAratattvaprakAzinIvyAkhyA.htm,kriyAsAratattvaprakAzinIvyAkhyA_M00232.xml,M00232,Kriyāsāratattvaprakāśinīvyākhyā,,Nārāyaṇa,mbP0026,https://muktabodha-digital-library.org/texts/IAST/M00232,,,,,incomplete,,colophon,,E0007=M00118+M00050,commentary,,['tantric / āgamic literature'],colophon,,,iti kriyāsāravyākhyāyāṃ tṛtīyaḥ paṭalaḥ /// iti nārāyaṇaviracitāyāṃ sāravyākhyāyāṃ tatvaprakāśinyāṃ caturthaḥ paṭalaḥ /// iti kriyāsāravyākhyāyāṃ tatvaprakāśinyā pañcamaḥ paṭalaḥ,in middle
M00118 - nIlakaNTha - kriyAsAra volume 1.htm,nIlakaNTha_kriyAsAra_volume_1_M00118.xml,M00118,Kriyāsāra Volume 1,,Nīlakaṇṭha,mbP0019,https://muktabodha-digital-library.org/texts/IAST/M00118,Venkathanāthācārya N S,y,,,,,,,,,,['tantric / āgamic literature'],colophon,Nilakaṇṭha Śivācārya,within text,iti śrīmadviśiṣṭādvaitasiddhāntarahasyaikottaraśatasthalābhijñanīlakaṇṭhakṛte nigamāgamasārasaṅgrahe kriyāsāre caturthopadeśaḥ,
M00050 - nIlakaNTha - kriyAsAra volume 2.htm,nIlakaNTha_kriyAsAra_volume_2_M00050.xml,M00050,Kriyāsāra Volume 2,,Nīlakaṇṭha,mbP0019,https://muktabodha-digital-library.org/texts/IAST/M00050,Venkathanāthācārya N S,,,,,,,,,,,['tantric / āgamic literature'],colophon,Nilakaṇṭha Śivācārya,colophon,iti śrīmadviśiṣṭādvaitasiddhāntarahasyaikottaraśatasthalābhijña śrīnīlakaṇṭhaśivācāryakṛte kriyāsāre śivapūjāprakaraṇaṃ nāma caturdaśopadeśaḥ samāptaḥ,
M00512 - kriyoDDIzamahAtantrarAja.htm,kriyoDDIzamahAtantrarAja_M00512.xml,M00512,Kriyoḍḍīśamahātantrarāja,,Indrajit,mbP0064,https://muktabodha-digital-library.org/texts/IAST/M00512,,,,,,,,,,,,['tantra / āgama'],colophon,,,śrīmadindrajitpraṇītaḥ /// iti kriyoḍḍīśe mahātantrarāje śivagaurīsaṃvāde ekaviṃśatitamaḥ paṭalaḥ || samāpto'yaṃ granthaḥ,at beginning /// at end
M00126 - aghorAziva - krIyakramAdyotikA.htm,aghorAziva_krIyakramAdyotikA_M00126.xml,M00126,Kriyakramādyotikā Vyākhyā,,Nirmalamaṇiguru,mbP0133,https://muktabodha-digital-library.org/texts/IAST/M00126,,,,,,,colophon,,ilxM00017,commentary,including the mūla,"['tantric / āgamic literature', 'śaiva-siddhānta', 'śaiva-siddhānta post 1100 AD']",colophon,,,iti śrīmatkamalālayanivāsi bhaktādhyakṣasantānaprabhavatyāgarājācāryātmajanirmalamaṇiguru viracitāyāmasphuṭārtha prakāśikāyāṃ prabhāsamākhyāyāṃ kriyākramadyotikā vyākhyāyāṃ damanavidhissamāptaḥ,
M00108 - kSurikopaniSat.htm,kSurikopaniSat_M00108.xml,M00108,Kṣurikopaniṣat Vivaraṇa,,Brahmayogin,mbP0128,https://muktabodha-digital-library.org/texts/IAST/M00108,Śāstrī Mahādeva,,,,,,colophon,Kṣurika Upaniṣat,ilxM00018,commentary,including the mūla,"['tantric / āgamic literature', 'yoga', 'upaniṣad', 'yogopaniṣad', 'yogopaniṣad']",colophon,,,śrīvāsudevendraśiṣyopaniṣadbrahmayoginā | likhitaṃ syādvivaraṇaṃ kṣurikāyāḥ sphuṭaṃ laghu | kṣurikopaniṣadvyākhyā viṃśatyadhiśataṃ smṛtā || iti śrīmadīśādyaṣṭottaraśatopaniṣacchāstravivaraṇe ekatriṃśatsaṃkhyāpūrakaṃ kṣurikopaniṣadvivaraṇaṃ saṃpūraṇam,
M00508 - bhAsarvajJa - gaNakArikA.htm,bhAsarvajJa_gaNakArikA_M00508.xml,M00508,Gaṇakārikā Ratnaṭīkā,,Bhāsarvajña,mbP0029,https://muktabodha-digital-library.org/texts/IAST/M00508,C. D. Dalal,,,,fragments,mixed excerpts,colophon,,ilxM00023,commentary,,['paśupata'],colophon,,,samāptāḥ gaṇakārikāh | gaṇakārikāyā ratnaṭīkā ///  ācāryabhāsarvajñaviracitāyāṃ gaṇakārikāyāṃ ratnaṭīkā parisamāptā /// appendix: 1) viśuddhamunikṛtaṃ yamaprakaraṇam /// 2) kāraṇapadārthaḥ /// 3) rudranāmāni /// 4) from ṣaḍdarśanasamuccya of ācārya haribhadra /// 5) from sarvadarśanasaṅgraha /// 6) from ṣaḍdarśanasamuccaya of rājaśekharasūri ///  end - iti śrīśivapurāṇe pārvatīmaheśvarasaṃvāde tīrtha(***?)ṇikāyāṃ śūlapāṇijanmapaṭṭabandhādimāhātmyaṃ samāptam | samāptaṃ kāravaṇamāhātmyam (7),beginning/// middle /// excerpts in appendix /// end
M00646 - gandharvatantra.htm,gandharvatantra_M00646.xml,M00646,Gandharvatantra,,,,https://muktabodha-digital-library.org/texts/IAST/M00646,,,,,,42 chapters,,,,,,['tantra / āgama'],,,,iti śrīgandharvatantre pārvatīśvarasaṃvāde tattvajñānopadeśanaṃ nāma dvācatvāriṃśaḥ paṭalaḥ || samāptamida śrīśivārpaṇaṃ bhūyāt,
M00216 - govindakaula - gurustutiratnAvalI.htm,govindakaula_gurustutiratnAvalI_M00216.xml,M00216,Gurustutiratnāvalī,,Govinda Kaula,mbP0030,https://muktabodha-digital-library.org/texts/IAST/M00216,,,,,,,,,,,,"['compendium', 'tantric / āgamic literature']",colophon,,,iti śrīmahāmāheśvarācāryaśrīmacchrījyotiṣprakāsakaulānandapādapadmānujīviśrīgovindakaulaviracitā śrīgurustutiratnāvalī samāptā cetivam || saṃvat || vaivatidaśasyāṃ citritājñe yaiṣā jñeyavidbhiḥ || PLUS ADDITIONAL TEXT AFTER,
M00360 - guhyasamAjatantra.htm,guhyasamAjatantra_M00360.xml,M00360,Guhyasamājatantra,,,,https://muktabodha-digital-library.org/texts/IAST/M00360,Benoytosh Bhattacharya,,,,,only first half,,Tathāgataguhyaka,,,,['tantra / āgama'],,,,iti śrīsarvatathāgatakāyavākcittarahasyātirahasye guhyasamāje mahāguhyatantrarāje sarvaguhyanirdeśavajrajñānādhiṣṭhānaṃ nāma paṭalo'ṣṭādaśaḥ || samāpto'yaṃ śrīguhyasamājasya tantrarājasya pūrvārddhakāyaḥ,
M00291 - gorakSanAtha - gorakSaguTikA.htm,gorakSanAtha_gorakSaguTikA_M00291.xml,M00291,Gorakṣaguṭikā,,Gorakṣanātha,mbP0031,https://muktabodha-digital-library.org/texts/IAST/M00291,,,,,,9 chapters,,,,,,"['tantric / āgamic literature', 'yoga']",colophon,,,iti śrīkalpadrumavivekinyāṃ yogābhyāse haragaurīsambāde gorakṣaguṭikāyāṃ śrīgorakṣanāthasahasranāmastotraṃ nāmanavamastaraṅgaḥ,
M00289 - gorakSanAtha - gorakSamudgara.htm,gorakSanAtha_gorakSamudgara_M00289.xml,M00289,Gorakṣamudgara,,Gorakṣanātha,mbP0031,https://muktabodha-digital-library.org/texts/IAST/M00289,,y,,,,colophon doesn't match description,,,,,,['tantric / āgamic literature'],colophon,,,mūlasāreti iti gorakṣajogaśāstrasamāptaṃ,
M00288 - gorakSanAtha attributed to - gorakSayogazAstram.htm,gorakSanAtha_attributed_to_gorakSayogazAstram_M00288.xml,M00288,Gorakṣayogaśāstram,,Gorakṣanātha,mbP0031,https://muktabodha-digital-library.org/texts/IAST/M00288,,n,muktabodha/gorakSanAtha_gorakSamudgara_M00289.xml,,,,,Mūlasāra,,,,"['tantric / āgamic literature', 'yoga']",colophon,,,mūlasāreti iti gorakṣajogaśāstrasamāptaṃ,
M00522 - gorakSanAtha attributed to - gorakSazataka.htm,gorakSanAtha_attributed_to_gorakSazataka_M00522.xml,M00522,Gorakṣaśataka,,Gorakṣanātha,mbP0031,https://muktabodha-digital-library.org/texts/IAST/M00522,,,,,,,,,,,,['yoga'],colophon,,,iti gorakṣaśatakaṃ sampūrṇam,
M00647 - gautamatantra.htm,gautamatantra_M00647.xml,M00647,Gautamatantra,,,,https://muktabodha-digital-library.org/texts/IAST/M00647,,,,,,32 chapters,,,,,,['tantra / āgama'],,,,iti śrīgautamīye mahātaṃtre sarvataṃtrottame dvātriṃśo'dhyāyaḥ || samāptaḥ śubham,
M00509 - mantramahAdeva - gaurIkAJcalikAtantra.htm,mantramahAdeva_gaurIkAJcalikAtantra_M00509.xml,M00509,Gaurīkāñcalikātantra,,,,https://muktabodha-digital-library.org/texts/IAST/M00509,,,,,,,,,,,,['tantra / āgama'],,,,iti śrīharagaurīsaṃvāde gaurīkāñcalikātantraṃ samāptam |,
M00601 - caturvedArthatAtparyasaMgraha.htm,caturvedArthatAtparyasaMgraha_M00601.xml,M00601,Caturvedārthatātparyasaṃgraha,,,,https://muktabodha-digital-library.org/texts/IAST/M00601,,,,,,,,,,,,['vīraśaiva'],,,,iti caturvedārthatātparyasaṃgrahaḥ samāptaḥ || śrīmaddevaśikhāmaṇigurubhyo namaḥ | śrīmatṣaṇmukhagurave namaḥ | śubhamastu,
I00008 - candrajJAna nityArchanavidhiH mantravAsam.htm,candrajJAna_nityArchanavidhiH_mantravAsam_I00008.xml,I00008,Candrajñāna Nityārchanavidhiḥ Mantravāsam,,,,https://muktabodha-digital-library.org/texts/IAST/I00008,,,,,incomplete,,,,,,,"['śaiva', 'śaiva-siddhānta', 'Paddhati']",,,,iti candratajñāne /// atha nityārcanaṃ vakṣye /// mantravāsamidaṃ proktaṃ mantravāhanamucyate,
M00263 - candrajJAnAgama.htm,candrajJAnAgama_M00263.xml,M00263,Candrajñānāgama,,,,https://muktabodha-digital-library.org/texts/IAST/M00263,,y,,,incomplete,lacking explicit+final colophon,,,,,,['tantric / āgamic literature'],,,,atha candrajñānaṃ likhyate,at beginning
M00273 - candrajJAnAgama.htm,candrajJAnAgama_M00273.xml,M00273,Candrajñānāgama,,,,https://muktabodha-digital-library.org/texts/IAST/M00273,,n,muktabodha/candrajJAnAgama_M00263.xml,,incomplete,,,,,,,"['tantric / āgamic literature', 'śaiva', 'śaiva-siddhānta']",,,,iti candrajñāne jñānadarśanapaṭalaḥ samāptam,
M00201 - candrajJAnAgama vIrazaiva rescension.htm,candrajJAnAgama_vIrazaiva_rescension_M00201.xml,M00201,Candrajñānāgama,,,,https://muktabodha-digital-library.org/texts/IAST/M00201,,,,,incomplete,misses whole pūrvabhāga,,,,,,['śaiva'],,,,iti śrīcandrajñānāgame uttarabhāge'nantarudrabṛhaspatisaṃvāde śivaśāsane caryāpāde prāyaścittavidhikathanaṃ nāmāṣṭamaḥ paṭalaḥ || followed by - mūlapañcākṣaramantranyāsāḥ,almost at end
M00506 - candrAvalocakana.htm,candrAvalocakana_M00506.xml,M00506,Candrāvalokana,,,,https://muktabodha-digital-library.org/texts/IAST/M00506,,,,,,,,,,,,['yoga'],,,,iti maheśvareṇaviracitaṃ candrāvalokanam sampūrṇaṃ || śrīgurunāthāya namaḥ,
M00307 - carcAstava.htm,carcAstava_M00307.xml,M00307,Carcāstava Ṭīkā,,Harabhaṭṭa Śāstrī,mbP0129,https://muktabodha-digital-library.org/texts/IAST/M00307,,,,,,contains only 2nd stava,colophon,,ilxM00024,commentary,including the mūla,"['tantric / āgamic literature', 'śākta']",colophon,,,iti śrīdharmācāryakṛtau pañcastavyāṃ carcāstavo dvitīyaḥ /// iti śrīmahāmāheśvarapaṇḍitaharabhaṭṭaśāstriviracitāyāṃ pañcastavīṭīkāyāṃ dvitīyaḥstavaḥ || vallī kāpi puratrayeṣu vilasatyekākinī visphurannānāvarṇadaśā palāśakhacitā śākhāpratānāgraṇīḥ | yasmin naikaphalorubhāravinatasvaṅgā turīyā stave tasmin prāthamiketare vivaraṇaṃ pūrṇaṃ parānugrahāt ||,towards end /// at end
M00014 - zrIvatsa - cidgaganacandrikA.htm,zrIvatsa_cidgaganacandrikA_M00014.xml,M00014,Cidgaganacandrikā,,Kālīdāsa,mbP0032,https://muktabodha-digital-library.org/texts/IAST/M00014,Arthur Avalon / John Woodroffe / Trivikramatīrtha,,,,,,,,,,,"['tantric / āgamic literature', 'śaiva', 'kālīkula / krama']",colophon,Śrīvatsa,colophon,pūrṇapīṭhakṛtaṃ siddhestadbhāvastavamādarāt | vā narārthaṃ mahāguhya śrīvatso vidadhe sa tu /// iti śrīkālīdāsamahākaviviracitā cidgaganacandrikā sampūrṇā PLUS ADDITIONAL TEXT,
E00002 - prakAzAnanda - cinmantramAlinI.htm,prakAzAnanda_cinmantramAlinI_E00002.xml,E00002,Cinmantramālinī,,Prakāśānanda,mbP0033,https://muktabodha-digital-library.org/texts/IAST/E00002,,,,,,only nityopāsanākrama chapter,,Nityopāsanākrama,,,,['tantric / āgamic literature'],colophon,,,iti śrī prakāśānanda viracitāyāṃ cinmantramālinyāṃ nityopāsanākramaḥ samāptaḥ | saṃvat 1719,
E00004 - cinmayadIkSAvidhAna.htm,cinmayadIkSAvidhAna_E00004.xml,E00004,Cinmayadīkṣāvidhāna,,,,https://muktabodha-digital-library.org/texts/IAST/E00004,,,,,unclear,"yes?, but no colophon",,,,,,"['tantric / āgamic literature', 'śaiva', 'yoga']",,,,ṣaḍadhvaśodhanapūrvikacinmayadīkṣāṃ kariṣya iti saṃkalpya,in middle
M00155 - vAmadeva - janmamaRanavicAra.htm,vAmadeva_janmamaRanavicAra_M00155.xml,M00155,Janmamaṛanavicāra,,Vāmadeva,mbP0034,https://muktabodha-digital-library.org/texts/IAST/M00155,Śāstrī M R,,,,,,,,,,,"['tantric / āgamic literature', 'śaiva', 'non-dual śaivism of Kashmir']",colophon,Tatrabhavat Mahāmāheśvara Ācārya Varya Śrīmad Bhaṭṭa Vāmadeva,colophon,samāpto'yaṃ janmamaraṇavicārākhyo granthaḥ || kṛtistatrabhavanmahāmāheśvarācāryavaryaśrīmadbhaṭṭavāmadevasya || +TILAKA,
M00123 - jayAkhyasaMhitA.htm,jayAkhyasaMhitA_M00123.xml,M00123,Jayākhyasaṃhitā,,,,https://muktabodha-digital-library.org/texts/IAST/M00123,Kṛṣṇamācārya Embar,,,,,,,,,,,"['tantric / āgamic literature', 'vaiṣṇava', 'pāñcarātra']",,,,iti śrīpāñcarātre jayākhyasaṃhitāyāṃ yogākhyānaṃ nāma trayastriṃśaḥ paṭalaḥ || samāpteyaṃ jayākhyasaṃhitā,
M00024 - matsyendranAtha - jJAnakArikA.htm,matsyendranAtha_jJAnakArikA_M00024.xml,M00024,Jñānakārikā,,Matsyendranātha,mbP0001,https://muktabodha-digital-library.org/texts/IAST/M00024,"Bagchi, P. C.",,,,,3 chapters,,,,,,"['tantric / āgamic literature', 'kaula', 'kaula early pre 1100 AD']",catalog,Machindranātha,colophon,iti jñānakārimahāmachindranāthapādāvatāritenoktaṃ caryādhikārastu tṛtīyaḥ paṭalaḥ,
E00005 - jJAnadIkSA.htm,jJAnadIkSA_E00005.xml,E00005,Jñānadīkṣā,,,,https://muktabodha-digital-library.org/texts/IAST/E00005,,,,,incomplete,lacking explicit+final colophon,,,,,,['tantric / āgamic literature'],,,,śivaṃ praṇamya paramaṃ nidhaneśamataḥ param | jñānadīkṣāṃ pravakṣyā (***) śṛṇudhvaṃ samāhitāḥ |,at beginning
M00222 - jJAnaziva - jJAnaratnAvalI.htm,jJAnaziva_jJAnaratnAvalI_M00222.xml,M00222,Jñānaratnāvalī,,Jñānaśiva,mbP0035,https://muktabodha-digital-library.org/texts/IAST/M00222,,,,,incomplete,lacking incipit,,,,,,"['śaiva', 'śaiva-siddhānta']",colophon,,,tacchiṣya pravareṇa bodhaparamānandaikadhāmnāparaṃ siddhāntāmṛtapūrapūrṇa manasā vāraṇasīvāsinā | 'srīmajjñānaśivena śambhucaraṇāmbhoja dvayāha (***)valī || śrīmajjñānaratnāvalī samāptā ||,
M00191 - jJAnasaGkalinItantra.htm,jJAnasaGkalinItantra_M00191.xml,M00191,Jñānasaṅkalinītantra,,,,https://muktabodha-digital-library.org/texts/IAST/M00191,"Caṭṭopādhyāya, Rasika Mohana",,,,incomplete,lacking explicit,,,,,,['tantric / āgamic literature'],,,,iti jñānasaṅkalinītantraṃ samāptam,
M00265 - jJAnasAra.htm,jJAnasAra_M00265.xml,M00265,Jñānasāra,,,,https://muktabodha-digital-library.org/texts/IAST/M00265,,,,,incomplete,lacking explicit+final colophon,,,,,,['tantric / āgamic literature'],,,,nāthajñānasāro likhyate,at beginning
E00006 - jJAnasiddhyAgama.htm,jJAnasiddhyAgama_E00006.xml,E00006,Jñānasiddhyāgama,,,,https://muktabodha-digital-library.org/texts/IAST/E00006,,,,,incomplete,lacking explicit+final colophon,,,,,,"['tantric / āgamic literature', 'śaiva', 'śaiva-siddhānta']",,,,jñāna siddhyāgame prathamastantrāvatārasaṃhitādhikāraḥ samāptaḥ,in middle
M00069 - jJAnArNavatantra.htm,jJAnArNavatantra_M00069.xml,M00069,Jñānārṇavatantra,,,,https://muktabodha-digital-library.org/texts/IAST/M00069,"Malaviya, Sudhakar",,,,,26 chapters,,,,,,"['tantric / āgamic literature', 'tantra / āgama']",,,,iti śrīmajjñānārṇave nityātantre devīśvarasaṃvāde śrīvidyādamanāropaṇavidhirnāma ṣaḍviṃśaḥ paṭalaḥ,
M00642 - DAkinIkalpa.htm,DAkinIkalpa_M00642.xml,M00642,Ḍākinīkalpa,,,,https://muktabodha-digital-library.org/texts/IAST/M00642,,,,,incomplete,lacking explicit+final colophon,,,,,,['tantric / āgamic literature'],,,,ititithiḍākinīkalpasamāptam,in middle
I00019 - SeSazAstrI - NatvabAdhAvidhUnanam with commentary tattvamAlAvyAkhyA.htm,SeSazAstrI_NatvabAdhAvidhUnanam_with_commentary_tattvamAlAvyAkhyA_I00019.xml,I00019,Ṇatvabādhāvidhūnanam Tattvamālāvyākhyā,,Seṣaśāstrī,mbP0036,https://muktabodha-digital-library.org/texts/IAST/I00019,,,,,incomplete,,colophon,,ilxM00025,commentary,including the mūla,"['tantric / āgamic literature', 'śaiva', 'śaiva-siddhānta']",incipit,,,rāmasvāmimakhīndrapādayugalīpāthojau jṛmbhāyitasvāntaḥ śeṣasudhimaṇirviracite vidvanmude śaṅkare | siddhe sarvapurāṇaśāstranikarairnārāyaṇākhyapade vā dhāraṇatvakṛtāṃ vyapāhya ni(...) śrītatvamālāmaham | rāmasvāmimakhīndradeśikamukhkhāmbhojasravadyāgamayīṃ śeṣādrirvibudhāṅghrisannataśirāttu svādyamādhvindharīm | dūrvādiprakarebhakumbhadalane kakṣyānakhaiḥ kesarī śrī nārāyaṇanāmni(...)ne ṇatvaṃ carīkarti ca | śrī veṅkaṭeśaviduṣaḥ sūnunā śeṣaśāstriṇā | kriyate vacasāṃ śuddhyai svīyānāṃ viduṣāṃ mude || śrīmantaṃ candracūḍaṃ giripatitanayā prāṇanāthaṃ dayābdhiṃ natvā vāgīśvarīṃ ca praṇata janalasadvāgvi*lāsaprādātrīm|*  svīyyāṃ(yāṃ) buddhiṃ ku(kū)jantu stutimalinatamāṃ kṣālaye tatvamālāvyākhyānāmbhobhiretāṃ sapadi viracayan ṇatvahādhāvidhūtim|| racayāmi ṇatvabādhā vidhūnanākhyāṃ kṛtaśivau mukhyām | nārāyaṇa*padabhūṣaṇabhāvalasattatvamālikāvyākhyām,at beginning
M00085 - pUrNAnanda - zrItattvacintAmaNi chapters 01 thru 05.htm,pUrNAnanda_zrItattvacintAmaNi_chapters_01_thru_05_M00085.xml,M00085,Tattvacintāmaṇi Prakāśa Chapters 1-5,,Bhuvanmohan Saṃkhyatirtha,mbP0134,https://muktabodha-digital-library.org/texts/IAST/M00085,,,,,,,,,ilxM00026,commentary,including the mūla,"['compendium', 'tantric / āgamic literature']",catalog,,,iti śrīpūrṇānandaparamahaṃsaviracite śrītattvacintāmaṇau pañcamaḥ prakāśaḥ,
M00086 - pUrNAnanda - zrItattvacintAmaNi chapters 06 thru 10.htm,pUrNAnanda_zrItattvacintAmaNi_chapters_06_thru_10_M00086.xml,M00086,Tattvacintāmaṇi Prakāśa Chapters 6-10,,Bhuvanmohan Saṃkhyatirtha,mbP0134,https://muktabodha-digital-library.org/texts/IAST/M00086,,,,,,,,,ilxM00026,commentary,including the mūla,"['compendium', 'tantric / āgamic literature']",catalog,,,iti śrīpūrṇānandaparamahaṃsaviracite śrītattvacintāmaṇau daśamaḥ prakāśaḥ,
M00087 - pUrNAnanda - zrItattvacintAmaNi chapters 11 thru 15.htm,pUrNAnanda_zrItattvacintAmaNi_chapters_11_thru_15_M00087.xml,M00087,Tattvacintāmaṇi Prakāśa Chapters 11-15,,Bhuvanmohan Saṃkhyatirtha,mbP0134,https://muktabodha-digital-library.org/texts/IAST/M00087,,,,,,,,,ilxM00026,commentary,including the mūla,"['compendium', 'tantric / āgamic literature']",catalog,,,iti śrīpūrṇānandaparamahaṃsaviracite śrītattvacintāmaṇau pañcadaśaḥ prakāśaḥ,
M00088 - pUrNAnanda - zrItattvacintAmaNi chapters 16 thru end.htm,pUrNAnanda_zrItattvacintAmaNi_chapters_16_thru_end_M00088.xml,M00088,Tattvacintāmaṇi Prakāśa Chapters 16-End,,Bhuvanmohan Saṃkhyatirtha,mbP0134,https://muktabodha-digital-library.org/texts/IAST/M00088,,,,,,,,,ilxM00026,commentary,including the mūla,"['compendium', 'tantric / āgamic literature']",catalog,,,iti śrīpūrṇānandaparamahaṃsaviracite śrī-tattvacintāmaṇau ṣaḍviṃśatitamaḥ prakāśaḥ || śrītattvacintāmaṇiḥ samāptaḥ,
M00290 - vimalaziva - tattvaratnAvalI.htm,vimalaziva_tattvaratnAvalI_M00290.xml,M00290,Tattvaratnāvalī,,Vimalaśiva,mbP0037,https://muktabodha-digital-library.org/texts/IAST/M00290,,,,,incomplete,,,,,,,"['tantric / āgamic literature', 'śaiva-siddhānta']",colophon (in middle),,,iti śrīvimalācāryanirmite tyaṃtanirmale(?) tatvaratnāvalīgraṃthe nityakarmavinirṇayaḥ,in middle
M00655 - tatvazodhanam.htm,tatvazodhanam_M00655.xml,M00655,Tattvaśodhanam,,,,https://muktabodha-digital-library.org/texts/IAST/M00655,,,,,,topic is concluded but MS is incomplete,,,,,,['tantric / āgamic literature'],,,,ititatvaśodhanamsampūrṇammabde 1727 varṣautaubhādrekṛṣṇa 13 trayodaśyāṃ gurausvārthaparārthaṃca vāstavyamallāragaḍe,almost at end
M00314 - navamIsiMha - tantracintAmaNi.htm,navamIsiMha_tantracintAmaNi_M00314.xml,M00314,Tantracintāmaṇi,,Ādyānanda,mbP0038,https://muktabodha-digital-library.org/texts/IAST/M00314,,,,,incomplete,30 out of 40 chapters,,,,,,"['compendium', 'tantric / āgamic literature']",catalog,Navamīsiṃha,catalog,iti śrītaṃtraciṃtāmaṇau mālābhedādipratiṣṭāṃtanirṇayo nāma triṃśattamaḥ prakāśaḥ,at end
M00122 - tantrarAjatantra.htm,tantrarAjatantra_M00122.xml,M00122,Tantrarājatantra Manorama,,Subhagānandanātha,mbP0135,https://muktabodha-digital-library.org/texts/IAST/M00122,John Woodroffe,,,,,,colophon,Tantrarājatantra,ilxM00027,commentary,including the mūla,"['tantric / āgamic literature', 'śākta']",colophon,,,iti ṣoḍaśanityātantreṣu śrīkādimatākhyasya paripūrṇasya tantrasya prapañcasārasiṃharājaprakāśābhidhānena subhagānandanāthena viracitāyāṃ manoramākhyāyāṃ vyākhyāyāṃ devatādeśikaśiṣyaprapañcādīnāṃ paramārthasvarūpaprakāśanaparaṃ ṣaṭtriṃśatpaṭalaṃ paripūrṇaṃ parāmṛṣṭam + additional text/tilaka /// samāptā ceyaṃ tantrarājaṭīkā manoramā || oṃ,
M00153 - abhinavagupta - tantrasAra.htm,abhinavagupta_tantrasAra_M00153.xml,M00153,Tantrasāra,,Abhinavagupta,mbP0017,https://muktabodha-digital-library.org/texts/IAST/M00153,,,,,,,,,,,,"['tantric / āgamic literature', 'śaiva', 'non-dual śaivism of Kashmir']",colophon,,,iti śrīmadabhinavaguptācāryaviracite tantrasāre kulayāgaprakāśanaṃ nāma dvāviṃśamāhnikam || itthaṃ ṣaḍardhakramasaṃpradāyaṃ sapratyayāpratyayabhinnamāpya | śrīśaṃbhunāthātkaruṇārasena svayaṃ prasannādanapekṣavṛttyā || kāśmīriko'bhinavaguptapadābhidhānaḥ śrītantrasāramakarodṛjunā krameṇa | yattena sarvajana eṣa śivaṃ prayātu lokottaraprasaraśāṃbhavatantrasāram || kṛtistatrabhavacchrīmanmahāmāheśvarācāryavaryaśrīmadabhinava(…) + TILAKA // śrīsvātmasaṃvidabhinnarūpaśivārpaṇaṃ bhūyat | samāptaṃ cedaṃ tantrasārākhyaṃ śāstram |,
M00366 - tantrAbhidhAna.htm,tantrAbhidhAna_M00366.xml,M00366,Tantrābhidhāna,,,,https://muktabodha-digital-library.org/texts/IAST/M00366,Pañcānana Bhaṭṭacārya Tarkasāṃkhyavedāntatīrtha,,,,fragments,collection of excerpts,,,,,,['tantric / āgamic literature'],,,,sections - iti śrīpuruṣottamadevaviracita ekākṣarakoṣaḥ samāptaḥ  ///  iti śrībhairavaviracito bījanighaṇṭumantrakoṣaḥ samāptaḥ ///  iti śrīmanmahīdāsaviracita-mātṛkānighaṇṭuḥ samāptaḥ /// iti śrīdeśikamaṇḍalīmukuṭamāṇikyopama-paramahaṃsa-śrīmadhvācāryaviracito mātṛkānighaṇṭuḥ samāptaḥ /// iti mātṛkā-nirghaṇṭaḥ samāptaḥ /// iti rudrayāmalatantrokta-varṇanighaṇṭu samāptaḥ /// iti bhūtaḍāmaratantroktabījābhidhānaṃ samāptam /// iti varadātantrokta-mantrārthābhidhānaṃ samāptam /// iti śrīvāmakeśvaratantre umāmaheśvarasaṃvāde mudrānighaṇṭuḥ samāptaḥ | samāpto'yaṃ granthaḥ /// end - varṇabījakoṣaḥ samāptaḥ,sections /// at end
M00092 - abhinavagupta - tantrAloka chapters 1 thru 14.htm,abhinavagupta_tantrAloka_chapters_1_thru_14_M00092.xml,M00092,Tantrāloka Viveka Chapters 1-14,,Jayaratha,mbP0136,https://muktabodha-digital-library.org/texts/IAST/M00092,,,,,,,colophon,,ilxM00028,commentary,including the mūla,"['tantric / āgamic literature', 'śaiva', 'non-dual śaivism of Kashmir', 'kaula', 'trika']",colophon,,,iti śrāmadācāryābhinavaguptapādaviracite śrījayarathācāryakṛtavivekākhyavyākhyopete śrītantrāloke dīkṣopakramaprakāśanaṃ nāma caturdaśamāhnikam ||,
M00093 - abhinavagupta - tantrAloka chapters 15 thru 38.htm,abhinavagupta_tantrAloka_chapters_15_thru_38_M00093.xml,M00093,Tantrāloka Viveka Chapters 15-38,,Jayaratha,mbP0136,https://muktabodha-digital-library.org/texts/IAST/M00093,,,,,,,colophon,,ilxM00028,commentary,including the mūla,"['tantric / āgamic literature', 'śaiva', 'non-dual śaivism of Kashmir', 'kaula', 'trika']",colophon,,,iti śrīmanmahāmāheśvarācāryavaryaśrīmadabhinavaguptaviracite śrītantrāloke śrījayarathaviracitavivekābhikhyavyākhyopete upādeyabhāvādinirūpaṇaṃ nāma saptatrīmśamāhnikaṃ samāptam ||samāpto'yaṃ granthaḥ,
M00094 - tAratantra.htm,tAratantra_M00094.xml,M00094,Tāratantra,,,,https://muktabodha-digital-library.org/texts/IAST/M00094,,,,,fragments,mixed excerpts,,,,,,"['tantric / āgamic literature', 'tantra / āgama']",,,,iti śrībhairavabhairavīsaṃvāde tārātantre ṣaṣṭhaḥ paṭalaḥ || samāpto'yaṃ granthaḥ || followed by: buddhavaśiṣṭhavṛttāntaḥ | rudrayāmale saptadaśapaṭalaḥ | brahmayāmale devīśvarasaṃvāde prathamapaṭale | cuts off at the beginning of tṛtīya,list of sections
M00636 - vimalAnanda - tArAbhaktitaraGgiNI.htm,vimalAnanda_tArAbhaktitaraGgiNI_M00636.xml,M00636,Tārābhaktitaraṅgiṇī,,Vimalānanda,mbP0039,https://muktabodha-digital-library.org/texts/IAST/M00636,,,,,,,,,,,,"['tantric / āgamic literature', 'tantra / āgama']",colophon,,,itivimalānaṃdaviracitāṃtārābhaktitaraṃgīṇīsthasaptaśatikāvidhānaṃsamāptam,
M00055 - narasiMhaThakkura - tArAbhaktisudhArNava.htm,narasiMhaThakkura_tArAbhaktisudhArNava_M00055.xml,M00055,Tārābhaktisudhārṇava,,Narasiṃha Ṭhakkura,mbP0040,https://muktabodha-digital-library.org/texts/IAST/M00055,Arthur Avalon,,,,,11 chapters,,,,,,"['compendium', 'tantric / āgamic literature', 'śākta']",colophon,,,iti tāriṇīkalpaḥ samāptaḥ | iti mahāmahopādhyāya ṭhakkura śrīnarasiṃha viracite tārābhaktisudhārṇave ekādaśastaraṅgaḥ,
M00096 - tArArahasyavRttikA.htm,tArArahasyavRttikA_M00096.xml,M00096,Tārārahasyavṛttikā,,Śaṅkara,mbP0110,https://muktabodha-digital-library.org/texts/IAST/M00096,Pandita Manindra Mohan Chowdhury Kavyatirtha,,,,incomplete,lacking explicit+final colophon; 8 chapters present out of 15,,,M00095,commentary,,"['tantric / āgamic literature', 'śākta']",incipit,Gauḍīya Śaṅkara Ācārya,catalog,kṛtā śrīśaṅkareṇaiṣā tārārahasyavṛttikā,almost at beginning
M00323 - brahmAnanda - tArArahasyavRtti 2.htm,brahmAnanda_tArArahasyavRtti_2_M00323.xml,M00323,Tārārahasyavṛtti,,Śaṅkara,mbP0110,https://muktabodha-digital-library.org/texts/IAST/M00323,,,,,,15 chapters,,,M00095,commentary,,"['tantric / āgamic literature', 'śākta']",colophon,Śrī Śaṅkara Ācārya,colophon,iti śrīśaṅkarācārya viracitāyāṃ tārārahasyavṛttau taṃtracūḍāmaṇau vāsanānīrṇayo nāma pañcadaśamaḥ paṭalaḥ samāptam /// AUTHOR??? guruṇāśca mataṃ jñātvā kṛtā śrīśaṃkareṇa vaiḥ | sarvāmnāyasaṃpannaṃ vai tārārahasyavṛttikā,
M00095 - brahmAnanda - tArArahasya.htm,brahmAnanda_tArArahasya_M00095.xml,M00095,Tārārahasya,,Brahmānanda,mbP0111,https://muktabodha-digital-library.org/texts/IAST/M00095,,,,,,,,,,,,['śākta'],colophon,Brahmānanda Giri / Paramahaṃsa,colophon (within text),brahmānandakṛtau susādhanavidhau tārārahasye śubhe yogācāravidhau caturthapaṭalaḥ sarvārthasiddhipradaḥ || iti tārārahasyatantraṃ samāptam,
M00638 - tArAsahasranAmavyAkhyAbhidhArthacintAmaNi.htm,tArAsahasranAmavyAkhyAbhidhArthacintAmaNi_M00638.xml,M00638,Tārāsahasranāmavyākhyā Abhidhārthacintāmaṇi,,Viśveśvaraḥ,mbP0115,https://muktabodha-digital-library.org/texts/IAST/M00638,,,,,uncertain,yes?,,,ilxM00096,commentary,including the mūla,"['tantric / āgamic literature', 'tantra / āgama']",catalog,,,saṃvat 1942 caitrakṛṣṇapakṣecatudaśyārivevārā || śrīparamadevatāprītābhavaṃtu || śubhaṃ || tārāsahasranāmnāvyākhyāviśveśvarākhyasya | nirmitirapagatadoṣātārābhaktābjabhānurastīyaṃ tārāsahasranāmadīṭīkā,
M00258 - timirodhghATatantra.htm,timirodhghATatantra_M00258.xml,M00258,Timirodhghāṭatantra,,,,https://muktabodha-digital-library.org/texts/IAST/M00258,,,,,incomplete,,,,,,,"['tantra / āgama', 'śaiva']",,,,iti timirodghāṭanai (e) dvitīyaḥ paṭalaḥ,in middle
M00114 - tejobindUpaniSat.htm,tejobindUpaniSat_M00114.xml,M00114,Tejobindūpaniṣat Vivaraṇa,,Brahmayogin,mbP0128,https://muktabodha-digital-library.org/texts/IAST/M00114,Śāstrī Mahādeva,,,,,,colophon,Tejobindu Upaniṣat,ilxM00029,commentary,including the mūla,"['tantric / āgamic literature', 'yoga', 'upaniṣad', 'yogopaniṣad', 'yogopaniṣad']",colophon,,,śrīvāsudevendraśiṣyopaniṣadbrahmayoginā | likhitaṃ syādvivaraṇaṃ tejobindoḥ sphuṭaṃ laghu // itīśādyaṣṭottaraśatopaniṣacchāstravivaraṇe saptatriṃśatsaṃkhyāpūrakaṃ tejobindūpaniṣadvivaraṇaṃ saṃpūrṇam,
M00203 - tridazaDAmaratantre siddhikaalIstotra.htm,tridazaDAmaratantre_siddhikaalIstotra_M00203.xml,M00203,Tridaśaḍāmaratantre Siddhikalīstotra,,,,https://muktabodha-digital-library.org/texts/IAST/M00203,,,,,incomplete,lacking incipit,,,,,,"['tantric / āgamic literature', 'śākta']",,,,iti śrītridaśaḍāmare śrīsiddhikālī stotraṃ saṃpūrṇaṃ /// iti tridaśaḍāmare śrīsiddhikālī mantroddhāra saṃpūrṇaṃ /// śubhaṃ || pūrṇam,towards end /// at end
M00204 - tridazaDAmarApratyaGgirAvizayakanAnAtantra.htm,tridazaDAmarApratyaGgirAvizayakanAnAtantra_M00204.xml,M00204,Tridaśaḍāmarāpratyaṅgirāviśayakanānātantra,,,,https://muktabodha-digital-library.org/texts/IAST/M00204,,,,,fragments,collection of excerpts/fragments,,,,,,"['tantric / āgamic literature', 'śākta']",,,,iti śrītridaśaḍāmare mahātantre catuḥtriṃśatisāhasre śrīpratyaṃgirātpattimūlamantroddhāravidhiṃ ekāśītitamaḥ paṭalaḥ /// iti śrījayadrathayāmale vidyāpīṭhe bhairavaśrotasiśiraścchede caturviṃśati sāhasre dvitīyaṣaṭke śrīsiddhalakṣmī vidhāne mūlamālāmantraprakāśa ekaviṃśatitamaḥ paṭalaḥ samāptaḥ /// iti śrīmahākulakrame ḍāmare karavīrayoge vidyāmantrodayacakravarṇano nāmaprathama paṭalaḥ (AND 2-3-4-5)/// iti śrīkālasaṃkarṣaṇimate trailokyamohane caturviṃśatisāhasre vidyāsamudāya śrīsiddhikālī kramaṭiyiṇikaṃ prathamaḥ paṭalaḥ (AND 2-3-5-6) /// iti śrīkulaḍāmare siddhalakṣmīvidyātritayaṃ sāṃkṣepataḥ saṃpūrṇam /// iti śrīmahākullālike prākṛta siddhalakṣmī vidyā samāptaḥ /// iti śrītridaśaḍāmare pratyaṃgirā devyā mahāstavādhikāram || saṃvat 738 thvadaṃ śrī 3 bhavānīśaṃkaraprītina śrīkālīdāsa na saṃcayayāhā || umeśa prīṃtayetantrā kālīdāsena saṃcitam /// + ADDITIONAL TEXT LACKING EXPLICIT+COLOPHON,
M00637 - tripurabhairavIpaJcAGga.htm,tripurabhairavIpaJcAGga_M00637.xml,M00637,Tripurabhairavīpañcāṅga,,,,https://muktabodha-digital-library.org/texts/IAST/M00637,,,,,,,,,,,,"['tantric / āgamic literature', 'tantra / āgama']",,,,itiśrītripurabhairavīpaṃcamāṃgastotraṃsaṃpūrṇaṃśubham || bhadram,
M00639 - tripurasundarIsahasranAmastotra.htm,tripurasundarIsahasranAmastotra_M00639.xml,M00639,Tripurasundarīsahasranāmastotra,,,,https://muktabodha-digital-library.org/texts/IAST/M00639,,,,,,,,,,,,"['tantric / āgamic literature', 'tantra / āgama']",,,,śrīvāmakeśvarataṃtrehara (* * *?) śrīrājarājeśvarīmahātripurasuṃdarīsaha (* * *?) stotraṃsamāptamitiśivaṃ,
M00344 - hAritAyana - tripurArahasya jJAnakhaNDa.htm,hAritAyana_tripurArahasya_jJAnakhaNDa_M00344.xml,M00344,Tripurārahasya Jñānakhaṇḍa Tātparyadīpikā,,Śrīnivāsa,mbP0137,https://muktabodha-digital-library.org/texts/IAST/M00344,,,,,incomplete,only the jñānakhaṇḍa,colophon,,,commentary on jñānakhaṇḍa,including the mūla,"['tantric / āgamic literature', 'śākta', 'śrī-vidyā']",colophon,,,"iti śrītripurārahasyajñānakhaṇḍavyākhyāyāṃ tātparyadīpikāyāṃ śrīnivāsavibudhaviracitāyāṃ (k, kh: budha ityeva) dvāviṃśo'dhyāyaḥ",
M00221 - tripurArahasya mAhatmyakaNDham.htm,tripurArahasya_mAhatmyakaNDham_M00221.xml,M00221,Tripurārahasya Māhatmyakaṇḍham,,,,https://muktabodha-digital-library.org/texts/IAST/M00221,,,,,incomplete,only the māhatmyakaṇḍha,,,,,,"['tantric / āgamic literature', 'śākta']",,,,iti śrīmaditihāsottame tripurārahasye māhātmyakhaṇḍe upāsakamukhyadharmavarṇanaṃ nāmā'śītitamo'dhyāyaḥ || tripurāmbārpitamastu | oṃ tat sat || samāptamidaṃ tripurārahasye māhātmyakhaṇḍam,
M00297 - trizikhibrAhmaNopaniSat.htm,trizikhibrAhmaNopaniSat_M00297.xml,M00297,Triśikhibrāhmaṇopaniṣat Vivaraṇa,,Brahmayogin,mbP0128,https://muktabodha-digital-library.org/texts/IAST/M00297,Śāstrī Mahādeva,,,,,,colophon,Triśikhibrāhmaṇa Upaniṣat,ilxM00031,commentary,including the mūla,"['tantric / āgamic literature', 'yoga', 'upaniṣad', 'yogopaniṣad', 'yogopaniṣad']",colophon,,,śrīvāsudevendraśiṣyopaniṣadbrahmayoginā | prakṛtopaniṣadvyākhyā likhitā sphuṭato laghu || prakṛtopaniṣadvyākhyā ṣaṣṭyuttaraśatatrayam || iti śrīmadīśādyaṣṭottaraśatopaniṣacchāstravivaraṇe catuścatvāriṃśatsaṃkhyāpūrakaṃ triśikhibrāhmaṇopaniṣadvivaraṇaṃ saṃpūrṇam,
M00313 - troTalAtantra.htm,troTalAtantra_M00313.xml,M00313,Troṭalātantra,,,,https://muktabodha-digital-library.org/texts/IAST/M00313,,,,,,9 chapters,,,,,,"['tantric / āgamic literature', 'tantra / āgama', 'śākta']",,,,ityādye troṭale mahātantre tvaritāmūlasūtre navamaḥ paṭalaḥ samāptaḥ,
M00534 - troTalottara.htm,troTalottara_M00534.xml,M00534,Troṭalottara,,,,https://muktabodha-digital-library.org/texts/IAST/M00534,,,,,,,,Tottalottara,,,,['tantra / āgama'],,,,iti troṭalottare mahātaṃtre ekādaśasāhasrasya paṃcatriṃśatimodhyāyaḥ || iti tvaritājñānakalpa samāptaḥ /// iti troṭalottaro nāma samāptaḥ /// iti tvaritāstotraṃ śārdūlavikrīḍitaṃ dvādaśaślokaṃ samāptamiti || iti maṃgala mahāśrīḥ /// end - iti sārddhanavākṣaryāsthānavinyāsadhyānasūtraṃ samāptamiti,in middle /// at end
M00541 - dakSiNakAlIpUjApaddhati.htm,dakSiNakAlIpUjApaddhati_M00541.xml,M00541,Dakṣiṇakālīpūjāpaddhati,,,,https://muktabodha-digital-library.org/texts/IAST/M00541,,,,,,,,,,,,"['tantric / āgamic literature', 'Paddhati']",,,,iti śrīmaddakṣiṇakālikāpūjāpaddhati samāptā | oṃ tatsat gurave namaḥ | śubham,
M00625 - dakSiNAmUrtisaMhitA.htm,dakSiNAmUrtisaMhitA_M00625.xml,M00625,Dakṣiṇāmūrtisaṃhitā,,,,https://muktabodha-digital-library.org/texts/IAST/M00625,,,,,,,,,,,,['śaiva'],,,,itiśrīdakṣiṇāmūrtisaṃhitāyāṃ damanakāropaṇaṃnaimittikapūjāvidhānaṃ nāmatrayastriṃśatitamaḥpaṭalaḥ || saṃpūrṇaiṣāṃdakṣiṇāmūrtisaṃhitā śubham,
M00632 - dattAtreyatantra.htm,dattAtreyatantra_M00632.xml,M00632,Dattātreyatantra,,,,https://muktabodha-digital-library.org/texts/IAST/M00632,,,,,,22 chapters,,,,,,"['tantric / āgamic literature', 'tantra / āgama']",,,,itiśrīdattātreyataṃtresiṃhavyāghrādinivāraṇaṃnāmadvāviṃśatipaṭalaḥ || ādarśadoṣāgatibibhramādva (***) yadarthahīnaṃlikhitaṃ mayāhi kṣamasvadevaparamātmarūparakṣāṃsadādehi bhayāturasya ||,
E00003 - dattAtreyabodha.htm,dattAtreyabodha_E00003.xml,E00003,Dattātreyabodha,,,,https://muktabodha-digital-library.org/texts/IAST/E00003,,,,,incomplete,lacking incipit,,,,,,"['tantric / āgamic literature', 'yoga']",,,,iti dattātreyabodhaḥ samāptaḥ || hariḥ oṃ || śubhamastu,
M00296 - darzanopaniSat.htm,darzanopaniSat_M00296.xml,M00296,Darśanopaniṣat Vivaraṇa,,Brahmayogin,mbP0128,https://muktabodha-digital-library.org/texts/IAST/M00296,Śāstrī Mahādeva,,,,,,colophon,Darśana Upaniṣat,ilxM00032,commentary,including the mūla,"['tantric / āgamic literature', 'yoga', 'upaniṣad', 'yogopaniṣad', 'yogopaniṣad']",colophon,,,iti daśamaḥ khaṇḍaḥ || śrīvāsudevendraśiṣyopaniṣadbrahmayoginā | darśanopaniṣadvyākhyā likhitā brahmamātragā || darśanopaniṣadvyākhyāgranthastu dviśataṃ smṛtaḥ || iti śrīmadīśādyaṣṭottaraśatopaniṣacchāstravivaraṇe navatisaṃkhyāpūrakaṃ darśanopaniṣadvivaraṇaṃ saṃpūraṇam,
M00521 - dAzarathIyatantram.htm,dAzarathIyatantram_M00521.xml,M00521,Dāśarathīyatantram,,,,https://muktabodha-digital-library.org/texts/IAST/M00521,,,,,incomplete,,,,,,,"['tantric / āgamic literature', 'vaiṣṇava']",,,,iti śrīmadanuttarabrahmatatvarahasye dāśarathīye taṃtre vedasārārthasaṃgrahe uttarabhāge saubhāgyavidhodaye rājavidyāmāhātmye śāstrarahasyakathanaṃ nāma paṃcacatvārīṃśodhyāyaḥ,almost at end
M00234 - vedajJAna - dIkSAdarza.htm,vedajJAna_dIkSAdarza_M00234.xml,M00234,Dīkṣādarśa,,Vedajñāna,mbP0009,https://muktabodha-digital-library.org/texts/IAST/M00234,,,,,,,,,,,,"['śaiva', 'śaiva-siddhānta']",colophon,,,iti śrī vyāghrapuranivāsī vāmadevātmaja vedajñāna viracita dīkṣādarśassamāptaḥ || śrīmaddevaśikhāmaṇigurubhyo namaḥ || śrīmat ṣaṇmukhagurave namaḥ,
M00245 - dIkSApaddhati.htm,dIkSApaddhati_M00245.xml,M00245,Dīkṣāpaddhati,,,,https://muktabodha-digital-library.org/texts/IAST/M00245,,,,,incomplete,lacking explicit+colophon,,,,,,"['śaiva', 'Paddhati']",,,,no,
M00015 - raghunandanaprasAda zukla - dIkSAprakAza.htm,raghunandanaprasAda_zukla_dIkSAprakAza_M00015.xml,M00015,Dīkṣāprakāśa,,Jīvanātha,mbP0042,https://muktabodha-digital-library.org/texts/IAST/M00015,,,,,,,,,,,,"['tantric / āgamic literature', 'śaiva', 'śaiva-siddhānta']",colophon,,,iti śrīśambhunāthātmajaśrījīvanāthaviracito dīkṣāprakāśaḥ samāptaḥ /// iti śivamāhātmyavarṇanam | samāpto'yaṃ granthaḥ,almost at end /// end
M00543 - dIkSAvidhi.htm,dIkSAvidhi_M00543.xml,M00543,Dīkṣāvidhi,,,,https://muktabodha-digital-library.org/texts/IAST/M00543,,,,,uncertain,yes? - title in colophon spelled differently,,,,,,"['tantric / āgamic literature', 'Paddhati']",,,,mate nātmaka vā loke yatsarvatra viduṣyati | (***?) pāpa na kurvīta anityaṃ khalu(?) jīvitaṃ | pratyaṃ neṣṭavidhiḥ samāptāḥ,
M00279 - dIkSottara.htm,dIkSottara_M00279.xml,M00279,Dīkṣottara,Of the nisvāsakārikā,,,https://muktabodha-digital-library.org/texts/IAST/M00279,,,,,,,,,,,,"['tantric / āgamic literature', 'śaiva', 'śaiva-siddhānta']",,,,iti niśvāsakārikāyāṃ dīkṣottare prakaraṇe ekonaviṃśatiḥ paṭalaḥ | || samāpto'yaṃ saṃhitā iti || idaṃ pañcasūtrojvalaṃ samudāyena dvādaśasāhasrikaṃ samāptaṃ niśvāsakārikākhyaṃ tantram || oṃ namo namaḥ | oṃ huṃ namaḥ | oṃ haṃ sa | oṃ paramaśivena likhitam niśvāsakārikākhyaṃ tantram | oṃ hariḥ oṃ | oṃ śiva śiva śiva |,
M00544 - dIpayAdavidhi.htm,dIpayAdavidhi_M00544.xml,M00544,Dīpayāgavidhi,,,,https://muktabodha-digital-library.org/texts/IAST/M00544,,,,,incomplete,,,,,,,"['tantric / āgamic literature', 'Paddhati']",,,,iti śrīkulaśāsane ūrddhvāmnāyamate dīpajāgavidhiḥ samāptaḥ ///  iti tantrarāje gurustava samāptaṃ /// iti kulasamayārasvalpacarudīpayā pratyāraṃbhavidhi samāptaṃ /// iti śrījagatānandavirataṃ śrīmahātripurasundaryā stotraṃ samāptaṃ,in middle
M00545 - durgAnityArcanakrama.htm,durgAnityArcanakrama_M00545.xml,M00545,Durgānityārcanakrama,,,,https://muktabodha-digital-library.org/texts/IAST/M00545,,,,,,,,,,,,"['tantric / āgamic literature', 'Paddhati']",,,,iti nityārcanakramaḥ saṃkṣepaḥ,
M00340 - lakSmInArAyaNa gosTAmI - durgArcanaSRti.htm,lakSmInArAyaNa_gosTAmI_durgArcanaSRti_M00340.xml,M00340,Durgārcanaṣṛti,,Lakṣmīnārāyaṇa Gosvāmī,mbP0043,https://muktabodha-digital-library.org/texts/IAST/M00340,,,,,,,,,,,,"['tantric / āgamic literature', 'śākta']",colophon,,,ityargalapura nivāsi gauḍa jātīya bhāradvāja vaṃśodbhavavidvadvara gosvāmyupāhva paṃ(0) bulākhīrāma sūnunā bhū(0) pū(0) śrīvidyādharmavarddhinī pāṭhaśālāyāḥ karmakāṇḍa yajurvedādhyāpakena vidyābhūṣaṇa karma kāṇḍamaṇītyupādhi vibhūṣitena śrīlakṣmīnārāyaṇa gosvāminā saṃgrahītā durgārcana sṛtiḥ samāptā /// afterwards - vijayā daśamyāṃ śamī pūjanam /// atha śrī durgā saptaśatī pāṭhāṃtargata prācīna śloka upalabdha,towards end
M00166 - kaula sahiba - devInAmavilAsa.htm,kaula_sahiba_devInAmavilAsa_M00166.xml,M00166,Devīnāmavilāsa,,Sāhib Kaul,mbP0018,https://muktabodha-digital-library.org/texts/IAST/M00166,Śāstrī M K,,,,,,,,,,,"['tantric / āgamic literature', 'śākta']",colophon,,,iti śrīnāmavilāsaḥ saṃpūrṇaḥ | kṛtiriyaṃ śrīmacchrīmahāmāheśvarācāryavaryasakaladaiśikavaravarendrapūjyatamacaraṇasarojasāhibakaulapādānām,
M00507 - devIpUjA.htm,devIpUjA_M00507.xml,M00507,Devīpūjā,,,,https://muktabodha-digital-library.org/texts/IAST/M00507,,,,,,,,,,,,['tantric / āgamic literature'],,,,iti durgāpūjāsampūrṇā /// iti śrīpaṇḍitakṛṣṇakaviracitaḥ śrīmahārājñīstavaḥ sampūrṇaḥ /// iti śrīmadalakṣyeśvarī paraparyāyasāhibha dararūpabhavānī vākyamañjarī sampūrṇā /// iti sarasvatīstutiḥ,4 parts
M00310 - devIrahasya.htm,devIrahasya_M00310.xml,M00310,Devīrahasya,With pariśiṣṭas,,,https://muktabodha-digital-library.org/texts/IAST/M00310,Harabhaṭṭa Śastrī,,,,,,,,,,,"['tantric / āgamic literature', 'śākta']",,,,2 PARTS - iti śrīrudrayāmalatantrāntargata śrīdevīrahasye daśamīvidhinirūpaṇaṃ ṣaṣṭitamaḥ paṭalaḥ || samāptaṃ cedaṃ devīrahasyatantram /// iti śrīdakṣiṇāmūrtimuniviracite uddhārakośe sarvāgamasāre ṣoḍaśadevī saptadevī saptakumāra navagraha tridevī khecarīdhyānakośanirūpaṇaṃ saptamaḥ kalpaḥ || samāptaścāyamuddhārakośa iti śivam,
M00200 - dvizatikAlottara.htm,dvizatikAlottara_M00200.xml,M00200,Dviśatikālottara Vṛtti,,Aghoraśiva,mbP0028,https://muktabodha-digital-library.org/texts/IAST/M00200,,,,,incomplete,lacking incipit,colophon,,ilxM00033,commentary,including the mūla,"['tantra / āgama', 'śaiva', 'śaiva-siddhānta']",colophon,,,iti lakṣadvayādhyāpaka śrīmadaghora śivācāryaviracitāyāṃ dviśatikālottara vṛttau prāsādanirṇaya prakaraṇam || dviśatikālottara vṛttiḥ samāptā |,2 parts
M00106 - dhyAnabindUpaniSat.htm,dhyAnabindUpaniSat_M00106.xml,M00106,Dhyānabindūpaniṣat Vivaraṇa,,Brahmayogin,mbP0128,https://muktabodha-digital-library.org/texts/IAST/M00106,Śāstrī Mahādeva,,,,,,colophon,Dhyānabindu Upaniṣat,ilxM00034,commentary,including the mūla,"['tantric / āgamic literature', 'yoga', 'upaniṣad', 'yogopaniṣad', 'yogopaniṣad']",colophon,,,śrīvāsudevendraśiṣyopaniṣadbrahmayoginā | likhitaṃ syādvivaraṇaṃ dhyānabindoḥ sphuṭaṃ laghu || dhyānabinduvivaraṇaṃ triṃśadadhiśatatrayam || iti śrīmadīśādyaṣṭottaraśatopaniṣacchāstravivaraṇe ekonacatvāriṃśatsaṃkhyāpūrakaṃ dhyānabindūpaniṣadvivaraṇaṃ saṃpūrṇam,
E00008 - dhyAnaratnAvali.htm,dhyAnaratnAvali_E00008.xml,E00008,Dhyānaratnāvali,,,,https://muktabodha-digital-library.org/texts/IAST/E00008,,,,,incomplete,lacking explicit+final colophon,,,,,,"['tantric / āgamic literature', 'śaiva']",,,,ṣoḍaśagrahadhyānaṃ samāptaḥ /// ṣaḍvigrahaviṣaṭtriṃśat vigrahadhyānaṃ samāptaḥ,in middle
M00542 - dhvajArohaNavarSavarddhanavidhi.htm,dhvajArohaNavarSavarddhanavidhi_M00542.xml,M00542,Dhvajāvarohaṇavarṣavarddhanavidhi,,,,https://muktabodha-digital-library.org/texts/IAST/M00542,,,,,icomplete,lacking explicit+final colophon,,,,,,"['tantric / āgamic literature', 'Paddhati']",,,,iti dhvajāvarohanavarṣavarddhanavidhisamāptaṃ,in middle
M00039 - sadyojyoti - narezvaraparIkSA.htm,sadyojyoti_narezvaraparIkSA_M00039.xml,M00039,Nareśvaraparīkṣā Prakāśa,,Rāmakaṇṭha,mbP0013,https://muktabodha-digital-library.org/texts/IAST/M00039,Śāstrī M K,,,,,,colophon,,ilxM00035,commentary,including the mūla,"['tantric / āgamic literature', 'śaiva', 'śaiva-siddhānta', 'śaiva-siddhānta post 1100 AD']",colophon,,,iti śrīnārāyaṇakaṇṭhasūnubhaṭṭarāmakaṇṭhakṛtau nareśvaraparīkṣāprakāśe paradarśanaprasiddheśvarapratikṣepākhyaṃ tṛtīyaṃ kāṇḍam || sampūrṇaścāyaṃ nareśvaraparīkṣāprakāśaḥ,
I00026 - navagrahadhyAnam.htm,navagrahadhyAnam_I00026.xml,I00026,Navagrahadhyānam,,,,https://muktabodha-digital-library.org/texts/IAST/I00026,,,,,incomplete,lacking explicit+final colophon,,,,,,"['tantric / āgamic literature', 'śaiva']",,,,no,
M00555 - navapIThASTamAtRkArAdhanavidhi.htm,navapIThASTamAtRkArAdhanavidhi_M00555.xml,M00555,Navapīṭhāṣṭamātṛkārādhanavidhi,,,,https://muktabodha-digital-library.org/texts/IAST/M00555,,,,,,,,,,,,"['tantra / āgama', 'Paddhati']",,,,atha navapīṭha aṣṭamātṛkā ārādhanavidhi likhyate /// mālinīdaṇḍakastotraṃ samāptaḥ / iti śivaśaktisamarasatva mahāmāyā stotraṃ samāptaḥ / iti śrīpīṭhanṛnnaya devyā smṛte pīṭhāvatāla stotraṃ samāptaḥ /// iti pithipūjāvidhi samāptaḥ,at beginning /// in middle /// at end
M00628 - navArNavacaNDipaJjAGga.htm,navArNavacaNDipaJjAGga_M00628.xml,M00628,Navārṇavacaṇḍipañjāṅga,,,,https://muktabodha-digital-library.org/texts/IAST/M00628,,,,,,,,,,,,['śaiva'],,,,itiśrīrudrayāmaletaṃtrenavārṇavacaṃḍīpaṃcāgastotraṃsamāptam || oṃ śubhamastusarvajagatām,
M00359 - nATyazAstram vol. 1.htm,nATyazAstram_vol._1_M00359.xml,M00359,Nāṭyaśāstra Abhinavabhāratī Vol. 1,,Abhinavagupta,mbP0017,https://muktabodha-digital-library.org/texts/IAST/M00359,K. S. Ramaswami Shastri,,,,,,colophon,,ilxM00036,commentary,including the mūla,['tantric / āgamic literature'],colophon,,,iti śrībhāratīye nāṭyaśāstre bhāvavyañjako nāma saptamo'dhyāyaḥ,
M00361 - nATyazAstram vol. 2.htm,nATyazAstram_vol._2_M00361.xml,M00361,Nāṭyaśāstra Abhinavabhāratī Vol. 2,,Abhinavagupta,mbP0017,https://muktabodha-digital-library.org/texts/IAST/M00361,K. S. Ramaswami Shastri,,,,,,colophon,,ilxM00036,commentary,including the mūla,['tantric / āgamic literature'],colophon,,,iti bhāratīye nāṭyaśāstre daśarūpanirūpaṇaṃ nāmādhyāyo'ṣṭādaśaḥ samāptaḥ || iti vimalaśiśiradīdhitikalitaśiromaṇḍanāṅghridāsyacaṇaḥ | abhivanagupto guptaṃ daśasvarūpaṃ satattvakaṃ vyavṛṇot || iti śrīmanmahāmāheśvarābhinavaguptācāryaviracitāyāṃ nāṭyavedavivṛtāvabhinavabhāratyāṃ daśarūpakavidhānaṃ nāmāṣṭādaśo'dhyāyaḥ,
M00362 - nATyazAstram vol. 3.htm,nATyazAstram_vol._3_M00362.xml,M00362,Nāṭyaśāstra Abhinavabhāratī Vol. 3,,Abhinavagupta,mbP0017,https://muktabodha-digital-library.org/texts/IAST/M00362,K. S. Ramaswami Shastri,,,,,27 chapters,colophon,,ilxM00036,commentary,including the mūla,['tantric / āgamic literature'],colophon,,,iti bhāratīye nāṭyaśāstre siddhivyañjako nāma saptaviṃśo'dhyāyaḥ /// iti śrīkāśmīramahāmāheśvarācāryābhinavaguptācāryaviracitāyāṃ abhinavabhāratyāṃ nāṭyavedavṛttau siddhyadhyāyaḥ saptaviṃśaḥ - plus an appendix of ch.33,almost at end
M00111 - nAdabindUpaniSat.htm,nAdabindUpaniSat_M00111.xml,M00111,Nādabindūpaniṣat Vivaraṇa,,Brahmayogin,mbP0128,https://muktabodha-digital-library.org/texts/IAST/M00111,Śāstrī Mahādeva,,,,,,colophon,Nādabindu Upaniṣat,ilxM00037,commentary,including the mūla,"['tantric / āgamic literature', 'yoga', 'upaniṣad', 'yogopaniṣad', 'yogopaniṣad']",colophon,,,śrīvāsudevendraśiṣyopaniṣadbrahmayoginā | likhitaṃ syādvivaraṇaṃ nādabindoḥ sphuṭaṃ laghu | nādabinduvivaraṇaṃ pañcāśadadhikaṃ śatam || iti śrīmadīśādyaṣṭottaraśatopaniṣacchāstravivaraṇe aṣṭatriṃśatsaṃkhyāpūrakaṃ nādabindūpaniṣadvivaraṇaṃ saṃpūrṇam,
M00526 - nAdAnusandhAna.htm,nAdAnusandhAna_M00526.xml,M00526,Nādānusandhāna,,,,https://muktabodha-digital-library.org/texts/IAST/M00526,,,,,,,,,,,,"['tantric / āgamic literature', 'yoga']",,,,iti śrīyogaśāstre śrīpārvatīśvarasaṃvāde nādānusaṃdhānaṃ saṃpūrṇam,
M00321 - <ramaramanadeva - nigamasAranirNaya.htm,ramaramanadeva_nigamasAranirNaya_M00321.xml,M00321,Nigamasāra Nirṇaya,,Ramāramaṇa,mbP0044,https://muktabodha-digital-library.org/texts/IAST/M00321,,,,,,,colophon,,ilxM00038,commentary,including the mūla,"['compendium', 'tantric / āgamic literature', 'kaula', 'kaula later post 1100 AD']",colophon,Śrī Ramāramaṇa Deva Śarma,colophon,śrīramāramaṇadevaśarmaṇā nirmite nigamasāranirṇaye | kālikāmanuvidhānapūjanadhyāna bhuvibhṛtakaḥ paṭaloyaṃ,
I00023 - nitArcanavidhi vAsanArcanavidhi from vAtulatantra.htm,nitArcanavidhi_vAsanArcanavidhi_from_vAtulatantra_I00023.xml,I00023,Nityārcanavidhi Vāsanārcanavidhi,From Vātulatantra,,,https://muktabodha-digital-library.org/texts/IAST/I00023,,,,,fragments,fragments/excerpts,,,,,,"['tantric / āgamic literature', 'śaiva', 'śaiva-siddhānta']",,,,iti vātula tantre sahastrasaṃhitāyā nityārcana paṭalaḥ || śrīvaśrīkaṇṭhapparāya svahasta likhitaṃ vāsanārcanai saṃpūrṇam,at end
M00527 - laugAkSi - nityakarmavidhi.htm,laugAkSi_nityakarmavidhi_M00527.xml,M00527,Nityakarmavidhi,,Laugākṣi,mbP0113,https://muktabodha-digital-library.org/texts/IAST/M00527,Keśava Bhaṭṭa,,,,,various sections; no mention of author of collection,,,,,,"['tantric / āgamic literature', 'śaiva', 'Paddhati']",catalog,,,atha snānavidhiḥ || atha sandhyopāsanā ||  naivedyamaṃtrāḥ || viṣṇupañcāyatanapūjāvidhi || atha paṃcagavyavidhiḥ || bhojanavidhiḥ || atha gurustutiḥ || atha mahāgāyatrīstutiḥ || prārthanāstutiḥ || atha sarasvatīstutiḥ - kālidāsakṛtā || atha gaurīstutiḥ || atha mukundamālāstutiḥ - śrīkulaśekhararājñākṛtā || atha śrīkṛṣṇalīlā || atha jayastutirviṣṇoḥ - viṣṇustutiḥ || govindāṣṭakaṃ - iti śrīśaṃkarācāryakṛtaṃ || iti abhinavaguptā'cāryakṛtā śivastutiḥ,
M00316 - nityAkaulatantra.htm,nityAkaulatantra_M00316.xml,M00316,Nityākaulatantra,,,,https://muktabodha-digital-library.org/texts/IAST/M00316,,,,,incomplete,,,Nityātantra,,,,"['tantric / āgamic literature', 'tantra / āgama', 'kaula', 'śākta']",,,,iti nityākaula pañcamapaṭalaḥ,in middle
M00052 - nityASoDazikArNavatantra with the commentary called setubandha.htm,nityASoDazikArNavatantra_with_the_commentary_called_setubandha_M00052.xml,M00052,Nityāṣoḍaśikārṇavatantra Vyākhyāna Setubandha,,Bhāskararāya,mbP0062,https://muktabodha-digital-library.org/texts/IAST/M00052,Abhyaṃkara K V,,,,,,colophon,,ilxM00039,commentary,including the mūla,"['tantric / āgamic literature', 'tantra / āgama', 'śākta', 'śrī-vidyā']",colophon,,,iti śrīmatpadavākyapramāṇapārāvārapārīṇadhurīṇanikhilatantrasvatantraśrīmadgambhīrarājabhāratīdikṣitasūnunā bhāsurānandanāthadīkṣābhidhānena bhāskararāyeṇa praṇīto nityāṣoḍaśikārṇavavyākhyānātmā setubandhaḥ saṃpūrṇaḥ,
M00266 - niruttaravAda.htm,niruttaravAda_M00266.xml,M00266,Niruttaravāda,,,,https://muktabodha-digital-library.org/texts/IAST/M00266,,,,,,,,,,,,['tantric / āgamic literature'],,,,iti śrīparamarahasye (* * * *?) de(*)ra(*) sro(*) vi(*)rga(*)u(*)de(*)ni(*)yo(*)ñca(*) || samāptaṃ midaṃ niru(*?)ravadamiti śubham,
M00127 - nirvaNatantra.htm,nirvaNatantra_M00127.xml,M00127,Nirvaṇatantra,,,,https://muktabodha-digital-library.org/texts/IAST/M00127,,,,,,14 chapters,,,,,,"['tantric / āgamic literature', 'tantra / āgama']",,,,iti śrīnirvāṇataṃtre caṃḍikāśaṃkarasaṃvāde avadhūtāśramavivaraṇaṃ nāma caturdaśaḥ paṭalaḥ || samāptaḥ | śubham,
M00557 - nirvANaguhyakAlIpUjA.htm,nirvANaguhyakAlIpUjA_M00557.xml,M00557,Nirvāṇaguhyakālīpūjā,,,,https://muktabodha-digital-library.org/texts/IAST/M00557,,,,,uncertain,incomplete?,,,,,,"['tantra / āgama', 'Paddhati']",,,,no,
M00267 - nirvANayogottara.htm,nirvANayogottara_M00267.xml,M00267,Nirvāṇayogottara,,,,https://muktabodha-digital-library.org/texts/IAST/M00267,,,,,incomplete,,,,,,,['tantric / āgamic literature'],,,,i(*)śrī(*)rva(*)ddhā(*)ni(*)ṇa(*)go(*)raṃ(*)mā(*)m || śivaṃ bhavatu,at end
M00251 - nizvAsakArikA.htm,nizvAsakArikA_M00251.xml,M00251,Niśvāsakārikā,,,,https://muktabodha-digital-library.org/texts/IAST/M00251,,y,,,incomplete,lacking incipit (starts with ch.11) + missing file of 2nd part,,Niśvāsakārikātantra,,,,"['tantric / āgamic literature', 'śaiva', 'śaiva-siddhānta']",,,,iti niśvāsakārikāyāṃ tripañcāśatpaṭalaḥ,
M00280 - nisvAsakArikA.htm,nisvAsakArikA_M00280.xml,M00280,Niśvāsakārikā,,,,https://muktabodha-digital-library.org/texts/IAST/M00280,,n,muktabodha/nizvAsakArikA_M00251.xml,,,,,,,,,"['tantric / āgamic literature', 'śaiva', 'śaiva-siddhānta']",,,,,
I00014 - nIlakaNThaSaTkarmaprayoga.htm,nIlakaNThaSaTkarmaprayoga_I00014.xml,I00014,Nīlakaṇṭhaṣaṭkarmaprayoga,,,,https://muktabodha-digital-library.org/texts/IAST/I00014,,,,,uncertain,incomplete?,,,,,,"['tantric / āgamic literature', 'śaiva', 'śaiva-siddhānta']",,,,"Following topics are present (also marked within text): 1. bhedanamantra in Tamil 2. uccāṭanamantra in Tamil 3. bālāyantram 4. brahmādhyānam 5. sarasvatīdhyānam 6. mahāśāstāpūjā 7. śrīcidmbarapañcākṣāramahāmantrasya dhyānam 8. durgapūjā 9. pañcapūjā 10. dakṣiṇāmūrtidhyānam 11. śivastotram 12. umāmaheśvarastotram 13. pitṛ-udavāhanam 14. gaṅgādharāṣṭakam 15. pañcāsanam 16. nīlamālāmantram 17. nīlakaṇṭhapryogavidhiviṣaśānti in Tamil 18. nīlakaṇṭham-māhanayantram,raktavarṇadhyānam",list of topics
M00038 - netratantra.htm,netratantra_M00038.xml,M00038,Netratantra Uddyota,,Kṣemarāja,mbP0049,https://muktabodha-digital-library.org/texts/IAST/M00038,Malaviya Sudhakar,,,,,,colophon,,ilxM00094,commentary,including the mūla,"['tantric / āgamic literature', 'tantra / āgama', 'śaiva']",colophon,,,samāpto'yaṃ netroddyotākhyo granthaḥ || kṛtirmahāmāheśvaraśrīmadabhinavaguptapādapadmaparāgāsvādatatparaśrīkṣemarājasyeti śivam,
M00603 - paJcaratnavyAkhyA.htm,paJcaratnavyAkhyA_M00603.xml,M00603,Pañcaratnavyākhyā,,Revaṇa Ārādhya,mbP0166,https://muktabodha-digital-library.org/texts/IAST/M00603,,,,,fragments,collection of excerpts,,"Tantrasāraprakāśikā, Tārakadīpikā, Śivatattvaprakāśikā, Śrutyarthaprakāśikā",ilxM0110,commentary,including the mūla,"['śaiva', 'vīraśaiva']",colophon,,,1) iti śrīmatsosalavīraṇārādhyasya kṛteḥ tantrasāra pañcaratnasya vyākhyā revaṇārādhya viracitā tantrasāra prakāśikākhyā parisamāptā /// 2) iti śrīmadveda vedaśiraḥ śivāgamapurāṇaprabhṛti pravīṇa śrīmatsosalivīraṇārādhyasya kṛteḥ tārakapañcaratnasya vyākhyārevaṇārādhyaviracitā tārakapradīpikāvyā parisamāptā /// 3) iti śrīmadvedavedaśiraḥ śivāgamapurāṇa prabhṛti pracuraśāstrapravīṇa śrīmatsosalivīraṇārādhyadeśika kuñjarasya kṛteḥ śivarahasya pañcaratnasya vyākhyā revaṇārādhya viracitā śivatatvaprakāśikā parisamāptā /// 4) iti śrīmadveda veda śiraḥ śivāgama purāṇa prabhṛti pravīṇa śrīmatsosali vīraṇārādhyasya kṛteḥ śruti sārapañcaratnasya vyākhyā tattanaya śrīmadrevaṇā siddheśvarātmaja śrī revaṇārādhya viracitā śrīmadveda veda śiraḥ śivāgama purāṇa prabhṛti pracura śāstra prakhyā śrī madvṛṣendra pramukha mukhodgīta rahasyārtha samākhyā śrutyartha prakāśikākhyā vyākhyā parisamāptā || śivamastu śivāya namaḥ svādhīna manasāṃ puṃsāṃ gṛhameva tapovanam | ati rājya sthito yogī janakaḥ sanakādhikaḥ,4 texts
M00041 - abhinavagupta - paramArthasAra.htm,abhinavagupta_paramArthasAra_M00041.xml,M00041,Paramārthasāra Vivṛti,,Yogarāja,mbP0138,https://muktabodha-digital-library.org/texts/IAST/M00041,Chatterji J. C.,,,,,,colophon,,ilxM00040,commentary,including the mūla,"['tantric / āgamic literature', 'śaiva', 'non-dual śaivism of Kashmir']",colophon,,,iti śrīmahāmāheśvarācāryābhinavaguptaviracitaḥ paramārthasāraḥ /// saṃpūrṇeyaṃ paramārthasārasaṃgrahavivṛtiḥ kṛtistatrabhavatparamamāheśvaraśrīrājānakayogarājasya,
M00218 - paramezvarImatatantra.htm,paramezvarImatatantra_M00218.xml,M00218,Parameśvarīmatatantra,,,,https://muktabodha-digital-library.org/texts/IAST/M00218,,,,,fragments,chapters from 2 separate texts,,,,,,"['tantric / āgamic literature', 'śākta']",,,,iti pārameśvarīmate navakoṭisaṃhitāyāṃ caturāśītisahasrameruddhāraḥ caturviṃśatimaḥ paṭalaḥ /// iti śrīkubjikāmateṣaṭpaṃcāśatitamaḥ paṭalaḥ samāptaḥ,towards beginning /// at end
M00358 - alias krodhabhaTTAraka - parazambhumahimnastava.htm,alias_krodhabhaTTAraka_parazambhumahimnastava_M00358.xml,M00358,Paraśambhumahimnastava,,Krodhabhaṭṭāraka (Alias),mbP0045,https://muktabodha-digital-library.org/texts/IAST/M00358,,,,,,,,,,,,['tantric / āgamic literature'],colophon,Mahāmahiman Durvāsas Munīśvara,colophon,iti śrīkrodhabhaṭṭārakāparanāmnā mahāmahimnā durvāsasā munīśvareṇa viracitaparaśaṃbhumahimnastavaḥ saṃpūrṇaḥ,
M00214 - parazurAmakalpasUtra.htm,parazurAmakalpasUtra_M00214.xml,M00214,Paraśurāmakalpasūtra Vṛtti,,Rāmeśvara,mbP0139,https://muktabodha-digital-library.org/texts/IAST/M00214,S. Y. Śastri Dave,,,,incomplete,ch. 1-6 copy-pasted twice; after ch. 6: content unclear; ch. 7-to end not found (unlike stated in introduction); lacking explicit+colophon,colophon,,ilxM00041,commentary,including the mūla,['tantric / āgamic literature'],colophon,,,śrīmahātripurasundaryai namaḥ | śrīparaśurāmakalpasūtram rāmeśvarakṛtavṛttisahitam /// iti śrīrāmeśvararacitāyāṃ saubhāgyodayanāmnyāṃ paraśurāmasūtravṛttau prathamakhaṇḍātmakaṃ dīkṣāprakaraṇaṃ samāptam /// atraivakāreṇa (...) | 48 pṛ 26 paṅktyanantaramavaśiṣṭamidaṃ śirṣakam| tantrāntaropasaṃhāravicāraḥ,at beginning /// in middle /// at end
M00308 - parAkramapUjA.htm,parAkramapUjA_M00308.xml,M0308,Parākramapūjā,,,,https://muktabodha-digital-library.org/texts/IAST/M0308,,,,,uncertain,yes? - name given by typist,,,,,,"['tantric / āgamic literature', 'śākta']",,,,no,originally unnamed
M00062 - parAtantra.htm,parAtantra_M00062.xml,M00062,Parātantra,,,,https://muktabodha-digital-library.org/texts/IAST/M00062,,,,,,9 chapters,,,,,,"['tantric / āgamic literature', 'tantra / āgama']",,,,iti śrī śrotaśiraśchede mahākaravīrayoge parātantre navamo paṭalaḥ samāpta,
M00409 - parAtriMzikAvivaraNa.htm,parAtriMzikAvivaraNa_M00409.xml,M00409,Parātriṃśikāvivaraṇa,,Abhinavagupta,mbP0017,https://muktabodha-digital-library.org/texts/IAST/M00409,,,,,,,colophon,,ilxM00042,commentary,including the mūla,"['tantric / āgamic literature', 'non-dual śaivism of Kashmir']",colophon,,,samāptamidaṃ parātriṃśikātattvavivaraṇam || iti śrīparātriṃśikā samāptā vivṛtiścātra tatrabhavatśrīmanmahāmāheśvarācāryavaryaśrīrmadabhinavaguptācāryaviracitā +TILAKA,
M00043 - somAnanda ii - parAtrizikAtAtparyadIpikA and zAktavijJAna.htm,somAnanda_ii_parAtrizikAtAtparyadIpikA_and_zAktavijJAna_M00043.xml,M00043,"Parātriśikātātparyadīpikā, Śāktavijñāna",,Somānanda Ii,mbP0046,https://muktabodha-digital-library.org/texts/IAST/M00043,Zadoo J D,,,,,yes - but only 1st text/name,,,ilxM00042,commentary,including the mūla,"['tantric / āgamic literature', 'śaiva', 'non-dual śaivism of Kashmir', 'śākta']",catalog,,,iti śrīparātrīśikātātparyadīpikā saṃpūrṇā,
M00044 - rAjAnakalakSmirAma - parAtrizikAvivRti.htm,rAjAnakalakSmirAma_parAtrizikAvivRti_M00044.xml,M00044,Parātriśikāvivṛti,,Lakṣmirāma,mbP0047,https://muktabodha-digital-library.org/texts/IAST/M00044,Zadoo J D,,,,,,,,ilxM00042,commentary,including the mūla,"['tantric / āgamic literature', 'śaiva', 'kaula']",colophon,Rājānaka Lakṣmirāma,colophon,iti śrīrājānakalakṣmīrāmakṛtā parātrīśikālaghuvivṛtiḥ samāptā || pāṭhakalekhakayoḥ śreyaskarī bhūyāditi,
M00215 - parAtrizikAvivRti.htm,parAtrizikAvivRti_M00215.xml,M00215,Parātriśikāvivṛti,,Lakṣmirāma,mbP0047,https://muktabodha-digital-library.org/texts/IAST/M00215,,,,,incomplete,lacking incipit+explicit+colophon,,,ilxM00042,commentary,including the mūla,"['tantric / āgamic literature', 'non-dual śaivism of Kashmir']",incipit,,,iti śrīparātriṃśikāvivṛtī rājānakalakṣmīrāmaviracitā samāptā || saṃvat 43 kānnatyaikādaśyāṃ likhiteyam ///  sampūrṇamidaṃ mantravivaraṇam,at beginning /// at end
M00154 - abhinavagupta - parAtrizikAvivRtI.htm,abhinavagupta_parAtrizikAvivRtI_M00154.xml,M00154,Parātriśikāvivṛti,,Abhinavagupta,mbP0017,https://muktabodha-digital-library.org/texts/IAST/M00154,Śāstrī M R,,,,,,,Parātriśikāvivaraṇa,ilxM00042,commentary,including the mūla,"['tantric / āgamic literature', 'śaiva', 'non-dual śaivism of Kashmir']",colophon,,,samāptamidaṃ parātriṃśikātattvavivaraṇam || iti śrīparātriṃśikā samāptā vivṛtiścātra tatrabhavatśrīmanmahāmāheśvarācāryavaryaśrīrmadabhinavaguptācāryaviracitā +TILAKA,
M00042 - parAtrIzikAlaghuvRtti.htm,parAtrIzikAlaghuvRtti_M00042.xml,M00042,Parātrīśikālaghuvṛtti,,Abhinavagupta,mbP0017,https://muktabodha-digital-library.org/texts/IAST/M00042,Śāstrī J Z,,,,,,,,ilxM00042,commentary,including the mūla,"['tantric / āgamic literature', 'śaiva', 'non-dual śaivism of Kashmir', 'kaula']",colophon,,,samāptā iyamanuttaratattvavimarśinī parātrīśikālaghuvṛtti trinayanacaraṇasaroruhācintanalabdhaprasiddhināmabhinavaguptapādānāṃ kṛtiriti śivam + TILAKA,
M00357 - parAnanda muni - parAnandasUtra.htm,parAnanda_muni_parAnandasUtra_M00357.xml,M00357,Parānandasūtra,,Pārānanda,mbP0048,https://muktabodha-digital-library.org/texts/IAST/M00357,Swami Trivikrama Tīrtha,,,,,,,,,,,['tantric / āgamic literature'],colophon,Parānanda Muni,catalog,iti pārānandasūtre uttarādhyāye saptamamāhnikam || samāptaṃ cedaṃ pārānandasūtram | samāptā ceyaṃ pārānandamīmāṃsā || ityoṃ,
M00048 - kSemarAja - parAprAvezikA.htm,kSemarAja_parAprAvezikA_M00048.xml,M00048,Parāprāveśikā,,Kṣemarāja,mbP0049,https://muktabodha-digital-library.org/texts/IAST/M00048,,,,,,,,,,,,"['tantric / āgamic literature', 'śaiva', 'non-dual śaivism of Kashmir']",colophon,,,iti śrīmanmahāmāheśvarācāryavaryakṣemarājaviracitā parāprāveśikā samāptā /// + additional text,
M00629 - parAmbArcanacandrikA.htm,parAmbArcanacandrikA_M00629.xml,M00629,Parāmbārcanacandrikā,,,,https://muktabodha-digital-library.org/texts/IAST/M00629,,,,,incomplete,lacking explicit+final colophon,,,,,,['śaiva'],,,,itiśrīparāṃbārcanacaṃdrikāyāṃdvitīyaprakāśaḥ,in middle
I00003 - tyAgarAyaguru - parArthapUjAvidhi.htm,tyAgarAyaguru_parArthapUjAvidhi_I00003.xml,I00003,Parārthapūjāvidhi,,Tyāgarāyaguru,mbP0050,https://muktabodha-digital-library.org/texts/IAST/I00003,,,,,incomplete,,,,,,,"['śaiva', 'śaiva-siddhānta', 'Paddhati']",colophon,,,nityapūjāvidhi araśūrī tyāgarāyaguru sva hastalukhitam,at beginning
M00566 - pazcimajyeSThAmnAyakarmArcanapaddhati.htm,pazcimajyeSThAmnAyakarmArcanapaddhati_M00566.xml,M00566,Paścimajyeṣṭhāmnāyakarmārcanapaddhati,,,,https://muktabodha-digital-library.org/texts/IAST/M00566,,,,,incomplete,lacking final colophon,,,,,,"['tantra / āgama', 'Paddhati']",,,,iti śrīśrīśrīpaścimajeṣṭhāmnāya krammārccana paddhatiḥ samāptaṃ,in middle
M00560 - pazcimAmnAyasamayadIkSAvidhi.htm,pazcimAmnAyasamayadIkSAvidhi_M00560.xml,M00560,Paścimāmnāyasamayadīkṣāvidhi,,,,https://muktabodha-digital-library.org/texts/IAST/M00560,,,,,incomplete,,,,,,,"['tantra / āgama', 'Paddhati']",,,,no,title?
M00558 - pazcimAmnAyASTAviMzatikramArcana.htm,pazcimAmnAyASTAviMzatikramArcana_M00558.xml,M00558,Paścimāmnāyāṣṭāviṃśatikramārcana,,,,https://muktabodha-digital-library.org/texts/IAST/M00558,,,,,incomplete,lacking final colophon,,,,,,"['tantra / āgama', 'Paddhati']",,,,iti śrīpaścimajeṣṭhānjeṣṭhe āmnāya aṣṭāviṃśati krammārccaṇaṃ samāpta,in middle
M00040 - vedAntadezika - pAJcarAtrarakSA.htm,vedAntadezika_pAJcarAtrarakSA_M00040.xml,M00040,Pāñcarātrarakṣā,,Vedāntadeśika,mbP0051,https://muktabodha-digital-library.org/texts/IAST/M00040,Pandit T. Venugopalacharya,,,,,,,,,,,"['tantric / āgamic literature', 'vaiṣṇava', 'pāñcarātra']",colophon+catalog,Veṅkaṭanātha,colophon,iti śrīkavitārkikasiṃhasya sarvatantrasvatantrasya śrīmadveṅkaṭanāthasya vedāntācāryasya kṛtiṣu śrīpāñcarātrarakṣāyāṃ nityavyākhyānākhyaḥ tṛtīyo'dhikāraḥ śrīpāñcarātrarakṣāṃ saṃpūrṇā,
M00112 - pAzupatabrahmopaniSat.htm,pAzupatabrahmopaniSat_M00112.xml,M00112,Pāśupatabrahmopaniṣat Vivaraṇa,,Brahmayogin,mbP0128,https://muktabodha-digital-library.org/texts/IAST/M00112,Śāstrī Mahādeva,,,,,,colophon,Pāśupatabrahma Upaniṣat,ilxM00043,commentary,including the mūla,"['tantric / āgamic literature', 'yoga', 'upaniṣad', 'yogopaniṣad', 'yogopaniṣad']",colophon,,,śrīvāsudevendraśiṣyopaniṣadbrahmayoginā | pāśupatopaniṣado vyākhyānaṃ likhitaṃ laghu | pāśupatīyavivṛtiḥ dviśatagranthabhūṣitā || iti śrīmadīśādyaṣṭottaraśatopaniṣacchāstravivaraṇe saptasaptatisaṃkhyāpūrakaṃ pāśupatabrahmopaniṣadvivaraṇaṃ saṃpūrṇam,
M00305 - piGgalAmata.htm,piGgalAmata_M00305.xml,M00305,Piṅgalāmata,jayadrathādhikara,,,https://muktabodha-digital-library.org/texts/IAST/M00305,,,,,incomplete,breaks off at end,,,,,,"['tantra / āgama', 'śaiva', 'trika', 'śākta']",,,,iti piṅgalāmate jayadrathādhikāre vyākhyāprakaraṇaṃ samāptam /// samvat 297 caitraśuklapūrṇamāsyāṃ māsadine uttaraphālguṇanakṣatre | śrīrameśvara paramabhaṭṭārakamahārājādhirāja śrīmadrudra devasya vijayarājye | śrīmat mahāvijakarathyāyāṃ śrīcandanamaṇḍapīrathyādhivāsinā | śrīśivācāryavijādharavarmeṇa likhāpitaṃ pustakaṃ | lekhakapaśupatinālikhitamiti |,almost at beginning /// at end
M00559 - pIThapUjAvidhi.htm,pIThapUjAvidhi_M00559.xml,M00559,Pīṭhapūjāvidhi,,,,https://muktabodha-digital-library.org/texts/IAST/M00559,,,,,,,,,,,,"['tantra / āgama', 'Paddhati']",,,,"iti pīṭhipūjā samāpta || samvat 821 phālguṇakṛṣṇa trayodaśī thvakuhnu śrī ākāśamahābhairavasaratha śrī śrījayabhūpatīndramalladevasanayo""nādinajalo || śubha || adyetyādi || mānavagotra yajamānasya śrīśrījayabhūpatīndramalladevavarmmaṇaḥ śrī sveṣṭadevatāprītikāmanayā navagṛhapraveśapratiṣṭhānimityārthena siddhāgni ayutāhuti yajñanavapīṭha aṣṭamātṛkārādhanaṃ karttuṃ puṣpabhājanaṃ samarppayāmi ||",
M00045 - purazcaryArNava volume 1.htm,purazcaryArNava_volume_1_M00045.xml,M00045,Puraścaryārṇava Volume 1,,Pratāpa Siṃha,mbP0114,https://muktabodha-digital-library.org/texts/IAST/M00045,Muralidhara Jhā,,,,,,,,,,,"['compendium', 'tantric / āgamic literature', 'śaiva']",colophon,Śrīman Mahārāja Adhirāja Śrī Pratāpa Siṃha Sāha,colophon,iti śrīmanmahārājādhirājaśrīpratāpasiṃhasāhaviracite puraścaryārṇave kriyāvatīdīkṣāvidhirnāma caturthastaraṅgaḥ,
M00046 - purazcaryArNava volume 2.htm,purazcaryArNava_volume_2_M00046.xml,M00046,Puraścaryārṇava Volume 2,,Pratāpa Siṃha,mbP0114,https://muktabodha-digital-library.org/texts/IAST/M00046,Muralidhara Jhā,,,,,,,,,,,"['compendium', 'tantric / āgamic literature', 'śaiva']",colophon,Śrīman Mahārāja Adhirāja Śrī Pratāpa Siṃha Sāha,colophon,iti śrīmanmahārājādhirājaśrīpratāpasiṃhasāhaviracite puraścaryārṇave gaṇeśādimantrapuraścaraṇavivecanaṃ nāmāṣṭamastaraṅgaḥ,
M00047 - purazcaryArNava volume 3.htm,purazcaryArNava_volume_3_M00047.xml,M00047,Puraścaryārṇava Volume 3,,Pratāpa Siṃha,mbP0114,https://muktabodha-digital-library.org/texts/IAST/M00047,Muralidhara Jhā,,,,,12 chapters,,,,,,"['compendium', 'tantric / āgamic literature', 'śaiva']",colophon,Śrīman Mahārāja Adhirāja Śrī Pratāpa Siṃha Sāha,colophon,iti śrīgirirājacakracūḍāmaṇinaranārāyaṇetyādivividhavirudāvalīvirājamānamānonnata śrīmanmahārājādhirājaśrīpratāpasiṃhasāhadevaviracite puraścaryārṇave brāhmyādimantrapuraścaraṇapūrvakayantrastavakavacādipuraścaraṇabhedanirūpaṇaṃ nāma dvādaśastaraṅgaḥ samāptaḥ,
M00562 - pUrvAmnAyanityadevArcanavidhi.htm,pUrvAmnAyanityadevArcanavidhi_M00562.xml,M00562,Pūrvāmnāyanityadevārcanavidhi,,,,https://muktabodha-digital-library.org/texts/IAST/M00562,,,,,incomplete,,,,,,,"['tantra / āgama', 'Paddhati']",,,,iti pūrvvāmnāya nityakarmmadevārccanabalyārccanavidhi samāpta,in middle
M00259 - pauSkara saMhitA.htm,pauSkara_saMhitA_M00259.xml,M00259,Pauṣkara Saṃhitā,,,,https://muktabodha-digital-library.org/texts/IAST/M00259,Śrī Yātirāja Sampatkumāra Rāmānujamuni,,,,incomplete,lacking explicit+final colophon,,,,,,"['tantra / āgama', 'vaiṣṇava', 'pāñcarātra']",,,,iti śrīpāñcarātre mahopaniṣadi pauṣkarasaṃhitāyāṃ śiṣyaparīkṣālakṣaṇo nāma prathamo'dhyāyaḥ,at beginning
M00196 - jJAnaprakAzAcArya - pauSkaravRtti.htm,jJAnaprakAzAcArya_pauSkaravRtti_M00196.xml,M00196,Pauṣkara Vṛtti,,Jñānaprakāśa,mbP0052,https://muktabodha-digital-library.org/texts/IAST/M00196,,,,,,7 chapters,,"Daṣakāryam, Pauṣkarajñānapadaḥ, And Prāsādaṣaṭślokī",M00359,commentary,,"['tantric / āgamic literature', 'śaiva', 'śaiva-siddhānta']",colophon,Jñānaprakāśa Ācarya,colophon,iti śrīśālivāṭipuranivāsi jñānaprakāśācārya viracitāyāṃ śrīmatpauṣkarajñānapādavṛttau saptamaḥ paṭalaḥ /// 965 saumya saṃvatsara paṅkuni (...) śubhayogam ṭettapauṣkaraṃ śrīśālivāṭipurivāsinaḥ śālivāṭīśvarasya kaikaryaṃ vrahivratinātaśarman putran śrīkṛṣṇan svahasta likhitam | śubham | śrīkāntimatyaṃbāsameta śrīśālivāṭīśvarasvāmī sahāyam | śivamayam || + EXTRA TEXT AFTER,
M00065 - pratiSThAlakSaNasArasamuccaya.htm,pratiSThAlakSaNasArasamuccaya_M00065.xml,M00065,Pratiṣṭhālakṣaṇasārasamuccaya,,,,https://muktabodha-digital-library.org/texts/IAST/M00065,,,,,,,,,,,,['tantric / āgamic literature'],,,,iti śrī (pratiṣṭhātantre) pratiṣṭhālakṣaṇasārasamuccaye pavitrārohaṇaṃ nāma dvātriṃśo vidhiḥ || samāpto'yaṃ granthaḥ ||  śivam,
M00561 - pratyaMgirApUjAvidhi.htm,pratyaMgirApUjAvidhi_M00561.xml,M00561,Pratyaṃgirāpūjāvidhi,,,,https://muktabodha-digital-library.org/texts/IAST/M00561,,,,,incomplete,,,,,,,"['tantra / āgama', 'Paddhati']",,,,no,
M00350 - pratyabhijJahRdaya text version.htm,pratyabhijJahRdaya_text_version_M00350.xml,M00350,Pratyabhijñahṛdaya,,Kṣemarāja,mbP0049,https://muktabodha-digital-library.org/texts/IAST/M00350,Chatterji J C,,,,,,,,,,,"['tantric / āgamic literature', 'śaiva', 'non-dual śaivism of Kashmir']",colophon,,,samāptamidaṃ pratyabhijñāhṛdayam || kṛtistatrabhavanmahāmāheśvarācāryavaryaśrīmadabhi(...) || śubhamastu,
M00621 - prabhuliGgalila.htm,prabhuliGgalila_M00621.xml,M00621,Prabhuliṅgalila,,,,https://muktabodha-digital-library.org/texts/IAST/M00621,,,,,,25 chapters,,,,,,"['śaiva', 'vīraśaiva']",,,,ityārṣaśrībhaviṣyatpurāṇakathāviśālāyāṃ śrīvīramāheśvarāmṛtānaṃdasūktisūtragrathitapaṃcaviṃśatitatvamauktikam ahanīyamālāyāṃ pramathagaṇavacanaparaṃparānukūlāyāṃ kalikalmaṣanimagnajanasamuddharaṇaśīlāyāṃ prabhuliṃgalīlāyāṃ parameśvaraprasādasaṃprāptamaheśvarīmanaḥsamādhānavīraśaivamahimānusaṃ dhānaprastutakathopasaṃhṛtikathanagatirnāma paṃcaviṃśo'dhyāyaḥ | śrīparameśvarārpaṇamastu | śrīnaṃdikeśvarāya namaḥ |,
M00072 - rAmatoSaNa compiler - prANatoSiNI arthakANDa.htm,rAmatoSaNa_compiler_prANatoSiNI_arthakANDa_M00072.xml,M00072,Prāṇatoṣiṇī Arthakāṇḍa,,Rāmatoṣaṇa,mbP0053,https://muktabodha-digital-library.org/texts/IAST/M00072,,,,,,,,,,,,"['compendium', 'tantric / āgamic literature']",colophon,Śrī Rāmatoṣaṇa Vidyālaṅkāra Bhaṭṭācārya,colophon,iti śrīprāṇakṛṣṇaviśvāsānumatāyāṃ śrīrāmatoṣaṇavidyālaṅkārabhaṭṭācāryyaviracitayāṃ śrīprāṇatoṣiṇyāṃ tṛtīyamarthakāṇḍāṅgaṃ samāptam,
M00073 - rAmatoSaNa compiler - prANatoSiNI kamyakANDa.htm,rAmatoSaNa_compiler_prANatoSiNI_kamyakANDa_M00073.xml,M00073,Prāṇatoṣiṇī Kamyakāṇḍa,,Rāmatoṣaṇa,mbP053,https://muktabodha-digital-library.org/texts/IAST/M00073,,,,,,,,,,,,"['compendium', 'tantric / āgamic literature']",colophon,Śrī Rāmatoṣaṇavidyālaṅkāra Bhaṭṭācārya,colophon,iti prāṇakṛṣṇaviśvāsānumatāyāṃ śrīrāmatoṣaṇavidyālaṅkārabhaṭṭācāryyaviracitāyāṃ śrīprāṇatoṣiṇyāṃ kāmyābhidhānaṃ caturthakāṇḍaṃ samāptam,
M00071 - rAmatoSaNa compiler - prANatoSiNI dharmakANDa.htm,rAmatoSaNa_compiler_prANatoSiNI_dharmakANDa_M00071.xml,M00071,Prāṇatoṣiṇī Dharmakāṇḍa,,Rāmatoṣaṇa,mbP0053,https://muktabodha-digital-library.org/texts/IAST/M00071,,,,,,,,,,,,"['compendium', 'tantric / āgamic literature']",colophon,Śrī Rāmatoṣaṇa Vidyālaṅkāra Bhaṭṭācārya,colophon,iti śrīprāṇakṛṣṇaviśvāsānumatāyāṃ śrīrāmatoṣaṇavidyālaṅkārabhaṭṭācāryyacāviracitāyāṃ śrīprāṇatoṣiṇyāṃ dīkṣārūpaphalakathanātmakaṣaṣṭha-parichedānvitadharmakāṇḍaṃ samāptam,
M00061 - rAmatoSaNa compiler - prANatoSiNI part 6.htm,rAmatoSaNa_compiler_prANatoSiNI_part_6_M00061.xml,M00061,Prāṇatoṣiṇī Jñānakāṇḍa,,Rāmatoṣaṇa,mbP0053,https://muktabodha-digital-library.org/texts/IAST/M00061,,,,,,,,,,,,"['compendium', 'tantric / āgamic literature']",colophon,Śrī Rāmatoṣaṇa Vidyālaṅkāra Bhaṭṭācārya,colophon,iti śrīprāṇatoṣiṇī samāptā,
M00060 - rAmatoSaNa compiler - prANatoSiNI bhaktikANDa.htm,rAmatoSaNa_compiler_prANatoSiNI_bhaktikANDa_M00060.xml,M00060,Prāṇatoṣiṇī Bhaktikāṇḍa,,Rāmatoṣaṇa,mbP0053,https://muktabodha-digital-library.org/texts/IAST/M00060,,,,,,,,,,,,"['compendium', 'tantric / āgamic literature']",colophon,Śrī Rāmatoṣaṇa Vidyālaṅkāra Bhaṭṭācārya,colophon,iti śrīprāṇatoṣiṇyāṃ pañcame bhaktikāṇḍe śivaprakaraṇakathanarūpastṛtīyaḥ paricchedaḥ,
M00070 - rAmatoSaNa compiler - prANatoSiNI sargakANDa.htm,rAmatoSaNa_compiler_prANatoSiNI_sargakANDa_M00070.xml,M00070,Prāṇatoṣiṇī Sargakāṇḍa,,Rāmatoṣaṇa,mbP0053,https://muktabodha-digital-library.org/texts/IAST/M00070,,,,,,,,,,,,"['compendium', 'tantric / āgamic literature']",colophon,Śrī Rāmatoṣaṇa Vidyālaṅkāra Bhaṭṭācārya,colophon,iti śrīprāṇakṛṣṇaviśvāsānumatāyāṃ viśvavijayiśrīrāmatoṣaṇavidyālaṅkāraviracitāyāṃ śrīprāṇatoṣiṇyāṃ phalakathanarūpadaśamaparicchedānvitaṃ sargakāṇḍaṃ samāptam,
M00268 - prANAgnihotra.htm,prANAgnihotra_M00268.xml,M00268,Prāṇāgnihotra,,,,https://muktabodha-digital-library.org/texts/IAST/M00268,,,,,incomplete,,,,,,,['tantric / āgamic literature'],,,,no,
M00303 - prAyazcittasamuccaya.htm,prAyazcittasamuccaya_M00303.xml,M00303,Prāyaścittasamuccaya,,,,https://muktabodha-digital-library.org/texts/IAST/M00303,,,,,,,,,,,,"['compendium', 'tantric / āgamic literature']",,,,prāyaścittasamuccayaḥ samāptamiti,
M00528 - jJAnaprakAza - prAsAdacandrikA.htm,jJAnaprakAza_prAsAdacandrikA_M00528.xml,M00528,Prāsādacandrikā,,Jñānaprakāśa,mbP0052,https://muktabodha-digital-library.org/texts/IAST/M00528,,,,,incomplete,,,,,,,"['tantric / āgamic literature', 'śaiva', 'śaiva-siddhānta']",colophon,Jyeṣṭha Jñānaprakāśa Vara Ācārya,colophon,iti śrīmatkalālayadevatīrthasya uttarataṭe nivāsi jyeṣṭhajñānaprakāśavarācārye tasyāruṇadevena saṃgṛhītāyāṃ prāsādacandrikāyāṃ mātrājyotīkāraṇeśvara sthānam ānādhvasamarasī bhāva viṣuvaśabdayojanavidhānavidhissamāptaḥ || śrīmadarūṇācalāya namaḥ || asmiṃśca kośe prāsādacandrikayā saha tatvasiddhāntavyākhyā siddhāntaprakāśikā daśakāryaṃ ṣaḍadhvatriṃśatkalānyāsaḥ puruṣārthasudhānidhiḥ suprabhedāgamaḥ iti nāmakā vilikhitā vartante,
M00529 - prAsAdaSaTzlokIvyAkhyA.htm,prAsAdaSaTzlokIvyAkhyA_M00529.xml,M00529,Prāsādaṣaṭślokī Vyākhyā,,,,https://muktabodha-digital-library.org/texts/IAST/M00529,,,,,,"yes, but second part of text unclear",colophon,,ilxM00044,commentary,including the mūla,['tantric / āgamic literature'],,,,yathāmati gaṇādhīśa kṛpāleśānmayādhunā | śrīmatprāsāda saṭślokyā vyākhyānaṃ likhyate laghu /// iti ṣaṭślokaṃ vyākhyanaṃ samāptaḥ + additional text,towards beginning /// in middle
M00256 - prodgItAgama.htm,prodgItAgama_M00256.xml,M00256,Prodgītāgama,vivāhavidhimātram,,,https://muktabodha-digital-library.org/texts/IAST/M00256,,,,,fragments,fragments (ch.25-26 only),,,,,,"['tantric / āgamic literature', 'śaiva', 'śaiva-siddhānta']",,,,iti prodgīte vivāhavidhirnāma ṣaḍviṃśati paṭalaḥ,
M00414 - pheTakapratiSThAcaNDikAgnividhi.htm,pheTakapratiSThAcaNDikAgnividhi_M00414.xml,M00414,Pheṭakapratiṣṭhācaṇḍikāgnividhi,,,,https://muktabodha-digital-library.org/texts/IAST/M00414,,,,,,,,,,,,"['tantra / āgama', 'śākta']",,,,atha pheṭakapratiṣṭhāvidhi likhyate ///  śrī caṇḍikāgni yajñavidhi saṃpūrṇaḥ,at beginning /// at end
M00190 - phetkAriNItantra.htm,phetkAriNItantra_M00190.xml,M00190,Phetkāriṇītantra,,,,https://muktabodha-digital-library.org/texts/IAST/M00190,"Caṭṭopādhyāya, Rasika Mohana",,,,,,,,,,,['tantric / āgamic literature'],,,,iti śrīphetkāriṇītantre devīśvarasaṃvāde ceṭikāsādhanaṃ nāma ekaviṃśatitamaḥ paṭalaḥ samāptaḥ || samāptaścāyaṃ granthaḥ,
M00623 - bagalAmukhIpaJcAGgam.htm,bagalAmukhIpaJcAGgam_M00623.xml,M00623,Bagalāmukhīpañcāṅgam,,,,https://muktabodha-digital-library.org/texts/IAST/M00623,,,,,,,,,,,,['śaiva'],,,,itiśrīrudrayāmaletaṃtrebagalāmukhīstavarājaḥ saṃpūrṇa samāptaśca,
M00520 - zrIbAdarAyanamahaRSi attribute to - basavapurANa.htm,zrIbAdarAyanamahaRSi_attribute_to_basavapurANa_M00520.xml,M00520,Basavapurāṇa,,Śrī Bādarāyana Mahaṛṣi,mbP0054,https://muktabodha-digital-library.org/texts/IAST/M00520,,,,,,,,,,,,"['śaiva', 'vīraśaiva']",colophon,,,iti śrībādarāyaṇamaharṣipraṇīte śrībasaveśvarapurāṇe svarūpagraṃthe paramarahasye skaṃdāgastyasaṃvāde tricatvāriṃśo'dhyāyaḥ śrībasaveśvarapurāṇaṃ saṃpūrṇaṃ,
M00116 - bRhannIlatantra.htm,bRhannIlatantra_M00116.xml,M00116,Bṛhannīlatantra,,,,https://muktabodha-digital-library.org/texts/IAST/M00116,Kaul Madhusudan,,,,,,,,,,,"['tantric / āgamic literature', 'tantra / āgama']",,,,iti śrībṛhannīlatantre sarvatantrottamottame bhairavabhairavīsaṃvāde (annadāmantroddhāraśatanāmatantramāhātmyanirūpaṇaṃ) caturviṃśaḥ paṭalaḥ || samāptaṃ cedaṃ śrībṛhannīlatantram + TILAKA,
M00173 - abhinavagupta - bodhapaJcadazikA.htm,abhinavagupta_bodhapaJcadazikA_M00173.xml,M00173,Bodhapañcadaśikā Vivaraṇa,,Harabhaṭṭa Śāstrī,mbP0129,https://muktabodha-digital-library.org/texts/IAST/M00173,Zadoo Jagaddhar,,,,,,colophon,,ilxM00045,commentary,including the mūla,"['tantric / āgamic literature', 'śaiva', 'non-dual śaivism of Kashmir']",colophon,,,ime'bhinavaguptena ślokāḥ pañcadaśoditāḥ || iti bodhapañcadaśikā samāptā || sukumāramatayo mandaśaktipātavantaḥ ajasa sukhena spaṣṭamanyat || yāṃ bodhapañcadaśikāṃ matimāndyabhājāṃ sambodhanāya nivabandha guruḥ suramyām | māheśvaro'bhinavagupta itīḍyanāmā tatra vyadhādvyavaraṇaṃ harabhaṭṭaśāstrī || bhūnandanandavede'bde (4990) laukike phālgunevadī | ekādaśyāṃ tithau śāstrī haro vivaraṇaṃ vyadhāt || iti śrīmahāmāheśvarācāryavaryaṃ śrīmadabhinavaguptaviracitāyāṃ bodhapañcadaśikāyāṃ paṃ(0) harabhaṭṭaśāstrikṛtaṃ vivaraṇaṃ samāptam] ||,
I00017 - bodhAyanaprayoga.htm,bodhAyanaprayoga_I00017.xml,I00017,Bodhāyanaprayoga,,,,https://muktabodha-digital-library.org/texts/IAST/I00017,,,,,incomplete,lacking explicit+final colophon,,,,,,"['tantric / āgamic literature', 'śaiva', 'śaiva-siddhānta']",,,,bodhāyana-āhnikam - pañcākṣaranāthaviracitanityakarmaparicchedaḥ - bodhāyanamantrapraśnaḥ,at beginning
M00319 - brahmayAmala.htm,brahmayAmala_M00319.xml,M00319,Brahmayāmala,,,,https://muktabodha-digital-library.org/texts/IAST/M00319,,,,,incomplete,,,,,,,"['tantric / āgamic literature', 'tantra / āgama', 'śaiva']",,,,iti brahmayāmale śatasahasrasaṃhitāyāṃ mātrotsavo nāma prathamaḥ paṭalaḥ /// iti brahmayāmale śatasahasrasaṃhitāyāṃ nāgapāśavidhirnāma pañcāśatpaṭalaḥ,almost at beginning /// towards end
M00105 - brahmavidyopaniSat.htm,brahmavidyopaniSat_M00105.xml,M00105,Brahmavidyopaniṣat Vivaraṇa,,Brahmayogin,mbP0128,https://muktabodha-digital-library.org/texts/IAST/M00105,Śāstrī Mahādeva,,,,,,colophon,Brahmavidya Upaniṣat,ilxM00046,commentary,including the mūla,"['tantric / āgamic literature', 'yoga', 'upaniṣad', 'yogopaniṣad', 'yogopaniṣad']",colophon,,,śrīvāsudevendraśiṣyopaniṣadbrahmayoginā | brahmavidyopaniṣado vyākhyeyaṃ likhitā laghu | prakṛtopaniṣadvyākhyā saptatyadhiśatadvayam || iti śrīmadīśādyaṣṭottaraśatopaniṣacchāstravivaraṇe catvāriṃśatsaṃkhyāpūrakaṃ brahmavidyopaniṣadvivaraṇaṃ saṃpūraṇam,
M00262 - brahmasandhAna.htm,brahmasandhAna_M00262.xml,M00262,Brahmasandhāna,,,,https://muktabodha-digital-library.org/texts/IAST/M00262,,,,,incomplete,,,,,,,['tantric / āgamic literature'],,,,iti śrībrahmasandhānāgni( * )jā( * )cā( * )ni( * )yo( * )mā,at end
M00013 - kRSNAnanda AgamavAgiza - bRhattantrasAra.htm,kRSNAnanda_AgamavAgiza_bRhattantrasAra_M00013.xml,M00013,Bṛhattantrasāra Vṛtti,,Aghoraśiva,mbP0028,https://muktabodha-digital-library.org/texts/IAST/M00013,Caṭṭopādhyāya,,,,,,*,Tantrasāra,ilxM00047,commentary,including the mūla,"['compendium', 'tantric / āgamic literature']",catalog,,,iti mahāmahopādhyāyaśrīkṛṣṇānandāgamavāgīśaviracite tantrasāre prathamaḥ paricchedaḥ /// granthagauravabhayādanyanyoktam iti devatāyā vāhyāṅgasaṅketaḥ | pariśiṣṭaṃ sampūrṇa,almost at beginning /// at end
I00013 - bhaktavilAsa.htm,bhaktavilAsa_I00013.xml,I00013,Bhaktavilāsa,,Agastya Ṛṣi,,https://muktabodha-digital-library.org/texts/IAST/I00013,,,,,incomplete,,,,,,,"['śaiva', 'śaiva-siddhānta']",,,,iti śrīskāndapurāṇe bhaktamāhātmye dvitīyoddhyāyaḥ,almost at beginning
M00244 - bhagavadgItA.htm,bhagavadgItA_M00244.xml,M00244,Bhagavadgītā Gītārthasaṃgraha,,Abhinavagupta,mbP0017,https://muktabodha-digital-library.org/texts/IAST/M00244,Lakṣmaṇa Ṛaina Brahmacārī,,,,,,colophon,,ilxM00048,commentary,including the mūla,['tantric / āgamic literature'],colophon,,,iti śrīmahāmaheśvarācāryavaryarājānakābhinavaguptapādaviracite śrīmadbhagavadgītārthasaṃgrahe'ṣṭādaśo'dhyāyaḥ + 4 additional verses /// paripūrṇo'yaṃ śrīmadbhagavadgītārthasaṃgrahaḥ | kṛtistrinayanacaraṇasaroruha cintanalabdhaprasiddherabhinavaguptasyeti śivam,
M00167 - bhagavadgItA.htm,bhagavadgItA_M00167.xml,M00167,Bhagavadgītā Sarvatobhadra,,Ramakaṇṭha,mbP0013,https://muktabodha-digital-library.org/texts/IAST/M00167,Śāstrī Kṛṣṇa,,,,incomplete,lacking explicit + final colophon (14 chapters),colophon,,ilxM00048,commentary,including the mūla,"['tantric / āgamic literature', 'śaiva']",colophon,,,iti śrīmadrājānakarāmakaṇṭhaviracite vākyārthānvayamātre sarvatobhadranāmni bhagavadgītāvivaraṇe caturdaśo'dhyāyaḥ,
M00330 - siddapparadhya Dr.t. g. - bhagavadgItA.htm,siddapparadhya_Dr.t._g._bhagavadgItA_M00330.xml,M00330,Bhagavadgītā Vīraśaiva Bhāṣya,,Siddapparadhya ( In Text: Śrīpatipaṇḍitārādhya?) - See Text N. M00364 (Line N.451 ) And Author Code Mbp0084,mbP0140,https://muktabodha-digital-library.org/texts/IAST/M00330,,,,,,,colophon,,ilxM00048,commentary,including the mūla,['śaiva'],catalog,,,iti bhagavadgītāvīraśaivabhāṣye aṣṭādaśo'dhyāyassamāptaḥ,
I00011 - bhadrakAlipratiSThAvidhi yAmalatantra.htm,bhadrakAlipratiSThAvidhi_yAmalatantra_I00011.xml,I00011,Bhadrakālipratiṣṭhāvidhi Yāmalatantra,,,,https://muktabodha-digital-library.org/texts/IAST/I00011,,,,,uncertain,??? lacking explicit+final colophon,,,,,,"['śaiva', 'śaiva-siddhānta', 'Paddhati']",,,,iti yāmalāgame bhadrakālipratiṣṭhāvidhiḥ,almost at end
M00277 - vidyAkaNTha - bhAvacUDAmaNi.htm,vidyAkaNTha_bhAvacUDAmaNi_M00277.xml,M00277,Bhāvacūḍāmaṇi,,Vidyākaṇṭha,mbP0055,https://muktabodha-digital-library.org/texts/IAST/M00277,,,,,incomplete,lacking explicit+final colophon,,,,,,"['tantric / āgamic literature', 'śaiva', 'śaiva-siddhānta']",Catalog,,,yadyapi nānāvidhāni sādhanopāyāni likhitāni tathāpi bhāvena vinā maṃtrā na siddhyantīti bhāvacūḍāmaṇir likhyate,at beginning
M00575 - bhAvacUDAmaNi.htm,bhAvacUDAmaNi_M00575.xml,M00575,Bhāvacūḍāmaṇi,,Vidyākaṇṭha,mbP0055,https://muktabodha-digital-library.org/texts/IAST/M00575,,,,,,,,,,,,"['tantric / āgamic literature', 'tantra / āgama']",Catalog,,,iti śrīmahāmaheśvareṇakṛtaṃ bhāvacūḍāmaṇīṃ nāma taṃtraṃ samāptam || saṃpūrṇaṃ samāptam || śubhamastu,
M00630 - bhuvanezvarI paJcAGgam rudrayAmale.htm,bhuvanezvarI_paJcAGgam_rudrayAmale_M00630.xml,M00630,Bhuvaneśvarī Pañcāṅgam Rudrayāmale,,,,https://muktabodha-digital-library.org/texts/IAST/M00630,,,,,,,,,,,,"['tantric / āgamic literature', 'śākta']",,,,itiśrīrudrayāmaletantredaśavidyārahasyeśrībhuvaneśvarīstavaḥ samāptamidaṃśrībhuvaneśvarīpaṃcāṅgamiti śubhaṃbhavatu saṃtatakāśutiṣaṣṭyāṃparatāsaptamyāṃbhaume likhitaṃmayāraiānandenasvatmārthaṃśubhaṃ,
M00309 - pRthavIdharAcArya - bhuvanezvarImahAstotra.htm,pRthavIdharAcArya_bhuvanezvarImahAstotra_M00309.xml,M00309,Bhuvaneśvarīmahāstotra,,"Pṛthvīdharācārya and Padmanābha Kavi, Unknown, Unknown, Unknown, Unknown, Unknown, Unknown, Unknown, Pṛthvīdharācārya and Anantadeva, Unknown","mbP0056 and mbP0142, mbP0056 and mbP0163",https://muktabodha-digital-library.org/texts/IAST/M00309,Gopal Narayan Bahura,,,,fragments,collection of 10 excerpts,colophon,,,,,"['tantric / āgamic literature', 'śākta', 'Paddhati']","colophon, colophon",,,1) iti śrīpṛthvīdharācāryaviracitaṃ śrībhuvaneśvarīstotraṃ śrīsiddhasārasvatāparaparyāyaṃ jayajayaharikavimallabhaṭṭalikhitaṃ samāptaṃ 2) śrīrudrayāmale daśavidyārahasye śrībhuvaneśvarīpaṭalaṃ sampūrṇam 3) iti śrīrudrayāmale tantre daśavidyārahasye śrībhuvaneśvaryā nityapūjanapaddhatiḥ sampūrṇā 4) iti śrīrudrayāmale tantre pārvatīśvarasaṃvāde trailokyamaṅgalam nāma bhuvaneśvarīkavacaṃ samāptam 5) iti śrīrudrayāmale tantre śrībhuvaneśvaryaṣṭakaṃ sampūrṇam 6) iti mahātantrārṇave īśvarapārvatīsaṃvādebhuvaneśvarībhakārādisahasranāma stotraṃ samāptam 7) iti nīlasarasvatītantre bhuvaneśvarīpaṭale śrīdevīśvarasaṃvāde śrībhuvaneśvarīhṛdayastotraṃ samāptam 8) iti śrīrudrayāmale tantre śrībhuvaneśvarīstotraṃ samāptam 9)iti pṛthvīdharācāryapaddhatiṃ śāradātilakaṃ nānātantramatamālambya śrīdā-īdevasampradāyinā mātṛpurasthitena anantadevena viracitāyāṃ bhuvaneśvarīkramacandrikāyāṃ pūjāvivaraṇaṃ nāma tṛtīyaḥ kalpaḥ 10) iti pṛthvīdharācāryaviracitaṃ laghusaptaśatīstotram,
M00130 - bhUtazuddhitantra.htm,bhUtazuddhitantra_M00130.xml,M00130,Bhūtaśuddhitantra,,,,https://muktabodha-digital-library.org/texts/IAST/M00130,Chatterjee,,,,,17 chapters,,,,,,"['tantric / āgamic literature', 'tantra / āgama']",,,,iti śrībhūtaśuddhitantre haragaurīsaṃvāde prathamaḥ paṭalaḥ /// iti śrībhūtaśuddhitantraṃ samāptam,at beginning /// at end
M00505 - abhinavagupta - bhairavastava.htm,abhinavagupta_bhairavastava_M00505.xml,M00505,Bhairavastava,,Abhinavagupta,mbP0017,https://muktabodha-digital-library.org/texts/IAST/M00505,,,,,,,,Śivastuti,,,,['śaiva'],colophon,,,samāptam stavam idam abhinavākhyam padyanavakam,
M00202 - makuTAgama vIrazaiva rescension.htm,makuTAgama_vIrazaiva_rescension_M00202.xml,M00202,Makuṭāgama,Vīraśaiva rescension kriyācaryāpādau,,,https://muktabodha-digital-library.org/texts/IAST/M00202,,,,,,10 chapters,,,,,,"['tantric / āgamic literature', 'tantra / āgama']",,,,iti śrīmakuṭāgame uttarabhāge caryāpāde āśaucavidhikathanaṃ nāma daśamaḥ paṭalaḥ || samāptaścāyaṃ makuṭāgamaḥ,
M00036 - makuTAgama.htm,makuTAgama_M00036.xml,M00036,Makuṭāgama,,,,https://muktabodha-digital-library.org/texts/IAST/M00036,Dyczkowski Mark S. G.,,,,,12 chapters,,,,,,"['tantric / āgamic literature', 'tantra / āgama', 'śaiva', 'śaiva-siddhānta']",,,,iti makuṭe kriyāpāde ācāryalakṣaṇavidhirnāma dvādaśaḥ paṭalaḥ,
M00525 - makuTottararahasya.htm,makuTottararahasya_M00525.xml,M00525,Makuṭottararahasya,Chapter 3 of makuṭottararahasya,,,https://muktabodha-digital-library.org/texts/IAST/M00525,,,,,incomplete,only ch. 3,,Mantrayogoddhāra,,,,"['tantric / āgamic literature', 'śaiva']",,,,iti śrīmakuṭottararahasye mantrayogoddhāre tṛtīya spandaḥ,
M00110 - maNDalabrAhmaNopaniSat.htm,maNDalabrAhmaNopaniSat_M00110.xml,M00110,Maṇḍalabrāhmaṇopaniṣat Vivaraṇa,,Brahmayogin,mbP0128,https://muktabodha-digital-library.org/texts/IAST/M00110,Śāstrī Mahādeva,,,,,,colophon,Maṇḍalabrāhmaṇa Upaniṣat,ilxM00049,commentary,including the mūla,"['tantric / āgamic literature', 'yoga', 'upaniṣad', 'yogopaniṣad', 'yogopaniṣad']",colophon,,,śrīvāsudevendraśiṣyopaniṣadbrahmayoginā | maṇḍalabrāhmaṇavyākhyā likhitā brahmagocarā | maṇḍalabrāhmaṇavyākhyāgranthastu triśataṃ smṛtaḥ || iti śrīmadīśādyaṣṭottaraśatopaniṣacchāstravivaraṇe aṣṭacatvāriṃśatsaṃkhyāpūrakaṃ maṇḍalabrāhmaṇopaniṣadvivaraṇaṃ saṃpūrṇam,
E00009 - aiyyaNAcArya - matatrayaikyaprakAzikA.htm,aiyyaNAcArya_matatrayaikyaprakAzikA_E00009.xml,E00009,Matatrayaikyaprakāśikā,,Aiyaṇācārya,mbP0057,https://muktabodha-digital-library.org/texts/IAST/E00009,,,,,,,,,,,,['tantric / āgamic literature'],colophon,,,iti śrīmatparamahaṃsaparivrājakācārya sarvatantrasvatantra śrīmadvasudhendratīrtha śrīmaccaraṇakaruṇālayena śrīmanmahānandatīrtha bhagavatpādācāryasiddhānitarasādhāraṇa pravacanādipaṭutara śrīvāṇāturairāmācāryatanaya gopālācāryasununā aiyaṇākhyena viracitāyāṃ trimataikyaprakāśikāyāṃ rāmānujamataikyaprakāśonāma tṛtīyaḥ paricchedaḥ ||  śrīkṛṣṇārpaṇamastu || samāptaścāpaṃ granthaḥ || śrīrastu,
M00515 - madhyapIThapUjAvidhi.htm,madhyapIThapUjAvidhi_M00515.xml,M00515,Madhyapīṭhapūjāvidhi,,,,https://muktabodha-digital-library.org/texts/IAST/M00515,,,,,incomplete,lacking explicit+final colophon,,,,,,['tantric / āgamic literature'],,,,(...) pūjā paddhati,at beginning
M00292 - AzAditya tripAThi - mantrakoSa.htm,AzAditya_tripAThi_mantrakoSa_M00292.xml,M00292,Mantrakoṣa,,Āśāditya Tripāṭhi,mbP0058,https://muktabodha-digital-library.org/texts/IAST/M00292,,,,,,,,,,,,['tantric / āgamic literature'],colophon,,,āśādityamatīśvaraḥ sakṛtavān śrīratnamaṃtrāvalīkoṣaṃ koṣavataḥ sato bhavati kiṃdāridryabhītiḥ kṣitau || iti śrīmadāśādityatripāṭhīsaṃgṛhītemaṃtrakoṣemudrādikathanaṃ +ADDITIONAL VERSES -  AT END - śrīśāke 1565 pauṣavadi 13 vudhānurādhāyāṃ likhitaṃ manoharasuta śrīmadanaṃtarārmaṇā || śubhamastu || vidhaḥ sarvacarācarasyadaṃ ca nelabdhā pratiṣṭātvayā sarvaṃ sādhumayaṃ kṛtaṃ viracitaṃ cāturyahīnaṃ dvayaṃ | āmraṃ sādhusudhārasaṃ niramitaṃ sthūlena vījena kiṃ nirvīryauvanitā kucauviracitau ced vettayasyāṣutaṃ,
M00229 - devanAtha thakkur - mantrakaumudI.htm,devanAtha_thakkur_mantrakaumudI_M00229.xml,M00229,Mantrakaumudī,,Devanātha Ṭhākura,mbP0059,https://muktabodha-digital-library.org/texts/IAST/M00229,,,,,,,,,,,,['tantric / āgamic literature'],catalog,Mahāmahopādhyāya Śrīdevanatha,colophon,iti śrītarkapañcānanamahāmahopādhyāyaśrīdevanathakṛtā mantrakaumudī samāptā,
M00635 - gosvAmIjanArdanaH jagannivAsaputraH - mantracandrikA.htm,gosvAmIjanArdanaH_jagannivAsaputraH_mantracandrikA_M00635.xml,M00635,Mantracandrikā,,Gosvāmi Janārdanaḥ,mbP0060,https://muktabodha-digital-library.org/texts/IAST/M00635,,,,,incomplete,,,,,,,"['tantric / āgamic literature', 'tantra / āgama']",colophon,Śrī Gosvāmi Jagannivāsa Ātmaja Śrī Gosvāmi Janārdana Bhaṭṭa,colophon,itiśrīgosvāmijagannivāsātmajaśrīgosvāmijanārdanabhaṭṭaviracitāyāṃmaṃtracaṃdrikāyāmekādaśaḥprakāśaḥ itiśivaprakaraṇaṃ samāptaṃ,towards end
M00403 - mahAguhyakAlIvidhAnam.htm,mahAguhyakAlIvidhAnam_M00403.xml,M00403,Mahāguhyakālīvidhāna,,,,https://muktabodha-digital-library.org/texts/IAST/M04003,,y,,,incomplete,,,,,,,['tantric / āgamic literature'],,,,iti yoginīhṛdaye guhyekālīrahasya devasya deharakṣakakavacannāma stotraṃ samāptaṃ,towards beginning
M00516 - mahAguhyakAlIvidhAna.htm,mahAguhyakAlIvidhAna_M00516.xml,M00516,Mahāguhyakālīvidhāna,,,,https://muktabodha-digital-library.org/texts/IAST/M00516,,n,muktabodha/mahAguhyakAlIvidhAnam_M00403.xml,,incomplete,(almost) same as M04003,,,,,,"['tantric / āgamic literature', 'śaiva']",,,,no,
M00033 - zitikaNTha - mahAnayaprakAza.htm,zitikaNTha_mahAnayaprakAza_M00033.xml,M00033,Mahānayaprakāśa,,Śitikaṇṭha,mbP0061,https://muktabodha-digital-library.org/texts/IAST/M00033,Dyczkowski Mark S. G.,,,,,,,,,,,"['tantric / āgamic literature', 'śaiva', 'non-dual śaivism of Kashmir', 'kālīkula / krama']",colophon,Śrī Mahāmāheśvarācārya Varya Śrī Śitikaṇṭha Ācārya,colophon,iti śrīmahāmāheśvarācāryavarya-śrīśitikaṇṭhācāryaviracite mahānayaprakāśe caturdaśa udayaḥ || samāptaścāyaṃ mahānayaprakāśaḥ + TILAKA,
M00034 - unknown (see catalog record notes) - mahAnayaprakAza.htm,unknown_(see_catalog_record_notes)_mahAnayaprakAza_M00034.xml,M00034,Mahānayaprakāśa,,,,https://muktabodha-digital-library.org/texts/IAST/M00034,Śāstrī K. S.,,,,incomplete,lacking explicit+final colophon,,,,,,"['tantric / āgamic literature', 'śaiva', 'non-dual śaivism of Kashmir', 'kālīkula / krama']",,,,iti śrīmahānayaprakāśe sarvavailakṣaṇyapratipādano nāma prathamollāsaḥ,towards beginning
M00049 - mahAnirvAnatantra.htm,mahAnirvAnatantra_M00049.xml,M00049,Mahānirvānatantra Ṭīkā,,Hariharānanda Bharati,mbP0143,https://muktabodha-digital-library.org/texts/IAST/M00049,Arthur Avalon,,,,,only first half,colophon,,ilxM00050,commentary,including the mūla,"['tantric / āgamic literature', 'tantra / āgama']",catalog,John Woodroffe,,iti śrīmahānirvāṇatantre sarvatantrottamottame sarvadharmanirṇayasāre śrīmadādyāsadāśivasaṃvāde pūrvakāṇḍe śivaliṅgasthāpanacaturvidhāvadhūtavivaraṇakathanaṃ nāma caturdaśollāsaḥ | samāpto'yaṃ pūrvārdhaḥ | tejaḥsu tejasviṣu || iti śrīmahānirvāṇatantraṭīkāyāṃ caturdaśollāsaḥ,
M00552 - mahApratyaGgIrA.htm,mahApratyaGgIrA_M00552.xml,M00552,Mahāpratyaṅgīrā,,,,https://muktabodha-digital-library.org/texts/IAST/M00552,,,,,uncertain,yes?,,,,,,[''],,,,ityāryyamahāpratyaṃgirāyāṃ śakraparivarttanonāma /// yādṛṣṭaṃ puṣṭakaṃ dṛṣṭvāḥ tādṛṣṭaṃ likhitaṃ mayā || yadī suddhamasuddhambāḥ mama dokho na dīyate || hraśva dīrgha na jānāniḥ śvodhanīyamatujanai || saṃpūrṇasiddhidvayaḥ putrapautrahitāya || śrīśrīśrīmahāvairocanasatgurūmāhāmañjuśrīprītirastu śubhaṃ bhūyāt || śubhaṃ,in middle /// at end
M00524 - mahAbhairavapUjA.htm,mahAbhairavapUjA_M00524.xml,M00524,Mahābhairavapūjā,,,,https://muktabodha-digital-library.org/texts/IAST/M00524,,,,,incomplete,lacking explicit + final colophon,,,,,,"['tantric / āgamic literature', 'śaiva', 'Paddhati']",,,,no,
M00205 - bhaskararaya - mahAyAgakrama.htm,bhaskararaya_mahAyAgakrama_M00205.xml,M00205,Mahāyāgakrama,,Bhāskararāya,mbP0062,https://muktabodha-digital-library.org/texts/IAST/M00205,,,,,,,,,,,,['tantric / āgamic literature'],colophon,,,śrītantrarāje pañcatriṃśapaṭale bhāvanopaniṣatpratipādita mahāyāgakramasyopabrahmaṇaślokāḥ /// iti kaulamārgapārāvārapārīṇa śrīmadbhāskararāyaviracitaṃ kaulopaniṣadbhāṣyaṃ saṃpūrṇam,in middle /// at end
M00035 - mahezvarAnanda - mahArthamaJjarI.htm,mahezvarAnanda_mahArthamaJjarI_M00035.xml,M00035,Mahārthamañjarī,With the parimala commentary,Maheśvarānanda,mbP0063,https://muktabodha-digital-library.org/texts/IAST/M00035,Śāstrī Gaṇapati,,,,,,,,,,,"['tantric / āgamic literature', 'śaiva', 'non-dual śaivism of Kashmir', 'kālīkula / krama']",colophon,,,iti śrīmahāprakāśaśiṣyasya gorakṣāparaparyāyasya śrīmanmaheśvarānandasya kṛtirmahārthamañjarīparimalaḥ sampūrṇaḥ + ADDITIONAL VERSES,
M00404 - mahAlakSmIdIpadAnavidhiH.htm,mahAlakSmIdIpadAnavidhiH_M00404.xml,M00404,Mahālakṣmīdīpadānavidhiḥ,,,,https://muktabodha-digital-library.org/texts/IAST/M00404,,,,,,,,,,,,"['tantric / āgamic literature', 'śākta']",,,,iti śrīśrī śrīmahālakṣmīsake mahādīpacchota kāyā vidhiḥ samāptaḥ,
M00407 - mahAlakSmIpUjAvidhiH.htm,mahAlakSmIpUjAvidhiH_M00407.xml,M00407,Mahālakṣmīpūjāvidhiḥ,,,,https://muktabodha-digital-library.org/texts/IAST/M00407,,,,,incomplete,lacking explicit+final colophon,,,,,,"['tantric / āgamic literature', 'śākta']",,,,no,
M00109 - mahAvAkyopaniSat.htm,mahAvAkyopaniSat_M00109.xml,M00109,Mahāvākyopaniṣat Vivaraṇa,encoding of all diacritics is flawed,Brahmayogin,mbP0128,https://muktabodha-digital-library.org/texts/IAST/M00109,Śāstrī Mahādeva,,,,,yes,colophon,Mahāvākya Upaniṣat,ilxM00051,commentary,including the mūla,"['tantric / āgamic literature', 'yoga', 'upaniṣad', 'yogopaniṣad', 'yogopaniṣad']",colophon,,,iti śrīmadīśādyaṣṭottaraśatopaniṣacchāstravivaraṇe dvinavatisaṃkhyāpūrakaṃ mahāvākyopaniṣadvivaraṇaṃ saṃpūrṇam,
I00004 - aghorazivAcArya - mahotsavavidhi kriyAkramadyotikA.htm,aghorazivAcArya_mahotsavavidhi_kriyAkramadyotikA_I00004.xml,I00004,Mahotsavavidhi Kriyākramadyotikā,,Aghoraśiva,mbP0028,https://muktabodha-digital-library.org/texts/IAST/I00004,,,,,,yes (with lacunae),,,,,,"['śaiva', 'śaiva-siddhānta', 'Paddhati']",colophon,Śrīmad Aghoraśiva Ācārya,colophon,Here a few of their colophons: iti śrīparameśvaraparamanāmadheyaśrīmadaghoraśivācāryaviracitāyāṃ kriyākramadyotikāyāṃ nai(jā)yakotsavādibhaktotsavāntavidhiḥ samāptaḥ /// iti parameśvaraparamanāmadheya śrīmadaghoraśivācāryaviracitāyāṃ kriyākramadyotikāyāṃ bṛhattālādiṛkṣotsavāntavidhiḥ samāptaḥ/// iti śrīparameśvaraparamanāmadheya śrīmadaghoraśivācāryaviracitāyāṃ kriyākramadyotikāyāṃ prāyaścittavidhiḥ samāptaḥ,many sections listed at incipit
M00131 - aghoraziva - mahotsavavidhikrama.htm,aghoraziva_mahotsavavidhikrama_M00131.xml,M00131,Mahotsavavidhikrama,,Aghoraśiva,mbP0028,https://muktabodha-digital-library.org/texts/IAST/M00131,Richard Davis,,,,,,,,,,,"['tantric / āgamic literature', 'śaiva', 'śaiva-siddhānta', 'śaiva-siddhānta post 1100 AD']",colophon,Śrīmad Aghoraśiva Ācārya,colophon,iti parameśvara nāmadheya śrīmadaghoraśivācāryaviracitāyāṃ kriyākramadyotikāyāṃ brahmattālādiṛkṣotsavāntavidhiḥ (k: bṛhattā- -vidhis) samāptaḥ,
M00341 - svatantrAnandanatha - mAtRkAcakraviveka.htm,svatantrAnandanatha_mAtRkAcakraviveka_M00341.xml,M00341,Mātṛkācakra Viveka,,Svatantrānanda Natha,mbP0065,https://muktabodha-digital-library.org/texts/IAST/M00341,Pandit Lalita Prasada Dabral,,,,,,colophon,,ilxM00051,commentary,including the mūla,['tantric / āgamic literature'],catalog,,,iti mātṛkācakraviveke turyavivekaḥ pañcamaḥ khaṇḍaḥ || mātṛkācakravivekamūlaṃ sampūrṇam /// iti mātṛkācakravyākhyānaṃ sampūrṇam,almost at end /// at end
M00634 - mAtRkAtantra.htm,mAtRkAtantra_M00634.xml,M00634,Mātṛkātantra,,,,https://muktabodha-digital-library.org/texts/IAST/M00634,,,,,,,,,,,,"['tantric / āgamic literature', 'tantra / āgama']",,,,oṃsamāptaṃcedaṃ || oṃ śrīmātṛkātantraṃsampūrṇam (amudritam),
M00626 - bhAnudIkSitaH nArAyaNadIkSita-putraH - mAtRkArNanighaNTu.htm,bhAnudIkSitaH_nArAyaNadIkSita-putraH_mAtRkArNanighaNTu_M00626.xml,M00626,Mātṛkārṇanighaṇṭu,,Bhānu Dīkṣitaḥ,mbP0066,https://muktabodha-digital-library.org/texts/IAST/M00626,,,,,,,,,,,,['śaiva'],colophon,,,itiśrīmatsakalavidvānmaṃḍalīmaṃḍanaśrīdikṣitanārāyaṇatanayadī(*)bhānunāviracitomātṛkārṇanighaṃṭaḥsamāptiti,
M00158 - abhinavagupta - mAlinIvijayavArtika.htm,abhinavagupta_mAlinIvijayavArtika_M00158.xml,M00158,Mālinīvijayavārtika,,Abhinavagupta,mbP0017,https://muktabodha-digital-library.org/texts/IAST/M00158,,,,,,2 chapters,,,M00160,commentary,including the mūla,"['tantric / āgamic literature', 'śaiva', 'non-dual śaivism of Kashmir']",colophon,Śrīman Mahāmāheśvara Ācārya Varya Abhinavagupta,colophon,pravarapuranāmadheye pure pūrve kāśmīriko'bhinavaguptaḥ | mālinyādimavākye vārtikametadracayati sma || iti śrīmanmahāmāheśvarācāryavaryābhinavaguptapādaviracite śrīmālinīvijayottaraślokavārtike dvitīyaḥ kāṇḍaḥ || śubhāya(?) bhavītu ||,
M00160 - mAlinIvijayottaratantra.htm,mAlinIvijayottaratantra_M00160.xml,M00160,Mālinīvijayottaratantra,,,,https://muktabodha-digital-library.org/texts/IAST/M00160,Śāstrī M.R.,,,,,,,Mālinīvijayatantra,,,,"['tantric / āgamic literature', 'tantra / āgama']",,,,iti śrīmālinīvijayottare tantre trayoviṃśatitamo'dhikāraḥ || samāptaṃ cedaṃ mālinīvijayottaraṃ nāma mahātantram,
M00225 - mAhezvaratantra.htm,mAhezvaratantra_M00225.xml,M00225,Māheśvaratantra,,,,https://muktabodha-digital-library.org/texts/IAST/M00225,,,,,,,,,,,,['tantra / āgama'],,,,iti śrīmanmāheśvaratantre uttarakhaṇḍe śivomāsaṃvāde ekapañcāśatamaṃ paṭalam || samāptamidaṃ śrīmāheśvaraṃ tantram,
M00424 - mukuTAgama.htm,mukuTAgama_M00424.xml,M00424,Mukuṭāgama,,,,https://muktabodha-digital-library.org/texts/IAST/M00424,,,,,,,,,,,,"['tantra / āgama', 'śaiva']",,,,iti makuṭasaṃhitāyāṃ sārasaṅgrahe trisahasrassamāptaḥ || hariḥ oṃ || śivakāmasundarīsameta citsabheśvarāya namaḥ || devī sahāyam || śubhamastu,
M00537 - muNDamAlAtantram 1.htm,muNDamAlAtantram_1_M00537.xml,M00537,Muṇḍamālātantra 1,,,,https://muktabodha-digital-library.org/texts/IAST/M00537,Rasika Mohana Caṭṭopādhyāya,,,,,,,,,,,['tantra / āgama'],,,,iti muṇḍamālātantre mantrasiddhistotrakavacaṃ nāma daśamaḥ paṭalaḥ || iti prathamaṃ muṇḍamālātantraṃ samāptam,
M00538 - muNDamAlAtantram 2.htm,muNDamAlAtantram_2_M00538.xml,M00538,Muṇḍamālātantra 2,,,,https://muktabodha-digital-library.org/texts/IAST/M00538,Rasika Mohana Caṭṭopādhyāya,,,,,,,,,,,['tantra / āgama'],,,,iti dvitīye muṇḍamālātantre ṣaṣṭhaḥ paṭalaḥ || samāptaścāyaṃ granthaḥ,
M00627 - mudrAprakAza.htm,mudrAprakAza_M00627.xml,M00627,Mudrāprakāśa,,Rāma Kiśora,mbP0117,https://muktabodha-digital-library.org/texts/IAST/M00627,,,,,incomplete,lacking explicit+final colophon,,,,,,['śaiva'],incipit,,,natvāgurupadaṃrāmakiśoreṇeṣṭasiddhidaṃ sādhakānāṃmudemudrāprakāśoyaṃviracyate,almost at beginning
M00212 - mRgendrapaddhatiTIkA.htm,mRgendrapaddhatiTIkA_M00212.xml,M00212,Mṛgendrapaddhati Ṭīkā,,Vaktraśambhu,mbP0145,https://muktabodha-digital-library.org/texts/IAST/M00212,,,,,,,colophon,,ilXM00052,commentary,including the mūla,"['tantric / āgamic literature', 'śaiva', 'śaiva-siddhānta', 'Paddhati']",colophon,,,iti lakṣadvayādhyāpakaśrīmadaghoraśivācāryaraci (***) nityārcanavidhiḥ samāptaḥ ////  śrīnaṭeśvareṇa guruṇā vaktrādinā śambhunā śrīmacchaṅkarasūnunā viracitā ṭīkā samāptā || śrīmacchrīmṛgendrarājapaddhatiriti prāptaprathāyāḥ kṛtorādhyasya dīyapāśavipinacchede kuṭhārātmanaḥ || iti mṛgendrapaddhatiṭīkā samāptā,towards beginning /// at end
M00255 - aghorazivAcArya - mRgendravRttidIpikA.htm,aghorazivAcArya_mRgendravRttidIpikA_M00255.xml,M00255,Mṛgendravṛtti Dīpikā,,Aghoraśivācārya,mbP0028,https://muktabodha-digital-library.org/texts/IAST/M00255,,,,,incomplete,lacking explicit+final colophon,colophon,,ilxM00053,sub-commentary to ilxM00105,,"['tantric / āgamic literature', 'śaiva', 'śaiva-siddhānta']",catalog,,,bhaṭṭanārāyaṇakaṇṭhaviracitamṛgendravṛttyāḥ vyākhyā,
M00037 - mRgendrAgama.htm,mRgendrAgama_M00037.xml,M00037,Mṛgendrāgama Dīpikā And Vṛtti,,"Aghoraśiva Ācārya, Bhaṭṭa Nārāyaṇa Kaṇṭha","mbP0028, mbP0094 ",https://muktabodha-digital-library.org/texts/IAST/M00037,Dyczkowski Mark S. G.,,,,,,colophon,,"ilxM00053, ilxM00105, M00255",commentary and sub-commentary together in one file,including the mūla,"['tantric / āgamic literature', 'tantra / āgama', 'śaiva', 'śaiva-siddhānta']","colophon, colophon",,,ityaghoraśivācāryaviracitāyāṃ mṛgendravṛttidīpikāyām adhvaprakaraṇaṃ samāptam ///  iti śrībhaṭṭavidyākaṇṭhātmajaśrībhaṭṭanārāyaṇakaṇṭhaviracitāyāṃ mṛgendravṛttau yogapādassamāptaḥ,towards end /// at end
M00644 - mRtitatvAnusandhAndarzanam.htm,mRtitatvAnusandhAndarzanam_M00644.xml,M00644,Mṛtitattvānusmaraṇa Bhṛṅgīśasaṃhitā,,,,https://muktabodha-digital-library.org/texts/IAST/M00644,,,,,uncertain,? yes - check title,,,,,,['tantra / āgama'],,,,itiśrībhṛṅgīśasaṃhitāyāṃbhairavībhairavasaṃvādemṛttitatvānusmaraṇecaturthaḥpaṭalaḥ /// itimantraṃpaṭhitvācadīpāndadyāthāvidhivividhā itiśubham mṛtisandhāna,towards end /// at end
M00413 - mRtyuJjayakalpa.htm,mRtyuJjayakalpa_M00413.xml,M00413,Mṛtyuñjayakalpa,,,,https://muktabodha-digital-library.org/texts/IAST/M00413,,,,,uncertain,yes?,,,,,,['tantra / āgama'],,,,iti śrī mṛtyuñjayakalpa sarvopadravaphalaśāntikaṃ saṃpāptaṃ + additional text,
M00553 - mRtyuNjayanityArcanavidhi.htm,mRtyuNjayanityArcanavidhi_M00553.xml,M00553,Mṛtyuṇjayanityārcanavidhi,,,,https://muktabodha-digital-library.org/texts/IAST/M00553,,,,,incomplete,lacking explicit+final colophon,,,,,,"['tantra / āgama', 'Paddhati']",,,,atha śrīgaṇapatyādi caturāyatanāṅgasahita śrīmṛtyuñjayanityārccanapaddhati likhyate,at beginning
M00554 - mRtyuNjayapUjApaddhati.htm,mRtyuNjayapUjApaddhati_M00554.xml,M00554,Mṛtyuṇjayapūjāpaddhati,,,,https://muktabodha-digital-library.org/texts/IAST/M00554,,,,,uncertain,yes?,,,,,,"['tantra / āgama', 'Paddhati']",,,,thvate śanaiścara pāṭhaḥ samāptaḥ || śubhaṃ ||,
M00195 - merutantra.htm,merutantra_M00195.xml,M00195,Merutantra,,,,https://muktabodha-digital-library.org/texts/IAST/M00195,,,,,,,,,,,,"['tantra / āgama', 'śaiva']",,,,iti śrīmahāmāyāmahākālānumate merutantre śivapraṇīte kārttavīryyārjunamantrakathanaṃ nāma pañcatriṃśattamaḥ prakāśaḥ || samāptaścāyaṃ granthaḥ || śubhamastu,
M00315 - kANDadvayAtItayogI - mokSasopAna.htm,kANDadvayAtItayogI_mokSasopAna_M00315.xml,M00315,Mokṣasopāna Ṭīkā,,Kāṇḍadvayātītayogī,mbP0067,https://muktabodha-digital-library.org/texts/IAST/M00315,,,,,,,colophon,,ilxM00097,commentary,including the mūla,"['compendium', 'tantric / āgamic literature', 'śākta']",Catalogus Catalogorum,,,iti mokṣasopānaṭīkā samāptā,
M00304 - mohacUDottara.htm,mohacUDottara_M00304.xml,M00304,Mohacūḍottara,,,,https://muktabodha-digital-library.org/texts/IAST/M00304,,,,,,,,,,,,"['compendium', 'śaiva']",,,,ityāgne ye mahātantre pratiṣṭhā tantraṃ mohacūḍottaram | sampūrṇam + additional text,
M00657 - dAmodara son of gaGgAdhara - yantracintAmaNi.htm,dAmodara_son_of_gaGgAdhara_yantracintAmaNi_M00657.xml,M00657,Yantracintāmaṇi,,Dāmodara,mbP0068,https://muktabodha-digital-library.org/texts/IAST/M00657,,,,,,,,,,,,['tantric / āgamic literature'],colophon,,,itiśrīdāmodareṇaśivājñākareṇapaṃḍitarājenaviracitoyaṃtraciṃtāmaṇiḥsamāptaḥ,
M00300 - yogakuNDalyupaniSat.htm,yogakuNDalyupaniSat_M00300.xml,M00300,Yogakuṇḍalyupaniṣat Vivaraṇa,,Brahmayogin,mbP0128,https://muktabodha-digital-library.org/texts/IAST/M00300,Śāstrī Mahādeva,,,,,,colophon,Yogakuṇḍalī Upaniṣat,ilxM00054,commentary,including the mūla,"['tantric / āgamic literature', 'yoga', 'upaniṣad', 'yogopaniṣad', 'yogopaniṣad']",colophon,,,iti tṛtīyo'dhyāyaḥ | śrīvāsudevendraśiṣyopaniṣadbrahmayoginā | yogakuṇḍalyupaniṣadvyākhyānaṃ likhitaṃ sphuṭam | kuṇḍalyupaniṣadvyākhyāgranthastu dviśataṃ smṛtaḥ || iti śrīmadīśādyaṣṭottaraśatopaniṣacchāstravivaraṇe ṣaḍaśītisaṃkhyāpūrakaṃ yogakuṇḍalyupaniṣadvivaraṇaṃ saṃpūrṇam,
M00536 - zivAnanda - yogacintAmaNi.htm,zivAnanda_yogacintAmaNi_M00536.xml,M00536,Yogacintāmaṇi,,Śivānanda,mbP0021,https://muktabodha-digital-library.org/texts/IAST/M00536,,,,,,,,,,,,['yoga'],colophon,Śivānanda Sarasvatī,colophon,iti śrīmatparamahaṃsaparivrājakācāryaśrīrāmacandrasadānandasarasvatīśiṣya śivānandasarasvatīviracite yogacintāmaṇau caturthaḥ paricchedaḥ samāptaścāyaṃ yogacintāmaṇirgranthaḥ,
M00299 - yogacUDAmaNyupaniSat.htm,yogacUDAmaNyupaniSat_M00299.xml,M00299,Yogacūḍāmaṇyupaniṣat Vivaraṇa,,Brahmayogin,mbP0128,https://muktabodha-digital-library.org/texts/IAST/M00299,Śāstrī Mahādeva,,,,,,colophon,Yogacūḍāmaṇi Upaniṣat,ilxM00055,commentary,including the mūla,"['tantric / āgamic literature', 'yoga', 'upaniṣad', 'yogopaniṣad', 'yogopaniṣad']",colophon,,,śrīvāsudevendraśiṣyopaniṣadbrahmayoginā | likhitaṃ syādvivaraṇaṃ yogacūḍāmaṇeḥ sphuṭam || cūḍāmaṇivivaraṇamaśītyadhiśatadvayam || iti śrīmadīśādyaṣṭottaraśatopaniṣacchāstravivaraṇe ṣaṭcatvāriṃśatsaṃkhyāpūrakaṃ yogacūḍāmaṇyupaniṣadvivaraṇaṃ saṃpūrṇam,
I00015 - yogajAgama.htm,yogajAgama_I00015.xml,I00015,Yogajāgama,,,,https://muktabodha-digital-library.org/texts/IAST/I00015,,y,,,incomplete,,,,,,,"['tantric / āgamic literature', 'śaiva', 'śaiva-siddhānta']",,,,iti yogaje pratiṣṭhātantre parivārasthāpanavidhi paṭalaḥ /// Following sections present: parivārasthāpanam| ācāryalakṣaṇam| vighneśasthāpanam| liṅgasthāpanam| ratnaliṅgasthāpanam| pratimālakṣaṇam| tālasajñkhyai| śilalakṣaṇam| dhvajārohaṇam| maṇḍalavidhānam| phalapākavidhim| pañcākṣaram| vibhavaniścayam| naivedyavidhi| agnikāryam| kuṇḍalakṣaṇam| śāntihomam| dīkṣālakṣaṇam| prāsādalakṣaṇam| liṅgalakṣaṇam|,towards beginning /// list of sections
M00250 - yogajAgama.htm,yogajAgama_M00250.xml,M00250,Yogajāgama,,,,https://muktabodha-digital-library.org/texts/IAST/M00250,,n,muktabodha/yogajAgama_I00015.xml,,incomplete,,,,,,,"['tantric / āgamic literature', 'śaiva', 'śaiva-siddhānta']",,,,iti yogaje pratiṣṭhātantre mantrāddhāravidhiḥ paṭalaḥ /// asamāpto'yaṃ granthaḥ,towards beginning /// almost at end
M00302 - yogatattvopaniSat.htm,yogatattvopaniSat_M00302.xml,M00302,Yogatattvopaniṣat Vivaraṇa,,Brahmayogin,mbP0128,https://muktabodha-digital-library.org/texts/IAST/M00302,Śāstrī Mahādeva,,,,,,colophon,Yogatattva Upaniṣat,ilxM00056,commentary,including the mūla,"['tantric / āgamic literature', 'yoga', 'upaniṣad', 'yogopaniṣad', 'yogopaniṣad']",colophon,,,śrīvāsudevendraśiṣyopaniṣadbrahmayoginā | likhitaṃ syādvivaraṇaṃ yogatattvasya susphuṭam || yogatattvavivaraṇaṃ ṣaṣṭyuttaraśatadvayam || iti śrīmadīśādyaṣṭottaraśatopaniṣacchāstravivaraṇe ekacatvāriṃśatsaṃkhyāpūrakaṃ yogatattvopaniṣadvivaraṇaṃ saṃpūrṇam,
M00281 - yogapIThakramodaya.htm,yogapIThakramodaya_M00281.xml,M00281,Yogapīṭhakramodaya,,,,https://muktabodha-digital-library.org/texts/IAST/M00281,,,,,," text complete, MS incomplete ",,Kramodaya,,,,"['tantric / āgamic literature', 'śaiva', 'kaula', 'kaula early pre 1100 AD']",,,,1) yogapīṭhe kramodayo nāma saptamaṃ paṭalaḥ samāptaḥ 2) yogapīṭhe kramodayo nāmastotraṃ samāptaṃ /// 3) samāptaṃ śrīkramodayamiti || śrīmatkarālagrahahetunā prakāsitaṃ mahājñānaṃ siddhi mukti phalapradaṃ | yasmina deśitvadaṃśāstraṃ gṛhe vā yatra tiṣṭhati | yogapīṭhantu tadgṛhaṃ || śrīmahādevena likhitamidaṃ pustakaṃ || samvat 307 pauṣaśudī śukravāre + additional text,in middle /// at end
M00335 - valmiki - yogavAsiSTha part 1 with commentary tAtparyaprakAza.htm,valmiki_yogavAsiSTha_part_1_with_commentary_tAtparyaprakAza_M00335.xml,M00335,Yogavāsiṣṭha Tātparyaprakāśa 1,,Ānandabodhendra Sarasvatī,mbP0147,https://muktabodha-digital-library.org/texts/IAST/M00335,Vasudeva Laxmana Sharma Pansikar,,,,,,colophon,,ilxM00057,commentary,including the mūla,['tantric / āgamic literature'],catalog,,,ityārṣe śrīvāsiṣṭhamahārāmāyaṇe vālmīkīye vairāgyaprakaraṇe nabhaścaramahīcarasaṃmelanaṃ nāma trayastriṃśaḥ sargaḥ || iti śrīvāsiṣṭhamahārāmāyaṇatātparyaprakāśe vairāgyaprakaraṇe  nabhaścaramahīcarasaṃmelanaṃ nāma trayastriṃśaḥ sargaḥ || samāptamidaṃ vairāgyaprakaraṇam,
M00336 - valmiki - yogavAsiSTha part 2 with commentary tAtparyaprakAza.htm,valmiki_yogavAsiSTha_part_2_with_commentary_tAtparyaprakAza_M00336.xml,M00336,Yogavāsiṣṭha Tātparyaprakāśa 2,,Ānandabodhendra Sarasvatī,mbP0147,https://muktabodha-digital-library.org/texts/IAST/M00336,Vasudeva Laxmana Sharma Pansikar,,,,,,colophon,,ilxM00057,commentary,including the mūla,['tantric / āgamic literature'],catalog,,,ityārṣe śrīvāsiṣṭhamahārāmāyaṇe dvātriṃśatsāhasryāṃ saṃhitāyāṃ vālmīkīye mokṣopāye mumukṣuvyavahāraprakaraṇe sadācāranirūpaṇaṃ nāma viṃśatitamaḥ sargaḥ || iti śrīvāsiṣṭhamahārāmāyaṇatātparyaprakāśe mumukṣuvyavahāraprakaraṇe sadācāranirūpaṇaṃ nāma viṃśatitamaḥ sargaḥ || samāptamidaṃ mumukṣuvyavahāraprakaraṇam,
M00337 - valmiki - yogavAsiSTha part 3 with commentary tAtparyaprakAza.htm,valmiki_yogavAsiSTha_part_3_with_commentary_tAtparyaprakAza_M00337.xml,M00337,Yogavāsiṣṭhatātparyaprakāśa 3,,Ānandabodhendra Sarasvatī,mbP0147,https://muktabodha-digital-library.org/texts/IAST/M00337,Vasudeva Laxmana Sharma Pansikar,,,,,,colophon,,ilxM00057,commentary,including the mūla,['tantric / āgamic literature'],colophon,,,ityārṣe śrīvāsiṣṭhamahārāmāyaṇe vālmīkīye devadūtokte mokṣopāyeṣūtpattiprakaraṇe svarūpanirūpaṇaṃ nāma dvāviṃśatyuttaraśatatamaḥ sargaḥ || iti śrīmatparamāhaṃsaparivrājakācāryaśrīmatsarvajñasarasvatīpūjyapādaśiṣyaśrīmadrāmacandrasarasvatīpūjyapādaśiṣyaśrīmadgaṅgādharendrasarasvatīpūjyapādaśiṣyeṇa śrīmadānandabodhendrasarasvatyākhyabhikṣuṇā viracite śrīvāsiṣṭhamahārāmāyaṇatātparyaprakāśe utpattiprakaraṇe svarūpanirūpaṇaṃ nāma dvāviṃśatyuttaraśatatamaḥ sargaḥ || samāptamidamutpattiprakaraṇam,
M00338 - valmiki - yogavAsiSTha part 4 with commentary tAtparyaprakAza.htm,valmiki_yogavAsiSTha_part_4_with_commentary_tAtparyaprakAza_M00338.xml,M00338,Yogavāsiṣṭha Tātparyaprakāśa 4,,Ānandabodhendra Sarasvatī,mbP0147,https://muktabodha-digital-library.org/texts/IAST/M00338,Vasudeva Laxmana Sharma Pansikar,,,,,,colophon,,ilxM00057,commentary,including the mūla,['tantric / āgamic literature'],colophon,,,ityārṣe śrīvāsiṣṭhamahārāmāyaṇe vālmīkīye devadūtokte dvātriṃśatsāhastryāṃ saṃhitāyāṃ mokṣopāyeṣu sthitiprakaraṇe dviṣaṣṭitamaḥ sargaḥ || iti śrīvāsiṣṭhamahārāmāyaṇatātparyaprakāśe sthitiprakaraṇe dviṣaṣṭitamaḥ sargaḥ || iti śrīmatparamahaṃsaparivrājakācāryaśrīmatsarvajñasarasvatī(-)śrīmadgaṅgādharendrasarasvatīpūjyapādaśiṣyeṇa śrīmadānandabodhendrasarasvatyākhyabhikṣuṇā viracite śrīvāsiṣṭhamahārāmāyaṇatātparyaprakāśe sthitiprakaraṇaṃ samāptam || samāptamidaṃ sthitiprakaraṇam,
M00339 - valmiki - yogavAsiSTha part 5 with commentary tAtparyaprakAza.htm,valmiki_yogavAsiSTha_part_5_with_commentary_tAtparyaprakAza_M00339.xml,M00339,Yogavāsiṣṭha Tātparyaprakāśa 5,,Ānandabodhendra Sarasvatī,mbP0147,https://muktabodha-digital-library.org/texts/IAST/M00339,Vasudeva Laxmana Sharma Pansikar,,,,,,colophon,,ilxM00057,commentary,including the mūla,['tantric / āgamic literature'],colophon,,,ityārṣe śrīvāsiṣṭhamahārāmāyaṇe vālmīkīye devadūtokte dvātriṃśatsāhasryāṃ saṃhitāyāṃ mokṣopāyeṣu upaśamaprakaraṇe samadarśanaṃ nāma trinavatitamaḥ sargaḥ || iti śrīvāsiṣṭhamahārāmāyaṇatātparyaprakāśe upaśamaprakaraṇe samadarśanaṃ nāma trinavatitamaḥ sargaḥ || iti śrīmatparamahaṃsaparivrājakācāryavaryaśrīmatsarvajñasarasvatī(-)śrīmadānandabodhendrasarasvatyākhyabhikṣuṇā viracite śrīvāsiṣṭhamahārāmāyaṇatātparyaprakāśe upaśamaprakaraṇaṃ saṃpūrṇam || samāptamidaṃ upaśamaprakaraṇam,
M00345 - valmiki - yogavAsiSTha part 6 with commentary tAtparyaprakAza.htm,valmiki_yogavAsiSTha_part_6_with_commentary_tAtparyaprakAza_M00345.xml,M00345,Yogavāsiṣṭha Tātparyaprakāśa 6,,Ānandabodhendra Sarasvatī,mbP0147,https://muktabodha-digital-library.org/texts/IAST/M00345,Vasudeva Laxmana Sharma Pansikar,,,,,,colophon,,ilxM00057,commentary,including the mūla,['tantric / āgamic literature'],colophon,,,ityārṣe śrīvāsiṣṭhamahārāmāyaṇe vālmīkīye devadūtokte mokṣopāyeṣu nirvāṇaprakaraṇe uttarārdhe bālakāṇḍe dvātriṃśacchatasāhasryāṃ saṃhitāyāṃ ṣoḍaśādhikadviśatatamaḥ sargaḥ || iti śrīvāsiṣṭhamahārāmāyaṇatātparyaprakāśe nirvāṇaprakaraṇe uttarārdhe ṣoḍaśādhikadviśatatamaḥ sargaḥ || iti śrīmatparamahaṃsaparivrājakācāryavaryaśrīmatsarvajñasarasvatīpūjyapādaśiṣya(-)śiṣyeṇa śrīmadānandabodhendrasarasvatyākhyabhikṣuṇā viracitaḥ śrīvāsiṣṭhamahārāmāyaṇatātparyaprakāśaḥ saṃpūrṇaḥ || samāptamidaṃ nirvāṇaprakaraṇam | samāpto'yaṃ granthaḥ,
M00121 - matsyendranAtha - yogaviSaya.htm,matsyendranAtha_yogaviSaya_M00121.xml,M00121,Yogaviṣaya,,Matsyendranātha,mbP0001,https://muktabodha-digital-library.org/texts/IAST/M00121,"Bagchi, P. C.",,,,,yes - ? title unclear,,,,,,"['tantric / āgamic literature', 'kaula', 'kaula early pre 1100 AD']",colophon,Macchagnapāda,catalog,iti matsyendranāthaviracitaṃ bhaktisaṃ sampūrṇam,
M00301 - yogazikhopaniSat.htm,yogazikhopaniSat_M00301.xml,M00301,Yogaśikhopaniṣat Vivaraṇa,,Brahmayogin,mbP0128,https://muktabodha-digital-library.org/texts/IAST/M00301,Śāstrī Mahādeva,,,,,,colophon,Yogaśikhā Upaniṣat,ilxM00058,commentary,including the mūla,"['tantric / āgamic literature', 'yoga', 'upaniṣad', 'yogopaniṣad', 'yogopaniṣad']",colophon,,,iti ṣaṣṭho'dhyāyaḥ || śrīvāsudevendraśiṣyopaniṣadbrahmayoginā | yogaśikhopaniṣado vyākhyānaṃ likhitaṃ sphuṭam | śikhopaniṣado vyākhyāgranthaḥ saptaśataṃ smṛtaḥ || iti śrīmadīśādyaṣṭottaraśatopaniṣacchāstravivaraṇe triṣaṣṭisaṃkhyāpūrakaṃ yogaśikhopaniṣadvivaraṇaṃ saṃpūrṇam,
M00213 - yogasArasaMgraha.htm,yogasArasaMgraha_M00213.xml,M00213,Yogasārasaṃgraha Vṛtti,,Vaktraśambhu,mbP0145,https://muktabodha-digital-library.org/texts/IAST/M00213,,,,,,,*,,ilxM00059,commentary,including the mūla,"['tantric / āgamic literature', 'śaiva', 'śaiva-siddhānta', 'yoga']",catalog,,,iti śrīmadyogasārasaṃgrahe ātmasvarūpanirūpaṇaṃ nāmaṣoḍaśodhyāyaḥ || yamādi ṣoḍaśaparaiḥ kṛtyairātmasthiti kramaḥ | saṃproktaḥ ṣoḍaśādhyāyaiḥ bahusammatibhirdṛḍham || iti || yogasārasaṃgrahaḥ sampūrṇaḥ,
M00503 - yogasArasamuccaya.htm,yogasArasamuccaya_M00503.xml,M00503,Yogasārasamuccaya,,,,https://muktabodha-digital-library.org/texts/IAST/M00503,,,,,,,,Akulāgamatantra,,,,['yoga'],,,,iti śrī akulāgame mahātantre yogasārasamuccaye īśvarapārvatīsamvāde caturāśramādikathanaṃ nāma navamaḥ paṭalaḥ || śubhaṃ || śubhaṃ bhavatu kalyāṇaṃ ārogyaṃ śukhasaṃpadā | mama śatru vināsāya akulāya namostute || yādṛśaṃ pustakaṃ dṛṣṭvā tādṛśaṃ likhitaṃ mayā | yadi śuddhamasuddhambā mama doṣo na dīyate || samvata 791 vaiśākhe kṛṣṇapakṣe ca navamī ravivāsare || śubhaṃ || vāvuhovapāvidhi bhavāṇāpāke rakṣāpare vāsarajanurajaḍāra kasturagoracandana bhūjapatra śvatevāsaranatāparasatapāvakoṣāse tapaḥ bhayanāsajuyu ||,
M00064 - yoginiitantra.htm,yoginiitantra_M00064.xml,M00064,Yoginitantra,,,,https://muktabodha-digital-library.org/texts/IAST/M00064,,,,,incomplete,lacking explicit+final colophon,,,,,,"['tantric / āgamic literature', 'tantra / āgama']",,,,iti yoginītantre mahātantrarāje dvāviṃśatisāhasre kāmarūpādhikāre dvitīyabhāge ṣoḍaśaḥ paṭalaḥ || (...) atra paṭalasamāptirnāsti /// ṣoḍaśapaṭalasya kecit ślokāḥ,at end
M00115 - yoginIhRdaya.htm,yoginIhRdaya_M00115.xml,M00115,Yoginīhṛdaya Dīpikā,,Amṛtānanda,mbP0148,https://muktabodha-digital-library.org/texts/IAST/M00115,Gopīnātha Kavirāja,,,,,,colophon,,ilxM00060,commentary,including the mūla,"['tantric / āgamic literature', 'tantra / āgama', 'śākta', 'śrī-vidyā']",colophon,,,iti śrīmatparamayogīndrapuṇyānandaśiṣyāmṛtānandayogipravaraviracitāyāṃ yoginīhṛdayadīpikāyāṃ pūjāsaṃketastṛtīyaḥ || samāptaścāyaṃ granthaḥ,
M00074 - rudrayamalatantra uttarakANDa.htm,rudrayamalatantra_uttarakANDa_M00074.xml,M00074,Rudrayamalatantra Uttarakāṇḍa,,,,https://muktabodha-digital-library.org/texts/IAST/M00074,Malaviya S.,,,,,9 chapters,,,,,,"['tantric / āgamic literature', 'śaiva', 'kaula', 'kaula later post 1100 AD']",,,,iti śrīrudrayāmale uttaratantre mahātantroddīpane siddhamantraprakaraṇe | ṣaṭcakraprakāśebhairavībhairavasaṃvāde vārāṇasīpañcapīṭha(---) | prakāśo nāma navatitamaḥ paṭalaḥ,
M00563 - revantapUjA.htm,revantapUjA_M00563.xml,M00563,Revantapūjā,,,,https://muktabodha-digital-library.org/texts/IAST/M00563,,,,,incomplete,lacking explicit+colophon; title is unclear,,,,,,"['tantra / āgama', 'Paddhati']",,,,atha yavodhakavidhi likṣate,at beginning
M00206 - lakSmItantra.htm,lakSmItantra_M00206.xml,M00206,Lakṣmītantra Vṛtti,,Paṇḍita Kṛṣṇamācārya,mbP0149,https://muktabodha-digital-library.org/texts/IAST/M00206,,n,muktabodha/lakSmItantra_M00332.xml,,,,*,,ilxM00061,commentary,including the mūla,"['tantric / āgamic literature', 'tantra / āgama', 'pāñcarātra']",catalog,,,iti śrīpāñcarātrasāre lakṣmītantroddhāre (tantrārthasaṃgrahe) rahasyaśāstrārthasāro nāma saptapañcāśo'dhyāyaḥ || lakṣmītantraṃ samāptam,
M00332 - lakSmItantra.htm,lakSmItantra_M00332.xml,M00332,Lakṣmītantra Vṛtti,,Paṇḍita Kṛṣṇamācārya,mbP0149,https://muktabodha-digital-library.org/texts/IAST/M00332,,y,,,,,*,,ilxM00061,commentary,including the mūla,"['tantric / āgamic literature', 'vaiṣṇava', 'pāñcarātra']",catalog,,,iti śrīpāñcarātrasāre lakṣmītantroddhāre (tantrārthasaṃgrahe) rahasyaśāstrārthasāro nāma saptapañcāśo'dhyāyaḥ || lakṣmītantram samāptam,
M00351 - laghuyogavAsiSTha with commentary vAsiSThacandrikA.htm,laghuyogavAsiSTha_with_commentary_vAsiSThacandrikA_M00351.xml,M00351,Laghuyogavāsiṣṭha Vāsiṣṭhacandrikā,,Ātmasukha,mbP0146,https://muktabodha-digital-library.org/texts/IAST/M00351,Vasudeva Sharma Panasikara,,,,,,colophon,,ilxM00062,commentary,including the mūla,['tantric / āgamic literature'],Cat. Cat.,,,iti śrītarkavāgīśvarasāhityācāryagauḍamaṇḍalālaṃkāraśrīmadabhinanda(...)bharadvājopākhyāne nirvāṇaprakaraṇe śrīvasiṣṭharāmacandrasaṃvādo nāma aṣṭādaśaḥ sargaḥ || samāpto'yaṃ granthaḥ,
M00306 - laghustava.htm,laghustava_M00306.xml,M00306,Laghustava Ṭīkā,,Harabhaṭṭa Sastrī,mbP0129,https://muktabodha-digital-library.org/texts/IAST/M00306,,,,,,only 1st chapter of the pañcastavī,colophon,,ilxM00063,commentary,including the mūla,['śākta'],colophon,,,iti śrīdharmācāryaviracitāyāṃ pañcastavyāṃ laghustave śrīmahāmāheśvarapaṇḍitaharabhaṭṭaśāstrikṛtā ṭīkā sampūrṇā || yatra traipurakandasaṃjñakamanuṃ mūlaṃ vyavaṣṭabdhavān atyarthaṃ kulasundarīmanutaruḥ śākhopaśākhātateḥ | utphullo vividhai rasodbharaphalaiḥ saṃpūrayan svāśritāṃstasmin prāthamike stave vivaraṇaṃ pūrṇaṃ parānugrahāt,
M00355 - laghubhaTTAraka - laghustuti with commentary by rAgavAnanda.htm,laghubhaTTAraka_laghustuti_with_commentary_by_rAgavAnanda_M00355.xml,M00355,Laghustuti Vṛtti,,Rāghavānanda,mbP0150,https://muktabodha-digital-library.org/texts/IAST/M00355,,,,,,,colophon,,ilxM00064,commentary,including the mūla,['śākta'],(towards) incipit,,,evamekādhikaślokaviṃśatyā śāradāstutiḥ | laghubhaṭṭārakaiḥ kḷptā bhaktānāṃ bhuktimuktidā || kṛṣṇānandamunīśvarasya kṛpayā turyāśramaṃ yo'śramaṃ prāpyāmnāyaśiro'dhirūḍhamavagamyātmānamapyātmanā | āsādyāpi ca paddhatiṃ śivamayīmānandanāthād gurorānandāntikarāghavo muniragāt tṛptiṃ sa vṛttiṃ vyadhāt || kṛṣṇastrilocana iti tripurendireti brahmeti vā yaduditaṃ paratattvamekam | saccitsukhaikatanave praṇato'smi tasmai sarvātmane sakalabandhavidāraṇāya || samāpto'yaṃ granthaḥ || śubhaṃ bhūyāt,
M00057 - lalitaasahasranaama.htm,lalitaasahasranaama_M00057.xml,M00057,Śrīlalitāsahasranāmastotra Bhāṣya,,Bhāskararāya,mbP0062,https://muktabodha-digital-library.org/texts/IAST/M00057,Vāsudev Lakṣmaṇa Śāstrī Paṇśīkar,,,,,,colophon,,ilxM00065,commentary,including the mūla,"['tantric / āgamic literature', 'śākta']",colophon,,,iti śrīmatpadavākyapramāṇapārāvārapārīṇadhurīṇasarvatantrasvatantra śrīmadgambhīrarāyadīkṣitasūrisūnunā bhāratyupākhyena bhāskararāyeṇa bhāsurānandanāthetidīkṣānāmaśālinā praṇītaṃ saubhāgyabhāskarākhyaṃ brahmāṇḍapurāṇīyaśrīlalitārahasyanāmasahasrabhāṣyaṃ sampūrṇam || sampūrṇo'yaṃ granthaḥ,
M00252 - lalitAgama.htm,lalitAgama_M00252.xml,M00252,Lalitāgama,Saṃprokṣaṇavidhimātram,,,https://muktabodha-digital-library.org/texts/IAST/M00252,,,,,fragments,excerpt,,,,,,"['tantric / āgamic literature', 'tantra / āgama', 'śaiva', 'śaiva-siddhānta']",,,,lalitāgame saṃprokṣaṇavidhiḥ,at beginning
M00032 - lallezvarI - lallezvarIvAkyAni.htm,lallezvarI_lallezvarIvAkyAni_M00032.xml,M00032,Lalleśvarīvākyāni Vṛtti,,Bhāskara (Rāya?),mbP0062,https://muktabodha-digital-library.org/texts/IAST/M00032,,,,,,,*,,ilxM00066,commentary,including the mūla,['śaiva'],colophon,,,śrīlallāyoginīvākyajātaṃ ṣaṣṭhyā mayā sphuṭam | ślokānāṃ bhāskareṇeha dṛbdhamastu śivārpaṇam || iti lalleśvarī vākyāni rājānakabhāskarakṛtārthacchāyāpadyopetāni samāptāni,
M00333 - nandikezvara - liGgadhAraNacandrikA.htm,nandikezvara_liGgadhAraNacandrikA_M00333.xml,M00333,Liṅgadhāraṇacandrikā Vyākhyā,,Śivakumāra Miśra,mbP0151,https://muktabodha-digital-library.org/texts/IAST/M00333,,,,,,,colophon,,ilxM00067,commentary,including the mūla,['śaiva'],colophon,,,iti śrīmadvedavedāntasmṛtipurāṇāgametihāsasakalaśāstraprasiddha(---)na(-)śrīmannandīśvarakṛtaliṅgadhāraṇacandrikāyāṃ dvitīyo bhāgaḥ | basaveśvarapautreṇa maheśācāryasūnunā | nandīśvareṇa racitā liṅgadhāraṇacandrikā || liṅgadhāraṇacandrikā saṃpūrṇā || śrīkṣetrakāśīsthamahāmahopādhyāyapaṇḍitaśivakumāramiśraviracitā śarannāmno vyākhyā samāptā,
M00514 - liGgArcanatantra.htm,liGgArcanatantra_M00514.xml,M00514,Liṅgārcanatantra,,,,https://muktabodha-digital-library.org/texts/IAST/M00514,,,,,incomplete,lacking explicit+final colophon,,,,,,['tantra / āgama'],,,,iti liṅgārcanatantre harapārvatī saṃvāde dvādaśaḥ paṭalaḥ,almost at end
M00219 - vatullotarAgama.htm,vatullotarAgama_M00219.xml,M00219,Vātulottarāgama,,,,https://muktabodha-digital-library.org/texts/IAST/M00219,,,,,incomplete,,,Vātulottaratantra,,,,"['śaiva', 'śaiva-siddhānta']",,,,iti śrīvātulottare prāyaścittakāṇḍe bhūkampādipratisūryadarśanaśāntividhirnāma ekacatvāriṃśatpaṭalaḥ /// iti parameśvaratantre aṣṭatriṃśatpaṭalaḥ,towards beginning /// towards end
M00098 - bhaskarAya - varivasyArahasya.htm,bhaskarAya_varivasyArahasya_M00098.xml,M00098,Varivasyārahasya Vyākhyāna,,Bhāskararāya,mbP0062,https://muktabodha-digital-library.org/texts/IAST/M00098,Śāstrī Subrahmanya,,,,,,colophon,,ilxM00068,auto-commentary,including the mūla,"['tantric / āgamic literature', 'śākta']",colophon,,,iti śrīmatpadavākyapramāṇapārāvārapārīṇasarvatantrasvatantraśrīnṛsiṃhānandanāthacaraṇāravindamilindena śrīmadgambhīrarāyabhāratīdīkṣitātmajena bhāskararāyāparanāmnā bhāsurānanda nāthena praṇītaṃ savyākhyānaṃ varivasyārahasyaṃ saṃpūrṇam,
I00002 - nigamajJAnadeva - varuNapaddhati.htm,nigamajJAnadeva_varuNapaddhati_I00002.xml,I00002,Varuṇapaddhati Vilocana,,Nigamajñānadeva,mbP0072,https://muktabodha-digital-library.org/texts/IAST/I00002,,y,,,incomplete,lacking explicit+final colophon,colophon,,ilxM00069,commentary,including the mūla,"['śaiva', 'śaiva-siddhānta', 'Paddhati']",colophon,,,iti śrīmadyāghrapuranivāsi vāmadevātmajanigamajñānadevaviracitavaruṇapaddhati vyākhyāne vilocanākhyāne pratiṣṭhābījaprakaraṇadvitiyam,towards end
M00240 - varuNpaddhativyAkhyA.htm,varuNpaddhativyAkhyA_M00240.xml,M00240,Varuṇapaddhati Vilocana,,Nigamajñānadeva,mbP0072,https://muktabodha-digital-library.org/texts/IAST/M00240,,n,muktabodha/nigamajJAnadeva_varuNapaddhati_I00002.xml,,incomplete,lacking explicit+final colophon,colophon,,ilxM00069,commentary,including the mūla,"['tantric / āgamic literature', 'śaiva', 'śaiva-siddhānta', 'Paddhati']",colophon,,,iti śrīmadvyāghrapuravāsinīgamajñānadevaviracitavaruṇapaddhativyākhyāne vilocanākhyāne dīkṣā prakaraṇaṃ prathamam athaiva ...,in middle
M00641 - vAJchAkalpalatA.htm,vAJchAkalpalatA_M00641.xml,M00641,Vāñchākalpalatā,,,,https://muktabodha-digital-library.org/texts/IAST/M00641,,,,,uncertain,yes ?,,,,,,"['tantric / āgamic literature', 'tantra / āgama']",,,,itiśrīmatripurasuṃdaryāvāñchākalpalatopasthānaḥ prayogaḥ samāptaḥ + additional text /// itiśrīnāradapurāṇesaṃkaṣṭanāśanaṃnāmagaṇeśastotraṃ sampūrṇam,towards end /// at end
I00012 - vAtulAgama.htm,vAtulAgama_I00012.xml,I00012,Vātulāgama,,,,https://muktabodha-digital-library.org/texts/IAST/I00012,,,,,fragments,a few excerpts/topics from vatulāgama (mainly Nityārcanāvidhipaṭala),,,,,,"['tantric / āgamic literature', 'śaiva', 'śaiva-siddhānta']",,,,iti vātula tantre sahastra grantha saṃhitāyāṃ nityārcana paṭalaḥ samāptaḥ,towards end
M00099 - vatUlanAtha - vAtUlanAthasUtra.htm,vatUlanAtha_vAtUlanAthasUtra_M00099.xml,M00099,Vātūlanāthasūtra Vṛtti,,Anantaśaktipāda,mbP0152,https://muktabodha-digital-library.org/texts/IAST/M00099,Śāstrī M K,,,,,,colophon,,ilxM00070,commentary,including the mūla,"['tantric / āgamic literature', 'non-dual śaivism of Kashmir']",colophon,,,iti paramarahasyaṃ vāgvikalpaughamuktaṃ bhavavibhavavibhāgabhrāntimuktena samyak | kṛtamanupamamuccaiḥ kenaciccidvikāsādakalitaparasattāsāhasollāsavṛttyā || samāpteyaṃ śrīmadvātūlanāthasūtravṛttiḥ | kṛtiḥ śrīmadanantaśaktipādānām,
M00097 - vAmakezvarImata.htm,vAmakezvarImata_M00097.xml,M00097,Vāmakeśvarīmata,,Jayaratha,mbP0136,https://muktabodha-digital-library.org/texts/IAST/M00097,Śāstrī M K,,,,,,colophon,Nityāṣoḍaśikārṇava,ilxM00071,commentary,including the mūla,"['tantric / āgamic literature', 'tantra / āgama', 'śākta', 'śrī-vidyā']",colophon,,,iti rājānakaśrīmajjayarathaviracitaṃ śrīvāmakeśvarīmatavivaraṇaṃ saṃpūrṇam,
M00317 - vArAhItantra.htm,vArAhItantra_M00317.xml,M00317,Vārāhītantra,,,,https://muktabodha-digital-library.org/texts/IAST/M00317,,,,,uncertain,yes - only pūrvakhaṇḍa,,,,,,"['compendium', 'tantric / āgamic literature', 'tantra / āgama', 'śākta']",,,,iti śrīvārāhītaṃtre dakṣiṇāmnāyanirvāṇapade siddhāṃtahomapaddhati nirṇayo nāma yoginī nyāsa mahāvidyā paṃcatriṃśa paṭalaḥ /// iti śrīvārāhītaṃtre (* * *?) || yadakṣarapadabhraṣṭaṃ mātrāhīnaṃ ca yad bhavet | tatsarvaṃ kṣamyatāṃ devi prasīda parameśvarī || vārāhītaṃtrapūrvakhaṇḍa,before end /// at end
M00298 - vArAhopaniSat.htm,vArAhopaniSat_M00298.xml,M00298,Vārāhopaniṣat,,Brahmayogin,mbP0128,https://muktabodha-digital-library.org/texts/IAST/M00298,Śāstrī Mahādeva,,,,,,colophon,Vārāha Upaniṣat,ilxM00071,commentary,including the mūla,"['tantric / āgamic literature', 'yoga', 'upaniṣad', 'yogopaniṣad', 'yogopaniṣad']",colophon,,,iti pañcamo'dhyāyaḥ | śrīvāsudevandraśiṣyopaniṣadbrahmayoginā | varāhopaniṣadvyākhyā likhitā brahmagocarā | varāhopaniṣadvyākhyāgranthajātaṃ catuśśatam || iti śrīmadīśādyaṣṭottaraśatopaniṣacchāstravivaraṇe aṣṭanavatisaṃkhyāpūrakaṃ varāhopaniṣadvivaraṇaṃ saṃpūrṇam,
M00241 - vAruNapaddhativyAkhyAnam.htm,vAruNapaddhativyAkhyAnam_M00241.xml,M00241,Varuṇapaddhati Vyākhyāna,,Bhaṭṭa Śivottama,mbP0153,https://muktabodha-digital-library.org/texts/IAST/M00241,,,,,,2 chapters,colophon,,ilxM00069,commentary,including the mūla,"['tantric / āgamic literature', 'Paddhati']",colophon,,,iti bhaṭṭa śivottamakṛtau pratiṣṭhāviveka prakaraṇaṃ dvitīyam,
M00223 - varuNazivAcArya - vAruNapaddhati.htm,varuNazivAcArya_vAruNapaddhati_M00223.xml,M00223,Vāruṇapaddhati,,Varuṇaśivācārya,mbP0074,https://muktabodha-digital-library.org/texts/IAST/M00223,,,,,uncertain,yes ?,,Ātmārthapujāpaddhati,,,,"['tantric / āgamic literature', 'śaiva', 'Paddhati']",catalog,,,ityātmārthapūjāpaddhatyāṃ bhikṣābhojanavidhiḥ || hariḥ om śubhamastu + additional text,
E00010 - vijayottaratantra.htm,vijayottaratantra_E00010.xml,E00010,Vijayottaratantra,,,,https://muktabodha-digital-library.org/texts/IAST/E00010,,,,,incomplete,incomplete (only a few middle-section paṭalas),,Trisahasrasaṃhitā,,,,"['tantric / āgamic literature', 'śaiva', 'śaiva-siddhānta']",,,,iti vijayatantre trisahasrasaṃhitāyāṃ (---) bhaktotsava paṭalaḥ || iti vijayottaratantraṃ samāptam,
M00271 - vijJAnabhairava.htm,vijJAnabhairava_M00271.xml,M00271,Vijñānabhairava,,,,https://muktabodha-digital-library.org/texts/IAST/M00271,,,,,incomplete,lacking explicit+colophon,,,,,,['tantric / āgamic literature'],,,,vijñānabhairavabhaṭṭārakoyaṃ likhyate,at beginning
M00347 - vijJAnabhairava with commentary kaumadi.htm,vijJAnabhairava_with_commentary_kaumadi_M00347.xml,M00347,Vijñānabhairava Kaumudī,,Bhaṭṭa(/Āraka) Ānanda,mbP0154,https://muktabodha-digital-library.org/texts/IAST/M00347,Pandit Mukunda Rama Shastri,,,,,,colophon,,M00271,commentary,including the mūla,['non-dual śaivism of Kashmir'],colophon,,,iti śrī vijñānabhairavanāma yogaśāstraṃ samāptam + additional verses /// samāpteyaṃ vijñānakaumudī nāma vijñānabhairavaṭīkā | kṛtistatrabhavatkāśmīrikabhaṭṭārakānandakasya +additional verses,
M00295 - vimalaziva - vimalAvatItantra.htm,vimalaziva_vimalAvatItantra_M00295.xml,M00295,Vimalāvatītantra,,Vimalaśiva,self-reference (in middle of text),https://muktabodha-digital-library.org/texts/IAST/M00295,,,,,incomplete,lacking explicit+final colophon,,,,,,"['tantric / āgamic literature', 'tantra / āgama', 'śaiva-siddhānta', 'śaiva-siddhānta post 1100 AD']",mbP0037,,,vimalāvatyāṃ pūjāsidhiḥ prathamaḥ,almost at beginning
M00619 - viraktotpattikriyAlakSaNa.htm,viraktotpattikriyAlakSaNa_M00619.xml,M00619,Viraktotpattikriyālakṣaṇa,,,,https://muktabodha-digital-library.org/texts/IAST/M00619,,,,,fragments,excerpt,,,,,,"['śaiva', 'vīraśaiva']",,,,śrīrastu viraktotpattiḥ uttaravātule pramathapara śivasaṃvāde,at beginning
M00535 - virUpAkSapaNcazikA.htm,virUpAkSapaNcazikA_M00535.xml,M00535,Virūpākṣapaṇcāśikā Vivṛti,,Śrī Vidyā Cakravartin,mbP0156,https://muktabodha-digital-library.org/texts/IAST/M00535,T. Gaṇapati Śāstrī,,,,,,colophon,,ilxM00072,commentary,including the mūla,"['tantric / āgamic literature', 'śaiva', 'non-dual śaivism of Kashmir', 'pratyabhijñā']",colophon,,,iti śrīvirūpākṣapañcāśikāyāṃ mahāmāheśvaravidyācakravartikṛtavivṛtisametāyāṃ vibhūtiskandhaścaturthaḥ || svarūpapratyabhijñānamanāyāsena lipsubhiḥ | pañcāśikāsuviśadā vṛttireṣā niṣevyatām || kṛteyaṃ vivṛtirladhvī śrīvidyācakravartinā | govindacandradhīnāmni nikaṣe viniveśitā || namaḥ śivāya gurave devāyānandamūrtaye | parabrahmasvarūpāya devadevāya śambhave || samāptaścāyaṃ granthaḥ,
M00620 - vivekacintAmaNi.htm,vivekacintAmaNi_M00620.xml,M00620,Vivekacintāmaṇi,,Liṃgarāja,mbP0075,https://muktabodha-digital-library.org/texts/IAST/M00620,,,,,incomplete,lacking explicit+final colophon,,,,,,"['śaiva', 'vīraśaiva']",colophon,,,iti śrīmatpadavākyapramāṇapārāvārīṇaśrīharapuranañjarājagarbhapayaḥpārāvārasudhākareṇa cāmāṃbāgarbhaśuktimuktāphalena śrīmadumāramaṇacaraṇasaroruhabhṛṃgāyamānanijacittena śaraṇāgatabharaṇāyatakaruṇāyutanijavīkṣaṇena śrīliṃgarājena viracite vivekaciṃtāmaṇivivaraṇe śrīliṃgarājīye sakalavidvajjanakirīṭāyamāne vedādisarvārthaprakāśakaḥ prathamaḥ paricchedaḥ || samāptaḥ /// apūrṇa,towards end /// at end
M00614 - vizeSArthaprakAzikA.htm,vizeSArthaprakAzikA_M00614.xml,M00614,Viśeṣārthaprakāśikā,,Śrī Māyideva,mbP0119,https://muktabodha-digital-library.org/texts/IAST/M00614,,,,,,5 chapters,,,,,,"['tantric / āgamic literature', 'śaiva', 'vīraśaiva']",colophon,,,iti śrīmāyidevaviracite śivasiddhāntataṃtre viśeṣārthaprakāśake guruśiṣyasaṃvāde dehāvasānaṃ nāma paṃcamādhikaraṇaṃ saṃpūrṇam,
M00101 - visvasAratantra.htm,visvasAratantra_M00101.xml,M00101,Viśvasāratantra,,,,https://muktabodha-digital-library.org/texts/IAST/M00101,Chatterji,,,,,,,,,,,"['tantric / āgamic literature', 'tantra / āgama']",,,,"iti śrīviśvasāratantre sarasvatyāḥ kavacaṃ samāptam || + this note: iti ḍhākāvibhāgera antaḥpātī māṇikagañja upavibhāgera adhīna butunīgrāmanivāsī / ānandamohanacaṭṭopādhyāyera putra śrīrasikamohana caṭṭopādhyāya kartṛka saṅkalita, sampādita o prakāśita tantrasārādi vividhamūlatantrasaṃgrahe viśvasāra nāma mahātantra samāpta",
M00656 - vIracUDAmaNi.htm,vIracUDAmaNi_M00656.xml,M00656,Vīracūḍāmaṇi,,,,https://muktabodha-digital-library.org/texts/IAST/M00656,,,,,incomplete,lacking explicit+final colophon,,Muṇḍamālā,,,,['tantric / āgamic literature'],,,,iticūḍāmaṇaukāmyanitya-ekādaśaḥpaṭalaḥ /// itimuṃḍamālā prathamapaṭalaḥ,towards end
M00613 - vIratantra.htm,vIratantra_M00613.xml,M00613,Vīratantra,,,,https://muktabodha-digital-library.org/texts/IAST/M00613,,,,,incomplete,lacking explicit+colophon,,,,,,"['tantra / āgama', 'vīraśaiva']",,,,no,
M00604 - vIrazaivasiddhAntottarakaumudI.htm,vIrazaivasiddhAntottarakaumudI_M00604.xml,M00604,Vīraśaivasiddhāntottarakaumudī,,,,https://muktabodha-digital-library.org/texts/IAST/M00604,,,,,incomplete,,,,,,,"['śaiva', 'vīraśaiva', 'Paddhati']",,,,vīraśaivocita śrīmatsiddhāntottarakaumudīm | vakṣye saṃkṣepataḥ śrīmadgadhe(ṇe)ndrān hṛdi bhāvayan /// asaṃpūrṇo'yaṃ granthaḥ,towards beginning /// note at end
M00605 - vIrazaivasiddhAntottarakaumudI.htm,vIrazaivasiddhAntottarakaumudI_M00605.xml,M00605,Vīraśaivasiddhāntottarakaumudī,,,,https://muktabodha-digital-library.org/texts/IAST/M00605,,,,,,yes (contains full chapter of pūjāvidhi),,,,,,"['śaiva', 'vīraśaiva', 'Paddhati']",,,,iti śrīvīraśaivasiddhāntottarakomudyāṃ śivapūjāvidhiḥ samāptaḥ,
M00610 - vIrazaivAgama.htm,vIrazaivAgama_M00610.xml,M00610,Vīraśaivāgama,,,,https://muktabodha-digital-library.org/texts/IAST/M00610,,,,,,,,,,,,"['tantra / āgama', 'vīraśaiva']",,,,iti vīraśaivāgame sahasrakoṭisaṃhitāyāṃ prāṇaliṅgasaṃbandhānāṃ bhaktistalaṃ nāma prathamaḥ paṭalaḥ /// asamāpto'yaṃ granthaḥ asaṃpūrṇaśca,in middle /// note at end
M00609 - vIrazaivAcArapradIpikA.htm,vIrazaivAcArapradIpikA_M00609.xml,M00609,Vīraśaivācārapradīpikā,,,,https://muktabodha-digital-library.org/texts/IAST/M00609,,,,,,38 chapters,,,,,,"['śaiva', 'vīraśaiva']",,,,iti śrīmadvīraśaivācārapradīpikāyāṃ bhaktādhikyaprakaraṇe śivabhaktadānapūjāmāhātmyakathanaṃnāma aṣṭatriṃśo'dhyāyaḥ,
M00611 - maritoNTadArya - vIrazaivAnandacandrikA.htm,maritoNTadArya_vIrazaivAnandacandrikA_M00611.xml,M00611,Vīraśaivānandacandrikā,,Maritoṇṭadārya,mbP0076,https://muktabodha-digital-library.org/texts/IAST/M00611,,,,,,yes (vādakāṇḍa),,,,,,"['tantric / āgamic literature', 'śaiva', 'vīraśaiva']",colophon,,,iti śrīmadanādinirañjanajaṅgamāparāvatāratoṇṭadasiddheśvaraprasādāsāditasāmbhavāgamāmbhodhimathanajanitaniruttaraikottaraśatasthalabhedabhinnaṣaṭsthalatattvasudhāsvādānandasandohapradāyakācāryavaryamaritoṇṭadāryaviracite yaḍavamurārikoṭekolāhalaikāṅgivīravairisaptāṅgaharaṇapaścimasamudrādhīśvaraviśuddhavaidikādvaitasiddhāntapratiṣṭhāpanācāryakeladisadāśivarāyanāyakavaṃśadugdhārṇavapūrṇacandravīrabhadradharaṇīndradharmapatnīmallāmbāhṛdayānandabasavavasudhāsaṅkrandanopadeśe vīraśaivānandacandrikāyāṃ vādakāṇḍe vīraśaivamatotkarṣatanniṣṭhaśivabhaktotkarṣanirūpaṇaṃ nāma caturviṃśatitamaṃ prakaraṇam || vādakāṇḍaḥ samāptaḥ,
M00612 - cennabasavezvara attributed to - vIrazaivotkarSapradIpikA.htm,cennabasavezvara_attributed_to_vIrazaivotkarSapradIpikA_M00612.xml,M00612,Vīraśaivotkarṣapradīpikā,,Cannabasaveśvara,mbP0077,https://muktabodha-digital-library.org/texts/IAST/M00612,,,,,,,,,,,,"['śaiva', 'vīraśaiva']",colophon,Cannabasaveśvara Svāmi,colophon,iti śrīṣaṭsthalacakravartiniraṃjanajaṃgamasvarūpatoṃṭadasiddheśvarakāruṇyaprasādapātrasudhāpurasthacannabasaveśvarasvāmiviracitavīraśaivotkarṣapradīpikā samāptā || śrīḥ || śrīśivābhyāṃ namaḥ +EXTRA PAGE,
M00253 - vIrAgama.htm,vIrAgama_M00253.xml,M00253,Vīrāgama,,,,https://muktabodha-digital-library.org/texts/IAST/M00253,,y,,,incomplete,lacking explicit+final colophon,,,,,,"['tantric / āgamic literature', 'tantra / āgama', 'śaiva', 'śaiva-siddhānta']",,,,iti vīratantre agrāśanavidhirekonanavatitamaḥ paṭalaḥ /// kumāra sthāpanavidhiḥ (tiruvāḍuduraikośe) asmin paṭale tatra tatra kecana ślokāḥ adhikā dṛśyante | āhatya viṃśati ślokāḥ adhikatayā vidyante || ataḥ saṃpūrṇo'yaṃ paṭalaḥ adholikhyate  /// iti śrī vīratantre ṣaṭsahasrasaṃhitāyāṃ guhasthāpanavidhipaṭalaḥ,towards end /// at end
M00608 - vIrAgama.htm,vIrAgama_M00608.xml,M00608,Vīrāgama,,,,https://muktabodha-digital-library.org/texts/IAST/M00608,,n,muktabodha/vIrAgama_M00253.xml,,incomplete,lacking explicit+final colophon,,,,,,"['tantra / āgama', 'śaiva', 'vīraśaiva']",,,,iti vīratantre dhvajārohaṇavidhiḥ samāptaḥ,towards end
M00618 - vedAntasAravIrazaivacintAmaNi.htm,vedAntasAravIrazaivacintAmaNi_M00618.xml,M00618,Vedāntasāravīraśaivacintāmaṇi,,Niṣṭhūra Naṃjaṇa,mbP0120,https://muktabodha-digital-library.org/texts/IAST/M00618,,,,,,"21 ch., uttarakhaṇḍa",,,,,,"['śaiva', 'vīraśaiva']",colophon,Niṣṭhūra Śrīman Naṃjaṇa Ācārya,colophon,iti śrīvedavedāntaśivāgamasmṛtipurāṇetihāsagītāśāstrapurātanoktisārabhūtavīramāheśvarācārasāroddhāre śivācārakathane niṣṭhūraśrīmannaṃjaṇācārya viracite śrīmadvedāṃtasāravīraśaivaciṃtāmaṇau uttarakhaṃḍe vīramāheśvarānteṣṭikakramo nāmaikaviṃśatiprakaraṇaṃ sampūrṇam,
M00059 - bhaTTarAmakaNTha - vyomavyApistava.htm,bhaTTarAmakaNTha_vyomavyApistava_M00059.xml,M00059,Vyomavyāpistava Laghuṭīkā,,Vedajñāna,mbP0009,https://muktabodha-digital-library.org/texts/IAST/M00059,,,,,,,colophon,,ilxM00073,commentary,including the mūla,"['tantric / āgamic literature', 'śaiva', 'śaiva-siddhānta']",colophon (metathesis),,,guruṇā rāmakaṇṭhena kṛtasya śiśu bodhinīm | vyomavyāpistavasyaikāṃ laghuṭīkāṃ samārabhe /// śrīmadabhrasabheśasya diśyāgneyyāṃ sadāvasan | devajñāna riṣīdreti (ṛṣīndreti) viśṛtobhuvanatraye || tannāmadhāriṇā caiva iyaṃ vyākhyā samīritā | iti vyomavyāpistavaṃ laghuṭīkāsahitaṃ samāptam || śrīgurubhyo namaḥ || śubhaṃ bhavatu,at beginning /// at end
M00128 - zaktisaMgamatantra kAlIkhanda.htm,zaktisaMgamatantra_kAlIkhanda_M00128.xml,M00128,Śaktisaṃgamatantra Kālīkhanda,,,,https://muktabodha-digital-library.org/texts/IAST/M00128,Benoytosh Bhattacharyya,,,,,,,,,,,"['tantric / āgamic literature', 'tantra / āgama', 'śākta']",,,,iti śrīśaktisaṅgamamahātantrarāje uttarabhāge prathakhaṇḍe śrīmadakṣobhyamahogratārāsaṃvāde kāmadhenvādiyogo nāma ekaviṃśatiḥ paṭalaḥ || iti kālīkhaṇḍaḥ,
M00119 - zaktisaMgamatantra tArAkhanda.htm,zaktisaMgamatantra_tArAkhanda_M00119.xml,M00119,Śaktisaṃgamatantra Tārākhanda,,,,https://muktabodha-digital-library.org/texts/IAST/M00119,Benoytosh Bhattacharyya,,,,,,,,,,,"['tantric / āgamic literature', 'tantra / āgama', 'śākta']",,,,iti śrīśaktisaṅgamamahātantrarāje uttarabhāge dvitīyakhaṇḍe śrīmadakṣobhyamahogratārāsaṃvāde aśvāsanaṃ nāma saptacatvāriṃśatiḥ paṭalaḥ,
M00129 - zaktisaMgamatantra sundarIkhanda.htm,zaktisaMgamatantra_sundarIkhanda_M00129.xml,M00129,Śaktisaṃgamatantra Sundarīkhanda,,,,https://muktabodha-digital-library.org/texts/IAST/M00129,Benoytosh Bhattacharyya,,,,,,,,,,,"['tantric / āgamic literature', 'tantra / āgama', 'śākta']",,,,iti śrīśaktisaṅgamamahātantrarāje uttarabhāge tṛtīyakhaṇḍe śrīmadakṣobhyamahogratārāsaṃvāde dhūmāvatīkautukasaṃkṣepavidhirnāmaikaviṃśatitamaḥ paṭalaḥ || sundarīkhaṇḍaḥ,
M00322 - zaktisUtra.htm,zaktisUtra_M00322.xml,M00322,Śaktisūtra,,,,https://muktabodha-digital-library.org/texts/IAST/M00322,,,,,,,,,,,,"['tantric / āgamic literature', 'śākta']",,,,iti śaktisūtraṃ /// iti nityanaimittikavidhiḥ samāptāḥ,towards beginning /// at end
M00078 - umApatizivAcArya - zataratnasaMgraha.htm,umApatizivAcArya_zataratnasaMgraha_M00078.xml,M00078,Śataratnasaṃgraha,,Umāpatiśivācārya,mbP0078,https://muktabodha-digital-library.org/texts/IAST/M00078,,,,,,,,,,,,"['tantric / āgamic literature', 'śaiva', 'śaiva-siddhānta']",colophon,,,iti umāpatiśivācāryasaṃgṛhītaśataratnollekhanī samāptā || oṃ vināyakāya namaḥ || cidambareśvaraśivakāmasundarībhyāṃ namaḥ,
I00016 - zatarudriyabhASya.htm,zatarudriyabhASya_I00016.xml,I00016,Śatarudriyabhāṣya,,Abhinavaśaṅkara ?,mbP0169,https://muktabodha-digital-library.org/texts/IAST/I00016,,,,,,,colophon,,ilxM00074,commentary,including the mūla,"['tantric / āgamic literature', 'śaiva', 'śaiva-siddhānta']",colophon,,,prasāditayajuśśākhāṃ prapadye śatarudriyam| sāramuddhṛtya rudrāṇāṃ samyagvyākhyā *vidhīyate /// iti paramahaṃsaparavrājakasārvabhaumaśrīmatadvaitavidyāpratiṣṭhāpanābhinavaśaṅkarabhagavadbhiḥ kṛtaṃ śrī rudrabhāṣyaṃ sampūrṇam,at beginning /// at end
M00645 - zabdArthacintAmaNi.htm,zabdArthacintAmaNi_M00645.xml,M00645,Śabdārthacintāmaṇi,,Prema Nidhi (Pantha?),mbP0004 (same as mbP0103?),https://muktabodha-digital-library.org/texts/IAST/M00645,,,,,incomplete,lacking explicit+final colophon,,,,,,['tantra / āgama'],incipit (+Cat.Cat.),,,yasyodyotamatīsatīguṇavatīmātāpitomāpattirnāmapremanidhītipathakulabhūḥkūrmmācalojanmabhūḥ sūpāsyaṃkṛtavīryyacācyutapadaṃvārāṇasīvāsabhūtasmādabhyudite yamādyapaṭalaḥśavdārthaciṃtāmaṇau,towards beginning
M00054 - devanandanasiMha - zAktapramoda.htm,devanandanasiMha_zAktapramoda_M00054.xml,M00054,Śāktapramoda,,Devanandanasiṃha,mbP0079,https://muktabodha-digital-library.org/texts/IAST/M00054,,,,,,,,,,,,['tantric / āgamic literature'],colophon,Śrī Rāja Devanandanasiṃha Bahādura Narādhipa,colophon,śrīḥ śāktapramodaḥ kālyādidaśamahāvidyātantrātmakaḥ kumāryādipaṃcāyatanadevatānāṃ tantraiśca samalaṃkṛtaḥ śivahararājadhānīrājabhiḥ śrīrājadevanandanasiṃhabahāduranarādhipaiḥ saṃgṛhya viracitaḥ /// iti nāradapañcarātroktaṃ śrīviṣṇornnāmasahasraṃ samāptam || iti viṣṇutantraṃ samāptam iti śrīśāktapramodassamāptaḥ | granthasya viṣayānukramaṇikā + additional text ///  iti granthasya viṣayāḥ samāptāḥ,at every beginning of chapter /// almost at end /// at end
M00134 - brahmAnandagiri - zAktAnandataraGgiNI.htm,brahmAnandagiri_zAktAnandataraGgiNI_M00134.xml,M00134,Śāktānandataraṅgiṇī,,Brahmānanda,mbP0111,https://muktabodha-digital-library.org/texts/IAST/M00134,Pañcānana Śāstrī,,,,,,,,,,,['tantric / āgamic literature'],colophon,Śrī Parivrājakācārya Paramahaṃsa Tīrthāvadhūta Śrīmad Brahmānanda Giri,colophon,iti śrīparivrājakācārya paramahaṃsatīrthāvadhūtaśrīmadbrahmānandagirikṛtāyāṃ śāktānandataraṅgiṇyāṃ homādinirṇayo nāmāṣṭādaśollāsaḥ samāptaḥ || samāpto'yaṃ granthaḥ,
M00113 - zANDilyopaniSat.htm,zANDilyopaniSat_M00113.xml,M00113,Śāṇḍilyopaniṣat Vivaraṇa,,Brahmayogin,mbP0128,https://muktabodha-digital-library.org/texts/IAST/M00113,Śāstrī Mahādeva,,,,,,colophon,Śāṇḍilya Upaniṣat,ilxM00075,commentary,including the mūla,"['tantric / āgamic literature', 'yoga', 'upaniṣad', 'yogopaniṣad', 'yogopaniṣad']",colophon,,,"iti dvitīyaḥ khaṇḍaḥ samāptaḥ, tṛtīyo'dhyāyaśca || śrīvāsudevendraśiṣyopaniṣadbrahmayoginā | śāṇḍilyopaniṣadvyākhyā likhitā brahmagocarā | śāṇḍilyopaniṣadvyākhyāgranthastu triśataṃ smṛtaḥ || iti śrīmadīśādyaṣṭottaraśatopaniṣacchāstravivaraṇe aṣṭapañcāśatsaṃkhyāpūrakaṃ śāṇḍilyopaniṣadvivaraṇaṃ saṃpūrṇam",
M00077 - lakSmaNadezikendra - zAradAtilaka.htm,lakSmaNadezikendra_zAradAtilaka_M00077.xml,M00077,Śāradātilaka Ṭīkā,,Rāghavabhaṭṭa,mbP0157,https://muktabodha-digital-library.org/texts/IAST/M00077,"Avalon, A",,,,,25 chapters,colophon,,ilxM00076,commentary,including the mūla,"['compendium', 'tantric / āgamic literature']",colophon,,,iti śrīmadlakṣmaṇadeśikendraviracite śāradātilake pañcaviṃśaḥ paṭalaḥ samāptaḥ /// iti śrīrāghavabhaṭṭaviracitaśāradātilakaṭīkāyāṃ satsampradāyakṛtavyākhyāyāṃ padārthādarśābhikhyāyāṃ pañcaviṃśaḥ paṭalaḥ,
M00650 - sahib kaul - zivajIvadazakam.htm,sahib_kaul_zivajIvadazakam_M00650.xml,M00650,Śivajīvadaśakam,,Sāhib Kaul,mbP0018,https://muktabodha-digital-library.org/texts/IAST/M00650,,,,,,,,Śivakavacam,,,,['tantric / āgamic literature'],colophon,,,itiśrīmahāmāheśvarabhaṭṭācāryasāhibkaulaviracitaṃśārikāstotraṃsaṃpūrṇaṃ /// itiśrīvṛṣabhaproktaṃśivakavacaṃsamāptamomitiśivaṃ,almost at end /// at end
"I00010 - zivajJAnasiddhisvapakSadRSTAntasaGgraha, saptalakSana samAnasandhivyAkhyAdi.htm",zivajJAnasiddhisvapakSadRSTAntasaGgraha_saptalakSana_samAnasandhivyAkhyAdi_I00010.xml,I00010,"Śivajñānasiddhi (svapakṣa ḍṛṣtāntasaṅgrahaḥ), Saptalakṣaṇaṃ Savyākhyānam (prātiśākhyam)",,"Vedajñāna?, Mallayārya?","? mbP0009, mbP0170",https://muktabodha-digital-library.org/texts/IAST/I00010,,,,,incomplete,collection of texts (lacking explicit+final colophons),,,,,,"['tantric / āgamic literature', 'śaiva', 'śaiva-siddhānta']","hypothesis, colophon",,,dvādaśasūtraṃ samāptam | śivajñānasiddhigranthaḥ samāptaḥ || samānasandhervyākhyānaṃ vyakterna taparasya ca | kriyate mallāyāryeṇa padadarpaṇasaṃjñakam /// iti mallayāryaviracite samānasandhivyākhyānaṃ samāptam /// iti vilaṅghya vyākhyānaḥ samāptaḥ /// iti hrasvasaṃgrahaḥ samāptaḥ | avarṇi samāptam /// avarṇyāvarṇayorvyākhyānaṃ samāptam /// (…)niṅgyaparibhāṣā samāptā,in middle /// towards end
M00226 - zivajJAnasiddhi.htm,zivajJAnasiddhi_M00226.xml,M00226,Śivajñānasiddhi,,Vedajñāna,mbP0009,https://muktabodha-digital-library.org/texts/IAST/M00226,,,,,,,,,,,,"['tantra / āgama', 'śaiva-siddhānta']",colophon,,,dvādaśatamasūtraṃ sampūrṇam || iti śrīmadvyāghrapuravāsanigamajñāna śivayogīśiṣyavedajñāna śivācārya saṅgrahasakalāgamasārabhūta śivajñānasiddherdṛṣṭāntassamāptaḥ || oṃ śrīmadaruṇācalāya namaḥ,
M00081 - somAnanda - zivadRSTi.htm,somAnanda_zivadRSTi_M00081.xml,M00081,Śivadṛṣṭi Vṛtti,,Utpaladeva,mbP0002,https://muktabodha-digital-library.org/texts/IAST/M00081,Śāstrī M K,,,,,,colophon,,ilxM00078,commentary,including the mūla,"['tantric / āgamic literature', 'śaiva', 'non-dual śaivism of Kashmir']",colophon,,,prārthyante'smin prayukte'pi guravo grahaṇaṃ prati | iti samāptisaṃjñakaṃ saptamamāhnikam || samāptā śivadṛṣṭiriyam | kṛtiḥ śrīmahāmāheśvarācāryavaryasomānandaprabhupādānām,
M00210 - zivadharma nandiprokta.htm,zivadharma_nandiprokta_M00210.xml,M00210,Śivadharma Nandiprokta,,,,https://muktabodha-digital-library.org/texts/IAST/M00210,,,,,incomplete,,,,,,,['śaiva'],,,,(...) śāntaṃ sarvajñaṃ nandikeśvaram | sanatkumāraḥ papraccha śivadharmānyathākramam /// uddhūlanaṃ tripuṇḍraṃ ca kartavyam bhaktito mune | iti śivadharme pañcamodhyāyaḥ,towards beginning /// at end
M00209 - zivadharma.htm,zivadharma_M00209.xml,M00209,Śivadharma,,,,https://muktabodha-digital-library.org/texts/IAST/M00209,,,,,,,,,,,,['śaiva'],,,,iti śrīśivadharmaśāstre nandiproktāyāṃ saṃhitāyāṃ śivavidyā śākhopaśākhā samuddeśo nāma dvādaśodhyāyaḥ || śivadharmassamāptaḥ || oṃ śivāyagurave namaḥ | śivamastu | śrīśivāya namaḥ,
M00211 - zivadharmottara.htm,zivadharmottara_M00211.xml,M00211,Śivadharmottara,,,,https://muktabodha-digital-library.org/texts/IAST/M00211,,,,,,"12 ch., like the text above",,,,,,['śaiva'],,,,iti śaivaśāstre śivadharmottare nandikeśvaraprokte dvādaśodhyāyaḥ || śubhamastu | om || śivadharmottarassamāptaḥ | dakṣiṇāmūrtaye namaḥ || om,
M00651 - zivanirvANa.htm,zivanirvANa_M00651.xml,M00651,Śivanirvāṇa,,,,https://muktabodha-digital-library.org/texts/IAST/M00651,,,,,,"text is complete, MS lacks explicit+final colophon ",,,,,,['tantric / āgamic literature'],,,,śrīsaptarṣisaṃvat (5010 ???) bhāśudinavamyāṃcandre iyaṃnirvāṇapaddhatiḥsamāptīkṛtamityalam,almost at end
M00082 - zivasaMhita.htm,zivasaMhita_M00082.xml,M00082,Śivasaṃhita,,,,https://muktabodha-digital-library.org/texts/IAST/M00082,,,,,,5 chapters,,,,,,"['tantric / āgamic literature', 'śaiva', 'yoga']",,,,iti śrīśivasaṃhitāyāṃ haragaurīsaṃvāde yogaśāstre paṃcamaḥ paṭalaḥ samāptaḥ || śubham,
"I00007 - zivasahasranAmastotra, uttarapiThiA AdityapurANa.htm",zivasahasranAmastotra_uttarapiThiA_AdityapurANa_I00007.xml,I00007,Śivasahasranāmastotra Uttarapīṭha Ādityapurāṇa,,,,https://muktabodha-digital-library.org/texts/IAST/I00007,,,,,,"name list is complete, but text lacks ending/final colophon",,,,,,"['śaiva', 'śaiva-siddhānta']",,,,asya śrīśivasahasranāmastotramahāmantrasya nāradṛṣiḥ anuṣṭupcandaḥ śrīsadāśivaḥ paramātmādevatā,almost at beginning
M00617 - zivasiddhAntacandrikA.htm,zivasiddhAntacandrikA_M00617.xml,M00617,Śivasiddhāntacandrikā,,Cikkanaṃjeśvara,mbP0105,https://muktabodha-digital-library.org/texts/IAST/M00617,,,,,,,,,,,,"['śaiva', 'vīraśaiva']",final colophon,Śrī Jagadguru Siddhanaṃjeśa Śivācārya,incipit and in-text colophons,cannavīrāmahādevyai cikkanaṃjeśvarāya ca | śivajñānaikasiddhyarthaṃ proktā siddhāṃtacaṃdrikā || samāptā,
M00083 - vasugupta author zivasUtra - zivasUtravArttika.htm,vasugupta_author_zivasUtra_zivasUtravArttika_M00083.xml,M00083,Śivasūtra Vārttika,,Bhāskararāya,mbP0062,https://muktabodha-digital-library.org/texts/IAST/M00083,Chatterji J C,,,,,,colophon,,ilxM00079,commentary,including the mūla,"['tantric / āgamic literature', 'śaiva', 'non-dual śaivism of Kashmir']",colophon,,,iti saṃkṣepataḥ samyak sūtravārtikamuttamam | śatatrayeṇa ślokānāṃ navatyā copavarṇitam || iti prakaraṇatrayaṃ sughaṭamīṣadunmīlitaṃ mayā śivamukhodgataṃ sumatisiddhaye sāṃpratam | vicārya gatamatsarbudhairjanairguṇagrāhibhiḥ susevyamiha teṣvalaṃ bhavatu siddhimokṣapradam || iti kāśmīrikaśrīmadācāryabhaṭṭadivākarātmajabhaṭṭaśrībhāskaraviracite śivasūtravārtike vibhṛtispandākhyastṛtīyaḥ prakāśaḥ || samāptaścāyaṃ śivasūtravārtikākhyo granthaḥ || śrīśivārpaṇaṃ bhūyāt,
M00349 - vasugupta author zivasUtra - zivasUtravimarzinI text version.htm,vasugupta_author_zivasUtra_zivasUtravimarzinI_text_version_M00349.xml,M00349,Śivasūtra Vimarśinī,,Kṣemarāja,mbP0049,https://muktabodha-digital-library.org/texts/IAST/M00349,Chatterji J C,,,,,,colophon,,ilxM00079,commentary,including the mūla,"['tantric / āgamic literature', 'śaiva', 'non-dual śaivism of Kashmir']",colophon,,,iti śrīmanmahāmāheśvarācāryavaryābhinavaguptapādapadmopajīvi(?)nāma tṛtīya unmeṣaḥ || samāptā ceyaṃ śivasūtravimarśinī || kṛtiḥ śrīkṣemarājasya kṣemāyāstu vimarśinām | śivasvātmaikyabodhārthā śivasūtravimarśinī,
M00348 - utpaladeva - zivastotravalI.htm,utpaladeva_zivastotravalI_M00348.xml,M00348,Śivastotravalī Vivṛti,,Kṣemarāja,mbP0049,https://muktabodha-digital-library.org/texts/IAST/M00348,Rai Pramadasa Mitra Bahadur,,,,,,colophon,,ilxM00080,commentary,including the mūla,['śaiva'],colophon,,,iti śrīmadutpaladevācāryaviracitastotrāvalau carvaṇāstotre viṃśaṃ śrīkṣemarājakṛtā vivṛtiḥ + additional verses,
M00058 - jJAnaprakAza - zAlivATipuranivAsi - zivAgamAdimAhAtmya.htm,jJAnaprakAza_zAlivATipuranivAsi_zivAgamAdimAhAtmya_M00058.xml,M00058,Śivāgamādimāhātmya,,Jñānaprakāśa,mbP0052,https://muktabodha-digital-library.org/texts/IAST/M00058,,,,,,,,Śivāgamādimāhātmyasaṅgrama,,,,"['compendium', 'tantric / āgamic literature', 'śaiva', 'śaiva-siddhānta']",colophon,,,ataḥ śivāgamaproktaviśeṣācāratatparāḥ | narāḥ śreyāṃsi bhūyāṃsi vindantīti niścitam || iti śālivāṭipuranivāsijñānaprakāśaguruviracitaśivāgamādimāhātmyasaṅgrahaḥ samāptaḥ || śrīmaddevaśikhāmaṇigurubhyo namaḥ | śrīmatṣaṇmukhagurave namaḥ,
M00606 - zivAdvaitadarpaNa.htm,zivAdvaitadarpaNa_M00606.xml,M00606,Śivādvaitadarpaṇa,,Śivānubhava Śivācārya,mbP0082,https://muktabodha-digital-library.org/texts/IAST/M00606,,,,,,,,,,,,"['śaiva', 'vīraśaiva']",colophon,,,iti caturthaparicchedaḥ || śivabhaktiśivācāraśivārcāsaktacetasāṃ || svasvarūpāvabodhārthaṃ darpaṇo racito mayā || iti śrīparamahaṃsaparivrājakācāryavaryasarvatantrasvatantrapadavākyapramāṇapārāvārapārīṇaparaśivāparāvatārapuvvallīpuravarādhīśvaraśrīmadbhagatpādaśrīnīlakaṇṭhaśivācāryapratiṣṭhāpitaśrīśivādvaitabhāṣyasiṃhāsanādhīśapūvvallīpañcavarṇamahāmaṭhādhiṣṭhitaśrībhagavatpādaciddhanaśivācāryakarakañjātasañjātaśrīmacchaktiviśiṣṭādvaitasiddhāntapayaḥ pārāvārarākāsudhākaraśrīśivānubhavaśivācāryaviracitaśrīśivādvaitadarpaṇaḥ sampūrṇaḥ | sarvaṃ śivārpaṇamastu,
M00607 - zivAdvaitimaJjarI.htm,zivAdvaitimaJjarI_M00607.xml,M00607,Śivādvaitimañjarī And Śaivasiddhāntadīpikā,,"Svaprabhānanda, Śaṃbhudeva","mbP0122 , mbP0107",https://muktabodha-digital-library.org/texts/IAST/M00607,,,,,,,,,,,,"['śaiva', 'vīraśaiva']","colophon, colophon",,,1) iti śrīprakāśavimarśasāmarasyalakṣaṇadvaitādvaitasamarasalīlāsaparibṛṃhitabrahmavidyācāryanāthānaṃdamunīṃdracaṃdrasūktisudhākiraṇaprasaraṇavikasitahṛtkairavakorakasvaprabhānaṃdaviraciteyaṃ śivādvaitamaṃjarī saṃpūrṇatāmavāptā pūrṇimācaṃdrikeva sahṛdayahṛdayāhlādanaṃ vitanvatī vijayatetarāṃ /// 2) iti sarvamatotkṛṣṭā śaivasiddhāntadīpikā | sarvārthaśaṃbhudevena kalpitā śaivasaṃmatā | śaivasiddhāntadīpikānāma pāśupatamataprakaraṇaṃ samāptam,in middle /// at end
M00079 - appayadIkSita - zivArcanacandrikA.htm,appayadIkSita_zivArcanacandrikA_M00079.xml,M00079,Śivārcanacandrikā,,Appayadīkṣita,mbP0083,https://muktabodha-digital-library.org/texts/IAST/M00079,,,,,,,,,,,,"['tantric / āgamic literature', 'śaiva', 'śaiva-siddhānta', 'śaiva-siddhānta post 1100 AD']",catalog,,,karotu jvarakaṇṭheśassvakīyārcanacandrikām | ākalpasthāyinīmenāṃ dyusthale candrikāmiva || hariḥ om || śubhamastu | gurubhyonamaḥ || bhajāmijvarakaṇṭheśa mṛtyuñjayapadāṃbujam | yadāśrito nagvavyājādbhāti jaivātṛkassadā || śivārcanācandrikā samāptā,
I00021 - zivotsavavidhi.htm,zivotsavavidhi_I00021.xml,I00021,Śivotsavavidhi,,,,https://muktabodha-digital-library.org/texts/IAST/I00021,,,,,uncertain,yes?,,,,,,"['tantric / āgamic literature', 'śaiva', 'śaiva-siddhānta']",,,,"no - these sections are present: dhanurmāsapūjāvidhi, kṛttikādipanirṇaya, navarātri utsavavidhi, kāmikāgama - skandaṣaṣṭi-utsava, ekākṣaranikhaṇḍu, rakṣoghnahoma, mudrālakṣaṇa, ṣoḍaśopacāra, dravyāhutivacana - sakalāgamasaṅgraha, viṣṇu ṣaṇṇavati-dravyāhuti, cintyāgama, yogaja (utsavavidhi), sūkṣmāgama (utsava), makuṭāgama (śivotsava), prāyaścittavidhi, āṣāḍhapūrārmavidhi - kāraṇa, kāmikāgama - śivotsava ",list of present sections
M00270 - zukavAkya.htm,zukavAkya_M00270.xml,M00270,Śukavākya,,,,https://muktabodha-digital-library.org/texts/IAST/M00270,,,,,incomplete,lacking explicit+final colophon,,,,,,['tantric / āgamic literature'],,,,bhagavañśrotumicchāmi māhātmyaṃ yacchukasya ca | parasparaṃ tu saṃvādaṃ vyāsasya ca śukasya ca,at beginning
M00181 - zaivakalAviveka.htm,zaivakalAviveka_M00181.xml,M00181,Śaivakalāviveka Vyākhyā,,Gaṇapati Bhaṭṭa,mbP0158,https://muktabodha-digital-library.org/texts/IAST/M00181,,,,,,,colophon,,ilxM00081,commentary,including the mūla,"['tantric / āgamic literature', 'tantra / āgama', 'śaiva', 'śaiva-siddhānta']",colophon,,,śaivakālavivekamūlaślokāḥ samāptāḥ || śaivakālavivekaḥ gaṇapatibhaṭṭaviracita vyākhyāyutaḥ /// iti śrī nigamajñāna śivācārya viracitaśśaivakāla vivekaḥ samāptaḥ || iti śrīvatsakulatilaka gaṇapati bhaṭṭa viracitā śaivakālaviveka vyākhyā samāptā /// iti deśakālādhikāraḥ,towards beginning /// towards end /// at end
M00254 - vedajJAna - zaivasiddhAntaparibhASAmaJjarI.htm,vedajJAna_zaivasiddhAntaparibhASAmaJjarI_M00254.xml,M00254,Śaivasiddhāntaparibhāṣāmañjarī,,Nigamajñānadeva,mbP0072,https://muktabodha-digital-library.org/texts/IAST/M00254,,,,,,,,,,,,"['compendium', 'tantric / āgamic literature', 'śaiva', 'śaiva-siddhānta']",colophon,,,daśamassargaḥ || puṇḍarīkapuravāsi nigamajñānaśivayogiśiṣyaḥ nigamajñānadeva viracitāyāṃ paryāyamañjaryākhyā nighaṇḍuḥ saṃpūrṇaḥ,
M00075 - zivAgrayogin - zaivasiddhAntaparibhASA.htm,zivAgrayogin_zaivasiddhAntaparibhASA_M00075.xml,M00075,Śaivasiddhāntaparibhāṣā,,Śivāgrayogīndrajñāna,mbP00027,https://muktabodha-digital-library.org/texts/IAST/M00075,,,,,,5 chapters,,,,,,"['tantric / āgamic literature', 'śaiva-siddhānta post 1100 AD']",colophon,,,iti śrīmadativarṇāśramācāryavaryaśaivaparipālakaśivāgrayogīndrajñānaśivācāryaviracitāyāṃ śaivaparibhāṣāyāṃ muktinirūpaṇaṃ nāma pañcamaḥ paricchedaḥ,
M00228 - jJAnaprakAza - zaivAgamAdimAhAtmya.htm,jJAnaprakAza_zaivAgamAdimAhAtmya_M00228.xml,M00228,Śaivāgamādimāhātmya,,Jñānaprakāśa,mbP0052,https://muktabodha-digital-library.org/texts/IAST/M00228,,,,,,,,,,,,"['tantric / āgamic literature', 'śaiva-siddhānta']",colophon,,,iti śrīśālīvāṭipuranivāsi jñānaprakāśaguruviracita śivāgamādimāhātmya saṃgrahassamāptaḥ,
I00006 - zrAdhakArikA.htm,zrAdhakArikA_I00006.xml,I00006,Śrāddhakārikā,,,,https://muktabodha-digital-library.org/texts/IAST/I00006,,,,,incomplete,,,,,,,"['śaiva', 'śaiva-siddhānta', 'Paddhati']",,,,"these setions are present: agnisandhānam, aupāsana, pārvaṇahoma, brahmacāryāupāsana, pañcagavya, saṅkalpaśrāddha",
M00346 - zrIpati - zrIkarabhAsya.htm,zrIpati_zrIkarabhAsya_M00346.xml,M00346,Śrīkarabhāsya,,Śrīpati,mbP0084,https://muktabodha-digital-library.org/texts/IAST/M00346,C. Hayavadana Rao,,,,,4 chapters,,,,,,['śaiva'],colophon,Śrīpati Paṇḍita Bhagavat Pādācārya Svāmi,colophon,iti śrīmadyativrajaparivṛḍhaśrīpatipaṇḍitabhagavatpādācāryasvāmikṛtaśrīkarabhāṣye phalādhyāyasaṃjñikacaturthādhyāyasya sampadyāvirbhūtādhikaraṇādiṣaḍadhikaraṇāvacchinnasamāptaḥ || śrīśivāyagurave namaḥ | caturthādhyāyasamāptaḥ,
M00653 - govinda kaula - zrIgurustutiratnAvalI.htm,govinda_kaula_zrIgurustutiratnAvalI_M00653.xml,M00653,Śrīgurustutiratnāvalī,,Govinda Kaula,mbP0030,https://muktabodha-digital-library.org/texts/IAST/M00653,,,,,,,,,,,,['tantric / āgamic literature'],colophon,,,itiśrīmahāmāheśvarācāryaśrīmacchrījyotiṣprakāśakaulānaṃdanāthapādapadmānujīviśrīgoviṃdakaulaviracitāśrīgurustutiratnāvalīsamāptāsaṃpūrṇācetiśivamom,
I00025 - zrIcakranavAvaraNapUjA.htm,zrIcakranavAvaraNapUjA_I00025.xml,I00025,Śrīcakranavāvaraṇapūjā,,,,https://muktabodha-digital-library.org/texts/IAST/I00025,,,,,incomplete,,,,,,,"['tantric / āgamic literature', 'śaiva', 'śaiva-siddhānta']",,,,no,
M00652 - zrIcakrasAdhanam.htm,zrIcakrasAdhanam_M00652.xml,M00652,Śrīcakrasadhanam,,,,https://muktabodha-digital-library.org/texts/IAST/M00652,,,,,uncertain,yes?,,,,,,['tantric / āgamic literature'],,,,athaśrīcakrasādhanavidhiḥ,at beginning
M00238 - kRSNarAja vodeyar - zrItattvanidhiH.htm,kRSNarAja_vodeyar_zrItattvanidhiH_M00238.xml,M00238,Śrītattvanidhiḥ,,Kṛṣṇarāja Vodeyar,mbP0085,https://muktabodha-digital-library.org/texts/IAST/M00238,,,,,,,,,,,,['tantric / āgamic literature'],catalog,Śrī Kṛṣṇarāja Mahārāja,colophon,iti śrīmatsamastabhamaṃḍalamaṃḍanāyamānānikhiladeśāvataṃ sakarnāṭakajanapadādhiṣṭhānabhūtaśrīmanmahīśūramahāsaṃsthānamadhyadedīpyamānāvikalakalānidhikulakramāgatarājakṣitipālapramukhanikhilanijarājādhirājamahārājacakravartimaṃḍalānubhūtadivyaratnasiṃhāsanārūḍhaśrīmadrājādhirājarājaparameśvaraprauḍhapratāpāpratimavīranarapatibirudeṃteṃbaragaṃḍalokaikavīrayadukulapayaḥpārāvārakalānidhiśaṃkhacakrāṃkuśakuṭhāramakaramatsyaśarabhasālvagaṃḍabheruṃḍadharaṇīvarāhahanumadgaruḍakaṃṭhīravādyanekabirudāṃkitaśrīmanmahīśūrapuravarādhīśaśrīkṛṣṇarājamahārājaviracite śrītattvanidhyākhyagraṃthepatrikākṣakrīḍādimahākautukanirūpaṇaṃnāmanavamo nidhissaṃpūrṇaḥ || iti śrītattvanidhyākhyagranthe navamaḥ kautukanidhissaṃpūrṇaḥ || śrītattvanidhyākhyoyaṃgranthassamāptaḥ,
M00654 - sahib kaul - zrIvidyAnityapaddhati.htm,sahib_kaul_zrIvidyAnityapaddhati_M00654.xml,M00654,Śrīvidyanityapaddhati,,Sāhib Kaul,mbP0018,https://muktabodha-digital-library.org/texts/IAST/M00654,,,,,incomplete,lacking explicit+final colophon,,,,,,"['tantric / āgamic literature', 'Paddhati']",catalog,,,adhunāpaddhatiṃvakṣyeśrīvidyārcanasaṃyutāṃ ...,at beginning
M00217 - zrIvidyAraNyayati - zrIvidyArNavatantra.htm,zrIvidyAraNyayati_zrIvidyArNavatantra_M00217.xml,M00217,Śrīvidyārṇavatantra,,Śrīvidyāraṇyayati,mbP0086,https://muktabodha-digital-library.org/texts/IAST/M00217,Harabhatta Shastri,,,,,only pūrvārdha,,,,,,"['tantric / āgamic literature', 'śākta', 'śrī-vidyā']",colophon,,,iti śrīmahāmahopādhyāyabhagavatpūjyapādaśrīgovindācāryaśiṣyaśrībhagavacchaṅkarācāryaśiṣya śrīviṣṇuśarmācāryaśiṣyaśrīpragalbhācāryaśiṣya śrīvidyāraṇyayati viracite śrīvidyārṇavākhye tantre aṣṭādaśaḥ śvāsaḥ || samāptamidaṃ pūrvārdham,
M00261 - SaTcakranirNaya.htm,SaTcakranirNaya_M00261.xml,M00261,Ṣaṭcakranirṇaya,,,,https://muktabodha-digital-library.org/texts/IAST/M00261,,,,,incomplete,lacking explicit+final colophon,,,,,,['tantric / āgamic literature'],,,,atha ṣaṭcakranirṇayoyaṃ likhyate,at beginning
M00151 - SaTtriMzAttattvasandoha.htm,SaTtriMzAttattvasandoha_M00151.xml,M00151,Ṣaṭtriṃśāttattvasandoha Vivaraṇa,,Rājānakānanda,mbP0159,https://muktabodha-digital-library.org/texts/IAST/M00151,Śāstrī M R,,,,,,colophon,,ilxM00082,commentary,including the mūla,"['tantric / āgamic literature', 'śaiva', 'non-dual śaivism of Kashmir']",colophon,,,iti ṣaṭtriṃśattattvasaṃdohaḥ śrīmadrājānakānandācāryaviracitavivaraṇopetaḥ samāptaḥ + tilaka,
M00556 - SaDAmnAyapUjAvidhi.htm,SaDAmnAyapUjAvidhi_M00556.xml,M00556,Ṣaḍāmnāyapūjāvidhi,,,,https://muktabodha-digital-library.org/texts/IAST/M00556,,,,,,,,,,,,"['tantra / āgama', 'Paddhati']",,,,iti ṣaḍāmnāyapūjāvidhiḥ || purātanatāḍapatra pustakādidaṃ pustakaṃ 1979 saṃvatsare śāradāvilāsaśarmadvārā śrīmadrājaguruhemarājapaṇḍitena likhitam,
M00249 - SatSahasrakAlottarAgama.htm,SatSahasrakAlottarAgama_M00249.xml,M00249,Ṣaṭsahasrakālottarāgama,,,,https://muktabodha-digital-library.org/texts/IAST/M00249,,,,,incomplete,lacking approx. 4000 (concluding) verses,,,,,,"['tantric / āgamic literature', 'śaiva', 'śaiva-siddhānta']",,,,iti ṣaṭsahasrikālottare mahātaṃtre gaṇapatipūjāpaṭalaḥ,towards beginning
M00334 - saMnyAsa upaniSads.htm,saMnyAsa_upaniSads_M00334.xml,M00334,Saṃnyāsa Upaniṣad Vivaraṇa,,Brahmayogin,mbP0128,https://muktabodha-digital-library.org/texts/IAST/M00334,,,,,,collection of full texts - yes,colophon,Avadhūtopaniṣat; Āruṇyupaniṣat; Kaṭharudropaniṣat; Kuṇḍikopaniṣat; Jābālopaniṣat; Turīyātītāvadhūtopaniṣat; Nāradaparivrājakopaniṣat; Nirvāṇopaniṣat; Parabrahmopaniṣat; Paramahaṃsaparivrājakopaniṣat; Brahmopaniṣat; Bhikṣukopaniṣat; Maitreyopaniṣat; Yājñavalkyopaniṣat; Śāṭyāyanīyopaniṣat; Saṃnyāsopaniṣat,ilxM00083,commentary,including the mūla,['upaniṣad'],colophon,,,avadhūtopaniṣat; āruṇyupaniṣat; kaṭharudropaniṣat; kuṇḍikopaniṣat; jābālopaniṣat; turīyātītāvadhūtopaniṣat; nāradaparivrājakopaniṣat; nirvāṇopaniṣat; parabrahmopaniṣat; paramahaṃsaparivrājakopaniṣat;  brahmopaniṣat; bhikṣukopaniṣat; maitreyopaniṣat; yājñavalkyopaniṣat; śāṭyāyanīyopaniṣat; saṃnyāsopaniṣat /// iti dvitīyo'dhyāyaḥ | śrīvāsudevendraśiṣyopaniṣadbrahmayoginā | saṃnyāsopaniṣadvyākhyā likhitā brahmagocarā | saṃnyāsopaniṣadvyākhyāgranthastu dviśataṃ smṛtaḥ || iti śrīmadīśādyaṣṭottaraśatopaniṣacchāstravivaraṇe pañcaṣaṣṭisaṃkhyāpūrakaṃ saṃnyāsopaniṣadvivaraṇaṃ saṃpūrṇam,collection of 16 listed texts /// at end
M00063 - sakalAgamasArasaGgraha.htm,sakalAgamasArasaGgraha_M00063.xml,M00063,Sakalāgamasārasaṅgraha,,,,https://muktabodha-digital-library.org/texts/IAST/M00063,,,,,incomplete,collection of excerpts - incomplete,,,,,,"['tantric / āgamic literature', 'śaiva', 'śaiva-siddhānta']",,,,ityaṃśumān tantre vināyakavratavidhipaṭalaḥ || śubhamastu,at end
M00530 - sanatkumAratantra.htm,sanatkumAratantra_M00530.xml,M00530,Sanatkumāratantra,,,,https://muktabodha-digital-library.org/texts/IAST/M00530,,,,,,11 chapters,,,,,,"['tantra / āgama', 'vaiṣṇava']",,,,iti sanatkumāratantre sanatkumārapulastyasaṃvāde śrīgopālapūjāprayogavidhānaṃ nāmaikadaśaḥ paṭalaḥ,
M00564 - samayadIkSAdhivAsanavidhi.htm,samayadIkSAdhivAsanavidhi_M00564.xml,M00564,Samayadīkṣādhivāsanavidhi,,,,https://muktabodha-digital-library.org/texts/IAST/M00564,,,,,uncertain,yes?,,,,,,"['tantra / āgama', 'Paddhati']",,,,ityadhivāsanavidhi /// astreṇa prāyaścittārthaṃ śataṃ hutvā pūrṇāṃ ca datvā || samānyasamaya dīkṣāmiti,towards end /// at end
M00080 - utpaladeva - sambandhasiddhi.htm,utpaladeva_sambandhasiddhi_M00080.xml,M00080,Sambandhasiddhi,,Utpaladeva,mbP0002,https://muktabodha-digital-library.org/texts/IAST/M00080,,,,,,,,Siddhitrayī,,,,"['tantric / āgamic literature', 'śaiva', 'non-dual śaivism of Kashmir']",colophon,,,iti śrīmadudayākaraputrotpaladevācāryaviracitā saṃbandhasiddhiḥ samāptā,
M00576 - saravatIstotram mantrabhAsyam aSTAdazajAtinirNaya.htm,saravatIstotram_mantrabhAsyam_aSTAdazajAtinirNaya_M00576.xml,M00576,Sarasvatīstotram Mantrabhāsyam Aṣṭādaśajātinirṇaya,,,,https://muktabodha-digital-library.org/texts/IAST/M00576,,,,,,,,,,,,"['tantric / āgamic literature', 'tantra / āgama']",,,,oṃ asya śrīsarasvatīstotramaṃtrasya āśvalāyana ṛṣiḥ anuṣṭūpchaṃdaḥ śrīvāgvādinīdevatā daivīṃ vācamajamati bījaṃ yadvāgiti śaktiḥ praṇodevīti kīlakaṃ ātmanaḥ sarasvatī devī prasāda siddhyarthe parameśvara prītyarthe pāṭhe viniyogaḥ /// ityaṣṭādaśajātinirṇayaḥ,towards beginning /// at end
M00227 - aghorazivAcArya - sarvajJAnottaravRttiH.htm,aghorazivAcArya_sarvajJAnottaravRttiH_M00227.xml,M00227,Sarvajñānottaravṛtti Yogaprakaraṇam,,Aghoraśivācārya,mbP0028,https://muktabodha-digital-library.org/texts/IAST/M00227,,,,,,,colophon,,M00327,commentary,,['tantric / āgamic literature'],colophon,,,iti lakṣadvayādhyāpaka śrīmadaghoraśivācāryaviracitāyāṃ śrīmatsarvajñānottaravṛttau yogaprakaraṇam,
M00327 - sarvajJAnottara.htm,sarvajJAnottara_M00327.xml,M00327,Sarvajñānottara,,,,https://muktabodha-digital-library.org/texts/IAST/M00327,,,,,,,,,,,,"['tantric / āgamic literature', 'śaiva-siddhānta']",,,,ātmanaḥ śuciretāni pareṣāmaśucirbhavet | śrīsarvajñānottare kamaṇḍaluprakaraṇaṃ || iti sarvajñānottarapādaḥ samāptaḥ,
M00120 - sarvAnanda - sarvollasatantra.htm,sarvAnanda_sarvollasatantra_M00120.xml,M00120,Sarvollasatantra,,Sarvānandanātha,mbP0087,https://muktabodha-digital-library.org/texts/IAST/M00120,Gopīnātha Kavirāja,,,,,,,,,,,"['tantric / āgamic literature', 'tantra / āgama']",colophon,,,iti śrīsarvānandanātha viracite sarvollāse triṣaṣṭyullāsaḥ || etāvāneva grantha upalabdhaḥ,
M00342 - bhattacharya benoytosh - sAdhanamAlA vol. 1.htm,bhattacharya_benoytosh_sAdhanamAlA_vol._1_M00342.xml,M00342,Sādhanamālā Vol. 1,,,,https://muktabodha-digital-library.org/texts/IAST/M00342,Bhattacharya Benoytosh,,,,,yes - collection of excerpts - no colophons,,,,,,['tantric / āgamic literature'],,,,no,
M00343 - bhattacharya benoytosh - sAdhanamAlA vol. 2.htm,bhattacharya_benoytosh_sAdhanamAlA_vol._2_M00343.xml,M00343,Sādhanamālā Vol. 2,,,,https://muktabodha-digital-library.org/texts/IAST/M00343,Bhattacharya Benoytosh,,,,,yes - collection of excerpts - no colophons,,,,,,['tantric / āgamic literature'],,,,no,
M00076 - sAmbapaJcAzikA.htm,sAmbapaJcAzikA_M00076.xml,M00076,Sāmbapañcāśikā Vivṛti,,Kṣemarāja,mbP0049,https://muktabodha-digital-library.org/texts/IAST/M00076,,,,,,,colophon,,ilxM00084,commentary,including the mūla,"['tantric / āgamic literature', 'śaiva', 'non-dual śaivism of Kashmir']",colophon,,,iti mahāmāheśvarācāryavaryaśrīmadabhinavaguptapādapadmopajīvirājānakaśrīkṣemarājapraṇītavivṛtisametā śrīsāmbapañcāśikā samāptā | samāpto'yaṃ granthaḥ,
M00643 - sAvaratantramantrasaMgraha.htm,sAvaratantramantrasaMgraha_M00643.xml,M00643,Sāvaratantramantrasaṃgraha,,Rāmasiṃha,mbP0124,https://muktabodha-digital-library.org/texts/IAST/M00643,,,,,,6 chapters,,,,,,['tantra / āgama'],colophon,,,itiśrīsāvarataṃtremaṃtrasaṃgrahedurgerāmasiṃhakṛtesonāciraiābhya(?)namatikaṃvūtarakalāyāṃupadeśadvārācakrādiṣaṣṭhaḥ prakāśaḥ || yādṛśaṃpustakolokyaṃtādṛśenamayālipimamadoṣanadīyaṃteśuddhāśunajñātayam || saṃvata1956phālguṇasaptamijñavaghamūliḥsarayuśaraṇamūvāsadharagharadakṣikrośaikaṃ,
M00257 - siddhalakSMIpUjApaddhati.htm,siddhalakSMIpUjApaddhati_M00257.xml,M00257,Siddhalakṣṃīpūjāpaddhati,,,,https://muktabodha-digital-library.org/texts/IAST/M00257,,,,,,,,Vanadurgā Pūjāna,,,,"['tantric / āgamic literature', 'śākta', 'compendium', 'Paddhati']",,,,iti saṃkṣiptā siddhalakṣmīpūjāpaddhatiḥ samāptā /// bhagavan śivarātrivratamahaṃ kariṣye nirvighnaṃ sampādaya svāhā | śivarātrivratamidaṃ kariṣyehaṃ mahā pha(...),in middle /// at end
M00578 - siddhAntalezasaMgrahaTIkA.htm,siddhAntalezasaMgrahaTIkA_M00578.xml,M00578,Siddhāntaleśasaṃgraha Śrīkṛṣṇālaṃkāra,,Kṛṣṇānanda Sarasvatī,mbP0165,https://muktabodha-digital-library.org/texts/IAST/M00578,,,,,,3 chapters,colophon,,ilxM00085,commentary,,['tantric / āgamic literature'],colophon,,,iti śrīmatparamahaṃsaparivrājikācāryaśrīmatsvayaṃprakāśānaṃdasarasvatīdivyaśrīcaraṇāraviṃdasaṃlagnarajobhūtasya acyutakṛṣṇānaṃdatīrthasya kṛtau śāstrasiddhāṃtaleśasaṃgrahavyākhyāyāṃ śrīkṛṣṇālaṃkārākhyāyāṃ tṛtīyaḥ parichedaḥ || samāptam,
M00207 - zivayogizivAcArya - siddhAntazikhAmaNi.htm,zivayogizivAcArya_siddhAntazikhAmaNi_M00207.xml,M00207,Siddhāntaśikhāmaṇi Tattvapradīpikā,,Maritoṇḍadārya,mbP0160,https://muktabodha-digital-library.org/texts/IAST/M00207,,,,,,11 chapters,colophon,,ilxM00086,commentary,including the mūla,['śaiva'],colophon,,,iti śrīmatṣaṭsthalabrahmiṇā śivayogināmnā reṇukācāryeṇa viracite vīraśaivadharmanirṇaye siddhāntaśikhāmaṇau reṇukavibhīṣaṇasaṃvāde reṇukaśivaliṅgaikyaprasaṅgo nāmaikaviṃśaḥ paricchedaḥ || śrīsiddhāntaśikhāmaṇiśca samāptaḥ + ADDITIONAL TEXT - iti śrīmatpadavākyapramāṇapārāvāradhurīṇaśrīmaritoṇḍadāryeṇa viracitāyāṃ tattvapradīpikākhyāyāṃ siddhāntaśikhāmaṇivyākhyāyāṃ reṇukavibhīṣaṇasaṃvāde reṇukaśivaliṅgaikyaprasaṅgo nāmaikaviṃśaḥ paricchedaḥ,
M00531 - bhojadeva ascribed to - siddhAntasArapaddhati.htm,bhojadeva_ascribed_to_siddhAntasArapaddhati_M00531.xml,M00531,Siddhāntasārapaddhati,,Bhojadeva,mbP0012,https://muktabodha-digital-library.org/texts/IAST/M00531,,,,,incomplete,,,,,,,"['tantric / āgamic literature', 'śaiva', 'Paddhati']",colophon,,,iti mahārājādhirāja śrībhojadeva viracitāyāṃ siddhāntasārapaddhatau nityakarmavidhissamāptaḥ,in middle
I00022 - anantazambhu - siddhAntasArAvali with the commentary of anantazambhu.htm,anantazambhu_siddhAntasArAvali_with_the_commentary_of_anantazambhu_I00022.xml,I00022,Siddhāntasārāvali Vyākhyā,,Anantaśambhu,mbP0161,https://muktabodha-digital-library.org/texts/IAST/I00022,,,,,incomplete,,*,,ilxM00087,commentary,including the mūla,"['tantric / āgamic literature', 'śaiva', 'śaiva-siddhānta']",self-reference (towards incipit),,,śrīmadvaidyeśaliṅgaṃ paramamunigaṇaiḥ sevitaṃ satpadātye svasya prācyādikā(...) gatayugamanubhiḥ saṃyutaṃ liṅgarūpaiḥ natvānantākhyaśambhurvaragurukaruṇāmbodhisaṃsaktacetā śrīmatsiddhāntasārāvalivipratiparaṃ(...)cmi gūḍhārthasidhyai | jñānasya pratipādite viracitādvātṛṃśa tasyordhvatotvaṣṭāśīti sutā hutā gaṇanayā karmaṇyatāre muniḥ yogo rāvaṇabāhuyugmagaṇanāyuktā prayuktāḥ sadā āyuṣṣaṣṭhimunīndrakliptigaṇanā siddhāntasārāvaliḥ | tatra tāvadāmardakamaṭhanivāsīsakalāgamapāradṛśvā trilocanaśivācāryaḥ susantānāgamasaṃbhūtakāmikādisiddhāntatadbhedaṃ mṛgendrādyāgamamālocya tatra śabdārthayoḥ sāmarthyena labdhapramāṇaślokairanekai(kaiḥ) nirṇītārthaṃ padārthatrayayuktaṃ sapādacatuṣṭayaṃ siddhāntasārāvalī nāmadheyaṃ  grandhaṃ(nthaṃ) cikīrṣuścikīrṣatagranthasyāvighnena būrisamāptyarthaṃ niṣkalamūlamantrasyoccāraṇabhedena turyātītāvasthāsvarūpam /// iti jñānapādaṃ samāptam /// iti siddhāntasārāvalyāṃ kriyāpādaḥ samāptaḥ /// iti siddhāntasārāvalyāṃ yogapādaḥ samāptaḥ /// atha caryāpādaṃ vaktukāmastatrādau,almost at beginning /// in middle
M00328 - siddhAntArthasamuccaya.htm,siddhAntArthasamuccaya_M00328.xml,M00328,Siddhāntārthasamuccaya,,,,https://muktabodha-digital-library.org/texts/IAST/M00328,,,,,uncertain,? yes,,,,,,"['tantric / āgamic literature', 'śaiva-siddhānta']",,,,siddhāntārthasamuccayo gurumukhātprāptaḥ sphuṭaṃ likhyate /// iti sakalāgamasārasaṃgrahe siddhāntasārasamuccaye /// atra granthaḥ samāptimagamat | na jñāyate saṃpūrṇo vāsampūrṇoveti | ādau grantha nāma siddhāntārthasamuccaya iti dattam | caramapaṅktidarśanāt siddhāntasārasamuccaya iti sakalāgamasārasaṃgraha iti vā bhavediti sandihyate,at beginning /// at end /// note of editor (?)
M00415 - siddhilakSmI ArAmika.htm,siddhilakSmI_ArAmika_M00415.xml,M00415,Siddhilakṣmī Ārāmika,,,,https://muktabodha-digital-library.org/texts/IAST/M00415,,,,,uncertain,? yes,,,,,,"['tantra / āgama', 'śākta']",,,,iti śrīśrīśrīsiddhilakṣmīmate prakāśe jayadrathe vidyāpīṭhe pratyaṅgirāyāḥ kṣetrāvalīpīṭhastavaḥ samaptaḥ /// paddhatiḥ samāptaḥ /// iti ārātrika vidhiḥ,towards beginning /// in middle /// at end
M00567 - siddhilakSmIkavaca.htm,siddhilakSmIkavaca_M00567.xml,M00567,Siddhilakṣmīkavaca,,,,https://muktabodha-digital-library.org/texts/IAST/M00567,,,,,,,,,,,,"['tantra / āgama', 'Paddhati']",,,,iti śrītrailokyaḍāre śrīsiddhilakṣmīkavaca samāptaḥ || śubha,
M00417 - siddhilakSmIkoTyAhutidinakRtya.htm,siddhilakSmIkoTyAhutidinakRtya_M00417.xml,M00417,Siddhilakṣmīkoṭyāhutidinakṛtya,,,,https://muktabodha-digital-library.org/texts/IAST/M00417,,,,,,,,,,,,"['tantra / āgama', 'śākta']",,,,dinakṛtyavidhi likhyate /// iti dinakṛtya samāptaṃ || śubhaṃ || samvat 811 kāttikaśuklanavamīthvakunhu śrīśrīsumatijayajitāmitramalla deva sanadayakājurāṃ || śubhamastu sarvadā,at beginning /// at end
M00418 - siddhilakSmIkyutAkSaramAlAmantra.htm,siddhilakSmIkyutAkSaramAlAmantra_M00418.xml,M00418,Siddhilakṣmyayutākṣaramālāmantra,,,,https://muktabodha-digital-library.org/texts/IAST/M00418,,,,,,,,,,,,"['tantra / āgama', 'śākta']",,,,iti śrīkālānalatantre siddhilakṣmyāyutākṣaramālāmantraḥ samāptam,
M00569 - siddhilakSmIkramasthaNDilArcanavidhi.htm,siddhilakSmIkramasthaNDilArcanavidhi_M00569.xml,M00569,Siddhilakṣmīkramathaṇḍilārcanavidhi,,,,https://muktabodha-digital-library.org/texts/IAST/M00569,,,,,,,,,,,,"['tantra / āgama', 'Paddhati']",,,,tataḥ śrīsiddhilakṣmīkramathaṇḍilārcanaṃ /// iti śrīthaṇḍilārcanavidhiḥ samāptaḥ || adhivāsanapūjāyāya || upavāsayāya || thvate adhivāsanavidhiḥ samāptaḥ,at beginning /// at end
M00568 - siddhilakSmIkramArcanA.htm,siddhilakSmIkramArcanA_M00568.xml,M00568,Siddhilakṣmīkramārcana,,,,https://muktabodha-digital-library.org/texts/IAST/M00568,,,,,,,,,,,,"['tantra / āgama', 'Paddhati']",,,,iti śrīsiddhilakṣmīkramārcanaṃ samāpta + additional text,almost at end
M00416 - siddhilakSmIdevyArcana.htm,siddhilakSmIdevyArcana_M00416.xml,M00416,Siddhilakṣmīdevyārcana,,,,https://muktabodha-digital-library.org/texts/IAST/M00416,,,,,incomplete,lacking explicit + final colophon,,,,,,"['tantra / āgama', 'śākta']",,,,tato siddhilakṃī devyārcanaṃ,at beginning
M00571 - siddhilakSmInityapUjApaddhati.htm,siddhilakSmInityapUjApaddhati_M00571.xml,M00571,Siddhilakṣmīnityapūjāpaddhati,,,,https://muktabodha-digital-library.org/texts/IAST/M00571,,,,,incomplete,,,,,,,"['tantra / āgama', 'Paddhati']",,,,no,
M00570 - siddhilakSmImantroddhara.htm,siddhilakSmImantroddhara_M00570.xml,M00570,Siddhilakṣmīmantroddhara,,,,https://muktabodha-digital-library.org/texts/IAST/M00570,,,,,,,,,,,,"['tantra / āgama', 'Paddhati']",,,,śrīśiddhilakṣmīmantrodhārastotra samāpta,
M00572 - siddhilakSmIvidhAna.htm,siddhilakSmIvidhAna_M00572.xml,M00572,Siddhilakṣmīvidhāna,,,,https://muktabodha-digital-library.org/texts/IAST/M00572,,,,,,,,,,,,"['tantra / āgama', 'Paddhati']",,,,bhairava śrotasi vidyāpīṭhe śiracchede jayadrathayāmale mahātantre caturviṃśati sāhasre dvitīyaṣaṭke siddhalakṣmīvidhānaṃ ṣaṭtriṃśatimapaṭalaḥ || tha || saṃ 39 pauśaśu 5 || maṃgala mahāśrī || tha,
M00565 - siddhilakSmyadhivAsanasthaNDilArcanavidhi.htm,siddhilakSmyadhivAsanasthaNDilArcanavidhi_M00565.xml,M00565,Siddhilakṣmyadhivāsanasthaṇḍilārcanavidhi,,,,https://muktabodha-digital-library.org/texts/IAST/M00565,,,,,,,,,,,,"['tantra / āgama', 'Paddhati']",,,,tataḥ śrīsiddhilakṣmīkramathaṇḍilārcanaṃ /// adhivāsanakarmaṇi thaṇḍilārcanavidhiḥ samāptaḥ,at beginning /// at end
M00573 - siddhilakSmyayutAkSarI.htm,siddhilakSmyayutAkSarI_M00573.xml,M00573,Siddhilakṣmyayutākṣarī,,,,https://muktabodha-digital-library.org/texts/IAST/M00573,,,,,,,,,,,,"['tantra / āgama', 'Paddhati']",,,,iti śrīkālānalatantre siddhilakṣmyayutākṣaramālāmantraḥ samāptaṃ || śubha,
M00090 - suprabhedAgama.htm,suprabhedAgama_M00090.xml,M00090,Suprabhedāgama,,,,https://muktabodha-digital-library.org/texts/IAST/M00090,,,,,incomplete,lacking explicit+final colophon,,,,,,"['tantric / āgamic literature', 'tantra / āgama']",,,,iti tantrasaṃkaravidhipaṭalaḥ ṣaṭpañcāśattamaḥ || iti suprabhede kriyāpādaḥ samāptaḥ /// iti prāyaścittavidhipaṭalodvādaśaḥ || iti suprabhede caryāpādaḥ samāptaḥ /// iti ādhārādheya vidhipaṭalastṛtīyaḥ || iti suprabhedeyogapādaḥ samāptaḥ /// atha jñānapāde śivasṛṣṭividhipaṭalaḥ,in middle
M00269 - subodhamaJjarI.htm,subodhamaJjarI_M00269.xml,M00269,Subodhamañjarī,,Vāmanadatta,mbP0091,https://muktabodha-digital-library.org/texts/IAST/M00269,,,,,,,title in colophon is spelled differently,,,,,['tantric / āgamic literature'],colophon,,,salabdha bodho sadbhāvo jīvanmukto vidhīyate | mīmāsāvanasiṃhasya harṣadāttasya sūnanā | kṛtā vāmana dattena svabodhodaryāmañjarī,
M00329 - sUkSmAgama.htm,sUkSmAgama_M00329.xml,M00329,Sūkṣmāgama,,,,https://muktabodha-digital-library.org/texts/IAST/M00329,,,,,incomplete,lacking explicit+final colophon,,,,,,['tantra / āgama'],,,,iti sūkṣmatantre śāstre pratiṣṭhātantre arcanavidhipaṭalaḥ,towards beginning
M00220 - somazambhupaddhativyAkhyA.htm,somazambhupaddhativyAkhyA_M00220.xml,M00220,Somaśambhupaddhati Vyākhyā,,Tryaṃbakaśambhu,mbP0162,https://muktabodha-digital-library.org/texts/IAST/M00220,,,,,incomplete,lacking incipit; ends with ch. 14,colophon,,ilxM00088,commentary,including the mūla,"['śaiva', 'śaiva-siddhānta', 'Paddhati']",colophon,,,iti śrī somaśambhuviracitāṃ śrīmatsomaśambhupaddhatau vā spaṣṭabodhinī tryaṃbakaśambhuviracite caturdaśa ṭīkā samāptā || hariḥ oṃ | śubhamastu,
M00672 - zaMkarAcArya attributed to - saundaryalaharI.htm,zaMkarAcArya_attributed_to_saundaryalaharI_M00672.xml,M00672,Saundaryalaharī Vyākhyā,,Lakṣmīdhara,mbP0121,https://muktabodha-digital-library.org/texts/IAST/M00672,,,,,,,colophon,,ilxM00089,commentary,including the mūla,['tantric / āgamic literature'],colophon,,,iti śrīlollakulasaṃpradāyapravartakabhramarāmbikāvaraprasādasamullasi tamahā sārasvatabhaṭṭalollapatigranthavivaraṇakartṛśrīmahopādhyāyamahādevācāryasaptamena sāhityapārijātasmṛtikalpataruprabandhaprabandhṛlakṣmīdharāryaṣaṣṭhena bharatārṇavapotākhyasāhityamīmāṃsāgranthadvayapraṇetṛviriñcimiśrapañcamena mīmāṃsādvayajīvātunirmātṛpuruṣottamamahopādhyāyanaṣtrāprābhākarāmṛtavāhinīprabhāvalīkhaṇḍanādyanekaprabandhasandarbhapravartakabirudapadamahopādhyāyalakṣmaṇāryapautreṇa nayavivekadīpikāprabandhasaṃvidhātṛmahopādhyāyavidvatsārvabhaumanūtanavyāsādyanekabirudāṅkitaśrīviśvanāthabhaṭṭārakatanayena adhītadaśaśatanayena pārvatīgarbhaśuktimuktāratnena bahūkṛtadhīciratnena lollakulakalaśāmbudhisudhāṃśunā yaśaḥprāṃśunā haritagotrakalpaśākhinā āpastambaśākhinā ṣaḍdarśanīpāradṛśvanā pratipakṣavṛkṣajañjhāmātariśvanā bhramarāmbikāprasādasamāsāditapratibhāviśeṣeṇa bhuvi śeṣeṇa nikhilayāmalatantrārṇavāvagāhanarudreṇa āśrayīkṛtagajapativīrarudreṇa nīlagirisundaracaraṇāravindacañcarīkeṇa vāṇīsahacarīkeṇa sarasvatīvilāsādyanekasmṛtinibandhanalakṣmīdharādyanekasāhityani bandhananayavivekabhūṣaṇādyanekagurumatanibandhanayogadīpikādyane kapātañjalamatanibandhanamahānibandhanākhyamānavadharmaśāstraṭīkākarṇāvataṃsasabarhāvataṃsādyanekakāvyakalpakena āśritajanakalpakena nigrahānugrahakauśikena śrīmahopādhyāyalakṣmīdharadeśikena kṛteyaṃ lakṣmīdharākhyā saundaryalaharīstutivyākhyā /// śrīmahātripurasundarīcaraṇāravindārpaṇamastu /// iti pañcastavī ca samāptā sakalajananīstavaḥ pañcamaḥ,towards beginning /// in middle /// at end
M00648 - saubhAgyakalpadrUma.htm,saubhAgyakalpadrUma_M00648.xml,M00648,Saubhāgyakalpadrūma,,,,https://muktabodha-digital-library.org/texts/IAST/M00648,,,,,incomplete,"lacking explicit+final colophon, ending mistyped/unclear",,,,,,['tantra / āgama'],,,,itiśrīsaubhāgyakalpadrumeprathamaskaṃdhaḥ,in middle
M00649 - saubhAgyatantra.htm,saubhAgyatantra_M00649.xml,M00649,Saubhāgyatantra,,,,https://muktabodha-digital-library.org/texts/IAST/M00649,,,,,,11 chapters,,,,,,['tantra / āgama'],,,,itiśrīmatsaubhāgyataṃtrepārāyaṇavidhauāmnāyanirūpaṇāṃnāmaikādaśaḥpaṭalaḥ śrīrājarājeśvaryārthaṇamasta,
M00312 - mukunda - saubhAgyataraGgiNI.htm,mukunda_saubhAgyataraGgiNI_M00312.xml,M00312,Saubhāgyataraṅgiṇī,,Mukunda,mbP0093,https://muktabodha-digital-library.org/texts/IAST/M00312,,,,,incomplete,lacking explicit+final colophon,,,,,,"['tantric / āgamic literature', 'śākta', 'Paddhati']",colophon,,,iti śrīmanmukundaviracitāyāṃ saubhāgyataraṅgiṇyāṃ prathamālaharī samāptaḥ,
M00577 - saubhAgyaratnAkara.htm,saubhAgyaratnAkara_M00577.xml,M00577,Saubhāgyaratnākara,,Vidyānaṃdanātha,mbP0127,https://muktabodha-digital-library.org/texts/IAST/M00577,,,,,incomplete,lacking explicit+final colophon,,,,,,"['tantric / āgamic literature', 'tantra / āgama']",colophon,,,iti śrīsaccidānaṃdanātha caraṇāraviṃda dvadvāṃte vasinā śrīśrīvidyānaṃdanāthena viracite saubhāgyaratnākara prathamastaraṃgaḥ /// śrīvidyānaṃdanāthena śivayoḥ priyasūnunā,towards beginning /// at end
M00089 - bhaTTanArayaNa - stavacintAmaNi.htm,bhaTTanArayaNa_stavacintAmaNi_M00089.xml,M00089,Stavacintāmaṇi Vivṛti,,Kṣemarāja,mbP0049,https://muktabodha-digital-library.org/texts/IAST/M00089,,,,,,,colophon,,ilxM00090,commentary,including the mūla,"['tantric / āgamic literature', 'śaiva', 'non-dual śaivism of Kashmir']",colophon,,,iti śrīmahāmāheśvarācāryavaryaśrībhaṭṭanārāyaṇaviracitaḥ stavacintāmaṇiḥ samāptaḥ || vivṛtiścātra tatrabhavatstutisūktikārapraśiṣyamahāmāheśvarācāryavaryaśrīmadabhinavaguptapādapadmamadhuparājasya rājānakakṣemarājasya + tilaka + additional text /// iti stvacintāmaṇau granthaprakāśaka0 paṃ0 mukundarāma śāstriṇā viracitaḥ pratiślokaṃ pratipāditārthasaṃkṣepaḥ samāptaḥ || dvitīyapariśiṣṭabhāgaśca samāptaḥ,towards end /// at end
M00260 - jagaddhara bhaTTa - stutikusumAJjali.htm,jagaddhara_bhaTTa_stutikusumAJjali_M00260.xml,M00260,Stutikusumāñjali,,Jagaddhara Bhaṭṭa,mbP0095,https://muktabodha-digital-library.org/texts/IAST/M00260,Premavallabha Tripāṭhī,,,,,,,,,,,['śaiva'],colophon,,,śrīmadaṣṭottarasahasraśrīsaṃvalitaprātaḥsmaraṇīyapūjyapādaśrīmatparamahaṃsaparivrājakācāryaśrīśrīhariharānandasarasvatī (śrīkarapātrī jī mahārāja) bhagavatpādakiṃkareṇa tripāṭhyu pāhvapremavallabhaśarmaṇā kṛtayā premamakarandanāmnyā ṭīkayā sametaḥ kāśmīrakamahākaviśrīmajjagaddharabhaṭṭaviracitaḥ stutikusumāñjaliḥ samāptaḥ,
M00067 - kallaTa bhaTTa - spandakArikA.htm,kallaTa_bhaTTa_spandakArikA_M00067.xml,M00067,"Spandakārikā Vṛtti, Tippaṇī, Vivṛti",,"Kallaṭa Bhaṭṭa, Rāmakaṇṭha, Rāmakaṇṭha","mbP0096, mbP0013, mbP0013",https://muktabodha-digital-library.org/texts/IAST/M00067,Mark S. G. Dyczkowski,,,,,,,,"ilxM00091, ilxM00108, ilxM00109, M00352",3 commentaries in one file,including the mūla; 3 interwoven commentaries,"['śaiva', 'non-dual śaivism of Kashmir', 'spanda']",colophon,,,mbP0168,almost at end /// at end
M00352 - kallaTa bhaTTa - spandakArikA with vivRtti by rAmakaNTha.htm,kallaTa_bhaTTa_spandakArikA_with_vivRtti_by_rAmakaNTha_M00352.xml,M00352,Spandakārikā Vivṛti,,Rāmakaṇṭha,mbP0013,https://muktabodha-digital-library.org/texts/IAST/M00352,J. C. Chatterji,,,,,,,,ilxM00091,commentary,including the mūla,"['śaiva', 'non-dual śaivism of Kashmir', 'spanda']",colophon,,,saṃpūrṇā iyaṃ vṛttyanusāriṇī spandavivṛtiḥ | kṛtistatrabhayato mahāmāheśvarācāryaśiromaṇirājānakaśrīmadutpaladevapādapadmānujīvino rājānakaśrīrāmakaṇṭhasya iti śivam,
M00163 - kallaTa attributed author spandakArikA - spandanirNaya.htm,kallaTa_attributed_author_spandakArikA_spandanirNaya_M00163.xml,M00163,Spandanirṇaya,,Kṣemarāja,mbP0049,https://muktabodha-digital-library.org/texts/IAST/M00163,Śāstrī M K,,,,,,,,ilxM00091,commentary,including the mūla,"['tantric / āgamic literature', 'śaiva', 'non-dual śaivism of Kashmir', 'spanda']",colophon,,,samāpto'yaṃ śrīspandanirṇayaḥ || kṛtiḥ śrīpratyabhijñākārapraśiṣyasya mahāmāheśvarācāryaśrīmadabhinavaguptanāthadattopadeśasya śrīkṣemarājasyeti śivam,
M00532 - bhagavatutpala - spandapradIpikA.htm,bhagavatutpala_spandapradIpikA_M00532.xml,M00532,Spandapradīpikā,,Bhagavatutpala,mbP0097,https://muktabodha-digital-library.org/texts/IAST/M00532,Mark S. G. Dyczkowski,,,,,,,,ilxM00091,commentary,including the mūla,"['śaiva', 'spanda']",colophon,,,vāgluṇṭhanārthamanyeṣāṃ vidvanmanyatayā'pi tu | śuddhabolollāsavaśāt kṛtvā spandapradīpikā ///+text /// nārāyaṇasthānaja utpalākhyastrivikramākhyasya suto'gryajanmā | yastena sacchiṣyahitāya dṛbdhā vyākhyā mayaiṣā ca tamonude syāt ///+ additional text /// ityācāryabhagavadutpalaviracitā spandapradīpikā samāptā ||  śubhaṃ bhūyāt,almost at end /// at end
M00084 - kallaTa attributed author spandakArikA - spandasandoha.htm,kallaTa_attributed_author_spandakArikA_spandasandoha_M00084.xml,M00084,Spandasandoha,,Kṣemarāja,mbP0049,https://muktabodha-digital-library.org/texts/IAST/M00084,Śāstrī M R,,,,,,,Spandasaṃdoha,ilxM00091,commentary,including the mūla,"['tantric / āgamic literature', 'śaiva', 'non-dual śaivism of Kashmir', 'spanda']",colophon,,,iti spandasaṃdohaḥ samāptaḥ || kṛtirmahāmāheśvarācāryavaryaśrīmadabhinavaguptapādapadmopajīvino rājānakakṣemarājasya + TILAKA,
M00091 - svacchandatantra.htm,svacchandatantra_M00091.xml,M00091,Svacchandatantra Uddyota,,Kṣemarāja,mbP0049,https://muktabodha-digital-library.org/texts/IAST/M00091,,,,,,,colophon,,ilxM00092,commentary,including the mūla,"['tantric / āgamic literature', 'tantra / āgama']",colophon,,,iti śrīsvacchandatantre śrīmahāmāheśvarācāryavaryaśrīkṣemarājaviracitoddyotākhyavyākhyopete chummakāprakāśaḥ nāma pañcadaśaḥ paṭalaḥ,
M00194 - cidAnandanAtha - svacchandapaddhati.htm,cidAnandanAtha_svacchandapaddhati_M00194.xml,M00194,Svacchandapaddhati,,Cidānandanātha,mbP0098,https://muktabodha-digital-library.org/texts/IAST/M00194,Prof. Sītalāprasad Ūpādhyāya,,,,,,,,,,,"['tantric / āgamic literature', 'śaiva', 'Paddhati']",colophon,,,iti śrīmaccidānandanāthaviracitāyāṃ svacchandapaddhatyāṃ navamaspandaḥ || oṃ oṃ śubhaṃ bhavatu svacchandapaddhatīḥ samāptaḥ,
M00533 - mAnasarAma - svAtantrayadIpikA.htm,mAnasarAma_svAtantrayadIpikA_M00533.xml,M00533,Svātantrayadīpikā,,Mānasarāma,mbP0099,https://muktabodha-digital-library.org/texts/IAST/M00533,,,,,,,,,,,,['non-dual śaivism of Kashmir'],colophon (varied spelling),,,iti śrīmahāmāheśvarācāryavarya viracitāyāṃ svātantryadīpikāyāṃ svātantryaśaktyucchalanaṃ nāma caturthollāsaḥ || mahāmāheśvarācāryamansārāmena nirmitā janānāmupakārārthamiyaṃ svātantryadīpikā,
M00264 - haMsasAra.htm,haMsasAra_M00264.xml,M00264,Haṃsasāra,,,,https://muktabodha-digital-library.org/texts/IAST/M00264,,,,,incomplete,lacking explicit+final colophon,,,,,,['tantric / āgamic literature'],,,,atha haṃsasāraṃ likhyate,at beginning
M00107 - haMsopaniSat.htm,haMsopaniSat_M00107.xml,M00107,Haṃsopaniṣat Vivaraṇa,,Brahmayogin,mbP0128,https://muktabodha-digital-library.org/texts/IAST/M00107,Śāstrī Mahādeva,,,,,,colophon,Haṃsa Upaniṣat,ilxM00093,commentary,including the mūla,"['tantric / āgamic literature', 'yoga', 'upaniṣad', 'yogopaniṣad', 'yogopaniṣad']",colophon,,,śrīvāsudevendraśiṣyopaniṣadbrahmayoginā | likhitaṃ syādvivaraṇaṃ haṃsopaniṣadaḥ sphuṭam | saṃsopaniṣado vyākhyā saptatyadhiśataṃ smṛtā || iti śrīmadīśādyaṣṭottaraśatopaniṣacchāstravivaraṇe pañcadaśasaṃkhyāpūrakaṃ haṃsopaniṣadvivaraṇaṃ saṃpūrṇam,
M00243 - svAtmArAma - haThayogapradIpikA.htm,svAtmArAma_haThayogapradIpikA_M00243.xml,M00243,Haṭhayogapradīpikā Jyotsnā,,Brahmānanda,mbP0111,https://muktabodha-digital-library.org/texts/IAST/M00243,,,,,incomplete,lacking explicit+final colophon,colophon,,ilxM00094,commentary,including the mūla,['yoga'],colophon,,,iti śrīsahajānaṃdasaṃtānaciṃtāmaṇisvātmārāmayogīṃdraviracitāyāṃ haṭhapradīpikāyāmāsanavidhikathanaṃnāma prathamopadeśaḥ /// (plus) iti śrīhaṭhapradīpikāyāṃ jyotsnābhidhāyāṃ brahmānaṃdakṛtāyāṃ prathamopadeśaḥ,towards beginning
M00401 - hayazirSsapaJcarAtra.htm,hayazirSsapaJcarAtra_M00401.xml,M00401,Hayaśirṣapañcarātra,,,,https://muktabodha-digital-library.org/texts/IAST/M04001,Pandit Bhuban Mohan Sankhyatiratha,,,,,14 chapters,,,,,,['pāñcarātra'],,,,iti hayaśīrṣe mahāpañcarātre dvādaśasāhasrike ādikāṇḍe caturdaśaḥ prāsādadevatāsaṃsthāpanapaṭalaḥ,
M00616 - haradatta attributed to - hariharatAratamya.htm,haradatta_attributed_to_hariharatAratamya_M00616.xml,M00616,Hariharatāratamya,,Rāmeśvara Adhyara Sudhāmaṇi (Adhvara?),mbP0101,https://muktabodha-digital-library.org/texts/IAST/M00616,,,,,,,,,,,,"['śaiva', 'vīraśaiva']",colophon - but cat.: Haradatta?,,,śrīkāṃtanāmavibudheṃdratanūbhavena rāmeśvarādhyarasudhāmaṇinā praṇītam || loke tvidaṃ hariharasthitatāratamyaṃ matvādhikaṃ hi śatakaṃ sudhiyaḥ paṭhaṃtu || iti hariharatāratamyaṃ samāptam,
M00283 - hAhArAvatantra.htm,hAhArAvatantra_M00283.xml,M00283,Hāhārāvatantra,,,,https://muktabodha-digital-library.org/texts/IAST/M00283,,,,,,18 chapters,,,,,,"['tantric / āgamic literature', 'tantra / āgama', 'śākta']",,,,iti śrīhāhārāvataṃtre atharvaṇasaṃhitāyāṃ aṣṭādaśapātrakālikārcaṇanirṇayapaṭalaṃ samāptam,
E00003 - dattAtreyabodha.htm,dattAtreyabodha_E00003.xml,E00003,Dattātreyabodha,,,,https://muktabodha-digital-library.org/texts/IAST/E00003,,,,,,,,,,,,,,,,,
E00006 - jJAnasiddhyAgama.htm,jJAnasiddhyAgama_E00006.xml,E00006,Jñānasiddhyāgama,,,,https://muktabodha-digital-library.org/texts/IAST/E00006,,,,,,,,,,,,,,,,,
E00010 - vijayottaratantra.htm,vijayottaratantra_E00010.xml,E00010,Vijayottaratantra,a.k.a. trisahasrasaṃhitā,,,https://muktabodha-digital-library.org/texts/IAST/E00010,,,,,,,,,,,,,,,,,
"I00009 - bheritADana, cUrNikA devatAvAhana, sandhyAvAhana, ekkAmranAthAlaya.htm",bheritADana_cUrNikA_devatAvAhana_sandhyAvAhana_ekkAmranAthAlaya_I00009.xml,I00009,"Bheritāḍana, Cūrṇikā Devatāvāhana, Sandhyāvāhana, Ekkāmranāthālaya",,,,https://muktabodha-digital-library.org/texts/IAST/I00009,,,,,,,,,,,,,,,,,
I00027 - zrIvidyApUjAkramaH and devIdhyAnam.htm,zrIvidyApUjAkramaH_and_devIdhyAnam_I00027.xml,I00027,Śrīvidyāpūjākrama and Devīdhyāna,,,,https://muktabodha-digital-library.org/texts/IAST/I00027,,,,,,,,,,,,,,,,,
I00028 - jirNoddhAraH.htm,jirNoddhAraH_I00028.xml,I00028,Jirṇoddhāra,a.k.a. kāmikānusāri,,,https://muktabodha-digital-library.org/texts/IAST/I00028,,,,,,,,,,,,,,,,,
I00029 - ekAmranAthASTatakam and ekAmranAthazatakam.htm,ekAmranAthASTatakam_and_ekAmranAthazatakam_I00029.xml,I00029,Ekāmranāthāṣṭataka and Ekāmranāthaśataka,,,,https://muktabodha-digital-library.org/texts/IAST/I00029,,,,,,,,,,,,,,,,,
I00030 - bRhattAlavidhi.htm,bRhattAlavidhi_I00030.xml,I00030,Bṛhattālavidhi,,,,https://muktabodha-digital-library.org/texts/IAST/I00030,,,,,,,,,,,,,,,,,
I00031 - jJAnapUjAvidhi from the vAtulAgama.htm,jJAnapUjAvidhi_from_the_vAtulAgama_I00031.xml,I00031,Jñānapūjāvidhi from the Vātulāgama,,,,https://muktabodha-digital-library.org/texts/IAST/I00031,,,,,,,,,,,,,,,,,
I00032 - liGgalakSaNam.htm,liGgalakSaNam_I00032.xml,I00032,Liṅgalakṣaṇa,,,,https://muktabodha-digital-library.org/texts/IAST/I00032,,,,,,,,,,,,,,,,,
I00033 - zaivabhuSaNam.htm,zaivabhuSaNam_I00033.xml,I00033,Śaivabhuṣaṇa,,,,https://muktabodha-digital-library.org/texts/IAST/I00033,,,,,,,,,,,,,,,,,
I00034 - mannAthazyamalApratiSThAvidhi and cAmuNDApUjAvidhi.htm,mannAthazyamalApratiSThAvidhi_and_cAmuNDApUjAvidhi_I00034.xml,I00034,Mannāthaśyamalāpratiṣṭhāvidhi and Cāmuṇḍāpūjāvidhi,,,,https://muktabodha-digital-library.org/texts/IAST/I00034,,,,,,,,,,,,,,,,,
I00035 - SoDazasubhrahmanyadhyAnam.htm,SoDazasubhrahmanyadhyAnam_I00035.xml,I00035,Ṣoḍaśasubhrahmanyadhyāna,,,,https://muktabodha-digital-library.org/texts/IAST/I00035,,,,,,,,,,,,,,,,,
I00036 - navakuNDavidhi.htm,navakuNDavidhi_I00036.xml,I00036,Navakuṇḍavidhi,,,,https://muktabodha-digital-library.org/texts/IAST/I00036,,,,,,,,,,,,,,,,,
I00037 - zaktimaNTapapUjA.htm,zaktimaNTapapUjA_I00037.xml,I00037,Śaktimaṇṭapapūjā,,,,https://muktabodha-digital-library.org/texts/IAST/I00037,,,,,,,,,,,,,,,,,
I00038 - aSTottarazatakalazasnapanavidhi.htm,aSTottarazatakalazasnapanavidhi_I00038.xml,I00038,Aṣṭottaraśatakalaśasnāpanavidhi,,,,https://muktabodha-digital-library.org/texts/IAST/I00038,,,,,,,,,,,,,,,,,
I00039 - sakalAgamasArasaGgraha.htm,sakalAgamasArasaGgraha_I00039.xml,I00039,Sakalāgamasārasaṅgraha,,,,https://muktabodha-digital-library.org/texts/IAST/I00039,,,,,,,,,,,,,,,,,
I00040 - vighnezvaramUlamantra.htm,vighnezvaramUlamantra_I00040.xml,I00040,Vighneśvaramūlamantra,,,,https://muktabodha-digital-library.org/texts/IAST/I00040,,,,,,,,,,,,,,,,,
I00041 - Agamagrantha.htm,Agamagrantha_I00041.xml,I00041,Āgamagrantha,,,,https://muktabodha-digital-library.org/texts/IAST/I00041,,,,,,,,,,,,,,,,,
I00042 - sahasrAgama.htm,sahasrAgama_I00042.xml,I00042,Sahasrāgama,,,,https://muktabodha-digital-library.org/texts/IAST/I00042,,,,,,,,,,,,,,,,,
I00043 - zivagaNapatisubrahmaNyapratiSThA.htm,zivagaNapatisubrahmaNyapratiSThA_I00043.xml,I00043,Śivagaṇapatisubrahmaṇyapratiṣṭhā,,,,https://muktabodha-digital-library.org/texts/IAST/I00043,,,,,,,,,,,,,,,,,
I00044 - bhaktotsava.htm,bhaktotsava_I00044.xml,I00044,Bhaktotsava,,,,https://muktabodha-digital-library.org/texts/IAST/I00044,,,,,,,,,,,,,,,,,
I00045 - zaivarahasyam.htm,zaivarahasyam_I00045.xml,I00045,Śaivarahasya,,,,https://muktabodha-digital-library.org/texts/IAST/I00045,,,,,,,,,,,,,,,,,
I00046 - aMzumattantrazaGkhAbhiSekam.htm,aMzumattantrazaGkhAbhiSekam_I00046.xml,I00046,Aṃśumattantraśaṅkhābhiṣeka,,,,https://muktabodha-digital-library.org/texts/IAST/I00046,,,,,,,,,,,,,,,,,
I00047 - zivotsavacaNDotsavabhaktotsavasahita.htm,zivotsavacaNDotsavabhaktotsavasahita_I00047.xml,I00047,Śivotsavacaṇḍotsavabhaktotsavasahita,,,,https://muktabodha-digital-library.org/texts/IAST/I00047,,,,,,,,,,,,,,,,,
I00048 - vizeSAntyeSTi.htm,vizeSAntyeSTi_I00048.xml,I00048,Viśeṣāntyeṣṭi,,,,https://muktabodha-digital-library.org/texts/IAST/I00048,,,,,,,,,,,,,,,,,
I00049 - antyeSTividhi.htm,antyeSTividhi_I00049.xml,I00049,Antyeṣṭividhi,,,,https://muktabodha-digital-library.org/texts/IAST/I00049,,,,,,,,,,,,,,,,,
I00050 - aSTottarazatanAmAni.htm,aSTottarazatanAmAni_I00050.xml,I00050,Aṣṭottaraśatanāmāni,,,,https://muktabodha-digital-library.org/texts/IAST/I00050,,,,,,,,,,,,,,,,,
I00051 - kuNDasaMskAravidhi.htm,kuNDasaMskAravidhi_I00051.xml,I00051,Kuṇḍasaṃskāravidhi,,,,https://muktabodha-digital-library.org/texts/IAST/I00051,,,,,,,,,,,,,,,,,
I00052 - devatAdhyAnavacanAni.htm,devatAdhyAnavacanAni_I00052.xml,I00052,Devatādhyānavacanāni,,,,https://muktabodha-digital-library.org/texts/IAST/I00052,,,,,,,,,,,,,,,,,
I00053 - prAsAdaSaTzlokIvyAkhyA.htm,prAsAdaSaTzlokIvyAkhyA_I00053.xml,I00053,Prāsādaṣaṭślokīvyākhyā,,,,https://muktabodha-digital-library.org/texts/IAST/I00053,,,,,,,,,,,,,,,,,
I00054 - yatidharmabodhinIvyAkhyA.htm,yatidharmabodhinIvyAkhyA_I00054.xml,I00054,Yatidharmabodhinīvyākhyā,,,,https://muktabodha-digital-library.org/texts/IAST/I00054,,,,,,,,,,,,,,,,,
I00056 - AzaucanirNaya.htm,AzaucanirNaya_I00056.xml,I00056,Āśaucanirṇaya,,,,https://muktabodha-digital-library.org/texts/IAST/I00056,,,,,,,,,,,,,,,,,
I00057 - stotrasaGgraha.htm,stotrasaGgraha_I00057.xml,I00057,Stotrasaṅgraha,,,,https://muktabodha-digital-library.org/texts/IAST/I00057,,,,,,,,,,,,,,,,,
I00058 - parArthapUjA.htm,parArthapUjA_I00058.xml,I00058,Parārthapūjā,,,,https://muktabodha-digital-library.org/texts/IAST/I00058,,,,,,,,,,,,,,,,,
"I00059 - dhyAnazloka, navatriMzatkalazakrama, nItisAra.htm",dhyAnazloka_navatriMzatkalazakrama_nItisAra_I00059.xml,I00059,"Dhyānaśloka, Navatriṃśatkalaśakrama, Nītisāra",,,,https://muktabodha-digital-library.org/texts/IAST/I00059,,,,,,,,,,,,,,,,,
I00060 - aSTAdazakriyA.htm,aSTAdazakriyA_I00060.xml,I00060,Aṣṭādaśakriyā,,,,https://muktabodha-digital-library.org/texts/IAST/I00060,,,,,,,,,,,,,,,,,
I00061 - dIkSAvidhi.htm,dIkSAvidhi_I00061.xml,I00061,Dīkṣāvidhi,,,,https://muktabodha-digital-library.org/texts/IAST/I00061,,,,,,,,,,,,,,,,,
M00027 - matsyendranAtha - kaulajJAnanirNaya.htm,matsyendranAtha_kaulajJAnanirNaya_M00027.xml,M00027,Kaulajñānanirṇaya,And some minor texts of the school of matsyendrānātha,,,https://muktabodha-digital-library.org/texts/IAST/M00027,,,,,,,,,,,,,,,,,
M00170 - sUtradhAramaNDana - prAsAdamaNDana.htm,sUtradhAramaNDana_prAsAdamaNDana_M00170.xml,M00170,Prāsādamaṇḍana,,,,https://muktabodha-digital-library.org/texts/IAST/M00170,,,,,,,,,,,,,,,,,
M00222 - jJAnaziva - jJAnaratnAvalI.htm,jJAnaziva_jJAnaratnAvalI_M00222.xml,M00222,Jñānaratnāvalī,,,,https://muktabodha-digital-library.org/texts/IAST/M00222,,,,,,,,,,,,,,,,,
M00401 - hayazirSsapaJcarAtra.htm,hayazirSsapaJcarAtra_M00401.xml,M00401,Hayaśirṣsapañcarātra,,,,https://muktabodha-digital-library.org/texts/IAST/M00401,Pandit Bhuban Mohan Sankhyatiratha,,,,,,,,,,,,,,,,
M00403 - mahAguhyakAlIvidhAnam.htm,mahAguhyakAlIvidhAnam_M00403.xml,M00403,Mahāguhyakālīvidhāna,,,,https://muktabodha-digital-library.org/texts/IAST/M00403,,,,,,,,,,,,,,,,,
M00408 - mahAdAnavidhiH.htm,mahAdAnavidhiH_M00408.xml,M00408,Mahādānavidhi,,,,https://muktabodha-digital-library.org/texts/IAST/M00408,,,,,,,,,,,,,,,,,
M00517 - AdinAtha - anuttaraprakAzapaJcAzikA.htm,AdinAtha_anuttaraprakAzapaJcAzikA_M00517.xml,M00517,Anuttaraprakāśapañcāśikā,,Ādinātha,,https://muktabodha-digital-library.org/texts/IAST/M00517,,n,muktabodha/AdyanAtha_anuttaraprakAzapaJcAzikA_M00004.xml,,,,,,,,,,,,,,
M00661 - kaumArasaMhitA.htm,kaumArasaMhitA_M00661.xml,M00661,Kaumārasaṃhitā,,,,https://muktabodha-digital-library.org/texts/IAST/M00661,,,,,,,,,,,,,,,,,
M00662 - mAtRkAbhedatantra.htm,mAtRkAbhedatantra_M00662.xml,M00662,Mātṛkābhedatantra,,,,https://muktabodha-digital-library.org/texts/IAST/M00662,,,,,,,,,,,,,,,,,
M00663 - bhaTTanArAyaNakaNTha - mRgendravRtti.htm,bhaTTanArAyaNakaNTha_mRgendravRtti_M00663.xml,M00663,Mṛgendravṛtti,,,,https://muktabodha-digital-library.org/texts/IAST/M00663,,,,,,,,,,,,,,,,,
M00664 - paramahaMsapaddati.htm,paramahaMsapaddati_M00664.xml,M00664,Paramahaṃsapaddati,,,,https://muktabodha-digital-library.org/texts/IAST/M00664,,,,,,,,,,,,,,,,,
M00665 - AnandavanaH mukundavanaziSyaH - ramArcanacandrikA.htm,AnandavanaH_mukundavanaziSyaH_ramArcanacandrikA_M00665.xml,M00665,Ramārcanacandrikā,,Ānandavana Mukundavanaśiṣyaḥ,,https://muktabodha-digital-library.org/texts/IAST/M00665,,,,,,,,,,,,,,,,,
M00666 - zivarahasya part 1.htm,zivarahasya_part_1_M00666.xml,M00666,Śivarahasya (part 1),,,,https://muktabodha-digital-library.org/texts/IAST/M00666,Ganesh Shastri and Sundaresvara Shastri,,,,,,,,,,,,,,,,
M00667 - zivasUtravRtti.htm,zivasUtravRtti_M00667.xml,M00667,Śivasūtravṛtti,,,,https://muktabodha-digital-library.org/texts/IAST/M00667,,,,,,,,,,,,,,,,,
M00668 - mahezvarAcArya - svAtantryadIpikA.htm,mahezvarAcArya_svAtantryadIpikA_M00668.xml,M00668,Svātantryadīpikā,,Maheśvarācārya,,https://muktabodha-digital-library.org/texts/IAST/M00668,,,,,,,,,,,,,,,,,
M00669 - nAgabhaTTa - tripurAsArasamuccaya.htm,nAgabhaTTa_tripurAsArasamuccaya_M00669.xml,M00669,Tripurāsārasamuccaya,,Nāgabhaṭṭa,,https://muktabodha-digital-library.org/texts/IAST/M00669,govindācāryya,,,,,,,,,,,,,,,,
M00670 - navarNacaNDIpaJcaGga.htm,navarNacaNDIpaJcaGga_M00670.xml,M00670,Navarṇacaṇḍīpañcaṅga,,,,https://muktabodha-digital-library.org/texts/IAST/M00670,,,,,,,,,,,,,,,,,
M00671 - kedArakalpa.htm,kedArakalpa_M00671.xml,M00671,Kedārakalpa,,,,https://muktabodha-digital-library.org/texts/IAST/M00671,,,,,,,,,,,,,,,,,
M00673 - nityAdisaGgraha.htm,nityAdisaGgraha_M00673.xml,M00673,Nityādisaṅgraha,,Takṣakavarta,,https://muktabodha-digital-library.org/texts/IAST/M00673,,,,,,,,,,,,,,,,,
M00674 - zambhunirNaya.htm,zambhunirNaya_M00674.xml,M00674,Śambhunirṇaya,,,,https://muktabodha-digital-library.org/texts/IAST/M00674,,,,,,,,,,,,,,,,,
M00675 - zambhunirNayadIpaka.htm,zambhunirNayadIpaka_M00675.xml,M00675,Śambhunirṇayadīpaka,,Śivānandanātha,,https://muktabodha-digital-library.org/texts/IAST/M00675,,,,,,,,,,,,,,,,,
M00676 - padyavAhinI.htm,padyavAhinI_M00676.xml,M00676,Padyavāhinī,,Śaṅkara,,https://muktabodha-digital-library.org/texts/IAST/M00676,,,,,,,,,,,,,,,,,
M00677 - mahArahasyasaMpradAya.htm,mahArahasyasaMpradAya_M00677.xml,M00677,Mahārahasyasaṃpradāya,,Vimalaprabodha,,https://muktabodha-digital-library.org/texts/IAST/M00677,,,,,,,,,,,,,,,,,
M00678 - pazcimArcanapaddhati.htm,pazcimArcanapaddhati_M00678.xml,M00678,Paścimārcanapaddhati,,Vimalaprabodha,,https://muktabodha-digital-library.org/texts/IAST/M00678,,,,,,,,,,,,,,,,,
M00679 - pAzupatagurukrama.htm,pAzupatagurukrama_M00679.xml,M00679,Pāśupatagurukrama,,,,https://muktabodha-digital-library.org/texts/IAST/M00679,,,,,,,,,,,,,,,,,
M00680 - jayadrathayAmala SaTka 3.htm,jayadrathayAmala_SaTka_3_M00680.xml,M00680,Jayadrathayāmala Ṣaṭka 3,,,,https://muktabodha-digital-library.org/texts/IAST/M00680,,,,,,,,,,,,,,,,,
M00681 - jayadrathayAmala SaTka 4.htm,jayadrathayAmala_SaTka_4_M00681.xml,M00681,Jayadrathayāmala Ṣaṭka 4,,,,https://muktabodha-digital-library.org/texts/IAST/M00681,,,,,,,,,,,,,,,,,
M00682 - bhAskararAya - gurukalA.htm,bhAskararAya_gurukalA_M00682.xml,M00682,Gurukalā,,Bhāskararāya,,https://muktabodha-digital-library.org/texts/IAST/M00682,,,,,,,,,,,,,,,,,
M00683 - maunappa-paNDita - vIrazaivAcArakaustubha.htm,maunappa-paNDita_vIrazaivAcArakaustubha_M00683.xml,M00683,Vīraśaivācārakaustubha,,Maunappa-Paṇḍita,,https://muktabodha-digital-library.org/texts/IAST/M00683,,,,,,,,,,,,,,,,,