sub_folder,file,title,author,url,best_text,duplicate_of_standard
darśanāni,adhikaraṇaratnamālā.xml,Adhikaraṇaratnamālā,,https://sa.wikisource.org/wiki/%E0%A4%85%E0%A4%A7%E0%A4%BF%E0%A4%95%E0%A4%B0%E0%A4%A3%E0%A4%B0%E0%A4%A4%E0%A5%8D%E0%A4%A8%E0%A4%AE%E0%A4%BE%E0%A4%B2%E0%A4%BE,,
darśanāni,adhikaraṇasārāvaliḥ.xml,Adhikaraṇasārāvali,,https://sa.wikisource.org/wiki/%E0%A4%85%E0%A4%A7%E0%A4%BF%E0%A4%95%E0%A4%B0%E0%A4%A3%E0%A4%B8%E0%A4%BE%E0%A4%B0%E0%A4%BE%E0%A4%B5%E0%A4%B2%E0%A4%BF%E0%A4%83,,
darśanāni,advaitamakaranda.xml,Advaitamakaranda,,https://sa.wikisource.org/wiki/%E0%A4%85%E0%A4%A6%E0%A5%8D%E0%A4%B5%E0%A5%88%E0%A4%A4_%E0%A4%AE%E0%A4%95%E0%A4%B0%E0%A4%A8%E0%A5%8D%E0%A4%A6,,
darśanāni,advaitapañcaratnam.xml,Advaitapañcaratna,,https://sa.wikisource.org/wiki/%E0%A4%85%E0%A4%A6%E0%A5%8D%E0%A4%B5%E0%A5%88%E0%A4%A4%E0%A4%AA%E0%A4%9E%E0%A5%8D%E0%A4%9A%E0%A4%B0%E0%A4%A4%E0%A5%8D%E0%A4%A8%E0%A4%AE%E0%A5%8D,,
darśanāni,advaitarasamañjarī.xml,Advaitarasamañjarī,,https://sa.wikisource.org/wiki/%E0%A4%85%E0%A4%A6%E0%A5%8D%E0%A4%B5%E0%A5%88%E0%A4%A4%E0%A4%B0%E0%A4%B8%E0%A4%AE%E0%A4%9E%E0%A5%8D%E0%A4%9C%E0%A4%B0%E0%A5%80,,
darśanāni,advaitasiddhiḥ.xml,Advaitasiddhi,Madhusūdanasarasvatī,https://sa.wikisource.org/wiki/%E0%A4%85%E0%A4%A6%E0%A5%8D%E0%A4%B5%E0%A5%88%E0%A4%A4%E0%A4%B8%E0%A4%BF%E0%A4%A6%E0%A5%8D%E0%A4%A7%E0%A4%BF%E0%A4%83,,
darśanāni,advaitānubhūtiḥ.xml,Advaitānubhūti,,https://sa.wikisource.org/wiki/%E0%A4%85%E0%A4%A6%E0%A5%8D%E0%A4%B5%E0%A5%88%E0%A4%A4%E0%A4%BE%E0%A4%A8%E0%A5%81%E0%A4%AD%E0%A5%82%E0%A4%A4%E0%A4%BF%E0%A4%83,,
darśanāni,advayaparamārthanāmasaṃgītiḥ.xml,Advayaparamārthanāmasaṃgīti,,https://sa.wikisource.org/wiki/%E0%A4%85%E0%A4%A6%E0%A5%8D%E0%A4%B5%E0%A4%AF%E0%A4%AA%E0%A4%B0%E0%A4%AE%E0%A4%BE%E0%A4%B0%E0%A5%8D%E0%A4%A5%E0%A4%A8%E0%A4%BE%E0%A4%AE%E0%A4%B8%E0%A4%82%E0%A4%97%E0%A5%80%E0%A4%A4%E0%A4%BF%E0%A4%83,,
darśanāni,anātmaśrīvigarhaṇaprakaraṇam.xml,Anātmaśrīvigarhaṇaprakaraṇa,,https://sa.wikisource.org/wiki/%E0%A4%85%E0%A4%A8%E0%A4%BE%E0%A4%A4%E0%A5%8D%E0%A4%AE%E0%A4%B6%E0%A5%8D%E0%A4%B0%E0%A5%80%E0%A4%B5%E0%A4%BF%E0%A4%97%E0%A4%B0%E0%A5%8D%E0%A4%B9%E0%A4%A3%E0%A4%AA%E0%A5%8D%E0%A4%B0%E0%A4%95%E0%A4%B0%E0%A4%A3%E0%A4%AE%E0%A5%8D,,
darśanāni,aparokṣānubhūtiḥ.xml,Aparokṣānubhūti,,https://sa.wikisource.org/wiki/%E0%A4%85%E0%A4%AA%E0%A4%B0%E0%A5%8B%E0%A4%95%E0%A5%8D%E0%A4%B7%E0%A4%BE%E0%A4%A8%E0%A5%81%E0%A4%AD%E0%A5%82%E0%A4%A4%E0%A4%BF%E0%A4%83,,
darśanāni,arthasaṃgrahaḥ_laugākṣibhāskaraḥ.xml,Arthasaṃgraha-Laugākṣibhāskara,,https://sa.wikisource.org/wiki/%E0%A4%85%E0%A4%B0%E0%A5%8D%E0%A4%A5%E0%A4%B8%E0%A4%82%E0%A4%97%E0%A5%8D%E0%A4%B0%E0%A4%B9%E0%A4%83,,
darśanāni,bhagavadbhaktirasāyanam.xml,Bhagavadbhaktirasāyana,Śrīmadhusūdanasarasvatī,https://sa.wikisource.org/wiki/%E0%A4%AD%E0%A4%97%E0%A4%B5%E0%A4%A6%E0%A5%8D%E0%A4%AD%E0%A4%95%E0%A5%8D%E0%A4%A4%E0%A4%BF%E0%A4%B0%E0%A4%B8%E0%A4%BE%E0%A4%AF%E0%A4%A8%E0%A4%AE%E0%A5%8D,,
darśanāni,bhedojjīvanam.xml,Bhedojjīvana,,https://sa.wikisource.org/wiki/%E0%A4%AD%E0%A5%87%E0%A4%A6%E0%A5%8B%E0%A4%9C%E0%A5%8D%E0%A4%9C%E0%A5%80%E0%A4%B5%E0%A4%A8%E0%A4%AE%E0%A5%8D,,
darśanāni,bhāvadīpaḥ.xml,Bhāvadīpa,,https://sa.wikisource.org/wiki/%E0%A4%AD%E0%A4%BE%E0%A4%B5%E0%A4%A6%E0%A5%80%E0%A4%AA%E0%A4%83,,
darśanāni,bhāvaprakāśikā.xml,Bhāvaprakāśikā,,https://sa.wikisource.org/wiki/%E0%A4%AD%E0%A4%BE%E0%A4%B5%E0%A4%AA%E0%A5%8D%E0%A4%B0%E0%A4%95%E0%A4%BE%E0%A4%B6%E0%A4%BF%E0%A4%95%E0%A4%BE,,
darśanāni,bhāṭṭarahasyam_khaṇḍadevaḥ.xml,Bhāṭṭarahasyam,,https://sa.wikisource.org/wiki/%E0%A4%AD%E0%A4%BE%E0%A4%9F%E0%A5%8D%E0%A4%9F%E0%A4%B0%E0%A4%B9%E0%A4%B8%E0%A5%8D%E0%A4%AF%E0%A4%AE%E0%A5%8D,,
darśanāni,brahmānucintanam.xml,Brahmānucintana,,https://sa.wikisource.org/wiki/%E0%A4%AC%E0%A5%8D%E0%A4%B0%E0%A4%B9%E0%A5%8D%E0%A4%AE%E0%A4%BE%E0%A4%A8%E0%A5%81%E0%A4%9A%E0%A4%BF%E0%A4%A8%E0%A5%8D%E0%A4%A4%E0%A4%A8%E0%A4%AE%E0%A5%8D,,
darśanāni,brāhṛsūtrārthapadyamālikā.xml,Brāhṛsūtrārthapadyamālikā,,https://sa.wikisource.org/wiki/%E0%A4%AC%E0%A5%8D%E0%A4%B0%E0%A4%BE%E0%A4%B9%E0%A5%83%E0%A4%B8%E0%A5%82%E0%A4%A4%E0%A5%8D%E0%A4%B0%E0%A4%BE%E0%A4%B0%E0%A5%8D%E0%A4%A5%E0%A4%AA%E0%A4%A6%E0%A5%8D%E0%A4%AF%E0%A4%AE%E0%A4%BE%E0%A4%B2%E0%A4%BF%E0%A4%95%E0%A4%BE,,
darśanāni,caturhastikā.xml,Caturhastikā,,https://sa.wikisource.org/wiki/%E0%A4%9A%E0%A4%A4%E0%A5%81%E0%A4%B0%E0%A5%8D%E0%A4%B9%E0%A4%B8%E0%A5%8D%E0%A4%A4%E0%A4%BF%E0%A4%95%E0%A4%BE,,
darśanāni,cidgaganacandrikā.xml,Cidgaganacandrikā,,https://sa.wikisource.org/wiki/%E0%A4%9A%E0%A4%BF%E0%A4%A6%E0%A5%8D%E0%A4%97%E0%A4%97%E0%A4%A8%E0%A4%9A%E0%A4%A8%E0%A5%8D%E0%A4%A6%E0%A5%8D%E0%A4%B0%E0%A4%BF%E0%A4%95%E0%A4%BE,,
darśanāni,dattātreyayogaśāstram.xml,Dattātreyayogaśāstra,,https://sa.wikisource.org/wiki/%E0%A4%A6%E0%A4%A4%E0%A5%8D%E0%A4%A4%E0%A4%BE%E0%A4%A4%E0%A5%8D%E0%A4%B0%E0%A5%87%E0%A4%AF%E0%A4%AF%E0%A5%8B%E0%A4%97%E0%A4%B6%E0%A4%BE%E0%A4%B8%E0%A5%8D%E0%A4%A4%E0%A5%8D%E0%A4%B0%E0%A4%AE%E0%A5%8D,,
darśanāni,daśaślokī.xml,Daśaślokī,,https://sa.wikisource.org/wiki/%E0%A4%A6%E0%A4%B6%E0%A4%B6%E0%A5%8D%E0%A4%B2%E0%A5%8B%E0%A4%95%E0%A5%80,,
darśanāni,daśaślokīstutiḥ_bṛhatstotraratnākarāntargatā.xml,Daśaślokīstuti (Bṛhatstotraratnākarāntargatā),Śaṅkarācārya,https://sa.wikisource.org/wiki/%E0%A4%A6%E0%A4%B6%E0%A4%B6%E0%A5%8D%E0%A4%B2%E0%A5%8B%E0%A4%95%E0%A5%80%E0%A4%B8%E0%A5%8D%E0%A4%A4%E0%A5%81%E0%A4%A4%E0%A4%BF%E0%A4%83_(%E0%A4%AC%E0%A5%83%E0%A4%B9%E0%A4%A4%E0%A5%8D%E0%A4%B8%E0%A5%8D%E0%A4%A4%E0%A5%8B%E0%A4%A4%E0%A5%8D%E0%A4%B0%E0%A4%B0%E0%A4%A4%E0%A5%8D%E0%A4%A8%E0%A4%BE%E0%A4%95%E0%A4%B0%E0%A4%BE%E0%A4%A8%E0%A5%8D%E0%A4%A4%E0%A4%B0%E0%A5%8D%E0%A4%97%E0%A4%A4%E0%A4%BE),,
darśanāni,dhanyāṣṭakam.xml,Dhanyāṣṭaka,Śaṅkarācārya,https://sa.wikisource.org/wiki/%E0%A4%A7%E0%A4%A8%E0%A5%8D%E0%A4%AF%E0%A4%BE%E0%A4%B7%E0%A5%8D%E0%A4%9F%E0%A4%95%E0%A4%AE%E0%A5%8D,,
darśanāni,dvaitadyumaṇipariśiṣṭam.xml,Dvaitadyumaṇipariśiṣṭa,,https://sa.wikisource.org/wiki/%E0%A4%A6%E0%A5%8D%E0%A4%B5%E0%A5%88%E0%A4%A4%E0%A4%A6%E0%A5%8D%E0%A4%AF%E0%A5%81%E0%A4%AE%E0%A4%A3%E0%A4%BF%E0%A4%AA%E0%A4%B0%E0%A4%BF%E0%A4%B6%E0%A4%BF%E0%A4%B7%E0%A5%8D%E0%A4%9F%E0%A4%AE%E0%A5%8D,,
darśanāni,dvādaśastotrāṇi.xml,Dvādaśastotrāṇi,,https://sa.wikisource.org/wiki/%E0%A4%A6%E0%A5%8D%E0%A4%B5%E0%A4%BE%E0%A4%A6%E0%A4%B6%E0%A4%B8%E0%A5%8D%E0%A4%A4%E0%A5%8B%E0%A4%A4%E0%A5%8D%E0%A4%B0%E0%A4%BE%E0%A4%A3%E0%A4%BF,,
darśanāni,dṛgdṛśyavivekaḥ.xml,Dṛgdṛśyaviveka,,https://sa.wikisource.org/wiki/%E0%A4%A6%E0%A5%83%E0%A4%97%E0%A5%8D%E0%A4%A6%E0%A5%83%E0%A4%B6%E0%A5%8D%E0%A4%AF%E0%A4%B5%E0%A4%BF%E0%A4%B5%E0%A5%87%E0%A4%95%E0%A4%83,,
darśanāni,gurorguṇamaṇimālā.xml,Gurorguṇamaṇimālā,,https://sa.wikisource.org/wiki/%E0%A4%97%E0%A5%81%E0%A4%B0%E0%A5%8B%E0%A4%B0%E0%A5%8D%E0%A4%97%E0%A5%81%E0%A4%A3%E0%A4%AE%E0%A4%A3%E0%A4%BF%E0%A4%AE%E0%A4%BE%E0%A4%B2%E0%A4%BE,,
darśanāni,gītābhāṣyatātparyacandrikā.xml,Gītābhāṣyatātparyacandrikā,,https://sa.wikisource.org/wiki/%E0%A4%97%E0%A5%80%E0%A4%A4%E0%A4%BE%E0%A4%AD%E0%A4%BE%E0%A4%B7%E0%A5%8D%E0%A4%AF%E0%A4%A4%E0%A4%BE%E0%A4%A4%E0%A5%8D%E0%A4%AA%E0%A4%B0%E0%A5%8D%E0%A4%AF%E0%A4%9A%E0%A4%A8%E0%A5%8D%E0%A4%A6%E0%A5%8D%E0%A4%B0%E0%A4%BF%E0%A4%95%E0%A4%BE,,
darśanāni,gītātātparyanirṇayaḥ.xml,Gītātātparyanirṇaya,,https://sa.wikisource.org/wiki/%E0%A4%97%E0%A5%80%E0%A4%A4%E0%A4%BE%E0%A4%A4%E0%A4%BE%E0%A4%A4%E0%A5%8D%E0%A4%AA%E0%A4%B0%E0%A5%8D%E0%A4%AF%E0%A4%A8%E0%A4%BF%E0%A4%B0%E0%A5%8D%E0%A4%A3%E0%A4%AF%E0%A4%83,,
darśanāni,gītātātparyaṭīkābhāvadīpaḥ.xml,Gītātātparyaṭīkābhāvadīpa,,https://sa.wikisource.org/wiki/%E0%A4%97%E0%A5%80%E0%A4%A4%E0%A4%BE%E0%A4%A4%E0%A4%BE%E0%A4%A4%E0%A5%8D%E0%A4%AA%E0%A4%B0%E0%A5%8D%E0%A4%AF%E0%A4%9F%E0%A5%80%E0%A4%95%E0%A4%BE%E0%A4%AD%E0%A4%BE%E0%A4%B5%E0%A4%A6%E0%A5%80%E0%A4%AA%E0%A4%83,,
darśanāni,jayantīkalpaḥ.xml,Jayantīkalpa,,https://sa.wikisource.org/wiki/%E0%A4%9C%E0%A4%AF%E0%A4%A8%E0%A5%8D%E0%A4%A4%E0%A5%80%E0%A4%95%E0%A4%B2%E0%A5%8D%E0%A4%AA%E0%A4%83,,
darśanāni,jinendraguṇasaṃstutiḥ.xml,Jinendraguṇasaṃstuti,,https://sa.wikisource.org/wiki/%E0%A4%9C%E0%A4%BF%E0%A4%A8%E0%A5%87%E0%A4%A8%E0%A5%8D%E0%A4%A6%E0%A5%8D%E0%A4%B0%E0%A4%97%E0%A5%81%E0%A4%A3%E0%A4%B8%E0%A4%82%E0%A4%B8%E0%A5%8D%E0%A4%A4%E0%A5%81%E0%A4%A4%E0%A4%BF%E0%A4%83,,
darśanāni,jīvanmuktānandalaharī.xml,Jīvanmuktānandalaharī,,https://sa.wikisource.org/wiki/%E0%A4%9C%E0%A5%80%E0%A4%B5%E0%A4%A8%E0%A5%8D%E0%A4%AE%E0%A5%81%E0%A4%95%E0%A5%8D%E0%A4%A4%E0%A4%BE%E0%A4%A8%E0%A4%A8%E0%A5%8D%E0%A4%A6%E0%A4%B2%E0%A4%B9%E0%A4%B0%E0%A5%80,,
darśanāni,karmanirṇayaḥ.xml,Karmanirṇaya,,https://sa.wikisource.org/wiki/%E0%A4%95%E0%A4%B0%E0%A5%8D%E0%A4%AE%E0%A4%A8%E0%A4%BF%E0%A4%B0%E0%A5%8D%E0%A4%A3%E0%A4%AF%E0%A4%83,,
darśanāni,kaupīnapañcakam.xml,Kaupīnapañcaka,,https://sa.wikisource.org/wiki/%E0%A4%95%E0%A5%8C%E0%A4%AA%E0%A5%80%E0%A4%A8%E0%A4%AA%E0%A4%9E%E0%A5%8D%E0%A4%9A%E0%A4%95%E0%A4%AE%E0%A5%8D,,
darśanāni,kenopaniṣadbhāṣyam.xml,Kenopaniṣadbhāṣya,,https://sa.wikisource.org/wiki/%E0%A4%95%E0%A5%87%E0%A4%A8%E0%A5%8B%E0%A4%AA%E0%A4%A8%E0%A4%BF%E0%A4%B7%E0%A4%A6%E0%A5%8D%E0%A4%AD%E0%A4%BE%E0%A4%B7%E0%A5%8D%E0%A4%AF%E0%A4%AE%E0%A5%8D,,
darśanāni,kriyāsāraḥ.xml,Kriyāsāra,,https://sa.wikisource.org/wiki/%E0%A4%95%E0%A5%8D%E0%A4%B0%E0%A4%BF%E0%A4%AF%E0%A4%BE%E0%A4%B8%E0%A4%BE%E0%A4%B0%E0%A4%83,,
darśanāni,kārikāvali.xml,Kārikāvali,,https://sa.wikisource.org/wiki/%E0%A4%95%E0%A4%BE%E0%A4%B0%E0%A4%BF%E0%A4%95%E0%A4%BE%E0%A4%B5%E0%A4%B2%E0%A4%BF,,
darśanāni,laghuvākyavṛttiḥ.xml,Laghuvākyavṛtti,,https://sa.wikisource.org/wiki/%E0%A4%B2%E0%A4%98%E0%A5%81%E0%A4%B5%E0%A4%BE%E0%A4%95%E0%A5%8D%E0%A4%AF%E0%A4%B5%E0%A5%83%E0%A4%A4%E0%A5%8D%E0%A4%A4%E0%A4%BF%E0%A4%83,,
darśanāni,laghuyogavāsiṣṭhaḥ.xml,Laghuyogavāsiṣṭha,,https://sa.wikisource.org/wiki/%E0%A4%B2%E0%A4%98%E0%A5%81%E0%A4%AF%E0%A5%8B%E0%A4%97%E0%A4%B5%E0%A4%BE%E0%A4%B8%E0%A4%BF%E0%A4%B7%E0%A5%8D%E0%A4%A0%E0%A4%83,,
darśanāni,manīṣāpañcakam.xml,Manīṣāpañcaka,,https://sa.wikisource.org/wiki/%E0%A4%AE%E0%A4%A8%E0%A5%80%E0%A4%B7%E0%A4%BE%E0%A4%AA%E0%A4%9E%E0%A5%8D%E0%A4%9A%E0%A4%95%E0%A4%AE%E0%A5%8D,,
darśanāni,mokṣopāyaṭīkā.xml,Mokṣopāyaṭīkā,Bhāskarakaṇṭha,https://sa.wikisource.org/wiki/%E0%A4%AE%E0%A5%8B%E0%A4%95%E0%A5%8D%E0%A4%B7%E0%A5%8B%E0%A4%AA%E0%A4%BE%E0%A4%AF%E0%A4%9F%E0%A5%80%E0%A4%95%E0%A4%BE,,
darśanāni,muṇḍakopaniṣadbhāṣyam.xml,Muṇḍakopaniṣadbhāṣya,,https://sa.wikisource.org/wiki/%E0%A4%AE%E0%A5%81%E0%A4%A3%E0%A5%8D%E0%A4%A1%E0%A4%95%E0%A5%8B%E0%A4%AA%E0%A4%A8%E0%A4%BF%E0%A4%B7%E0%A4%A6%E0%A5%8D%E0%A4%AD%E0%A4%BE%E0%A4%B7%E0%A5%8D%E0%A4%AF%E0%A4%AE%E0%A5%8D,,
darśanāni,mānameyodayaḥ_nārāyaṇabhaṭṭaḥ.xml,Mānameyodaya,Nārāyaṇabhaṭṭa,https://sa.wikisource.org/wiki/%E0%A4%AE%E0%A4%BE%E0%A4%A8%E0%A4%AE%E0%A5%87%E0%A4%AF%E0%A5%8B%E0%A4%A6%E0%A4%AF%E0%A4%83,,
darśanāni,māyāpañcakam.xml,Māyāpañcaka,,https://sa.wikisource.org/wiki/%E0%A4%AE%E0%A4%BE%E0%A4%AF%E0%A4%BE%E0%A4%AA%E0%A4%9E%E0%A5%8D%E0%A4%9A%E0%A4%95%E0%A4%AE%E0%A5%8D,,
darśanāni,mīmāṃsānyāyaprakāśaḥ_āpadevaḥ.xml,Mīmāṃsānyāyaprakāśa,Āpadeva,https://sa.wikisource.org/wiki/%E0%A4%AE%E0%A5%80%E0%A4%AE%E0%A4%BE%E0%A4%82%E0%A4%B8%E0%A4%BE%E0%A4%A8%E0%A5%8D%E0%A4%AF%E0%A4%BE%E0%A4%AF%E0%A4%AA%E0%A5%8D%E0%A4%B0%E0%A4%95%E0%A4%BE%E0%A4%B6%E0%A4%83,,
darśanāni,mīmāṃsāparibhāṣā_kṛṣṇayajvaḥ.xml,Mīmāṃsāparibhāṣā,Kṛṣṇayajva,https://sa.wikisource.org/wiki/%E0%A4%AE%E0%A5%80%E0%A4%AE%E0%A4%BE%E0%A4%82%E0%A4%B8%E0%A4%BE%E0%A4%AA%E0%A4%B0%E0%A4%BF%E0%A4%AD%E0%A4%BE%E0%A4%B7%E0%A4%BE,,
darśanāni,naiṣkarmyasiddhiḥ.xml,Naiṣkarmyasiddhi,Sureśvara,https://sa.wikisource.org/wiki/%E0%A4%A8%E0%A5%88%E0%A4%B7%E0%A5%8D%E0%A4%95%E0%A4%B0%E0%A5%8D%E0%A4%AE%E0%A5%8D%E0%A4%AF%E0%A4%B8%E0%A4%BF%E0%A4%A6%E0%A5%8D%E0%A4%A7%E0%A4%BF%E0%A4%83,,
darśanāni,nayamayūkhamālikā.xml,Nayamayūkhamālikā,,https://sa.wikisource.org/wiki/%E0%A4%A8%E0%A4%AF%E0%A4%AE%E0%A4%AF%E0%A5%82%E0%A4%96%E0%A4%AE%E0%A4%BE%E0%A4%B2%E0%A4%BF%E0%A4%95%E0%A4%BE,,
darśanāni,nayasaṅgatimālikā.xml,Nayasaṅgatimālikā,,https://sa.wikisource.org/wiki/%E0%A4%A8%E0%A4%AF%E0%A4%B8%E0%A4%99%E0%A5%8D%E0%A4%97%E0%A4%A4%E0%A4%BF%E0%A4%AE%E0%A4%BE%E0%A4%B2%E0%A4%BF%E0%A4%95%E0%A4%BE,,
darśanāni,nirguṇamānasapūjā.xml,Nirguṇamānasapūjā,,https://sa.wikisource.org/wiki/%E0%A4%A8%E0%A4%BF%E0%A4%B0%E0%A5%8D%E0%A4%97%E0%A5%81%E0%A4%A3%E0%A4%AE%E0%A4%BE%E0%A4%A8%E0%A4%B8%E0%A4%AA%E0%A5%82%E0%A4%9C%E0%A4%BE,,
darśanāni,nirvāṇamañjarī.xml,Nirvāṇamañjarī,,https://sa.wikisource.org/wiki/%E0%A4%A8%E0%A4%BF%E0%A4%B0%E0%A5%8D%E0%A4%B5%E0%A4%BE%E0%A4%A3%E0%A4%AE%E0%A4%9E%E0%A5%8D%E0%A4%9C%E0%A4%B0%E0%A5%80,,
darśanāni,nirvāṇaṣaṭkam.xml,Nirvāṇaṣaṭka,,https://sa.wikisource.org/wiki/%E0%A4%A8%E0%A4%BF%E0%A4%B0%E0%A5%8D%E0%A4%B5%E0%A4%BE%E0%A4%A3%E0%A4%B7%E0%A4%9F%E0%A5%8D%E0%A4%95%E0%A4%AE%E0%A5%8D,,
darśanāni,nyāyadīpikā.xml,Nyāyadīpikā,,https://sa.wikisource.org/wiki/%E0%A4%A8%E0%A5%8D%E0%A4%AF%E0%A4%BE%E0%A4%AF%E0%A4%A6%E0%A5%80%E0%A4%AA%E0%A4%BF%E0%A4%95%E0%A4%BE,,
darśanāni,nyāyakalāpasaṅgrahaḥ.xml,Nyāyakalāpasaṅgraha,,https://sa.wikisource.org/wiki/%E0%A4%A8%E0%A5%8D%E0%A4%AF%E0%A4%BE%E0%A4%AF%E0%A4%95%E0%A4%B2%E0%A4%BE%E0%A4%AA%E0%A4%B8%E0%A4%99%E0%A5%8D%E0%A4%97%E0%A5%8D%E0%A4%B0%E0%A4%B9%E0%A4%83,,
darśanāni,nyāyamuktāvalī.xml,Nyāyamuktāvalī,,https://sa.wikisource.org/wiki/%E0%A4%A8%E0%A5%8D%E0%A4%AF%E0%A4%BE%E0%A4%AF%E0%A4%AE%E0%A5%81%E0%A4%95%E0%A5%8D%E0%A4%A4%E0%A4%BE%E0%A4%B5%E0%A4%B2%E0%A5%80,,
darśanāni,nyāyasiddhāntamuktāvalī.xml,Nyāyasiddhāntamuktāvalī,Viśvanāthapañcānana,https://sa.wikisource.org/wiki/%E0%A4%A8%E0%A5%8D%E0%A4%AF%E0%A4%BE%E0%A4%AF%E0%A4%B8%E0%A4%BF%E0%A4%A6%E0%A5%8D%E0%A4%A7%E0%A4%BE%E0%A4%A8%E0%A5%8D%E0%A4%A4%E0%A4%AE%E0%A5%81%E0%A4%95%E0%A5%8D%E0%A4%A4%E0%A4%BE%E0%A4%B5%E0%A4%B2%E0%A5%80,,
darśanāni,parāprāveśikā.xml,Parāprāveśikā,,https://sa.wikisource.org/wiki/%E0%A4%AA%E0%A4%B0%E0%A4%BE%E0%A4%AA%E0%A5%8D%E0%A4%B0%E0%A4%BE%E0%A4%B5%E0%A5%87%E0%A4%B6%E0%A4%BF%E0%A4%95%E0%A4%BE,,
darśanāni,pañcadaśī.xml,Pañcadaśī,Vidyāraṇya,https://sa.wikisource.org/wiki/%E0%A4%AA%E0%A4%9E%E0%A5%8D%E0%A4%9A%E0%A4%A6%E0%A4%B6%E0%A5%80,,
darśanāni,pañcapādikāvivaraṇam.xml,Pañcapādikāvivaraṇa,Śrīprakāśātmayati,https://sa.wikisource.org/wiki/%E0%A4%AA%E0%A4%9E%E0%A5%8D%E0%A4%9A%E0%A4%AA%E0%A4%BE%E0%A4%A6%E0%A4%BF%E0%A4%95%E0%A4%BE%E0%A4%B5%E0%A4%BF%E0%A4%B5%E0%A4%B0%E0%A4%A3%E0%A4%AE%E0%A5%8D,,
darśanāni,pañcīkaraṇam.xml,Pañcīkaraṇa,,https://sa.wikisource.org/wiki/%E0%A4%AA%E0%A4%9E%E0%A5%8D%E0%A4%9A%E0%A5%80%E0%A4%95%E0%A4%B0%E0%A4%A3%E0%A4%AE%E0%A5%8D,,
darśanāni,prabodhasudhākaraḥ.xml,Prabodhasudhākara,,https://sa.wikisource.org/wiki/%E0%A4%AA%E0%A5%8D%E0%A4%B0%E0%A4%AC%E0%A5%8B%E0%A4%A7%E0%A4%B8%E0%A5%81%E0%A4%A7%E0%A4%BE%E0%A4%95%E0%A4%B0%E0%A4%83,,
darśanāni,pramāṇalakṣaṇam.xml,Pramāṇalakṣaṇa,,https://sa.wikisource.org/wiki/%E0%A4%AA%E0%A5%8D%E0%A4%B0%E0%A4%AE%E0%A4%BE%E0%A4%A3%E0%A4%B2%E0%A4%95%E0%A5%8D%E0%A4%B7%E0%A4%A3%E0%A4%AE%E0%A5%8D,,
darśanāni,pramāṇapaddhatiḥ.xml,Pramāṇapaddhati,,https://sa.wikisource.org/wiki/%E0%A4%AA%E0%A5%8D%E0%A4%B0%E0%A4%AE%E0%A4%BE%E0%A4%A3%E0%A4%AA%E0%A4%A6%E0%A5%8D%E0%A4%A7%E0%A4%A4%E0%A4%BF%E0%A4%83,,
darśanāni,prauḍhānubhūtiḥ_samūlam.xml,Prauḍhānubhūti,,https://sa.wikisource.org/wiki/%E0%A4%AA%E0%A5%8D%E0%A4%B0%E0%A5%8C%E0%A4%A2%E0%A4%BE%E0%A4%A8%E0%A5%81%E0%A4%AD%E0%A5%82%E0%A4%A4%E0%A4%BF%E0%A4%83,,
darśanāni,prauḍhānubhūtiḥ.xml,Prauḍhānubhūti,,https://sa.wikisource.org/wiki/%E0%A4%AA%E0%A5%8D%E0%A4%B0%E0%A5%8C%E0%A4%A2%E0%A4%BE%E0%A4%A8%E0%A5%81%E0%A4%AD%E0%A5%82%E0%A4%A4%E0%A4%BF%E0%A4%83,,
darśanāni,praśnottararatnamālikā.xml,Praśnottararatnamālikā,,https://sa.wikisource.org/wiki/%E0%A4%AA%E0%A5%8D%E0%A4%B0%E0%A4%B6%E0%A5%8D%E0%A4%A8%E0%A5%8B%E0%A4%A4%E0%A5%8D%E0%A4%A4%E0%A4%B0%E0%A4%B0%E0%A4%A4%E0%A5%8D%E0%A4%A8%E0%A4%AE%E0%A4%BE%E0%A4%B2%E0%A4%BF%E0%A4%95%E0%A4%BE,,
darśanāni,praṇavakalpaḥ.xml,Praṇavakalpa,,https://sa.wikisource.org/wiki/%E0%A4%AA%E0%A5%8D%E0%A4%B0%E0%A4%A3%E0%A4%B5%E0%A4%95%E0%A4%B2%E0%A5%8D%E0%A4%AA%E0%A4%83,,
darśanāni,pātañjalayogadarśanam_vyāsabhāṣyasametam.xml,Pātañjalayogadarśana (Vyāsabhāṣyasameta),,https://sa.wikisource.org/wiki/%E0%A4%AA%E0%A4%BE%E0%A4%A4%E0%A4%9E%E0%A5%8D%E0%A4%9C%E0%A4%B2%E0%A4%AF%E0%A5%8B%E0%A4%97%E0%A4%A6%E0%A4%B0%E0%A5%8D%E0%A4%B6%E0%A4%A8%E0%A4%AE%E0%A5%8D_-_%E0%A4%B5%E0%A5%8D%E0%A4%AF%E0%A4%BE%E0%A4%B8%E0%A4%AD%E0%A4%BE%E0%A4%B7%E0%A5%8D%E0%A4%AF%E0%A4%B8%E0%A4%AE%E0%A5%87%E0%A4%A4%E0%A4%AE%E0%A5%8D,,
darśanāni,pūrvapakṣīyavyāptiḥ.xml,Pūrvapakṣīyavyāpti,,https://sa.wikisource.org/wiki/%E0%A4%AA%E0%A5%82%E0%A4%B0%E0%A5%8D%E0%A4%B5%E0%A4%AA%E0%A4%95%E0%A5%8D%E0%A4%B7%E0%A5%80%E0%A4%AF%E0%A4%B5%E0%A5%8D%E0%A4%AF%E0%A4%BE%E0%A4%AA%E0%A5%8D%E0%A4%A4%E0%A4%BF%E0%A4%83,,
darśanāni,ratnāvadānam_1.xml,Ratnāvadānam-1,,https://sa.wikisource.org/wiki/%E0%A4%B0%E0%A4%A4%E0%A5%8D%E0%A4%A8%E0%A4%BE%E0%A4%B5%E0%A4%A6%E0%A4%BE%E0%A4%A8%E0%A4%AE%E0%A5%8D-%E0%A5%A7,,
darśanāni,ratnāvadānam_2.xml,Ratnāvadānam-2,,https://sa.wikisource.org/wiki/%E0%A4%B0%E0%A4%A4%E0%A5%8D%E0%A4%A8%E0%A4%BE%E0%A4%B5%E0%A4%A6%E0%A4%BE%E0%A4%A8%E0%A4%AE%E0%A5%8D-%E0%A5%A8,,
darśanāni,sadācārasmṛtiḥ.xml,Sadācārasmṛti,,https://sa.wikisource.org/wiki/%E0%A4%B8%E0%A4%A6%E0%A4%BE%E0%A4%9A%E0%A4%BE%E0%A4%B0%E0%A4%B8%E0%A5%8D%E0%A4%AE%E0%A5%83%E0%A4%A4%E0%A4%BF%E0%A4%83,,
darśanāni,sadācārānusandhānam.xml,Sadācārānusandhāna,,https://sa.wikisource.org/wiki/%E0%A4%B8%E0%A4%A6%E0%A4%BE%E0%A4%9A%E0%A4%BE%E0%A4%B0%E0%A4%BE%E0%A4%A8%E0%A5%81%E0%A4%B8%E0%A4%A8%E0%A5%8D%E0%A4%A7%E0%A4%BE%E0%A4%A8%E0%A4%AE%E0%A5%8D,,
darśanāni,sarvalakṣaṇapadārthalakṣaṇasaṃgrahaḥ.xml,Sarvalakṣaṇapadārthalakṣaṇasaṃgraha,,https://sa.wikisource.org/wiki/%E0%A4%B8%E0%A4%B0%E0%A5%8D%E0%A4%B5%E0%A4%B2%E0%A4%95%E0%A5%8D%E0%A4%B7%E0%A4%A3%E0%A4%AA%E0%A4%A6%E0%A4%BE%E0%A4%B0%E0%A5%8D%E0%A4%A5%E0%A4%B2%E0%A4%95%E0%A5%8D%E0%A4%B7%E0%A4%A3%E0%A4%B8%E0%A4%82%E0%A4%97%E0%A5%8D%E0%A4%B0%E0%A4%B9%E0%A4%83,,
darśanāni,sarvavedāntasiddhāntasārasaṃgrahaḥ.xml,Sarvavedāntasiddhāntasārasaṃgraha,,https://sa.wikisource.org/wiki/%E0%A4%B8%E0%A4%B0%E0%A5%8D%E0%A4%B5%E0%A4%B5%E0%A5%87%E0%A4%A6%E0%A4%BE%E0%A4%A8%E0%A5%8D%E0%A4%A4%E0%A4%B8%E0%A4%BF%E0%A4%A6%E0%A5%8D%E0%A4%A7%E0%A4%BE%E0%A4%A8%E0%A5%8D%E0%A4%A4%E0%A4%B8%E0%A4%BE%E0%A4%B0%E0%A4%B8%E0%A4%82%E0%A4%97%E0%A5%8D%E0%A4%B0%E0%A4%B9%E0%A4%83,,
darśanāni,siddhāntaleśasaṅgrahaḥ.xml,Siddhāntaleśasaṅgraha,Appayyadīkṣita,https://sa.wikisource.org/wiki/%E0%A4%B8%E0%A4%BF%E0%A4%A6%E0%A5%8D%E0%A4%A7%E0%A4%BE%E0%A4%A8%E0%A5%8D%E0%A4%A4%E0%A4%B2%E0%A5%87%E0%A4%B6%E0%A4%B8%E0%A4%99%E0%A5%8D%E0%A4%97%E0%A5%8D%E0%A4%B0%E0%A4%B9%E0%A4%83,,
darśanāni,smṛtimuktāvaliḥ.xml,Smṛtimuktāvali,,https://sa.wikisource.org/wiki/%E0%A4%B8%E0%A5%8D%E0%A4%AE%E0%A5%83%E0%A4%A4%E0%A4%BF%E0%A4%AE%E0%A5%81%E0%A4%95%E0%A5%8D%E0%A4%A4%E0%A4%BE%E0%A4%B5%E0%A4%B2%E0%A4%BF%E0%A4%83,,
darśanāni,sumadhvavijayaḥ.xml,Sumadhvavijaya,,https://sa.wikisource.org/wiki/%E0%A4%B8%E0%A5%81%E0%A4%AE%E0%A4%A7%E0%A5%8D%E0%A4%B5%E0%A4%B5%E0%A4%BF%E0%A4%9C%E0%A4%AF%E0%A4%83,,
darśanāni,suvarṇasaptatiśāstram‌.xml,Suvarṇasaptatiśāstram‌,,https://sa.wikisource.org/wiki/%E0%A4%B8%E0%A5%81%E0%A4%B5%E0%A4%B0%E0%A5%8D%E0%A4%A3%E0%A4%B8%E0%A4%AA%E0%A5%8D%E0%A4%A4%E0%A4%A4%E0%A4%BF%E0%A4%B6%E0%A4%BE%E0%A4%B8%E0%A5%8D%E0%A4%A4%E0%A5%8D%E0%A4%B0%E0%A4%AE%E0%A5%8D%E2%80%8C,,
darśanāni,svarājyasiddhiḥ.xml,Svarājyasiddhi,,https://sa.wikisource.org/wiki/%E0%A4%B8%E0%A5%8D%E0%A4%B5%E0%A4%B0%E0%A4%BE%E0%A4%9C%E0%A5%8D%E0%A4%AF%E0%A4%B8%E0%A4%BF%E0%A4%A6%E0%A5%8D%E0%A4%A7%E0%A4%BF%E0%A4%83,,
darśanāni,svarūpānusandhānāṣṭakam.xml,Svarūpānusandhānāṣṭaka,,https://sa.wikisource.org/wiki/%E0%A4%B8%E0%A5%8D%E0%A4%B5%E0%A4%B0%E0%A5%82%E0%A4%AA%E0%A4%BE%E0%A4%A8%E0%A5%81%E0%A4%B8%E0%A4%A8%E0%A5%8D%E0%A4%A7%E0%A4%BE%E0%A4%A8%E0%A4%BE%E0%A4%B7%E0%A5%8D%E0%A4%9F%E0%A4%95%E0%A4%AE%E0%A5%8D,,
darśanāni,svayambhūdharmadhātusamutpattiḥ.xml,Svayambhūdharmadhātusamutpatti,,https://sa.wikisource.org/wiki/%E0%A4%B8%E0%A5%8D%E0%A4%B5%E0%A4%AF%E0%A4%AE%E0%A5%8D%E0%A4%AD%E0%A5%82%E0%A4%A7%E0%A4%B0%E0%A5%8D%E0%A4%AE%E0%A4%A7%E0%A4%BE%E0%A4%A4%E0%A5%81%E0%A4%B8%E0%A4%AE%E0%A5%81%E0%A4%A4%E0%A5%8D%E0%A4%AA%E0%A4%A4%E0%A5%8D%E0%A4%A4%E0%A4%BF%E0%A4%83,,
darśanāni,svātmanirūpaṇam.xml,Svātmanirūpaṇa,,https://sa.wikisource.org/wiki/%E0%A4%B8%E0%A5%8D%E0%A4%B5%E0%A4%BE%E0%A4%A4%E0%A5%8D%E0%A4%AE%E0%A4%A8%E0%A4%BF%E0%A4%B0%E0%A5%82%E0%A4%AA%E0%A4%A3%E0%A4%AE%E0%A5%8D,,
darśanāni,svātmaprakāśikā.xml,Svātmaprakāśikā,,https://sa.wikisource.org/wiki/%E0%A4%B8%E0%A5%8D%E0%A4%B5%E0%A4%BE%E0%A4%A4%E0%A5%8D%E0%A4%AE%E0%A4%AA%E0%A5%8D%E0%A4%B0%E0%A4%95%E0%A4%BE%E0%A4%B6%E0%A4%BF%E0%A4%95%E0%A4%BE,,
darśanāni,sādhanapañcakam.xml,Sādhanapañcaka,,https://sa.wikisource.org/wiki/%E0%A4%B8%E0%A4%BE%E0%A4%A7%E0%A4%A8%E0%A4%AA%E0%A4%9E%E0%A5%8D%E0%A4%9A%E0%A4%95%E0%A4%AE%E0%A5%8D,,
darśanāni,sāṃkhyadarśanam_śrīmadvijñānabhikṣukṛtasāṃkhyapravacanabhāṣyasahitam.xml,Sāṃkhyadarśana,,https://sa.wikisource.org/wiki/%E0%A4%B8%E0%A4%BE%E0%A4%82%E0%A4%96%E0%A5%8D%E0%A4%AF%E0%A4%A6%E0%A4%B0%E0%A5%8D%E0%A4%B6%E0%A4%A8%E0%A4%AE%E0%A5%8D,,
darśanāni,sāṃkhyadarśanam.xml,Sāṃkhyadarśana,,https://sa.wikisource.org/wiki/%E0%A4%B8%E0%A4%BE%E0%A4%82%E0%A4%96%E0%A5%8D%E0%A4%AF%E0%A4%A6%E0%A4%B0%E0%A5%8D%E0%A4%B6%E0%A4%A8%E0%A4%AE%E0%A5%8D,,
darśanāni,sāṃkhyakośaḥ.xml,Sāṃkhyakośa,,https://sa.wikisource.org/wiki/%E0%A4%B8%E0%A4%BE%E0%A4%82%E0%A4%96%E0%A5%8D%E0%A4%AF%E0%A4%95%E0%A5%8B%E0%A4%B6%E0%A4%83,,
darśanāni,sāṃkhyasaptatiḥ_jayamaṅgalāṭīkā_sahitā.xml,Sāṃkhyasaptati (Jayamaṅgalāṭīkāsahitā),,https://sa.wikisource.org/wiki/%E0%A4%B8%E0%A4%BE%E0%A4%82%E0%A4%96%E0%A5%8D%E0%A4%AF%E0%A4%B8%E0%A4%AA%E0%A5%8D%E0%A4%A4%E0%A4%A4%E0%A4%BF%E0%A4%83_(%E0%A4%9C%E0%A4%AF%E0%A4%AE%E0%A4%99%E0%A5%8D%E0%A4%97%E0%A4%B2%E0%A4%BE%E0%A4%9F%E0%A5%80%E0%A4%95%E0%A4%BE_%E0%A4%B8%E0%A4%B9%E0%A4%BF%E0%A4%A4%E0%A4%BE),,
darśanāni,sāṃkhyatatvakaumudī.xml,Sāṃkhyatatvakaumudī,,https://sa.wikisource.org/wiki/%E0%A4%B8%E0%A4%BE%E0%A4%82%E0%A4%96%E0%A5%8D%E0%A4%AF%E0%A4%A4%E0%A4%A4%E0%A5%8D%E0%A4%B5%E0%A4%95%E0%A5%8C%E0%A4%AE%E0%A5%81%E0%A4%A6%E0%A5%80,,
darśanāni,sūtradīpikā.xml,Sūtradīpikā,,https://sa.wikisource.org/wiki/%E0%A4%B8%E0%A5%82%E0%A4%A4%E0%A5%8D%E0%A4%B0%E0%A4%A6%E0%A5%80%E0%A4%AA%E0%A4%BF%E0%A4%95%E0%A4%BE,,
darśanāni,sūtrārtharatnāvalī.xml,Sūtrārtharatnāvalī,,https://sa.wikisource.org/wiki/%E0%A4%B8%E0%A5%82%E0%A4%A4%E0%A5%8D%E0%A4%B0%E0%A4%BE%E0%A4%B0%E0%A5%8D%E0%A4%A5%E0%A4%B0%E0%A4%A4%E0%A5%8D%E0%A4%A8%E0%A4%BE%E0%A4%B5%E0%A4%B2%E0%A5%80,,
darśanāni,tantrarahasyam.xml,Tantrarahasya,,https://sa.wikisource.org/wiki/%E0%A4%A4%E0%A4%A8%E0%A5%8D%E0%A4%A4%E0%A5%8D%E0%A4%B0%E0%A4%B0%E0%A4%B9%E0%A4%B8%E0%A5%8D%E0%A4%AF%E0%A4%AE%E0%A5%8D,,
darśanāni,tantrasārasaṅgrahaḥ.xml,Tantrasārasaṅgraha,,https://sa.wikisource.org/wiki/%E0%A4%A4%E0%A4%A8%E0%A5%8D%E0%A4%A4%E0%A5%8D%E0%A4%B0%E0%A4%B8%E0%A4%BE%E0%A4%B0%E0%A4%B8%E0%A4%99%E0%A5%8D%E0%A4%97%E0%A5%8D%E0%A4%B0%E0%A4%B9%E0%A4%83,,
darśanāni,taptacakrāṅkakavidhvaṃsanam.xml,Taptacakrāṅkakavidhvaṃsana,,https://sa.wikisource.org/wiki/%E0%A4%A4%E0%A4%AA%E0%A5%8D%E0%A4%A4%E0%A4%9A%E0%A4%95%E0%A5%8D%E0%A4%B0%E0%A4%BE%E0%A4%99%E0%A5%8D%E0%A4%95%E0%A4%95%E0%A4%B5%E0%A4%BF%E0%A4%A7%E0%A5%8D%E0%A4%B5%E0%A4%82%E0%A4%B8%E0%A4%A8%E0%A4%AE%E0%A5%8D,,
darśanāni,tarkabhāṣā.xml,Tarkabhāṣā,,https://sa.wikisource.org/wiki/%E0%A4%A4%E0%A4%B0%E0%A5%8D%E0%A4%95%E0%A4%AD%E0%A4%BE%E0%A4%B7%E0%A4%BE,n,gretil_sa/sa_tarkabhASA.xml
darśanāni,tattvabodhaḥ.xml,Tattvabodha,,https://sa.wikisource.org/wiki/%E0%A4%A4%E0%A4%A4%E0%A5%8D%E0%A4%A4%E0%A5%8D%E0%A4%B5%E0%A4%AC%E0%A5%8B%E0%A4%A7%E0%A4%83,,
darśanāni,tattvasāraḥ_ratnasāriṇīvyākhyāsahitaḥ.xml,Tattvasāra - Ratnasāriṇīvyākhyāsahita,,https://sa.wikisource.org/wiki/%E0%A4%A4%E0%A4%A4%E0%A5%8D%E0%A4%A4%E0%A5%8D%E0%A4%B5%E0%A4%B8%E0%A4%BE%E0%A4%B0%E0%A4%83_(%E0%A4%B0%E0%A4%A4%E0%A5%8D%E0%A4%A8%E0%A4%B8%E0%A4%BE%E0%A4%B0%E0%A4%BF%E0%A4%A3%E0%A5%80%E0%A4%B5%E0%A5%8D%E0%A4%AF%E0%A4%BE%E0%A4%96%E0%A5%8D%E0%A4%AF%E0%A4%BE%E0%A4%B8%E0%A4%B9%E0%A4%BF%E0%A4%A4%E0%A4%83),,
darśanāni,tattvavaiśāradī.xml,Tattvavaiśāradī,,https://sa.wikisource.org/wiki/%E0%A4%A4%E0%A4%A4%E0%A5%8D%E0%A4%A4%E0%A5%8D%E0%A4%B5%E0%A4%B5%E0%A5%88%E0%A4%B6%E0%A4%BE%E0%A4%B0%E0%A4%A6%E0%A5%80,,
darśanāni,tattvaṭīkā.xml,Tattvaṭīkā,,https://sa.wikisource.org/wiki/%E0%A4%A4%E0%A4%A4%E0%A5%8D%E0%A4%A4%E0%A5%8D%E0%A4%B5%E0%A4%9F%E0%A5%80%E0%A4%95%E0%A4%BE,,
darśanāni,tattvopadeśaḥ.xml,Tattvopadeśa,,https://sa.wikisource.org/wiki/%E0%A4%A4%E0%A4%A4%E0%A5%8D%E0%A4%A4%E0%A5%8D%E0%A4%B5%E0%A5%8B%E0%A4%AA%E0%A4%A6%E0%A5%87%E0%A4%B6%E0%A4%83,,
darśanāni,tattvopaplavamīmāṃsā.xml,Tattvopaplavamīmāṃsā,,https://sa.wikisource.org/wiki/%E0%A4%A4%E0%A4%A4%E0%A5%8D%E0%A4%A4%E0%A5%8D%E0%A4%B5%E0%A5%8B%E0%A4%AA%E0%A4%AA%E0%A5%8D%E0%A4%B2%E0%A4%B5%E0%A4%AE%E0%A5%80%E0%A4%AE%E0%A4%BE%E0%A4%82%E0%A4%B8%E0%A4%BE,,
darśanāni,tattvārthasūtram.xml,Tattvārthasūtra,,https://sa.wikisource.org/wiki/%E0%A4%B5%E0%A4%B0%E0%A5%8D%E0%A4%97%E0%A4%83:%E0%A4%A4%E0%A4%A4%E0%A5%8D%E0%A4%A4%E0%A5%8D%E0%A4%B5%E0%A4%BE%E0%A4%B0%E0%A5%8D%E0%A4%A5%E0%A4%B8%E0%A5%82%E0%A4%A4%E0%A5%8D%E0%A4%B0%E0%A4%AE%E0%A5%8D,,
darśanāni,tithinirṇayaḥ.xml,Tithinirṇaya,,https://sa.wikisource.org/wiki/%E0%A4%A4%E0%A4%BF%E0%A4%A5%E0%A4%BF%E0%A4%A8%E0%A4%BF%E0%A4%B0%E0%A5%8D%E0%A4%A3%E0%A4%AF%E0%A4%83,,
darśanāni,triśikhibrāhmaṇopaniṣat.xml,Triśikhibrāhmaṇopaniṣat,,https://sa.wikisource.org/wiki/%E0%A4%A4%E0%A5%8D%E0%A4%B0%E0%A4%BF%E0%A4%B6%E0%A4%BF%E0%A4%96%E0%A4%BF%E0%A4%AC%E0%A5%8D%E0%A4%B0%E0%A4%BE%E0%A4%B9%E0%A5%8D%E0%A4%AE%E0%A4%A3%E0%A5%8B%E0%A4%AA%E0%A4%A8%E0%A4%BF%E0%A4%B7%E0%A4%A4%E0%A5%8D,,
darśanāni,upadeśasāhasrī_gadyaprabandhaḥ.xml,Upadeśasāhasrī,,https://sa.wikisource.org/wiki/%E0%A4%89%E0%A4%AA%E0%A4%A6%E0%A5%87%E0%A4%B6%E0%A4%B8%E0%A4%BE%E0%A4%B9%E0%A4%B8%E0%A5%8D%E0%A4%B0%E0%A5%80_(%E0%A4%97%E0%A4%A6%E0%A5%8D%E0%A4%AF%E0%A4%AA%E0%A5%8D%E0%A4%B0%E0%A4%AC%E0%A4%A8%E0%A5%8D%E0%A4%A7%E0%A4%83),,
darśanāni,vaiśeṣikasūtropaskāraḥ.xml,Vaiśeṣikasūtropaskāra,,https://sa.wikisource.org/wiki/%E0%A4%B5%E0%A5%88%E0%A4%B6%E0%A5%87%E0%A4%B7%E0%A4%BF%E0%A4%95%E0%A4%B8%E0%A5%82%E0%A4%A4%E0%A5%8D%E0%A4%B0%E0%A5%8B%E0%A4%AA%E0%A4%B8%E0%A5%8D%E0%A4%95%E0%A4%BE%E0%A4%B0%E0%A4%83,,
darśanāni,vedāntadarśanam.xml,Vedāntadarśana,,https://sa.wikisource.org/wiki/%E0%A4%B5%E0%A5%87%E0%A4%A6%E0%A4%BE%E0%A4%A8%E0%A5%8D%E0%A4%A4%E0%A4%A6%E0%A4%B0%E0%A5%8D%E0%A4%B6%E0%A4%A8%E0%A4%AE%E0%A5%8D,,
darśanāni,vedāntakārikāvalī.xml,Vedāntakārikāvalī,,https://sa.wikisource.org/wiki/%E0%A4%89%E0%A4%A4%E0%A5%8D%E0%A4%A4%E0%A4%B0%E0%A4%AE%E0%A5%80%E0%A4%AE%E0%A4%BE%E0%A4%82%E0%A4%B8%E0%A4%BE%E0%A4%A6%E0%A4%B0%E0%A5%8D%E0%A4%B6%E0%A4%A8%E0%A4%AE%E0%A5%8D/%E0%A4%B5%E0%A4%BF%E0%A4%B6%E0%A4%BF%E0%A4%B7%E0%A5%8D%E0%A4%9F%E0%A4%BE%E0%A4%A6%E0%A5%8D%E0%A4%B5%E0%A5%88%E0%A4%A4%E0%A4%AE%E0%A5%8D,,
darśanāni,vedāntaparibhāṣā.xml,Vedāntaparibhāṣā,Dharmarājādhvarīndra,https://sa.wikisource.org/wiki/%E0%A4%B5%E0%A5%87%E0%A4%A6%E0%A4%BE%E0%A4%A8%E0%A5%8D%E0%A4%A4%E0%A4%AA%E0%A4%B0%E0%A4%BF%E0%A4%AD%E0%A4%BE%E0%A4%B7%E0%A4%BE,,
darśanāni,vedāntasāraḥ.xml,Vedāntasāra,Rāmānujācārya,https://sa.wikisource.org/wiki/%E0%A4%B5%E0%A5%87%E0%A4%A6%E0%A4%BE%E0%A4%A8%E0%A5%8D%E0%A4%A4%E0%A4%B8%E0%A4%BE%E0%A4%B0%E0%A4%83_(%E0%A4%86%E0%A4%99%E0%A5%8D%E0%A4%97%E0%A5%8D%E0%A4%B2%E0%A4%BE%E0%A4%A8%E0%A5%81%E0%A4%B5%E0%A4%BE%E0%A4%A6%E0%A4%B8%E0%A4%B9%E0%A4%BF%E0%A4%A4%E0%A4%83),,
darśanāni,vivaraṇaprameyasaṃgrahaḥ.xml,Vivaraṇaprameyasaṃgraha,,https://sa.wikisource.org/wiki/%E0%A4%B5%E0%A4%BF%E0%A4%B5%E0%A4%B0%E0%A4%A3%E0%A4%AA%E0%A5%8D%E0%A4%B0%E0%A4%AE%E0%A5%87%E0%A4%AF%E0%A4%B8%E0%A4%82%E0%A4%97%E0%A5%8D%E0%A4%B0%E0%A4%B9%E0%A4%83,,
darśanāni,vivekkacūḍāmaṇi_bhāṣyām.xml,Vivekkacūḍāmaṇi Bhāṣyā,,https://sa.wikisource.org/wiki/%E0%A4%B5%E0%A4%BF%E0%A4%B5%E0%A5%87%E0%A4%95%E0%A5%8D%E0%A4%95%E0%A4%9A%E0%A5%82%E0%A4%A1%E0%A4%BE%E0%A4%AE%E0%A4%A3%E0%A4%BF_%E0%A4%AD%E0%A4%BE%E0%A4%B7%E0%A5%8D%E0%A4%AF%E0%A4%BE%E0%A4%AE%E0%A5%8D,,
darśanāni,viṣṇutattvavinirṇaya.xml,Viṣṇutattvavinirṇaya,,https://sa.wikisource.org/wiki/%E0%A4%B5%E0%A4%BF%E0%A4%B7%E0%A5%8D%E0%A4%A3%E0%A5%81%E0%A4%A4%E0%A4%A4%E0%A5%8D%E0%A4%A4%E0%A5%8D%E0%A4%B5%E0%A4%B5%E0%A4%BF%E0%A4%A8%E0%A4%BF%E0%A4%B0%E0%A5%8D%E0%A4%A3%E0%A4%AF:,,
darśanāni,vyomavatī.xml,Vyomavatī,,https://sa.wikisource.org/wiki/%E0%A4%B5%E0%A5%8D%E0%A4%AF%E0%A5%8B%E0%A4%AE%E0%A4%B5%E0%A4%A4%E0%A5%80,,
darśanāni,vākyavṛttiḥ.xml,Vākyavṛtti,,https://sa.wikisource.org/wiki/%E0%A4%B5%E0%A4%BE%E0%A4%95%E0%A5%8D%E0%A4%AF%E0%A4%B5%E0%A5%83%E0%A4%A4%E0%A5%8D%E0%A4%A4%E0%A4%BF%E0%A4%83,,
darśanāni,yatīndramatadīpikā.xml,Yatīndramatadīpikā,Śrīnivāsācārya,https://sa.wikisource.org/wiki/%E0%A4%AF%E0%A4%A4%E0%A5%80%E0%A4%A8%E0%A5%8D%E0%A4%A6%E0%A5%8D%E0%A4%B0%E0%A4%AE%E0%A4%A4%E0%A4%A6%E0%A5%80%E0%A4%AA%E0%A4%BF%E0%A4%95%E0%A4%BE,,
darśanāni,yogacūḍāmaṇyupaniṣat.xml,Yogacūḍāmaṇyupaniṣat,,https://sa.wikisource.org/wiki/%E0%A4%AF%E0%A5%8B%E0%A4%97%E0%A4%9A%E0%A5%82%E0%A4%A1%E0%A4%BE%E0%A4%AE%E0%A4%A3%E0%A5%8D%E0%A4%AF%E0%A5%81%E0%A4%AA%E0%A4%A8%E0%A4%BF%E0%A4%B7%E0%A4%A4%E0%A5%8D,,
darśanāni,yogadīpikā.xml,Yogadīpikā,,https://sa.wikisource.org/wiki/%E0%A4%AF%E0%A5%8B%E0%A4%97%E0%A4%A6%E0%A5%80%E0%A4%AA%E0%A4%BF%E0%A4%95%E0%A4%BE,,
darśanāni,yogakuṇḍalyupaniṣat.xml,Yogakuṇḍalyupaniṣat,,https://sa.wikisource.org/wiki/%E0%A4%AF%E0%A5%8B%E0%A4%97%E0%A4%95%E0%A5%81%E0%A4%A3%E0%A5%8D%E0%A4%A1%E0%A4%B2%E0%A5%8D%E0%A4%AF%E0%A5%81%E0%A4%AA%E0%A4%A8%E0%A4%BF%E0%A4%B7%E0%A4%A4%E0%A5%8D,,
darśanāni,yogasārasaṃgrahaḥ.xml,Yogasārasaṃgraha,,https://sa.wikisource.org/wiki/%E0%A4%AF%E0%A5%8B%E0%A4%97%E0%A4%B8%E0%A4%BE%E0%A4%B0%E0%A4%B8%E0%A4%82%E0%A4%97%E0%A5%8D%E0%A4%B0%E0%A4%B9%E0%A4%83,,
darśanāni,yogasūtrasāraḥ.xml,Yogasūtrasāra,Pennāmadhusūdana,https://sa.wikisource.org/wiki/%E0%A4%AF%E0%A5%8B%E0%A4%97%E0%A4%B8%E0%A5%82%E0%A4%A4%E0%A5%8D%E0%A4%B0%E0%A4%B8%E0%A4%BE%E0%A4%B0%E0%A4%83,,
darśanāni,yogatattvopaniṣad.xml,Yogatattvopaniṣad,,https://sa.wikisource.org/wiki/%E0%A4%AF%E0%A5%8B%E0%A4%97%E0%A4%A4%E0%A4%A4%E0%A5%8D%E0%A4%A4%E0%A5%8D%E0%A4%B5%E0%A5%8B%E0%A4%AA%E0%A4%A8%E0%A4%BF%E0%A4%B7%E0%A4%A4%E0%A5%8D,,
darśanāni,yogatārāvalī.xml,Yogatārāvalī,,https://sa.wikisource.org/wiki/%E0%A4%AF%E0%A5%8B%E0%A4%97%E0%A4%A4%E0%A4%BE%E0%A4%B0%E0%A4%BE%E0%A4%B5%E0%A4%B2%E0%A5%80,,
darśanāni,yogaśikhopaniṣad.xml,Yogaśikhopaniṣad,,https://sa.wikisource.org/wiki/%E0%A4%AF%E0%A5%8B%E0%A4%97%E0%A4%B6%E0%A4%BF%E0%A4%96%E0%A5%8B%E0%A4%AA%E0%A4%A8%E0%A4%BF%E0%A4%B7%E0%A4%A4%E0%A5%8D,,
darśanāni,ātmabodhaḥ.xml,Ātmabodha,,https://sa.wikisource.org/wiki/%E0%A4%86%E0%A4%A4%E0%A5%8D%E0%A4%AE%E0%A4%AC%E0%A5%8B%E0%A4%A7%E0%A4%83,,
darśanāni,īśvarapratyabhijñākārikāvṛttiḥ.xml,Īśvarapratyabhijñākārikāvṛtti,Utpala,https://sa.wikisource.org/wiki/%E0%A4%88%E0%A4%B6%E0%A5%8D%E0%A4%B5%E0%A4%B0%E0%A4%AA%E0%A5%8D%E0%A4%B0%E0%A4%A4%E0%A5%8D%E0%A4%AF%E0%A4%AD%E0%A4%BF%E0%A4%9C%E0%A5%8D%E0%A4%9E%E0%A4%BE%E0%A4%95%E0%A4%BE%E0%A4%B0%E0%A4%BF%E0%A4%95%E0%A4%BE%E0%A4%B5%E0%A5%83%E0%A4%A4%E0%A5%8D%E0%A4%A4%E0%A4%BF%E0%A4%83,,
darśanāni,īśāvāsyopaniṣadbhāṣyam.xml,Īśāvāsyopaniṣadbhāṣya,Śrīśaṅkara,https://sa.wikisource.org/wiki/%E0%A4%88%E0%A4%B6%E0%A4%BE%E0%A4%B5%E0%A4%BE%E0%A4%B8%E0%A5%8D%E0%A4%AF%E0%A5%8B%E0%A4%AA%E0%A4%A8%E0%A4%BF%E0%A4%B7%E0%A4%A6%E0%A5%8D%E0%A4%AD%E0%A4%BE%E0%A4%B7%E0%A5%8D%E0%A4%AF%E0%A4%AE%E0%A5%8D,,
darśanāni,śaktāvarthāpattipañcakam.xml,Śaktāvarthāpattipañcaka,,https://sa.wikisource.org/wiki/%E0%A4%B6%E0%A4%95%E0%A5%8D%E0%A4%A4%E0%A4%BE%E0%A4%B5%E0%A4%B0%E0%A5%8D%E0%A4%A5%E0%A4%BE%E0%A4%AA%E0%A4%A4%E0%A5%8D%E0%A4%A4%E0%A4%BF%E0%A4%AA%E0%A4%9E%E0%A5%8D%E0%A4%9A%E0%A4%95%E0%A4%AE%E0%A5%8D,,
darśanāni,śarīravādaḥ.xml,Śarīravāda,,https://sa.wikisource.org/wiki/%E0%A4%B6%E0%A4%B0%E0%A5%80%E0%A4%B0%E0%A4%B5%E0%A4%BE%E0%A4%A6%E0%A4%83,,
darśanāni,śataślokī.xml,Śataślokī,,https://sa.wikisource.org/wiki/%E0%A4%B6%E0%A4%A4%E0%A4%B6%E0%A5%8D%E0%A4%B2%E0%A5%8B%E0%A4%95%E0%A5%80,,
darśanāni,śaṅkarapādabhūṣaṇam.xml,Śaṅkarapādabhūṣaṇa,Śrīraghunāthasūri,https://sa.wikisource.org/wiki/%E0%A4%B6%E0%A4%99%E0%A5%8D%E0%A4%95%E0%A4%B0%E0%A4%AA%E0%A4%BE%E0%A4%A6%E0%A4%AD%E0%A5%82%E0%A4%B7%E0%A4%A3%E0%A4%AE%E0%A5%8D,,
darśanāni,śivasaṃhitā.xml,Śivasaṃhitā,,https://sa.wikisource.org/wiki/%E0%A4%B6%E0%A4%BF%E0%A4%B5%E0%A4%B8%E0%A4%82%E0%A4%B9%E0%A4%BF%E0%A4%A4%E0%A4%BE,,
darśanāni,śrutapradīpikā.xml,Śrutapradīpikā,,https://sa.wikisource.org/wiki/%E0%A4%B6%E0%A5%8D%E0%A4%B0%E0%A5%81%E0%A4%A4%E0%A4%AA%E0%A5%8D%E0%A4%B0%E0%A4%A6%E0%A5%80%E0%A4%AA%E0%A4%BF%E0%A4%95%E0%A4%BE,,
darśanāni,śrutaprakāśikā.xml,Śrutaprakāśikā,,https://sa.wikisource.org/wiki/%E0%A4%B6%E0%A5%8D%E0%A4%B0%E0%A5%81%E0%A4%A4%E0%A4%AA%E0%A5%8D%E0%A4%B0%E0%A4%95%E0%A4%BE%E0%A4%B6%E0%A4%BF%E0%A4%95%E0%A4%BE,,
darśanāni,śrībhāgavatasandarbhaḥ.xml,Śrībhāgavatasandarbha,,https://sa.wikisource.org/wiki/%E0%A4%B6%E0%A5%8D%E0%A4%B0%E0%A5%80%E0%A4%AD%E0%A4%BE%E0%A4%97%E0%A4%B5%E0%A4%A4%E0%A4%B8%E0%A4%A8%E0%A5%8D%E0%A4%A6%E0%A4%B0%E0%A5%8D%E0%A4%AD%E0%A4%83,,
darśanāni,śrībhāṣyam.xml,Śrībhāṣya,,https://sa.wikisource.org/wiki/%E0%A4%B6%E0%A5%8D%E0%A4%B0%E0%A5%80%E0%A4%AD%E0%A4%BE%E0%A4%B7%E0%A5%8D%E0%A4%AF%E0%A4%AE%E0%A5%8D,,
darśanāni,śāntikamalākaraḥ.xml,Śāntikamalākara,,https://sa.wikisource.org/wiki/%E0%A4%B6%E0%A4%BE%E0%A4%A8%E0%A5%8D%E0%A4%A4%E0%A4%BF%E0%A4%95%E0%A4%AE%E0%A4%B2%E0%A4%BE%E0%A4%95%E0%A4%B0%E0%A4%83,,
darśanāni,śārīrakakārikāvalī.xml,Śārīrakakārikāvalī,,https://sa.wikisource.org/wiki/%E0%A4%B6%E0%A4%BE%E0%A4%B0%E0%A5%80%E0%A4%B0%E0%A4%95%E0%A4%95%E0%A4%BE%E0%A4%B0%E0%A4%BF%E0%A4%95%E0%A4%BE%E0%A4%B5%E0%A4%B2%E0%A5%80,,
darśanāni,śārīrakādhikaraṇaratnamālā.xml,Śārīrakādhikaraṇaratnamālā,,https://sa.wikisource.org/wiki/%E0%A4%B6%E0%A4%BE%E0%A4%B0%E0%A5%80%E0%A4%B0%E0%A4%95%E0%A4%BE%E0%A4%A7%E0%A4%BF%E0%A4%95%E0%A4%B0%E0%A4%A3%E0%A4%B0%E0%A4%A4%E0%A5%8D%E0%A4%A8%E0%A4%AE%E0%A4%BE%E0%A4%B2%E0%A4%BE,,
darśanāni,ṣaḍ‌darśanasamuccayaḥ.xml,Ṣaḍ‌darśanasamuccaya,,https://sa.wikisource.org/wiki/%E0%A4%B7%E0%A4%A1%E0%A5%8D%E2%80%8C%E0%A4%A6%E0%A4%B0%E0%A5%8D%E0%A4%B6%E0%A4%A8%E0%A4%B8%E0%A4%AE%E0%A5%81%E0%A4%9A%E0%A5%8D%E0%A4%9A%E0%A4%AF%E0%A4%83,,
other,amarakoṣaḥ_amaravivekavyākhyāsahitaḥ.xml,Amarakoṣa (Amaravivekavyākhyāsahita),,https://sa.wikisource.org/wiki/%E0%A4%85%E0%A4%AE%E0%A4%B0%E0%A4%95%E0%A5%8B%E0%A4%B7%E0%A4%83_(%E0%A4%85%E0%A4%AE%E0%A4%B0%E0%A4%B5%E0%A4%BF%E0%A4%B5%E0%A5%87%E0%A4%95%E0%A4%B5%E0%A5%8D%E0%A4%AF%E0%A4%BE%E0%A4%96%E0%A5%8D%E0%A4%AF%E0%A4%BE%E0%A4%B8%E0%A4%B9%E0%A4%BF%E0%A4%A4%E0%A4%83),,
other,bismilasya_balidānakathā.xml,Bismilasya Balidānakathā,,https://sa.wikisource.org/wiki/%E0%A4%AC%E0%A4%BF%E0%A4%B8%E0%A5%8D%E0%A4%AE%E0%A4%BF%E0%A4%B2%E0%A4%B8%E0%A5%8D%E0%A4%AF_%E0%A4%AC%E0%A4%B2%E0%A4%BF%E0%A4%A6%E0%A4%BE%E0%A4%A8-%E0%A4%95%E0%A4%A5%E0%A4%BE,,
other,ekārthanāmamālā.xml,Ekārthanāmamālā,,https://sa.wikisource.org/wiki/%E0%A4%8F%E0%A4%95%E0%A4%BE%E0%A4%B0%E0%A5%8D%E0%A4%A5%E0%A4%A8%E0%A4%BE%E0%A4%AE%E0%A4%AE%E0%A4%BE%E0%A4%B2%E0%A4%BE,,
other,pākadarpaṇam.xml,Pākadarpaṇa,,https://sa.wikisource.org/wiki/%E0%A4%AA%E0%A4%BE%E0%A4%95%E0%A4%A6%E0%A4%B0%E0%A5%8D%E0%A4%AA%E0%A4%A3%E0%A4%AE%E0%A5%8D,,
other,samarāṅgaṇasūtradhāra.xml,Samarāṅgaṇasūtradhāra,,https://sa.wikisource.org/wiki/%E0%A4%B8%E0%A4%AE%E0%A4%B0%E0%A4%BE%E0%A4%99%E0%A5%8D%E0%A4%97%E0%A4%A3%E0%A4%B8%E0%A5%82%E0%A4%A4%E0%A5%8D%E0%A4%B0%E0%A4%A7%E0%A4%BE%E0%A4%B0,,
other,saṅgītaratnākaraḥ.xml,Saṅgītaratnākara,,https://sa.wikisource.org/wiki/%E0%A4%B8%E0%A4%99%E0%A5%8D%E0%A4%97%E0%A5%80%E0%A4%A4%E0%A4%B0%E0%A4%A4%E0%A5%8D%E0%A4%A8%E0%A4%BE%E0%A4%95%E0%A4%B0%E0%A4%83,,
other,saṅgītasārasaṃgrahaḥ.xml,Saṅgītasārasaṃgraha,,https://sa.wikisource.org/wiki/%E0%A4%B8%E0%A4%99%E0%A5%8D%E0%A4%97%E0%A5%80%E0%A4%A4%E0%A4%B8%E0%A4%BE%E0%A4%B0%E0%A4%B8%E0%A4%82%E0%A4%97%E0%A5%8D%E0%A4%B0%E0%A4%B9%E0%A4%83,,
purāṇa,bhaviṣyapurāṇa.xml,Bhaviṣyapurāṇa,,https://sa.wikisource.org/wiki/%E0%A4%AD%E0%A4%B5%E0%A4%BF%E0%A4%B7%E0%A5%8D%E0%A4%AF%E0%A4%AA%E0%A5%81%E0%A4%B0%E0%A4%BE%E0%A4%A3%E0%A4%AE%E0%A5%8D,,
purāṇa,brahmavaivartapurāṇa.xml,Brahmavaivarapurāṇa,,https://sa.wikisource.org/wiki/%E0%A4%AC%E0%A5%8D%E0%A4%B0%E0%A4%B9%E0%A5%8D%E0%A4%AE%E0%A4%B5%E0%A5%88%E0%A4%B5%E0%A4%B0%E0%A5%8D%E0%A4%A4%E0%A4%AA%E0%A5%81%E0%A4%B0%E0%A4%BE%E0%A4%A3%E0%A4%AE%E0%A5%8D,,
purāṇa,devībhāgavatapurāṇa.xml,Devībhāgavatapurāṇa,,https://sa.wikisource.org/wiki/%E0%A4%A6%E0%A5%87%E0%A4%B5%E0%A5%80%E0%A4%AD%E0%A4%BE%E0%A4%97%E0%A4%B5%E0%A4%A4%E0%A4%AA%E0%A5%81%E0%A4%B0%E0%A4%BE%E0%A4%A3%E0%A4%AE%E0%A5%8D,,
purāṇa,gargasaṃhitā.xml,Gargasaṃhitā,Gargamuni,https://sa.wikisource.org/wiki/%E0%A4%97%E0%A4%B0%E0%A5%8D%E0%A4%97%E0%A4%B8%E0%A4%82%E0%A4%B9%E0%A4%BF%E0%A4%A4%E0%A4%BE,,
purāṇa,harivaṃśapurāṇa.xml,Harivaṃśapurāṇa,,https://sa.wikisource.org/wiki/%E0%A4%B9%E0%A4%B0%E0%A4%BF%E0%A4%B5%E0%A4%82%E0%A4%B6%E0%A4%AA%E0%A5%81%E0%A4%B0%E0%A4%BE%E0%A4%A3%E0%A4%AE%E0%A5%8D,,
purāṇa,jaiminīyāśvamedhaparva_incomplete.xml,Jaiminīyāśvamedhaparva,,https://sa.wikisource.org/wiki/%E0%A4%9C%E0%A5%88%E0%A4%AE%E0%A4%BF%E0%A4%A8%E0%A5%80%E0%A4%AF%E0%A4%BE%E0%A4%B6%E0%A5%8D%E0%A4%B5%E0%A4%AE%E0%A5%87%E0%A4%A7%E0%A4%AA%E0%A4%B0%E0%A5%8D%E0%A4%B5,,
purāṇa,kalkipurāṇa_incomplete.xml,Kalkipurāṇa,,https://sa.wikisource.org/wiki/%E0%A4%95%E0%A4%B2%E0%A5%8D%E0%A4%95%E0%A4%BF%E0%A4%AA%E0%A5%81%E0%A4%B0%E0%A4%BE%E0%A4%A3%E0%A4%AE%E0%A5%8D,,
purāṇa,kapilapurāṇa.xml,Kapilapurāṇa,,,,
purāṇa,kālikāpurāṇa_incomplete.xml,Kālikāpurāṇa,,https://sa.wikisource.org/wiki/%E0%A4%95%E0%A4%BE%E0%A4%B2%E0%A4%BF%E0%A4%95%E0%A4%BE%E0%A4%AA%E0%A5%81%E0%A4%B0%E0%A4%BE%E0%A4%A3%E0%A4%AE%E0%A5%8D,,
purāṇa,matsyapurāṇa_176-292.xml,Matsyapurāṇa,,https://sa.wikisource.org/wiki/%E0%A4%AE%E0%A4%A4%E0%A5%8D%E0%A4%B8%E0%A5%8D%E0%A4%AF%E0%A4%AA%E0%A5%81%E0%A4%B0%E0%A4%BE%E0%A4%A3%E0%A4%AE%E0%A5%8D,,
purāṇa,nāradapurāṇa_2.44-2.82.xml,Nāradapurāṇam ,,https://sa.wikisource.org/wiki/%E0%A4%A8%E0%A4%BE%E0%A4%B0%E0%A4%A6%E0%A4%AA%E0%A5%81%E0%A4%B0%E0%A4%BE%E0%A4%A3%E0%A4%AE%E0%A5%8D,,
purāṇa,varāhapurāṇa.xml,Varāhapurāṇa,,https://sa.wikisource.org/wiki/%E0%A4%B5%E0%A4%B0%E0%A4%BE%E0%A4%B9%E0%A4%AA%E0%A5%81%E0%A4%B0%E0%A4%BE%E0%A4%A3%E0%A4%AE%E0%A5%8D,,
purāṇa,vāyupurāṇa.xml,Vāyupurāṇa,,https://sa.wikisource.org/wiki/%E0%A4%B5%E0%A4%BE%E0%A4%AF%E0%A5%81%E0%A4%AA%E0%A5%81%E0%A4%B0%E0%A4%BE%E0%A4%A3%E0%A4%AE%E0%A5%8D,,
purāṇa/gaṇeśapurāṇa,gaṇeśapurāṇam_1.xml,Gaṇeśapurāṇa,,https://sa.wikisource.org/wiki/%E0%A4%97%E0%A4%A3%E0%A5%87%E0%A4%B6%E0%A4%AA%E0%A5%81%E0%A4%B0%E0%A4%BE%E0%A4%A3%E0%A4%AE%E0%A5%8D,,
purāṇa/gaṇeśapurāṇa,gaṇeśapurāṇam_2.xml,Gaṇeśapurāṇa,,https://sa.wikisource.org/wiki/%E0%A4%97%E0%A4%A3%E0%A5%87%E0%A4%B6%E0%A4%AA%E0%A5%81%E0%A4%B0%E0%A4%BE%E0%A4%A3%E0%A4%AE%E0%A5%8D,,
purāṇa/lakṣmīnārāyaṇasaṃhitā,lakṣmīnārāyaṇasaṃhitā.xml,lakṣmīnārāyaṇasaṃhitā,,https://sa.wikisource.org/wiki/%E0%A4%B2%E0%A4%95%E0%A5%8D%E0%A4%B7%E0%A5%8D%E0%A4%AE%E0%A5%80%E0%A4%A8%E0%A4%BE%E0%A4%B0%E0%A4%BE%E0%A4%AF%E0%A4%A3%E0%A4%B8%E0%A4%82%E0%A4%B9%E0%A4%BF%E0%A4%A4%E0%A4%BE,,
purāṇa/padmapurāṇa,padmapurāṇa_1.xml,Padmapurāṇa 1,,https://sa.wikisource.org/wiki/%E0%A4%AA%E0%A4%A6%E0%A5%8D%E0%A4%AE%E0%A4%AA%E0%A5%81%E0%A4%B0%E0%A4%BE%E0%A4%A3%E0%A4%AE%E0%A5%8D,,
purāṇa/padmapurāṇa,padmapurāṇa_2.xml,Padmapurāṇa 2,,https://sa.wikisource.org/wiki/%E0%A4%AA%E0%A4%A6%E0%A5%8D%E0%A4%AE%E0%A4%AA%E0%A5%81%E0%A4%B0%E0%A4%BE%E0%A4%A3%E0%A4%AE%E0%A5%8D,,
purāṇa/padmapurāṇa,padmapurāṇa_3.xml,Padmapurāṇa 3,,https://sa.wikisource.org/wiki/%E0%A4%AA%E0%A4%A6%E0%A5%8D%E0%A4%AE%E0%A4%AA%E0%A5%81%E0%A4%B0%E0%A4%BE%E0%A4%A3%E0%A4%AE%E0%A5%8D,,
purāṇa/skandapurāṇa,skandapurāṇa_1.xml,Skandapurāṇa 1,,https://sa.wikisource.org/wiki/%E0%A4%B8%E0%A5%8D%E0%A4%95%E0%A4%A8%E0%A5%8D%E0%A4%A6%E0%A4%AA%E0%A5%81%E0%A4%B0%E0%A4%BE%E0%A4%A3%E0%A4%AE%E0%A5%8D,,
purāṇa/skandapurāṇa,skandapurāṇa_2.xml,Skandapurāṇa 2,,https://sa.wikisource.org/wiki/%E0%A4%B8%E0%A5%8D%E0%A4%95%E0%A4%A8%E0%A5%8D%E0%A4%A6%E0%A4%AA%E0%A5%81%E0%A4%B0%E0%A4%BE%E0%A4%A3%E0%A4%AE%E0%A5%8D,,
purāṇa/skandapurāṇa,skandapurāṇa_3.xml,Skandapurāṇa 3,,https://sa.wikisource.org/wiki/%E0%A4%B8%E0%A5%8D%E0%A4%95%E0%A4%A8%E0%A5%8D%E0%A4%A6%E0%A4%AA%E0%A5%81%E0%A4%B0%E0%A4%BE%E0%A4%A3%E0%A4%AE%E0%A5%8D,,
purāṇa/skandapurāṇa,skandapurāṇa_4.xml,Skandapurāṇa 4,,https://sa.wikisource.org/wiki/%E0%A4%B8%E0%A5%8D%E0%A4%95%E0%A4%A8%E0%A5%8D%E0%A4%A6%E0%A4%AA%E0%A5%81%E0%A4%B0%E0%A4%BE%E0%A4%A3%E0%A4%AE%E0%A5%8D,,
purāṇa/skandapurāṇa,skandapurāṇa_5.xml,Skandapurāṇa 5,,https://sa.wikisource.org/wiki/%E0%A4%B8%E0%A5%8D%E0%A4%95%E0%A4%A8%E0%A5%8D%E0%A4%A6%E0%A4%AA%E0%A5%81%E0%A4%B0%E0%A4%BE%E0%A4%A3%E0%A4%AE%E0%A5%8D,,
purāṇa/skandapurāṇa,skandapurāṇa_6.xml,Skandapurāṇa 6,,https://sa.wikisource.org/wiki/%E0%A4%B8%E0%A5%8D%E0%A4%95%E0%A4%A8%E0%A5%8D%E0%A4%A6%E0%A4%AA%E0%A5%81%E0%A4%B0%E0%A4%BE%E0%A4%A3%E0%A4%AE%E0%A5%8D,,
purāṇa/skandapurāṇa,skandapurāṇa_7.xml,Skandapurāṇa 7,,https://sa.wikisource.org/wiki/%E0%A4%B8%E0%A5%8D%E0%A4%95%E0%A4%A8%E0%A5%8D%E0%A4%A6%E0%A4%AA%E0%A5%81%E0%A4%B0%E0%A4%BE%E0%A4%A3%E0%A4%AE%E0%A5%8D,,
purāṇa/skandapurāṇa,skandapurāṇa_8.xml,Skandapurāṇa 8,,https://sa.wikisource.org/wiki/%E0%A4%B8%E0%A5%8D%E0%A4%95%E0%A4%A8%E0%A5%8D%E0%A4%A6%E0%A4%AA%E0%A5%81%E0%A4%B0%E0%A4%BE%E0%A4%A3%E0%A4%AE%E0%A5%8D,,
purāṇa/viṣṇudharmottarapurāṇa,viṣṇudharmottarapurāṇa_1.xml,Viṣṇudharmottarapurāṇa 1,,https://sa.wikisource.org/wiki/%E0%A4%B5%E0%A4%BF%E0%A4%B7%E0%A5%8D%E0%A4%A3%E0%A5%81%E0%A4%A7%E0%A4%B0%E0%A5%8D%E0%A4%AE%E0%A5%8B%E0%A4%A4%E0%A5%8D%E0%A4%A4%E0%A4%B0%E0%A4%AA%E0%A5%81%E0%A4%B0%E0%A4%BE%E0%A4%A3%E0%A4%AE%E0%A5%8D,,
purāṇa/viṣṇudharmottarapurāṇa,viṣṇudharmottarapurāṇa_2.xml,Viṣṇudharmottarapurāṇa 2,,https://sa.wikisource.org/wiki/%E0%A4%B5%E0%A4%BF%E0%A4%B7%E0%A5%8D%E0%A4%A3%E0%A5%81%E0%A4%A7%E0%A4%B0%E0%A5%8D%E0%A4%AE%E0%A5%8B%E0%A4%A4%E0%A5%8D%E0%A4%A4%E0%A4%B0%E0%A4%AA%E0%A5%81%E0%A4%B0%E0%A4%BE%E0%A4%A3%E0%A4%AE%E0%A5%8D,,
purāṇa/viṣṇudharmottarapurāṇa,viṣṇudharmottarapurāṇa_3.xml,Viṣṇudharmottarapurāṇa 3,,https://sa.wikisource.org/wiki/%E0%A4%B5%E0%A4%BF%E0%A4%B7%E0%A5%8D%E0%A4%A3%E0%A5%81%E0%A4%A7%E0%A4%B0%E0%A5%8D%E0%A4%AE%E0%A5%8B%E0%A4%A4%E0%A5%8D%E0%A4%A4%E0%A4%B0%E0%A4%AA%E0%A5%81%E0%A4%B0%E0%A4%BE%E0%A4%A3%E0%A4%AE%E0%A5%8D,,
smṛti,agniveśyagṛhyasūtram.xml,Agniveśyagṛhyasūtra,,https://sa.wikisource.org/wiki/%E0%A4%86%E0%A4%97%E0%A5%8D%E0%A4%A8%E0%A4%BF%E0%A4%B5%E0%A5%87%E0%A4%B6%E0%A5%8D%E0%A4%AF%E0%A4%97%E0%A5%83%E0%A4%B9%E0%A5%8D%E0%A4%AF%E0%A4%B8%E0%A5%82%E0%A4%A4%E0%A5%8D%E0%A4%B0%E0%A4%AE%E0%A5%8D,,
smṛti,bṛhadyamasmṛti.xml,Bṛhadyamasmṛti,,https://sa.wikisource.org/wiki/%E0%A4%AC%E0%A5%83%E0%A4%B9%E0%A4%A6%E0%A5%8D%E0%A4%AF%E0%A4%AE%E0%A4%B8%E0%A5%8D%E0%A4%AE%E0%A5%83%E0%A4%A4%E0%A4%BF%E0%A4%83,,
smṛti,devalasmṛti.xml,Devalasmṛti,,https://sa.wikisource.org/wiki/%E0%A4%A6%E0%A5%87%E0%A4%B5%E0%A4%B2%E0%A4%B8%E0%A5%8D%E0%A4%AE%E0%A5%83%E0%A4%A4%E0%A4%BF%E0%A4%83,,
smṛti,kaśyapasmṛti.xml,Kaśyapasmṛti,,https://sa.wikisource.org/wiki/%E0%A4%95%E0%A4%B6%E0%A5%8D%E0%A4%AF%E0%A4%AA%E0%A4%B8%E0%A5%8D%E0%A4%AE%E0%A5%83%E0%A4%A4%E0%A4%BF%E0%A4%83,,
smṛti,pulastyasmṛti.xml,Pulastyasmṛti,,https://sa.wikisource.org/wiki/%E0%A4%AA%E0%A5%81%E0%A4%B2%E0%A4%B8%E0%A5%8D%E0%A4%A4%E0%A5%8D%E0%A4%AF%E0%A4%B8%E0%A5%8D%E0%A4%AE%E0%A5%83%E0%A4%A4%E0%A4%BF%E0%A4%83,,
smṛti,viśvāmitrasmṛti.xml,Viśvāmitrasmṛti,,https://sa.wikisource.org/wiki/%E0%A4%B5%E0%A4%BF%E0%A4%B6%E0%A5%8D%E0%A4%B5%E0%A4%BE%E0%A4%AE%E0%A4%BF%E0%A4%A4%E0%A5%8D%E0%A4%B0%E0%A4%B8%E0%A5%8D%E0%A4%AE%E0%A5%83%E0%A4%A4%E0%A4%BF%E0%A4%83,,
sāhitya,a_collection_of_six_dramas_of_vatsaraja.xml,A Collection Of Six Dramas Of Vatsaraja,Vatsarāja,https://sa.wikisource.org/wiki/A_Collection_of_six_Dramas_of_Vatsaraja,,
sāhitya,abhaṅgapadyam.xml,Abhaṅgapadya,,https://sa.wikisource.org/wiki/%E0%A4%B5%E0%A4%B0%E0%A5%8D%E0%A4%97%E0%A4%83:%E0%A4%9C%E0%A5%8D%E0%A4%9E%E0%A4%BE%E0%A4%A8%E0%A5%87%E0%A4%B6%E0%A5%8D%E0%A4%B5%E0%A4%B0%E0%A4%B8%E0%A5%8D%E0%A4%AF_%E0%A4%85%E0%A4%AD%E0%A4%99%E0%A5%8D%E0%A4%97%E0%A4%AA%E0%A4%A6%E0%A5%8D%E0%A4%AF%E0%A4%BE%E0%A4%A8%E0%A4%BF,,
sāhitya,abhilāṣāṣṭakam.xml,Abhilāṣāṣṭaka,,https://sa.wikisource.org/wiki/%E0%A4%85%E0%A4%AD%E0%A4%BF%E0%A4%B2%E0%A4%BE%E0%A4%B7%E0%A4%BE%E0%A4%B7%E0%A5%8D%E0%A4%9F%E0%A4%95%E0%A4%AE%E0%A5%8D,,
sāhitya,abhiṣekanāṭakam.xml,Abhiṣekanāṭaka,Bhāsa,https://sa.wikisource.org/wiki/%E0%A4%85%E0%A4%AD%E0%A4%BF%E0%A4%B7%E0%A5%87%E0%A4%95%E0%A4%A8%E0%A4%BE%E0%A4%9F%E0%A4%95%E0%A4%AE%E0%A5%8D,,
sāhitya,acyutāṣṭakam_śrīdharaveṅkaṭeśakṛtam.xml,Acyutāṣṭaka,Śaṅkarācārya,https://sa.wikisource.org/wiki/%E0%A4%85%E0%A4%9A%E0%A5%8D%E0%A4%AF%E0%A5%81%E0%A4%A4%E0%A4%BE%E0%A4%B7%E0%A5%8D%E0%A4%9F%E0%A4%95%E0%A4%AE%E0%A5%8D,,
sāhitya,acyutāṣṭakam.xml,Acyutāṣṭaka,Śaṅkarācārya,https://sa.wikisource.org/wiki/%E0%A4%85%E0%A4%9A%E0%A5%8D%E0%A4%AF%E0%A5%81%E0%A4%A4%E0%A4%BE%E0%A4%B7%E0%A5%8D%E0%A4%9F%E0%A4%95%E0%A4%AE%E0%A5%8D,,
sāhitya,advaitaśatakam.xml,Advaitaśataka,,https://sa.wikisource.org/wiki/%E0%A4%85%E0%A4%A6%E0%A5%8D%E0%A4%B5%E0%A5%88%E0%A4%A4%E0%A4%B6%E0%A4%A4%E0%A4%95%E0%A4%AE%E0%A5%8D,,
sāhitya,agastyāṣṭakam.xml,Agastyāṣṭaka,,https://sa.wikisource.org/wiki/%E0%A4%85%E0%A4%97%E0%A4%B8%E0%A5%8D%E0%A4%A4%E0%A5%8D%E0%A4%AF%E0%A4%BE%E0%A4%B7%E0%A5%8D%E0%A4%9F%E0%A4%95%E0%A4%AE%E0%A5%8D,,
sāhitya,aghanāśakagāyatrīstotram.xml,Aghanāśakagāyatrīstotra,,https://sa.wikisource.org/wiki/%E0%A4%85%E0%A4%98%E0%A4%A8%E0%A4%BE%E0%A4%B6%E0%A4%95%E0%A4%97%E0%A4%BE%E0%A4%AF%E0%A4%A4%E0%A5%8D%E0%A4%B0%E0%A5%80%E0%A4%B8%E0%A5%8D%E0%A4%A4%E0%A5%8B%E0%A4%A4%E0%A5%8D%E0%A4%B0%E0%A4%AE%E0%A5%8D,,
sāhitya,aghorakaṣṭoddhāraṇastotram.xml,Aghorakaṣṭoddhāraṇastotra,,https://sa.wikisource.org/wiki/%E0%A4%85%E0%A4%98%E0%A5%8B%E0%A4%B0%E0%A4%95%E0%A4%B7%E0%A5%8D%E0%A4%9F%E0%A5%8B%E0%A4%A6%E0%A5%8D%E0%A4%A7%E0%A4%BE%E0%A4%B0%E0%A4%A3%E0%A4%B8%E0%A5%8D%E0%A4%A4%E0%A5%8B%E0%A4%A4%E0%A5%8D%E0%A4%B0%E0%A4%AE%E0%A5%8D,,
sāhitya,ahalyākṛtarāmastotram.xml,Ahalyākṛtarāmastotra,,https://sa.wikisource.org/wiki/%E0%A4%85%E0%A4%B9%E0%A4%B2%E0%A5%8D%E0%A4%AF%E0%A4%BE%E0%A4%95%E0%A5%83%E0%A4%A4%E0%A4%B0%E0%A4%BE%E0%A4%AE%E0%A4%B8%E0%A5%8D%E0%A4%A4%E0%A5%8B%E0%A4%A4%E0%A5%8D%E0%A4%B0%E0%A4%AE%E0%A5%8D,,
sāhitya,alaṅkāramaṇihāraḥ1.xml,Alaṅkāramaṇihāra 1,Śrīkṛṣṇabrahmatantraparakālasaṃyamīndra,https://sa.wikisource.org/wiki/%E0%A4%85%E0%A4%B2%E0%A4%99%E0%A5%8D%E0%A4%95%E0%A4%BE%E0%A4%B0%E0%A4%AE%E0%A4%A3%E0%A4%BF%E0%A4%B9%E0%A4%BE%E0%A4%B0%E0%A4%83_(%E0%A4%AD%E0%A4%BE%E0%A4%97%E0%A4%83_%E0%A5%A7),,
sāhitya,alaṅkāramaṇihāraḥ2.xml,Alaṅkāramaṇihāra 2,Śrīkṛṣṇabrahmatantraparakālasaṃyamīndra,https://sa.wikisource.org/wiki/%E0%A4%85%E0%A4%B2%E0%A4%99%E0%A5%8D%E0%A4%95%E0%A4%BE%E0%A4%B0%E0%A4%AE%E0%A4%A3%E0%A4%BF%E0%A4%B9%E0%A4%BE%E0%A4%B0%E0%A4%83_(%E0%A4%AD%E0%A4%BE%E0%A4%97%E0%A4%83_%E0%A5%A8),,
sāhitya,alaṅkāramaṇihāraḥ3.xml,Alaṅkāramaṇihāra 3,Śrīkṛṣṇabrahmatantraparakālasaṃyamīndra,https://sa.wikisource.org/wiki/%E0%A4%85%E0%A4%B2%E0%A4%99%E0%A5%8D%E0%A4%95%E0%A4%BE%E0%A4%B0%E0%A4%AE%E0%A4%A3%E0%A4%BF%E0%A4%B9%E0%A4%BE%E0%A4%B0%E0%A4%83_(%E0%A4%AD%E0%A4%BE%E0%A4%97%E0%A4%83_%E0%A5%A9),,
sāhitya,alaṅkāramaṇihāraḥ4.xml,Alaṅkāramaṇihāra 4,Śrīkṛṣṇabrahmatantraparakālasaṃyamīndra,https://sa.wikisource.org/wiki/%E0%A4%85%E0%A4%B2%E0%A4%99%E0%A5%8D%E0%A4%95%E0%A4%BE%E0%A4%B0%E0%A4%AE%E0%A4%A3%E0%A4%BF%E0%A4%B9%E0%A4%BE%E0%A4%B0%E0%A4%83_(%E0%A4%AD%E0%A4%BE%E0%A4%97%E0%A4%83_%E0%A5%AA),,
sāhitya,alaṅkārasaṅgrahaḥ.xml,Alaṅkārasaṅgraha,Amṛtānandayogīndra,https://sa.wikisource.org/wiki/%E0%A4%85%E0%A4%B2%E0%A4%99%E0%A5%8D%E0%A4%95%E0%A4%BE%E0%A4%B0%E0%A4%B8%E0%A4%99%E0%A5%8D%E0%A4%97%E0%A5%8D%E0%A4%B0%E0%A4%B9%E0%A4%83,,
sāhitya,amarakaviviracitaikākṣarīkośaḥ.xml,Amarakaviviracitaikākṣarīkośa,,https://sa.wikisource.org/wiki/%E0%A4%85%E0%A4%AE%E0%A4%B0%E0%A4%95%E0%A4%B5%E0%A4%BF%E0%A4%B5%E0%A4%BF%E0%A4%B0%E0%A4%9A%E0%A4%BF%E0%A4%A4_%E0%A4%8F%E0%A4%95%E0%A4%BE%E0%A4%95%E0%A5%8D%E0%A4%B7%E0%A4%B0%E0%A5%80-%E0%A4%95%E0%A5%8B%E0%A4%B6%E0%A4%83,,
sāhitya,ambāstotram_svāmī_vivekānanda.xml,Ambāstotra,Svāmī Vivekānanda,https://sa.wikisource.org/wiki/%E0%A4%85%E0%A4%AE%E0%A5%8D%E0%A4%AC%E0%A4%BE%E0%A4%B8%E0%A5%8D%E0%A4%A4%E0%A5%8B%E0%A4%A4%E0%A5%8D%E0%A4%B0%E0%A4%AE%E0%A5%8D_-_%E0%A4%B8%E0%A5%8D%E0%A4%B5%E0%A4%BE%E0%A4%AE%E0%A5%80_%E0%A4%B5%E0%A4%BF%E0%A4%B5%E0%A5%87%E0%A4%95%E0%A4%BE%E0%A4%A8%E0%A4%A8%E0%A5%8D%E0%A4%A6,,
sāhitya,amoghaśivakavacam.xml,Amoghaśivakavaca,,https://sa.wikisource.org/wiki/%E0%A4%85%E0%A4%AE%E0%A5%8B%E0%A4%98%E0%A4%B6%E0%A4%BF%E0%A4%B5%E0%A4%95%E0%A4%B5%E0%A4%9A%E0%A4%AE%E0%A5%8D,,
sāhitya,anasūyāstotram.xml,Anasūyāstotra,Śrīvāsudevānandasarasvatī,https://sa.wikisource.org/wiki/%E0%A4%85%E0%A4%A8%E0%A4%B8%E0%A5%82%E0%A4%AF%E0%A4%BE%E0%A4%B8%E0%A5%8D%E0%A4%A4%E0%A5%8B%E0%A4%A4%E0%A5%8D%E0%A4%B0%E0%A4%AE%E0%A5%8D,,
sāhitya,annapūrṇāstotram.xml,Annapūrṇāstotra,,https://sa.wikisource.org/wiki/%E0%A4%85%E0%A4%A8%E0%A5%8D%E0%A4%A8%E0%A4%AA%E0%A5%82%E0%A4%B0%E0%A5%8D%E0%A4%A3%E0%A4%BE%E0%A4%B8%E0%A5%8D%E0%A4%A4%E0%A5%8B%E0%A4%A4%E0%A5%8D%E0%A4%B0%E0%A4%AE%E0%A5%8D,,
sāhitya,aparādhakṣamāpanastotra.xml,Aparādhakṣamāpanastotra,Vāsudevānandasarasvatī,https://sa.wikisource.org/wiki/%E0%A4%85%E0%A4%AA%E0%A4%B0%E0%A4%BE%E0%A4%A7%E0%A4%95%E0%A5%8D%E0%A4%B7%E0%A4%AE%E0%A4%BE%E0%A4%AA%E0%A4%A8%E0%A4%B8%E0%A5%8D%E0%A4%A4%E0%A5%8B%E0%A4%A4%E0%A5%8D%E0%A4%B0%E0%A4%AE%E0%A5%8D,,
sāhitya,aparādhakṣamāpaṇastotram.xml,Aparādhakṣamāpaṇastotra,,https://sa.wikisource.org/wiki/%E0%A4%85%E0%A4%AA%E0%A4%B0%E0%A4%BE%E0%A4%A7%E0%A4%95%E0%A5%8D%E0%A4%B7%E0%A4%AE%E0%A4%BE%E0%A4%AA%E0%A4%A3%E0%A4%B8%E0%A5%8D%E0%A4%A4%E0%A5%8B%E0%A4%A4%E0%A5%8D%E0%A4%B0%E0%A4%AE%E0%A5%8D,,
sāhitya,aparājitāstotram.xml,Aparājitāstotra,,https://sa.wikisource.org/wiki/%E0%A4%85%E0%A4%AA%E0%A4%B0%E0%A4%BE%E0%A4%9C%E0%A4%BF%E0%A4%A4%E0%A4%BE%E0%A4%B8%E0%A5%8D%E0%A4%A4%E0%A5%8B%E0%A4%A4%E0%A5%8D%E0%A4%B0%E0%A4%AE%E0%A5%8D,,
sāhitya,ardhanārīnaṭeśvarastotram.xml,Ardhanārīnaṭeśvarastotra,,https://sa.wikisource.org/wiki/%E0%A4%85%E0%A4%B0%E0%A5%8D%E0%A4%A7%E0%A4%A8%E0%A4%BE%E0%A4%B0%E0%A5%80_%E0%A4%A8%E0%A4%9F%E0%A5%87%E0%A4%B6%E0%A5%8D%E0%A4%B5%E0%A4%B0_%E0%A4%B8%E0%A5%8D%E0%A4%A4%E0%A5%8B%E0%A4%A4%E0%A5%8D%E0%A4%B0%E0%A4%AE,,
sāhitya,ardhanārīśvarastotra.xml,Ardhanārīśvarastotra,Śaṅkara,https://sa.wikisource.org/wiki/%E0%A4%85%E0%A4%B0%E0%A5%8D%E0%A4%A7%E0%A4%A8%E0%A4%BE%E0%A4%B0%E0%A5%80%E0%A4%B6%E0%A5%8D%E0%A4%B5%E0%A4%B0%E0%A4%B8%E0%A5%8D%E0%A4%A4%E0%A5%8B%E0%A4%A4%E0%A5%8D%E0%A4%B0%E0%A4%AE%E0%A5%8D,,
sāhitya,ardhanārīśvarastotram_bṛhatstotraratnākarāntargatam.xml,Ardhanārīśvarastotra (Bṛhatstotraratnākarāntargata),Śaṅkarācārya,https://sa.wikisource.org/wiki/%E0%A4%85%E0%A4%B0%E0%A5%8D%E0%A4%A7%E0%A4%A8%E0%A4%BE%E0%A4%B0%E0%A5%80%E0%A4%B6%E0%A5%8D%E0%A4%B5%E0%A4%B0%E0%A4%B8%E0%A5%8D%E0%A4%A4%E0%A5%8B%E0%A4%A4%E0%A5%8D%E0%A4%B0%E0%A4%AE%E0%A5%8D_(%E0%A4%AC%E0%A5%83%E0%A4%B9%E0%A4%A4%E0%A5%8D%E0%A4%B8%E0%A5%8D%E0%A4%A4%E0%A5%8B%E0%A4%A4%E0%A5%8D%E0%A4%B0%E0%A4%B0%E0%A4%A4%E0%A5%8D%E0%A4%A8%E0%A4%BE%E0%A4%95%E0%A4%B0%E0%A4%BE%E0%A4%A8%E0%A5%8D%E0%A4%A4%E0%A4%B0%E0%A5%8D%E0%A4%97%E0%A4%A4%E0%A4%AE%E0%A5%8D),,
sāhitya,ardhanārīśvarāṣṭaka.xml,Ardhanārīśvarāṣṭaka,,https://sa.wikisource.org/wiki/%E0%A4%85%E0%A4%B0%E0%A5%8D%E0%A4%A7%E0%A4%A8%E0%A4%BE%E0%A4%B0%E0%A5%80%E0%A4%B6%E0%A5%8D%E0%A4%B5%E0%A4%B0%E0%A4%BE%E0%A4%B7%E0%A5%8D%E0%A4%9F%E0%A4%95%E0%A4%AE%E0%A5%8D,,
sāhitya,ardhanārīśvarāṣṭottaraśatanāmastotram.xml,Ardhanārīśvarāṣṭottaraśatanāmastotra,,https://sa.wikisource.org/wiki/%E0%A4%85%E0%A4%B0%E0%A5%8D%E0%A4%A7%E0%A4%A8%E0%A4%BE%E0%A4%B0%E0%A5%80%E0%A4%B6%E0%A5%8D%E0%A4%B5%E0%A4%B0%E0%A4%BE%E0%A4%B7%E0%A5%8D%E0%A4%9F%E0%A5%8B%E0%A4%A4%E0%A5%8D%E0%A4%A4%E0%A4%B0%E0%A4%B6%E0%A4%A4%E0%A4%A8%E0%A4%BE%E0%A4%AE%E0%A4%B8%E0%A5%8D%E0%A4%A4%E0%A5%8B%E0%A4%A4%E0%A5%8D%E0%A4%B0%E0%A4%AE%E0%A5%8D,,
sāhitya,argalāstotram.xml,Argalāstotra,,https://sa.wikisource.org/wiki/%E0%A4%85%E0%A4%B0%E0%A5%8D%E0%A4%97%E0%A4%B2%E0%A4%BE%E0%A4%B8%E0%A5%8D%E0%A4%A4%E0%A5%8B%E0%A4%A4%E0%A5%8D%E0%A4%B0%E0%A4%AE%E0%A5%8D,,
sāhitya,asādhāraṇavyavahāramātṛkāprakaraṇam.xml,Asādhāraṇavyavahāramātṛkāprakaraṇa,,https://sa.wikisource.org/wiki/%E0%A4%85%E0%A4%B8%E0%A4%BE%E0%A4%A7%E0%A4%BE%E0%A4%B0%E0%A4%A3%E0%A4%B5%E0%A5%8D%E0%A4%AF%E0%A4%B5%E0%A4%B9%E0%A4%BE%E0%A4%B0%E0%A4%AE%E0%A4%BE%E0%A4%A4%E0%A5%83%E0%A4%95%E0%A4%BE%E0%A4%AA%E0%A5%8D%E0%A4%B0%E0%A4%95%E0%A4%B0%E0%A4%A3%E0%A4%AE%E0%A5%8D,,
sāhitya,aucityavicāracarcā.xml,Aucityavicāracarcā,Kṣemendra,https://sa.wikisource.org/wiki/%E0%A4%94%E0%A4%9A%E0%A4%BF%E0%A4%A4%E0%A5%8D%E0%A4%AF%E0%A4%B5%E0%A4%BF%E0%A4%9A%E0%A4%BE%E0%A4%B0%E0%A4%9A%E0%A4%B0%E0%A5%8D%E0%A4%9A%E0%A4%BE,,
sāhitya,avadhūtagītā.xml,Avadhūtagītā,,https://sa.wikisource.org/wiki/%E0%A4%85%E0%A4%B5%E0%A4%A7%E0%A5%82%E0%A4%A4%E0%A4%97%E0%A5%80%E0%A4%A4%E0%A4%BE,,
sāhitya,avadhūtāṣṭakam.xml,Avadhūtāṣṭaka,,https://sa.wikisource.org/wiki/%E0%A4%85%E0%A4%B5%E0%A4%A7%E0%A5%82%E0%A4%A4%E0%A4%BE%E0%A4%B7%E0%A5%8D%E0%A4%9F%E0%A4%95%E0%A4%AE%E0%A5%8D,,
sāhitya,avimārakam.xml,Avimāraka,Bhāsa,https://sa.wikisource.org/wiki/%E0%A4%85%E0%A4%B5%E0%A4%BF%E0%A4%AE%E0%A4%BE%E0%A4%B0%E0%A4%95%E0%A4%AE%E0%A5%8D,,
sāhitya,añjanaśailanāthastotram.xml,Añjanaśailanāthastotra,,https://sa.wikisource.org/wiki/%E0%A4%85%E0%A4%9E%E0%A5%8D%E0%A4%9C%E0%A4%A8%E0%A4%B6%E0%A5%88%E0%A4%B2%E0%A4%A8%E0%A4%BE%E0%A4%A5%E0%A4%B8%E0%A5%8D%E0%A4%A4%E0%A5%8B%E0%A4%A4%E0%A5%8D%E0%A4%B0%E0%A4%AE%E0%A5%8D,,
sāhitya,aśvatthastotram.xml,Aśvatthastotra,,https://sa.wikisource.org/wiki/%E0%A4%85%E0%A4%B6%E0%A5%8D%E0%A4%B5%E0%A4%A4%E0%A5%8D%E0%A4%A5%E0%A4%B8%E0%A5%8D%E0%A4%A4%E0%A5%8B%E0%A4%A4%E0%A5%8D%E0%A4%B0%E0%A4%AE%E0%A5%8D,,
sāhitya,aṅgārakastotram.xml,Aṅgārakastotra,,https://sa.wikisource.org/wiki/%E0%A4%85%E0%A4%99%E0%A5%8D%E0%A4%97%E0%A4%BE%E0%A4%B0%E0%A4%95%E0%A4%B8%E0%A5%8D%E0%A4%A4%E0%A5%8B%E0%A4%A4%E0%A5%8D%E0%A4%B0%E0%A4%AE%E0%A5%8D,,
sāhitya,aṅgārakāṣṭottaraśatanāmāvali.xml,Aṅgārakāṣṭottaraśatanāmāvali,,https://sa.wikisource.org/wiki/%E0%A4%85%E0%A4%99%E0%A5%8D%E0%A4%97%E0%A4%BE%E0%A4%B0%E0%A4%95%E0%A4%BE%E0%A4%B7%E0%A5%8D%E0%A4%9F%E0%A5%8B%E0%A4%A4%E0%A5%8D%E0%A4%A4%E0%A4%B0%E0%A4%B6%E0%A4%A4%E0%A4%A8%E0%A4%BE%E0%A4%AE%E0%A4%BE%E0%A4%B5%E0%A4%B2%E0%A4%BF%E0%A4%83,,
sāhitya,aṣṭalakṣmīstotram.xml,Aṣṭalakṣmīstotra,,https://sa.wikisource.org/wiki/%E0%A4%85%E0%A4%B7%E0%A5%8D%E0%A4%9F%E0%A4%B2%E0%A4%95%E0%A5%8D%E0%A4%B7%E0%A5%8D%E0%A4%AE%E0%A5%80_%E0%A4%B8%E0%A5%8D%E0%A4%A4%E0%A5%8B%E0%A4%A4%E0%A5%8D%E0%A4%B0%E0%A4%AE%E0%A5%8D,,
sāhitya,aṣṭamūrtyaṣṭakam.xml,Aṣṭamūrtyaṣṭaka,Śukrācārya,https://sa.wikisource.org/wiki/%E0%A4%85%E0%A4%B7%E0%A5%8D%E0%A4%9F%E0%A4%AE%E0%A5%82%E0%A4%B0%E0%A5%8D%E0%A4%A4%E0%A5%8D%E0%A4%AF%E0%A4%B7%E0%A5%8D%E0%A4%9F%E0%A4%95%E0%A4%AE%E0%A5%8D,,
sāhitya,aṣṭādaśaśaktipīṭhastotram.xml,Aṣṭādaśaśaktipīṭhastotra,,https://sa.wikisource.org/wiki/%E0%A4%85%E0%A4%B7%E0%A5%8D%E0%A4%9F%E0%A4%BE%E0%A4%A6%E0%A4%B6%E0%A4%B6%E0%A4%95%E0%A5%8D%E0%A4%A4%E0%A4%BF%E0%A4%AA%E0%A5%80%E0%A4%A0%E0%A4%B8%E0%A5%8D%E0%A4%A4%E0%A5%8B%E0%A4%A4%E0%A5%8D%E0%A4%B0%E0%A4%AE%E0%A5%8D,,
sāhitya,aṣṭāvakragītā.xml,Aṣṭāvakragītā,,https://sa.wikisource.org/wiki/%E0%A4%85%E0%A4%B7%E0%A5%8D%E0%A4%9F%E0%A4%BE%E0%A4%B5%E0%A4%95%E0%A5%8D%E0%A4%B0%E0%A4%97%E0%A5%80%E0%A4%A4%E0%A4%BE,,
sāhitya,aṭṭālasundarāṣṭakam.xml,Aṭṭālasundarāṣṭaka,,https://sa.wikisource.org/wiki/%E0%A4%85%E0%A4%9F%E0%A5%8D%E0%A4%9F%E0%A4%BE%E0%A4%B2%E0%A4%B8%E0%A5%81%E0%A4%A8%E0%A5%8D%E0%A4%A6%E0%A4%B0%E0%A4%BE%E0%A4%B7%E0%A5%8D%E0%A4%9F%E0%A4%95%E0%A4%AE%E0%A5%8D,,
sāhitya,bhajagovindam.xml,Bhajagovinda,Śaṅkarācārya,https://sa.wikisource.org/wiki/%E0%A4%AD%E0%A4%9C%E0%A4%97%E0%A5%8B%E0%A4%B5%E0%A4%BF%E0%A4%A8%E0%A5%8D%E0%A4%A6%E0%A4%AE%E0%A5%8D,,
sāhitya,bharatakavacam.xml,Bharatakavaca,,https://sa.wikisource.org/wiki/%E0%A4%AD%E0%A4%B0%E0%A4%A4%E0%A4%95%E0%A4%B5%E0%A4%9A%E0%A4%AE%E0%A5%8D,,
sāhitya,bhartṛhariśatakatrayī.xml,Bhartṛhariśatakatrayī,Bhartṛhari,https://sa.wikisource.org/wiki/%E0%A4%AD%E0%A4%B0%E0%A5%8D%E0%A4%A4%E0%A5%83%E0%A4%B9%E0%A4%B0%E0%A4%BF%E0%A4%B6%E0%A4%A4%E0%A4%95%E0%A4%A4%E0%A5%8D%E0%A4%B0%E0%A4%AF%E0%A5%80,,
sāhitya,bhavānyaṣṭakam.xml,Bhavānyaṣṭaka,Śrīśaṃkarācārya,https://sa.wikisource.org/wiki/%E0%A4%AD%E0%A4%B5%E0%A4%BE%E0%A4%A8%E0%A5%8D%E0%A4%AF%E0%A4%B7%E0%A5%8D%E0%A4%9F%E0%A4%95%E0%A4%AE%E0%A5%8D,,
sāhitya,bhojaprabandhaḥ.xml,Bhojaprabandha,Ballāla,https://sa.wikisource.org/wiki/%E0%A4%AD%E0%A5%8B%E0%A4%9C%E0%A4%AA%E0%A5%8D%E0%A4%B0%E0%A4%AC%E0%A4%A8%E0%A5%8D%E0%A4%A7%E0%A4%83,,
sāhitya,bhāvanāsārasaṅgraha.xml,Bhāvanāsārasaṅgraha,,https://sa.wikisource.org/wiki/%E0%A4%AD%E0%A4%BE%E0%A4%B5%E0%A4%A8%E0%A4%BE%E0%A4%B8%E0%A4%BE%E0%A4%B0%E0%A4%B8%E0%A4%99%E0%A5%8D%E0%A4%97%E0%A5%8D%E0%A4%B0%E0%A4%B9,,
sāhitya,bhāvaprakāśaḥ_śāradātanayaḥ.xml,Bhāvaprakāśa,Śāradātanaya,https://sa.wikisource.org/wiki/%E0%A4%AD%E0%A4%BE%E0%A4%B5%E0%A4%AA%E0%A5%8D%E0%A4%B0%E0%A4%95%E0%A4%BE%E0%A4%B6%E0%A4%83,,
sāhitya,bhūmivandanam.xml,Bhūmivandana,,https://sa.wikisource.org/wiki/%E0%A4%AD%E0%A5%82%E0%A4%AE%E0%A4%BF%E0%A4%B5%E0%A4%A8%E0%A5%8D%E0%A4%A6%E0%A4%A8%E0%A4%AE%E0%A5%8D,,
sāhitya,bhṛgusaṃhitā.xml,Bhṛgusaṃhitā,,https://sa.wikisource.org/wiki/%E0%A4%AD%E0%A5%83%E0%A4%97%E0%A5%81%E0%A4%B8%E0%A4%82%E0%A4%B9%E0%A4%BF%E0%A4%A4%E0%A4%BE,n,gretil_sa/sa_bhRgusaMhitA.xml
sāhitya,bilvāṣṭakam.xml,Bilvāṣṭaka,,https://sa.wikisource.org/wiki/%E0%A4%AC%E0%A4%BF%E0%A4%B2%E0%A5%8D%E0%A4%B5%E0%A4%BE%E0%A4%B7%E0%A5%8D%E0%A4%9F%E0%A4%95%E0%A4%AE%E0%A5%8D,,
sāhitya,bodhyagīta_incomplete.xml,Bodhyagīta,,https://sa.wikisource.org/wiki/%E0%A4%AC%E0%A5%8B%E0%A4%A7%E0%A5%8D%E0%A4%AF%E0%A4%97%E0%A5%80%E0%A4%A4%E0%A4%BE,,
sāhitya,brahmadevakṛtarāmastutiḥ.xml,Brahmadevakṛtarāmastuti,,https://sa.wikisource.org/wiki/%E0%A4%AC%E0%A5%8D%E0%A4%B0%E0%A4%B9%E0%A5%8D%E0%A4%AE%E0%A4%A6%E0%A5%87%E0%A4%B5%E0%A4%95%E0%A5%83%E0%A4%A4%E0%A4%B0%E0%A4%BE%E0%A4%AE%E0%A4%B8%E0%A5%8D%E0%A4%A4%E0%A5%81%E0%A4%A4%E0%A4%BF%E0%A4%83,,
sāhitya,brahmagītā_incomplete.xml,Brahmagītā,,https://sa.wikisource.org/wiki/%E0%A4%AC%E0%A5%8D%E0%A4%B0%E0%A4%B9%E0%A5%8D%E0%A4%AE%E0%A4%97%E0%A5%80%E0%A4%A4%E0%A4%BE,,
sāhitya,brahmajñānāvalī.xml,Brahmajñānāvalī,,https://sa.wikisource.org/wiki/%E0%A4%AC%E0%A5%8D%E0%A4%B0%E0%A4%B9%E0%A5%8D%E0%A4%AE%E0%A4%9C%E0%A5%8D%E0%A4%9E%E0%A4%BE%E0%A4%A8%E0%A4%BE%E0%A4%B5%E0%A4%B2%E0%A5%80,,
sāhitya,brahmānucintanam.xml,Brahmānucintana,,https://sa.wikisource.org/wiki/%E0%A4%AC%E0%A5%8D%E0%A4%B0%E0%A4%B9%E0%A5%8D%E0%A4%AE%E0%A4%BE%E0%A4%A8%E0%A5%81%E0%A4%9A%E0%A4%BF%E0%A4%A8%E0%A5%8D%E0%A4%A4%E0%A4%A8%E0%A4%AE%E0%A5%8D,,
sāhitya,brāhmaṇagītā.xml,Brāhmaṇagītā,,https://sa.wikisource.org/wiki/%E0%A4%AC%E0%A5%8D%E0%A4%B0%E0%A4%BE%E0%A4%B9%E0%A5%8D%E0%A4%AE%E0%A4%A3%E0%A4%97%E0%A5%80%E0%A4%A4%E0%A4%BE,,
sāhitya,bālacaritam.xml,Bālacarita,Bhāsa,https://sa.wikisource.org/wiki/%E0%A4%AC%E0%A4%BE%E0%A4%B2%E0%A4%9A%E0%A4%B0%E0%A4%BF%E0%A4%A4%E0%A4%AE%E0%A5%8D,,
sāhitya,bālamukundāṣṭakam.xml,Bālamukundāṣṭaka,Śrī-bilvamaṃgala Ṭhākura,https://sa.wikisource.org/wiki/%E0%A4%AC%E0%A4%BE%E0%A4%B2%E0%A4%AE%E0%A5%81%E0%A4%95%E0%A5%81%E0%A4%A8%E0%A5%8D%E0%A4%A6%E0%A4%BE%E0%A4%B7%E0%A5%8D%E0%A4%9F%E0%A4%95%E0%A4%AE%E0%A5%8D,,
sāhitya,campakāṣṭakam.xml,Campakāṣṭaka,Kambham-cokkaṇṇa,https://sa.wikisource.org/wiki/%E0%A4%9A%E0%A4%AE%E0%A5%8D%E0%A4%AA%E0%A4%95%E0%A4%BE%E0%A4%B7%E0%A5%8D%E0%A4%9F%E0%A4%95%E0%A4%AE%E0%A5%8D,,
sāhitya,campūbhāratam.xml,Campūbhārata,Śrīmadantakavi,https://sa.wikisource.org/wiki/%E0%A4%9A%E0%A4%AE%E0%A5%8D%E0%A4%AA%E0%A5%82%E0%A4%AD%E0%A4%BE%E0%A4%B0%E0%A4%A4%E0%A4%AE%E0%A5%8D,,
sāhitya,campūrāmāyaṇam.xml,Campūrāmāyaṇa,Śrībhojarāja,https://sa.wikisource.org/wiki/%E0%A4%9A%E0%A4%AE%E0%A5%8D%E0%A4%AA%E0%A5%82%E0%A4%B0%E0%A4%BE%E0%A4%AE%E0%A4%BE%E0%A4%AF%E0%A4%A3%E0%A4%AE%E0%A5%8D,,
sāhitya,candramaulīśvarabhujaṅgastotram.xml,Candramaulīśvarabhujaṅgastotra,,https://sa.wikisource.org/wiki/%E0%A4%9A%E0%A4%A8%E0%A5%8D%E0%A4%A6%E0%A5%8D%E0%A4%B0%E0%A4%AE%E0%A5%8C%E0%A4%B3%E0%A5%80%E0%A4%B6%E0%A5%8D%E0%A4%B5%E0%A4%B0%E0%A4%AD%E0%A5%81%E0%A4%9C%E0%A4%99%E0%A5%8D%E0%A4%97%E0%A4%B8%E0%A5%8D%E0%A4%A4%E0%A5%8B%E0%A4%A4%E0%A5%8D%E0%A4%B0%E0%A4%AE%E0%A5%8D,,
sāhitya,caturviṃśatināmapratipādakacūrṇikā.xml,Caturviṃśatināmapratipādakacūrṇikā,,https://sa.wikisource.org/wiki/%E0%A4%9A%E0%A4%A4%E0%A5%81%E0%A4%B0%E0%A5%8D%E0%A4%B5%E0%A4%BF%E0%A4%82%E0%A4%B6%E0%A4%A4%E0%A4%BF%E0%A4%A8%E0%A4%BE%E0%A4%AE%E0%A4%AA%E0%A5%8D%E0%A4%B0%E0%A4%A4%E0%A4%BF%E0%A4%AA%E0%A4%BE%E0%A4%A6%E0%A4%95%E0%A4%9A%E0%A5%82%E0%A4%B0%E0%A5%8D%E0%A4%A3%E0%A4%BF%E0%A4%95%E0%A4%BE,,
sāhitya,caṇḍikāṣṭakam.xml,Caṇḍikāṣṭaka,,https://sa.wikisource.org/wiki/%E0%A4%9A%E0%A4%A3%E0%A5%8D%E0%A4%A1%E0%A4%BF%E0%A4%95%E0%A4%BE%E0%A4%B7%E0%A5%8D%E0%A4%9F%E0%A4%95%E0%A4%AE%E0%A5%8D,,
sāhitya,caṇḍīkavacam.xml,Caṇḍīkavaca,,https://sa.wikisource.org/wiki/%E0%A4%9A%E0%A4%A3%E0%A5%8D%E0%A4%A1%E0%A5%80%E0%A4%95%E0%A4%B5%E0%A4%9A%E0%A4%AE%E0%A5%8D,,
sāhitya,caṇḍīpāṭha.xml,Caṇḍīpāṭha,,https://sa.wikisource.org/wiki/%E0%A4%9A%E0%A4%A3%E0%A5%8D%E0%A4%A1%E0%A5%80%E0%A4%AA%E0%A4%BE%E0%A4%A0%E0%A4%83,,
sāhitya,chinnamastāsahasranāmastotram.xml,Chinnamastāsahasranāmastotra,,https://sa.wikisource.org/wiki/%E0%A4%9B%E0%A4%BF%E0%A4%A8%E0%A5%8D%E0%A4%A8%E0%A4%AE%E0%A4%B8%E0%A5%8D%E0%A4%A4%E0%A4%BE%E0%A4%B8%E0%A4%B9%E0%A4%B8%E0%A5%8D%E0%A4%B0%E0%A4%A8%E0%A4%BE%E0%A4%AE%E0%A4%B8%E0%A5%8D%E0%A4%A4%E0%A5%8B%E0%A4%A4%E0%A5%8D%E0%A4%B0%E0%A4%AE%E0%A5%8D,,
sāhitya,cidambaraṃ_śrīnaṭarājastutī.xml,Cidambara Śrīnaṭarājastutī,,https://sa.wikisource.org/wiki/%E0%A4%9A%E0%A4%BF%E0%A4%A6%E0%A4%AE%E0%A5%8D%E0%A4%AC%E0%A4%B0%E0%A4%82_%E0%A4%B6%E0%A5%8D%E0%A4%B0%E0%A5%80%E0%A4%A8%E0%A4%9F%E0%A4%B0%E0%A4%BE%E0%A4%9C%E0%A4%B8%E0%A5%8D%E0%A4%A4%E0%A5%81%E0%A4%A4%E0%A5%80,,
sāhitya,citramīmāṃsā.xml,Citramīmāṃsā,,https://sa.wikisource.org/wiki/%E0%A4%9A%E0%A4%BF%E0%A4%A4%E0%A5%8D%E0%A4%B0%E0%A4%AE%E0%A5%80%E0%A4%AE%E0%A4%BE%E0%A4%82%E0%A4%B8%E0%A4%BE,,
sāhitya,cārudattam.xml,Cārudatta,Bhāsa,https://sa.wikisource.org/wiki/%E0%A4%9A%E0%A4%BE%E0%A4%B0%E0%A5%81%E0%A4%A6%E0%A4%A4%E0%A5%8D%E0%A4%A4%E0%A4%AE%E0%A5%8D,,
sāhitya,cāṇakyanītidarpaṇaḥ.xml,Cāṇakyanītidarpaṇa,,https://sa.wikisource.org/wiki/%E0%A4%9A%E0%A4%BE%E0%A4%A3%E0%A4%95%E0%A5%8D%E0%A4%AF%E0%A4%A8%E0%A5%80%E0%A4%A4%E0%A4%BF%E0%A4%A6%E0%A4%B0%E0%A5%8D%E0%A4%AA%E0%A4%A3%E0%A4%83,,
sāhitya,cāṇakyanītiḥ.xml,Cāṇakyanīti,,https://sa.wikisource.org/wiki/%E0%A4%9A%E0%A4%BE%E0%A4%A3%E0%A4%95%E0%A5%8D%E0%A4%AF%E0%A4%A8%E0%A5%80%E0%A4%A4%E0%A4%BF%E0%A4%83,,
sāhitya,dakārādidattasahasranāmastotram.xml,Dakārādidattasahasranāmastotra,Madvāsudevānandasarasvatī,https://sa.wikisource.org/wiki/%E0%A4%A6%E0%A4%95%E0%A4%BE%E0%A4%B0%E0%A4%BE%E0%A4%A6%E0%A4%BF%E0%A4%A6%E0%A4%A4%E0%A5%8D%E0%A4%A4%E0%A4%B8%E0%A4%B9%E0%A4%B8%E0%A5%8D%E0%A4%B0%E0%A4%A8%E0%A4%BE%E0%A4%AE%E0%A4%B8%E0%A5%8D%E0%A4%A4%E0%A5%8B%E0%A4%A4%E0%A5%8D%E0%A4%B0%E0%A4%AE%E0%A5%8D,,
sāhitya,dakṣiṇāmūrticaturviṃśativarṇamālāstotram.xml,Dakṣiṇāmūrticaturviṃśativarṇamālāstotra,Śaṅkarācārya,https://sa.wikisource.org/wiki/%E0%A4%A6%E0%A4%95%E0%A5%8D%E0%A4%B7%E0%A4%BF%E0%A4%A3%E0%A4%BE%E0%A4%AE%E0%A5%82%E0%A4%B0%E0%A5%8D%E0%A4%A4%E0%A4%BF%E0%A4%9A%E0%A4%A4%E0%A5%81%E0%A4%B0%E0%A5%8D%E0%A4%B5%E0%A4%BF%E0%A4%82%E0%A4%B6%E0%A4%A4%E0%A4%BF%E0%A4%B5%E0%A4%B0%E0%A5%8D%E0%A4%A3%E0%A4%AE%E0%A4%BE%E0%A4%B2%E0%A4%BE%E0%A4%B8%E0%A5%8D%E0%A4%A4%E0%A5%8B%E0%A4%A4%E0%A5%8D%E0%A4%B0%E0%A4%AE%E0%A5%8D,,
sāhitya,dakṣiṇāmūrtimānasikapūjāstotram.xml,Dakṣiṇāmūrtimānasikapūjāstotra,Vijñānendra,https://sa.wikisource.org/wiki/%E0%A4%A6%E0%A4%95%E0%A5%8D%E0%A4%B7%E0%A4%BF%E0%A4%A3%E0%A4%BE%E0%A4%AE%E0%A5%82%E0%A4%B0%E0%A5%8D%E0%A4%A4%E0%A4%BF%E0%A4%AE%E0%A4%BE%E0%A4%A8%E0%A4%B8%E0%A4%BF%E0%A4%95%E0%A4%AA%E0%A5%82%E0%A4%9C%E0%A4%BE%E0%A4%B8%E0%A5%8D%E0%A4%A4%E0%A5%8B%E0%A4%A4%E0%A5%8D%E0%A4%B0%E0%A4%AE%E0%A5%8D,,
sāhitya,dakṣiṇāmūrtinavaratnamālikāstotram.xml,Dakṣiṇāmūrtinavaratnamālikāstotra,,https://sa.wikisource.org/wiki/%E0%A4%A6%E0%A4%95%E0%A5%8D%E0%A4%B7%E0%A4%BF%E0%A4%A3%E0%A4%BE%E0%A4%AE%E0%A5%82%E0%A4%B0%E0%A5%8D%E0%A4%A4%E0%A4%BF%E0%A4%A8%E0%A4%B5%E0%A4%B0%E0%A4%A4%E0%A5%8D%E0%A4%A8%E0%A4%AE%E0%A4%BE%E0%A4%B2%E0%A4%BF%E0%A4%95%E0%A4%BE%E0%A4%B8%E0%A5%8D%E0%A4%A4%E0%A5%8B%E0%A4%A4%E0%A5%8D%E0%A4%B0%E0%A4%AE%E0%A5%8D,,
sāhitya,dakṣiṇāmūrtinavaratnamālāstotram.xml,Dakṣiṇāmūrtinavaratnamālāstotra,,https://sa.wikisource.org/wiki/%E0%A4%A6%E0%A4%95%E0%A5%8D%E0%A4%B7%E0%A4%BF%E0%A4%A3%E0%A4%BE%E0%A4%AE%E0%A5%82%E0%A4%B0%E0%A5%8D%E0%A4%A4%E0%A4%BF%E0%A4%A8%E0%A4%B5%E0%A4%B0%E0%A4%A4%E0%A5%8D%E0%A4%A8%E0%A4%AE%E0%A4%BE%E0%A4%B2%E0%A4%BE%E0%A4%B8%E0%A5%8D%E0%A4%A4%E0%A4%BE%E0%A4%A4%E0%A5%8D%E0%A4%B0%E0%A4%AE%E0%A5%8D,,
sāhitya,dakṣiṇāmūrtistotram_bṛhatstotraratnākarāntargatam_1.xml,Dakṣiṇāmūrtistotra (Bṛhatstotraratnākarāntargata) 1,,https://sa.wikisource.org/wiki/%E0%A4%A6%E0%A4%95%E0%A5%8D%E0%A4%B7%E0%A4%BF%E0%A4%A3%E0%A4%BE%E0%A4%AE%E0%A5%82%E0%A4%B0%E0%A5%8D%E0%A4%A4%E0%A4%BF%E0%A4%B8%E0%A5%8D%E0%A4%A4%E0%A5%8B%E0%A4%A4%E0%A5%8D%E0%A4%B0%E0%A4%AE%E0%A5%8D_(%E0%A4%AC%E0%A5%83%E0%A4%B9%E0%A4%A4%E0%A5%8D%E0%A4%B8%E0%A5%8D%E0%A4%A4%E0%A5%8B%E0%A4%A4%E0%A5%8D%E0%A4%B0%E0%A4%B0%E0%A4%A4%E0%A5%8D%E0%A4%A8%E0%A4%BE%E0%A4%95%E0%A4%B0%E0%A4%BE%E0%A4%A8%E0%A5%8D%E0%A4%A4%E0%A4%B0%E0%A5%8D%E0%A4%97%E0%A4%A4%E0%A4%AE%E0%A5%8D),,
sāhitya,dakṣiṇāmūrtistotram_bṛhatstotraratnākarāntargatam_2.xml,Dakṣiṇāmūrtistotra (Bṛhatstotraratnākarāntargata) 2,,https://sa.wikisource.org/wiki/%E0%A4%A6%E0%A4%95%E0%A5%8D%E0%A4%B7%E0%A4%BF%E0%A4%A3%E0%A4%BE%E0%A4%AE%E0%A5%82%E0%A4%B0%E0%A5%8D%E0%A4%A4%E0%A4%BF%E0%A4%B8%E0%A5%8D%E0%A4%A4%E0%A5%8B%E0%A4%A4%E0%A5%8D%E0%A4%B0%E0%A4%AE%E0%A5%8D_(%E0%A4%AC%E0%A5%83%E0%A4%B9%E0%A4%A4%E0%A5%8D%E0%A4%B8%E0%A5%8D%E0%A4%A4%E0%A5%8B%E0%A4%A4%E0%A5%8D%E0%A4%B0%E0%A4%B0%E0%A4%A4%E0%A5%8D%E0%A4%A8%E0%A4%BE%E0%A4%95%E0%A4%B0%E0%A4%BE%E0%A4%A8%E0%A5%8D%E0%A4%A4%E0%A4%B0%E0%A5%8D%E0%A4%97%E0%A4%A4%E0%A4%AE%E0%A5%8D),,
sāhitya,dakṣiṇāmūrtistotram.xml,Dakṣiṇāmūrtistotra,,https://sa.wikisource.org/wiki/%E0%A4%A6%E0%A4%95%E0%A5%8D%E0%A4%B7%E0%A4%BF%E0%A4%A3%E0%A4%BE%E0%A4%AE%E0%A5%82%E0%A4%B0%E0%A5%8D%E0%A4%A4%E0%A4%BF%E0%A4%B8%E0%A5%8D%E0%A4%A4%E0%A5%8B%E0%A4%A4%E0%A5%8D%E0%A4%B0%E0%A4%AE%E0%A5%8D_(%E0%A4%AC%E0%A5%83%E0%A4%B9%E0%A4%A4%E0%A5%8D%E0%A4%B8%E0%A5%8D%E0%A4%A4%E0%A5%8B%E0%A4%A4%E0%A5%8D%E0%A4%B0%E0%A4%B0%E0%A4%A4%E0%A5%8D%E0%A4%A8%E0%A4%BE%E0%A4%95%E0%A4%B0%E0%A4%BE%E0%A4%A8%E0%A5%8D%E0%A4%A4%E0%A4%B0%E0%A5%8D%E0%A4%97%E0%A4%A4%E0%A4%AE%E0%A5%8D),,
sāhitya,dakṣiṇāmūrtyaṣṭakam_bṛhatstotraratnākarāntargatam.xml,Dakṣiṇāmūrtyaṣṭaka (Bṛhatstotraratnākarāntargata),Śaṅkarācārya,https://sa.wikisource.org/wiki/%E0%A4%A6%E0%A4%95%E0%A5%8D%E0%A4%B7%E0%A4%BF%E0%A4%A3%E0%A4%BE%E0%A4%AE%E0%A5%82%E0%A4%B0%E0%A5%8D%E0%A4%A4%E0%A5%8D%E0%A4%AF%E0%A4%B7%E0%A5%8D%E0%A4%9F%E0%A4%95%E0%A4%AE%E0%A5%8D_(%E0%A4%AC%E0%A5%83%E0%A4%B9%E0%A4%A4%E0%A5%8D%E0%A4%B8%E0%A5%8D%E0%A4%A4%E0%A5%8B%E0%A4%A4%E0%A5%8D%E0%A4%B0%E0%A4%B0%E0%A4%A4%E0%A5%8D%E0%A4%A8%E0%A4%BE%E0%A4%95%E0%A4%B0%E0%A4%BE%E0%A4%A8%E0%A5%8D%E0%A4%A4%E0%A4%B0%E0%A5%8D%E0%A4%97%E0%A4%A4%E0%A4%AE%E0%A5%8D),,
sāhitya,dattalīlāmaṃtra.xml,Dattalīlāmaṃtra,,https://sa.wikisource.org/wiki/%E0%A4%A6%E0%A4%A4%E0%A5%8D%E0%A4%A4%E0%A4%B2%E0%A5%80%E0%A4%B2%E0%A4%BE_%E0%A4%AE%E0%A4%82%E0%A4%A4%E0%A5%8D%E0%A4%B0,,
sāhitya,dattamālāmantram.xml,Dattamālāmantra,Vāsudevānaṃdasarasvatī,https://sa.wikisource.org/wiki/%E0%A4%A6%E0%A4%A4%E0%A5%8D%E0%A4%A4%E0%A4%AE%E0%A4%BE%E0%A4%B2%E0%A4%BE%E0%A4%AE%E0%A4%A8%E0%A5%8D%E0%A4%A4%E0%A5%8D%E0%A4%B0%E0%A4%AE%E0%A5%8D,,
sāhitya,dattastavastrotram.xml,Dattastavastrotra,,https://sa.wikisource.org/wiki/%E0%A4%A6%E0%A4%A4%E0%A5%8D%E0%A4%A4%E0%A4%B8%E0%A5%8D%E0%A4%A4%E0%A4%B5%E0%A4%B8%E0%A5%8D%E0%A4%A4%E0%A5%8D%E0%A4%B0%E0%A5%8B%E0%A4%A4%E0%A5%8D%E0%A4%B0%E0%A4%AE,,
sāhitya,dattāparādhakṣamāpanastotram.xml,Dattāparādhakṣamāpanastotra,Vāsudevānandasarasvatī,https://sa.wikisource.org/wiki/%E0%A4%A6%E0%A4%A4%E0%A5%8D%E0%A4%A4%E0%A4%BE%E0%A4%AA%E0%A4%B0%E0%A4%BE%E0%A4%A7%E0%A4%95%E0%A5%8D%E0%A4%B7%E0%A4%AE%E0%A4%BE%E0%A4%AA%E0%A4%A8%E0%A4%B8%E0%A5%8D%E0%A4%A4%E0%A5%8B%E0%A4%A4%E0%A5%8D%E0%A4%B0%E0%A4%AE%E0%A5%8D,,
sāhitya,dattātharvaśīrṣam.xml,Dattātharvaśīrṣa,,https://sa.wikisource.org/wiki/%E0%A4%A6%E0%A4%A4%E0%A5%8D%E0%A4%A4%E0%A4%BE%E0%A4%A5%E0%A4%B0%E0%A5%8D%E0%A4%B5%E0%A4%B6%E0%A5%80%E0%A4%B0%E0%A5%8D%E0%A4%B7%E0%A4%AE%E0%A5%8D,,
sāhitya,dattātreyadvādaśaḥ_nāma_stotram.xml,Dattātreyadvādaśa-stotra,,https://sa.wikisource.org/wiki/%E0%A4%A6%E0%A4%A4%E0%A5%8D%E0%A4%A4%E0%A4%BE%E0%A4%A4%E0%A5%8D%E0%A4%B0%E0%A5%87%E0%A4%AF_%E0%A4%A6%E0%A5%8D%E0%A4%B5%E0%A4%BE%E0%A4%A6%E0%A4%B6%E0%A4%83_%E0%A4%A8%E0%A4%BE%E0%A4%AE_%E0%A4%B8%E0%A5%8D%E0%A4%A4%E0%A5%8B%E0%A4%A4%E0%A5%8D%E0%A4%B0%E0%A4%AE%E0%A5%8D,,
sāhitya,dattātreyaopaniṣat.xml,Dattātreyaopaniṣat,,https://sa.wikisource.org/wiki/%E0%A4%A6%E0%A4%A4%E0%A5%8D%E0%A4%A4%E0%A4%BE%E0%A4%A4%E0%A5%8D%E0%A4%B0%E0%A5%87%E0%A4%AF%E0%A5%8B%E0%A4%AA%E0%A4%A8%E0%A4%BF%E0%A4%B7%E0%A4%A4%E0%A5%8D,,
sāhitya,dattātreyasahasranāmāvalī.xml,Dattātreyasahasranāmāvalī,,https://sa.wikisource.org/wiki/%E0%A4%A6%E0%A4%A4%E0%A5%8D%E0%A4%A4%E0%A4%BE%E0%A4%A4%E0%A5%8D%E0%A4%B0%E0%A5%87%E0%A4%AF%E0%A4%B8%E0%A4%B9%E0%A4%B8%E0%A5%8D%E0%A4%B0%E0%A4%A8%E0%A4%BE%E0%A4%AE%E0%A4%BE%E0%A4%B5%E0%A4%B2%E0%A5%80,,
sāhitya,dattātreyastotram_nāradapurāṇa.xml,Dattātreyastotra (Nāradapurāṇa),,https://sa.wikisource.org/wiki/%E0%A4%A6%E0%A4%A4%E0%A5%8D%E0%A4%A4%E0%A4%BE%E0%A4%A4%E0%A5%8D%E0%A4%B0%E0%A5%87%E0%A4%AF%E0%A4%B8%E0%A5%8D%E0%A4%A4%E0%A5%8B%E0%A4%A4%E0%A5%8D%E0%A4%B0%E0%A4%AE%E0%A5%8D_(%E0%A4%A8%E0%A4%BE%E0%A4%B0%E0%A4%A6%E0%A4%AA%E0%A5%81%E0%A4%B0%E0%A4%BE%E0%A4%A3%E0%A4%AE%E0%A5%8D),,
sāhitya,dattātreyavajrakavacam.xml,Dattātreyavajrakavaca,,https://sa.wikisource.org/wiki/%E0%A4%A6%E0%A4%A4%E0%A5%8D%E0%A4%A4%E0%A4%BE%E0%A4%A4%E0%A5%8D%E0%A4%B0%E0%A5%87%E0%A4%AF%E0%A4%B5%E0%A4%9C%E0%A5%8D%E0%A4%B0%E0%A4%95%E0%A4%B5%E0%A4%9A%E0%A4%AE%E0%A5%8D,,
sāhitya,dattātreyayogaśāstram.xml,Dattātreyayogaśāstra,,https://sa.wikisource.org/wiki/%E0%A4%A6%E0%A4%A4%E0%A5%8D%E0%A4%A4%E0%A4%BE%E0%A4%A4%E0%A5%8D%E0%A4%B0%E0%A5%87%E0%A4%AF%E0%A4%AF%E0%A5%8B%E0%A4%97%E0%A4%B6%E0%A4%BE%E0%A4%B8%E0%A5%8D%E0%A4%A4%E0%A5%8D%E0%A4%B0%E0%A4%AE%E0%A5%8D,,
sāhitya,dattātreyāṣṭacakrabījastotram.xml,Dattātreyāṣṭacakrabījastotra,,https://sa.wikisource.org/wiki/%E0%A4%A6%E0%A4%A4%E0%A5%8D%E0%A4%A4%E0%A4%BE%E0%A4%A4%E0%A5%8D%E0%A4%B0%E0%A5%87%E0%A4%AF%E0%A4%BE%E0%A4%B7%E0%A5%8D%E0%A4%9F%E0%A4%9A%E0%A4%95%E0%A5%8D%E0%A4%B0%E0%A4%AC%E0%A5%80%E0%A4%9C%E0%A4%B8%E0%A5%8D%E0%A4%A4%E0%A5%8B%E0%A4%A4%E0%A5%8D%E0%A4%B0%E0%A4%AE%E0%A5%8D,,
sāhitya,daśaślokī_bṛhatstotraratnākarāntargatā.xml,Daśaślokī,,https://sa.wikisource.org/wiki/%E0%A4%A6%E0%A4%B6%E0%A4%B6%E0%A5%8D%E0%A4%B2%E0%A5%8B%E0%A4%95%E0%A5%80,,
sāhitya,daśaślokīstutiḥ_bṛhatstotraratnākarāntargatā.xml,Daśaślokīstuti (Bṛhatstotraratnākarāntargatā),Śaṅkarācārya,https://sa.wikisource.org/wiki/%E0%A4%A6%E0%A4%B6%E0%A4%B6%E0%A5%8D%E0%A4%B2%E0%A5%8B%E0%A4%95%E0%A5%80%E0%A4%B8%E0%A5%8D%E0%A4%A4%E0%A5%81%E0%A4%A4%E0%A4%BF%E0%A4%83_(%E0%A4%AC%E0%A5%83%E0%A4%B9%E0%A4%A4%E0%A5%8D%E0%A4%B8%E0%A5%8D%E0%A4%A4%E0%A5%8B%E0%A4%A4%E0%A5%8D%E0%A4%B0%E0%A4%B0%E0%A4%A4%E0%A5%8D%E0%A4%A8%E0%A4%BE%E0%A4%95%E0%A4%B0%E0%A4%BE%E0%A4%A8%E0%A5%8D%E0%A4%A4%E0%A4%B0%E0%A5%8D%E0%A4%97%E0%A4%A4%E0%A4%BE),,
sāhitya,daśāvatārastotram.xml,Daśāvatārastotra,,https://sa.wikisource.org/wiki/%E0%A4%A6%E0%A4%B6%E0%A4%BE%E0%A4%B5%E0%A4%A4%E0%A4%BE%E0%A4%B0%E0%A4%B8%E0%A5%8D%E0%A4%A4%E0%A5%8B%E0%A4%A4%E0%A5%8D%E0%A4%B0%E0%A4%AE%E0%A5%8D,,
sāhitya,daśāvatārastuti.xml,Daśāvatārastuti,,https://sa.wikisource.org/wiki/%E0%A4%A6%E0%A4%B6%E0%A4%BE%E0%A4%B5%E0%A4%A4%E0%A4%BE%E0%A4%B0%E0%A4%B8%E0%A5%8D%E0%A4%A4%E0%A5%81%E0%A4%A4%E0%A4%BF%E0%A4%83,,
sāhitya,devyaparādhakṣamāpanastotram.xml,Devyaparādhakṣamāpanastotra,Śrīśaṅkarācārya,https://sa.wikisource.org/wiki/%E0%A4%A6%E0%A5%87%E0%A4%B5%E0%A5%8D%E0%A4%AF%E0%A4%AA%E0%A4%B0%E0%A4%BE%E0%A4%A7%E0%A4%95%E0%A5%8D%E0%A4%B7%E0%A4%AE%E0%A4%BE%E0%A4%AA%E0%A4%A8%E0%A4%B8%E0%A5%8D%E0%A4%A4%E0%A5%8B%E0%A4%A4%E0%A5%8D%E0%A4%B0%E0%A4%AE%E0%A5%8D,,
sāhitya,devībhujaṅgam.xml,Devībhujaṅga,,https://sa.wikisource.org/wiki/%E0%A4%A6%E0%A5%87%E0%A4%B5%E0%A5%80%E0%A4%AD%E0%A5%81%E0%A4%9C%E0%A4%99%E0%A5%8D%E0%A4%97%E0%A4%AE%E0%A5%8D,,
sāhitya,devīkhaḍgamālāstotram.xml,Devīkhaḍgamālāstotra,,https://sa.wikisource.org/wiki/%E0%A4%A6%E0%A5%87%E0%A4%B5%E0%A5%80_%E0%A4%96%E0%A4%A1%E0%A5%8D%E0%A4%97%E0%A4%AE%E0%A4%BE%E0%A4%B2%E0%A4%BE_%E0%A4%B8%E0%A5%8D%E0%A4%A4%E0%A5%8B%E0%A4%A4%E0%A5%8D%E0%A4%B0%E0%A4%AE%E0%A5%8D,,
sāhitya,dhanalakṣmīstotram.xml,Dhanalakṣmīstotra,,https://sa.wikisource.org/wiki/%E0%A4%A7%E0%A4%A8%E0%A4%B2%E0%A4%95%E0%A5%8D%E0%A4%B7%E0%A5%8D%E0%A4%AE%E0%A5%80%E0%A4%B8%E0%A5%8D%E0%A4%A4%E0%A5%8B%E0%A4%A4%E0%A5%8D%E0%A4%B0%E0%A4%AE%E0%A5%8D,,
sāhitya,dhanyāṣṭaka.xml,Dhanyāṣṭaka,Śaṅkarācārya,https://sa.wikisource.org/wiki/%E0%A4%A7%E0%A4%A8%E0%A5%8D%E0%A4%AF%E0%A4%BE%E0%A4%B7%E0%A5%8D%E0%A4%9F%E0%A4%95%E0%A4%AE%E0%A5%8D,,
sāhitya,dhvanitatvasamīkṣā.xml,Dhvanitatvasamīkṣā,,https://sa.wikisource.org/wiki/%E0%A4%A7%E0%A5%8D%E0%A4%B5%E0%A4%A8%E0%A4%BF%E0%A4%A4%E0%A4%A4%E0%A5%8D%E0%A4%B5%E0%A4%B8%E0%A4%AE%E0%A5%80%E0%A4%95%E0%A5%8D%E0%A4%B7%E0%A4%BE,,
sāhitya,dhūrtasamāgamaḥ.xml,Dhūrtasamāgama,Kavīśvara,https://sa.wikisource.org/wiki/%E0%A4%A7%E0%A5%82%E0%A4%B0%E0%A5%8D%E0%A4%A4%E0%A4%B8%E0%A4%AE%E0%A4%BE%E0%A4%97%E0%A4%AE%E0%A4%83,,
sāhitya,durgāstutiḥ.xml,Durgāstuti,,https://sa.wikisource.org/wiki/%E0%A4%A6%E0%A5%81%E0%A4%B0%E0%A5%8D%E0%A4%97%E0%A4%BE%E0%A4%B8%E0%A5%8D%E0%A4%A4%E0%A5%81%E0%A4%A4%E0%A4%BF%E0%A4%83,,
sāhitya,dvādaśajyotirliṅgastotram.xml,Dvādaśajyotirliṅgastotra,,https://sa.wikisource.org/wiki/%E0%A4%A6%E0%A5%8D%E0%A4%B5%E0%A4%BE%E0%A4%A6%E0%A4%B6%E0%A4%9C%E0%A5%8D%E0%A4%AF%E0%A5%8B%E0%A4%A4%E0%A4%BF%E0%A4%B0%E0%A5%8D%E0%A4%B2%E0%A4%BF%E0%A4%99%E0%A5%8D%E0%A4%97%E0%A4%B8%E0%A5%8D%E0%A4%A4%E0%A5%8B%E0%A4%A4%E0%A5%8D%E0%A4%B0%E0%A4%AE%E0%A5%8D,,
sāhitya,dvātriṃśatputtalikāsiṃhāsanam_incomplete.xml,Dvātriṃśatputtalikāsiṃhāsana,,https://sa.wikisource.org/wiki/%E0%A4%A6%E0%A5%8D%E0%A4%B5%E0%A4%BE%E0%A4%A4%E0%A5%8D%E0%A4%B0%E0%A4%BF%E0%A4%82%E0%A4%B6%E0%A4%A4%E0%A5%8D%E0%A4%AA%E0%A5%81%E0%A4%A4%E0%A5%8D%E0%A4%A4%E0%A4%B2%E0%A4%BF%E0%A4%95%E0%A4%BE%E0%A4%B8%E0%A4%BF%E0%A4%82%E0%A4%B9%E0%A4%BE%E0%A4%B8%E0%A4%A8%E0%A4%AE%E0%A5%8D,,
sāhitya,dāridryadahanaśivastotram.xml,Dāridryadahanaśivastotra,Vasiṣṭha,https://sa.wikisource.org/wiki/%E0%A4%A6%E0%A4%BE%E0%A4%B0%E0%A4%BF%E0%A4%A6%E0%A5%8D%E0%A4%B0%E0%A5%8D%E0%A4%AF%E0%A4%A6%E0%A4%B9%E0%A4%A8%E0%A4%B6%E0%A4%BF%E0%A4%B5%E0%A4%B8%E0%A5%8D%E0%A4%A4%E0%A5%8B%E0%A4%A4%E0%A5%8D%E0%A4%B0%E0%A4%AE%E0%A5%8D,,
sāhitya,dāsabodhaḥ.xml,Dāsabodha,,https://sa.wikisource.org/wiki/%E0%A4%A6%E0%A4%BE%E0%A4%B8%E0%A4%AC%E0%A5%8B%E0%A4%A7%E0%A4%83,,
sāhitya,dūtaghaṭotkacam.xml,Dūtaghaṭotkaca,Bhāsa,https://sa.wikisource.org/wiki/%E0%A4%A6%E0%A5%82%E0%A4%A4%E0%A4%98%E0%A4%9F%E0%A5%8B%E0%A4%A4%E0%A5%8D%E0%A4%95%E0%A4%9A%E0%A4%AE%E0%A5%8D,,
sāhitya,ekaślokirāmāyaṇam.xml,Ekaślokirāmāyaṇa,,https://sa.wikisource.org/wiki/%E0%A4%8F%E0%A4%95%E0%A4%B6%E0%A5%8D%E0%A4%B2%E0%A5%8B%E0%A4%95%E0%A4%BF%E0%A4%B0%E0%A4%BE%E0%A4%AE%E0%A4%BE%E0%A4%AF%E0%A4%A3%E0%A4%AE%E0%A5%8D,,
sāhitya,ekādaśamukhahanumatkavacam.xml,Ekādaśamukhahanumatkavaca,,https://sa.wikisource.org/wiki/%E0%A4%8F%E0%A4%95%E0%A4%BE%E0%A4%A4%E0%A5%8D%E0%A4%AE%E0%A4%A4%E0%A4%BE%E0%A4%B8%E0%A5%8D%E0%A4%A4%E0%A5%8B%E0%A4%A4%E0%A5%8D%E0%A4%B0%E0%A4%AE%E0%A5%8D,,
sāhitya,ekātmatāstotram.xml,Ekātmatāstotra,,https://sa.wikisource.org/wiki/%E0%A4%8F%E0%A4%95%E0%A4%BE%E0%A4%A4%E0%A5%8D%E0%A4%AE%E0%A4%A4%E0%A4%BE%E0%A4%B8%E0%A5%8D%E0%A4%A4%E0%A5%8B%E0%A4%A4%E0%A5%8D%E0%A4%B0%E0%A4%AE%E0%A5%8D,,
sāhitya,gajeṃdramokṣaḥ.xml,Gajeṃdramokṣa,,https://sa.wikisource.org/wiki/%E0%A4%97%E0%A4%9C%E0%A5%87%E0%A4%A8%E0%A5%8D%E0%A4%A6%E0%A5%8D%E0%A4%B0%E0%A4%AE%E0%A5%8B%E0%A4%95%E0%A5%8D%E0%A4%B7%E0%A4%83,,
sāhitya,gauragaṇoddeśa_dīpikā.xml,Gauragaṇoddeśadīpikā,,https://sa.wikisource.org/wiki/%E0%A4%97%E0%A5%8C%E0%A4%B0%E0%A4%97%E0%A4%A3%E0%A5%8B%E0%A4%A6%E0%A5%8D%E0%A4%A6%E0%A5%87%E0%A4%B6%E0%A4%A6%E0%A5%80%E0%A4%AA%E0%A4%BF%E0%A4%95%E0%A4%BE,,
sāhitya,gauragaṇoddeśadīpikā.xml,Gauragaṇoddeśadīpikā,,https://sa.wikisource.org/wiki/%E0%A4%97%E0%A5%8C%E0%A4%B0%E0%A4%97%E0%A4%A3%E0%A5%8B%E0%A4%A6%E0%A5%8D%E0%A4%A6%E0%A5%87%E0%A4%B6%E0%A4%A6%E0%A5%80%E0%A4%AA%E0%A4%BF%E0%A4%95%E0%A4%BE,,
sāhitya,gauryaṣṭottaraśatanāmāvaliḥ.xml,Gauryaṣṭottaraśatanāmāvali,,https://sa.wikisource.org/wiki/%E0%A4%97%E0%A5%8C%E0%A4%B0%E0%A5%8D%E0%A4%AF%E0%A4%B7%E0%A5%8D%E0%A4%9F%E0%A5%8B%E0%A4%A4%E0%A5%8D%E0%A4%A4%E0%A4%B0%E0%A4%B6%E0%A4%A4_%E0%A4%A8%E0%A4%BE%E0%A4%AE%E0%A4%BE%E0%A4%B5%E0%A4%B2%E0%A4%BF%E0%A4%83,,
sāhitya,gauryāṣṭottaraśatanāmastotram.xml,Gauryāṣṭottaraśatanāmastotra,,https://sa.wikisource.org/wiki/%E0%A4%97%E0%A5%8C%E0%A4%B0%E0%A5%8D%E0%A4%AF%E0%A4%BE%E0%A4%B7%E0%A5%8D%E0%A4%9F%E0%A5%8B%E0%A4%A4%E0%A5%8D%E0%A4%A4%E0%A4%B0%E0%A4%B6%E0%A4%A4%E0%A4%A8%E0%A4%BE%E0%A4%AE%E0%A4%B8%E0%A5%8D%E0%A4%A4%E0%A5%8B%E0%A4%A4%E0%A5%8D%E0%A4%B0%E0%A4%AE%E0%A5%8D,,
sāhitya,gaurīdaśakam.xml,Gaurīdaśaka,,https://sa.wikisource.org/wiki/%E0%A4%97%E0%A5%8C%E0%A4%B0%E0%A5%80%E0%A4%A6%E0%A4%B6%E0%A4%95%E0%A4%AE%E0%A5%8D,,
sāhitya,gaṃgāsahasranāmastotra.xml,Gaṃgāsahasranāmastotra,,https://sa.wikisource.org/wiki/%E0%A4%97%E0%A4%99%E0%A5%8D%E0%A4%97%E0%A4%BE%E0%A4%B8%E0%A4%B9%E0%A4%B8%E0%A5%8D%E0%A4%B0%E0%A4%A8%E0%A4%BE%E0%A4%AE%E0%A4%B8%E0%A5%8D%E0%A4%A4%E0%A5%8B%E0%A4%A4%E0%A5%8D%E0%A4%B0%E0%A4%AE%E0%A5%8D,,
sāhitya,gaṃgāṣṭakam_śaṃkarabhagavatakṛtam.xml,Gaṃgāṣṭaka,Śaṃkarabhagavata,https://sa.wikisource.org/wiki/%E0%A4%97%E0%A4%82%E0%A4%97%E0%A4%BE%E0%A4%B7%E0%A5%8D%E0%A4%9F%E0%A4%95%E0%A4%AE%E0%A5%8D_(%E0%A4%B6%E0%A4%82%E0%A4%95%E0%A4%B0%E0%A4%AD%E0%A4%97%E0%A4%B5%E0%A4%A4%E0%A4%95%E0%A5%83%E0%A4%A4%E0%A4%AE%E0%A5%8D),,
sāhitya,gaṃgāṣṭakam.xml,Gaṃgāṣṭaka,Śaṃkarabhagavata,https://sa.wikisource.org/wiki/%E0%A4%97%E0%A4%82%E0%A4%97%E0%A4%BE%E0%A4%B7%E0%A5%8D%E0%A4%9F%E0%A4%95%E0%A4%AE%E0%A5%8D_(%E0%A4%B6%E0%A4%82%E0%A4%95%E0%A4%B0%E0%A4%AD%E0%A4%97%E0%A4%B5%E0%A4%A4%E0%A4%95%E0%A5%83%E0%A4%A4%E0%A4%AE%E0%A5%8D),,
sāhitya,gaṅgādharastotram.xml,Gaṅgādharastotra,Appayyadīkṣita,https://sa.wikisource.org/wiki/%E0%A4%97%E0%A4%99%E0%A5%8D%E0%A4%97%E0%A4%BE%E0%A4%A7%E0%A4%B0%E0%A4%B8%E0%A5%8D%E0%A4%A4%E0%A5%8B%E0%A4%A4%E0%A5%8D%E0%A4%B0%E0%A4%AE%E0%A5%8D,,
sāhitya,gaṅgāstotra.xml,Gaṅgāstotra,,https://sa.wikisource.org/wiki/%E0%A4%97%E0%A4%99%E0%A5%8D%E0%A4%97%E0%A4%BE%E0%A4%B8%E0%A5%8D%E0%A4%A4%E0%A5%8B%E0%A4%A4%E0%A5%8D%E0%A4%B0%E0%A4%AE%E0%A5%8D,,
sāhitya,gaṅgāṣṭakam_kālidāsakṛtam.xml,Gaṅgāṣṭaka,Kālidāsa,https://sa.wikisource.org/wiki/%E0%A4%97%E0%A4%99%E0%A5%8D%E0%A4%97%E0%A4%BE%E0%A4%B7%E0%A5%8D%E0%A4%9F%E0%A4%95%E0%A4%AE%E0%A5%8D_(%E0%A4%95%E0%A4%BE%E0%A4%B2%E0%A4%BF%E0%A4%A6%E0%A4%BE%E0%A4%B8%E0%A4%95%E0%A5%83%E0%A4%A4%E0%A4%AE%E0%A5%8D),,
sāhitya,gaṅgāṣṭakam_vālmīkikṛtam.xml,Gaṅgāṣṭakam,Vālmīki,https://sa.wikisource.org/wiki/%E0%A4%97%E0%A4%99%E0%A5%8D%E0%A4%97%E0%A4%BE%E0%A4%B7%E0%A5%8D%E0%A4%9F%E0%A4%95%E0%A4%AE%E0%A5%8D_(%E0%A4%95%E0%A4%BE%E0%A4%B2%E0%A4%BF%E0%A4%A6%E0%A4%BE%E0%A4%B8%E0%A4%95%E0%A5%83%E0%A4%A4%E0%A4%AE%E0%A5%8D),,
sāhitya,gaṇapatyatharvaśīrṣam.xml,Gaṇapatyatharvaśīrṣa,,https://sa.wikisource.org/wiki/%E0%A4%97%E0%A4%A3%E0%A4%AA%E0%A4%A4%E0%A5%8D%E0%A4%AF%E0%A4%A5%E0%A4%B0%E0%A5%8D%E0%A4%B5%E0%A4%B6%E0%A5%80%E0%A4%B0%E0%A5%8D%E0%A4%B7%E0%A4%AE%E0%A5%8D,,
sāhitya,gaṇeśabhujaṃgam.xml,Gaṇeśabhujaṃga,,https://sa.wikisource.org/wiki/%E0%A4%97%E0%A4%A3%E0%A5%87%E0%A4%B6%E0%A4%AD%E0%A5%81%E0%A4%9C%E0%A4%99%E0%A5%8D%E0%A4%97%E0%A4%AE%E0%A5%8D,,
sāhitya,gaṇeśamaṃtra.xml,Gaṇeśamaṃtra,,https://sa.wikisource.org/wiki/%E0%A4%97%E0%A4%A3%E0%A5%87%E0%A4%B6%E0%A4%AE%E0%A4%A8%E0%A5%8D%E0%A4%A4%E0%A5%8D%E0%A4%B0%E0%A4%83,,
sāhitya,gaṇeśapañcaratnam.xml,Gaṇeśapañcaratna,,https://sa.wikisource.org/wiki/%E0%A4%97%E0%A4%A3%E0%A5%87%E0%A4%B6%E0%A4%AA%E0%A4%9E%E0%A5%8D%E0%A4%9A%E0%A4%B0%E0%A4%A4%E0%A5%8D%E0%A4%A8%E0%A4%AE%E0%A5%8D,,
sāhitya,gaṇeśapaṃcaratnastotram.xml,Gaṇeśapaṃcaratnastotra,,https://sa.wikisource.org/wiki/%E0%A4%97%E0%A4%A3%E0%A5%87%E0%A4%B6%E0%A4%AA%E0%A4%82%E0%A4%9A%E0%A4%B0%E0%A4%A4%E0%A5%8D%E0%A4%A8_%E0%A4%B8%E0%A5%8D%E0%A4%A4%E0%A5%8B%E0%A4%A4%E0%A5%8D%E0%A4%B0%E0%A4%AE%E0%A5%8D,,
sāhitya,gaṇeśastotram.xml,Gaṇeśastotra,,https://sa.wikisource.org/wiki/%E0%A4%97%E0%A4%A3%E0%A5%87%E0%A4%B6%E0%A4%B8%E0%A5%8D%E0%A4%A4%E0%A5%8B%E0%A4%A4%E0%A5%8D%E0%A4%B0%E0%A4%AE%E0%A5%8D,,
sāhitya,gaṇeśātharvaśīrṣam.xml,Gaṇeśātharvaśīrṣa,,https://sa.wikisource.org/wiki/%E0%A4%97%E0%A4%A3%E0%A4%AA%E0%A4%A4%E0%A5%8D%E0%A4%AF%E0%A4%A5%E0%A4%B0%E0%A5%8D%E0%A4%B5%E0%A4%B6%E0%A5%80%E0%A4%B0%E0%A5%8D%E0%A4%B7%E0%A4%AE%E0%A5%8D,,
sāhitya,gaṇeśāṣṭakam.xml,Gaṇeśāṣṭaka,,https://sa.wikisource.org/wiki/%E0%A4%97%E0%A4%A3%E0%A5%87%E0%A4%B6%E0%A4%BE%E0%A4%B7%E0%A5%8D%E0%A4%9F%E0%A4%95%E0%A4%AE%E0%A5%8D,,
sāhitya,godāvarīstotram.xml,Godāvarīstotra,Śrīvāsudevānandasarasvatī,https://sa.wikisource.org/wiki/%E0%A4%97%E0%A5%8B%E0%A4%A6%E0%A4%BE%E0%A4%B5%E0%A4%B0%E0%A5%80%E0%A4%B8%E0%A5%8D%E0%A4%A4%E0%A5%8B%E0%A4%A4%E0%A5%8D%E0%A4%B0%E0%A4%AE%E0%A5%8D,,
sāhitya,gopālahṛdayastotram.xml,Gopālahṛdayastotra,,https://sa.wikisource.org/wiki/%E0%A4%97%E0%A5%8B%E0%A4%AA%E0%A4%BE%E0%A4%B2%E0%A4%B9%E0%A5%83%E0%A4%A6%E0%A4%AF%E0%A4%B8%E0%A5%8D%E0%A4%A4%E0%A5%8B%E0%A4%A4%E0%A5%8D%E0%A4%B0%E0%A4%AE%E0%A5%8D,,
sāhitya,gopālasahasranāmastotram.xml,Gopālasahasranāmastotra,,https://sa.wikisource.org/wiki/%E0%A4%97%E0%A5%8B%E0%A4%AA%E0%A4%BE%E0%A4%B2%E0%A4%B8%E0%A4%B9%E0%A4%B8%E0%A5%8D%E0%A4%B0%E0%A4%A8%E0%A4%BE%E0%A4%AE%E0%A4%B8%E0%A5%8D%E0%A4%A4%E0%A5%8B%E0%A4%A4%E0%A5%8D%E0%A4%B0%E0%A4%AE%E0%A5%8D,,
sāhitya,gopālastotram.xml,Gopālastotra,,https://sa.wikisource.org/wiki/%E0%A4%97%E0%A5%8B%E0%A4%AA%E0%A4%BE%E0%A4%B2%E0%A4%B8%E0%A5%8D%E0%A4%A4%E0%A5%8B%E0%A4%A4%E0%A5%8D%E0%A4%B0%E0%A4%AE%E0%A5%8D,,
sāhitya,gopālastutiḥ.xml,Gopālastuti,,https://sa.wikisource.org/wiki/%E0%A4%97%E0%A5%8B%E0%A4%AA%E0%A4%BE%E0%A4%B2%E0%A4%B8%E0%A5%8D%E0%A4%A4%E0%A5%81%E0%A4%A4%E0%A4%BF%E0%A4%83,,
sāhitya,gopālaviṃśatistotram.xml,Gopālaviṃśatistotra,,https://sa.wikisource.org/wiki/%E0%A4%97%E0%A5%8B%E0%A4%AA%E0%A4%BE%E0%A4%B2%E0%A4%B8%E0%A5%8D%E0%A4%A4%E0%A5%81%E0%A4%A4%E0%A4%BF%E0%A4%83,,
sāhitya,gopālākṣayakavacam.xml,Gopālākṣayakavaca,,https://sa.wikisource.org/wiki/%E0%A4%97%E0%A5%8B%E0%A4%AA%E0%A4%BE%E0%A4%B2%E0%A4%BE%E0%A4%95%E0%A5%8D%E0%A4%B7%E0%A4%AF%E0%A4%95%E0%A4%B5%E0%A4%9A%E0%A4%AE%E0%A5%8D,,
sāhitya,gopālāṣṭakam_paramahaṃsasvāmibrahmānandakṛtam.xml,Gopālāṣṭaka,Brahmānanda,https://sa.wikisource.org/wiki/%E0%A4%97%E0%A5%8B%E0%A4%AA%E0%A4%BE%E0%A4%B2%E0%A4%BE%E0%A4%B7%E0%A5%8D%E0%A4%9F%E0%A4%95%E0%A4%AE%E0%A5%8D_(%E0%A4%AA%E0%A4%B0%E0%A4%AE%E0%A4%B9%E0%A4%82%E0%A4%B8%E0%A4%B8%E0%A5%8D%E0%A4%B5%E0%A4%BE%E0%A4%AE%E0%A4%BF%E0%A4%AC%E0%A5%8D%E0%A4%B0%E0%A4%B9%E0%A5%8D%E0%A4%AE%E0%A4%BE%E0%A4%A8%E0%A4%A8%E0%A5%8D%E0%A4%A6%E0%A4%95%E0%A5%83%E0%A4%A4%E0%A4%AE%E0%A5%8D),,
sāhitya,gorakṣaśatakam.xml,Gorakṣaśataka,,https://sa.wikisource.org/wiki/%E0%A4%97%E0%A5%8B%E0%A4%B0%E0%A4%95%E0%A5%8D%E0%A4%B7%E0%A4%B6%E0%A4%A4%E0%A4%95%E0%A4%AE%E0%A5%8D,,
sāhitya,govindadāmodarastotra.xml,Govindadāmodarastotra,,https://sa.wikisource.org/wiki/%E0%A4%97%E0%A5%8B%E0%A4%B5%E0%A4%BF%E0%A4%A8%E0%A5%8D%E0%A4%A6_%E0%A4%A6%E0%A4%BE%E0%A4%AE%E0%A5%8B%E0%A4%A6%E0%A4%B0_%E0%A4%B8%E0%A5%8D%E0%A4%A4%E0%A5%8B%E0%A4%A4%E0%A5%8D%E0%A4%B0,,
sāhitya,govindastotram.xml,Govindastotra,,https://sa.wikisource.org/wiki/%E0%A4%97%E0%A5%8B%E0%A4%B5%E0%A4%BF%E0%A4%A8%E0%A5%8D%E0%A4%A6%E0%A4%B8%E0%A5%8D%E0%A4%A4%E0%A5%8B%E0%A4%A4%E0%A5%8D%E0%A4%B0%E0%A4%AE%E0%A5%8D,,
sāhitya,govindāṣṭakam.xml,Govindāṣṭaka,,https://sa.wikisource.org/wiki/%E0%A4%97%E0%A5%8B%E0%A4%B5%E0%A4%BF%E0%A4%A8%E0%A5%8D%E0%A4%A6%E0%A4%BE%E0%A4%B7%E0%A5%8D%E0%A4%9F%E0%A4%95%E0%A4%AE%E0%A5%8D,,
sāhitya,gurugītā.xml,Gurugītā,,https://sa.wikisource.org/wiki/%E0%A4%97%E0%A5%81%E0%A4%B0%E0%A5%81%E0%A4%97%E0%A5%80%E0%A4%A4%E0%A4%BE,,
sāhitya,gāhāsattasaī.xml,Gāhāsattasaī,,https://sa.wikisource.org/wiki/%E0%A4%97%E0%A4%BE%E0%A4%B9%E0%A4%BE%E0%A4%B8%E0%A4%A4%E0%A5%8D%E0%A4%A4%E0%A4%B8%E0%A4%88,,
sāhitya,gāyatryaṣṭakam_śaṅkarācāryakṛtam.xml,Gāyatryaṣṭaka,,https://sa.wikisource.org/wiki/%E0%A4%97%E0%A4%BE%E0%A4%AF%E0%A4%A4%E0%A5%8D%E0%A4%B0%E0%A5%8D%E0%A4%AF%E0%A4%B7%E0%A5%8D%E0%A4%9F%E0%A4%95%E0%A4%AE%E0%A5%8D_(%E0%A4%B6%E0%A4%99%E0%A5%8D%E0%A4%95%E0%A4%B0%E0%A4%BE%E0%A4%9A%E0%A4%BE%E0%A4%B0%E0%A5%8D%E0%A4%AF%E0%A4%95%E0%A5%83%E0%A4%A4%E0%A4%AE%E0%A5%8D),,
sāhitya,gāyatryaṣṭakam.xml,Gāyatryaṣṭaka,,https://sa.wikisource.org/wiki/%E0%A4%97%E0%A4%BE%E0%A4%AF%E0%A4%A4%E0%A5%8D%E0%A4%B0%E0%A5%8D%E0%A4%AF%E0%A4%B7%E0%A5%8D%E0%A4%9F%E0%A4%95%E0%A4%AE%E0%A5%8D_(%E0%A4%B6%E0%A4%99%E0%A5%8D%E0%A4%95%E0%A4%B0%E0%A4%BE%E0%A4%9A%E0%A4%BE%E0%A4%B0%E0%A5%8D%E0%A4%AF%E0%A4%95%E0%A5%83%E0%A4%A4%E0%A4%AE%E0%A5%8D),,
sāhitya,gāyatrīmantraḥ.xml,Gāyatrīmantra,,https://sa.wikisource.org/wiki/%E0%A4%97%E0%A4%BE%E0%A4%AF%E0%A4%A4%E0%A5%8D%E0%A4%B0%E0%A5%80%E0%A4%AE%E0%A4%A8%E0%A5%8D%E0%A4%A4%E0%A5%8D%E0%A4%B0%E0%A4%83,,
sāhitya,gāyatrīsahasranāmastotram_devībhāgavatam.xml,Gāyatrīsahasranāmastotra,,https://sa.wikisource.org/wiki/%E0%A4%97%E0%A4%BE%E0%A4%AF%E0%A4%A4%E0%A5%8D%E0%A4%B0%E0%A5%80%E0%A4%B8%E0%A4%B9%E0%A4%B8%E0%A5%8D%E0%A4%B0%E0%A4%A8%E0%A4%BE%E0%A4%AE%E0%A4%B8%E0%A5%8D%E0%A4%A4%E0%A5%8B%E0%A4%A4%E0%A5%8D%E0%A4%B0%E0%A4%AE%E0%A5%8D_(%E0%A4%A6%E0%A5%87%E0%A4%B5%E0%A5%80%E0%A4%AD%E0%A4%BE%E0%A4%97%E0%A4%B5%E0%A4%A4%E0%A4%AE%E0%A5%8D),,
sāhitya,gāyatrīsahasranāmāvalī.xml,Gāyatrīsahasranāmāvalī,,https://sa.wikisource.org/wiki/%E0%A4%97%E0%A4%BE%E0%A4%AF%E0%A4%A4%E0%A5%8D%E0%A4%B0%E0%A5%80_%E0%A4%B8%E0%A4%B9%E0%A4%B8%E0%A5%8D%E0%A4%B0%E0%A4%A8%E0%A4%BE%E0%A4%AE%E0%A4%BE%E0%A4%B5%E0%A4%B2%E0%A5%80,,
sāhitya,gāyatrīstotram.xml,Gāyatrīstotra,,https://sa.wikisource.org/wiki/%E0%A4%97%E0%A4%BE%E0%A4%AF%E0%A4%A4%E0%A5%8D%E0%A4%B0%E0%A5%80%E0%A4%B8%E0%A5%8D%E0%A4%A4%E0%A5%8B%E0%A4%A4%E0%A5%8D%E0%A4%B0%E0%A4%AE%E0%A5%8D,,
sāhitya,hammīramahākāvyam.xml,Hammīramahākāvya,Nayacandrasūri,https://sa.wikisource.org/wiki/%E0%A4%B9%E0%A4%AE%E0%A5%8D%E0%A4%AE%E0%A5%80%E0%A4%B0%E0%A4%AE%E0%A4%B9%E0%A4%BE%E0%A4%95%E0%A4%BE%E0%A4%B5%E0%A5%8D%E0%A4%AF%E0%A4%AE%E0%A5%8D,,
sāhitya,hanūmatkṛtasītārāmastotram.xml,Hanūmatkṛtasītārāmastotra,,https://sa.wikisource.org/wiki/%E0%A4%B9%E0%A4%A8%E0%A5%82%E0%A4%AE%E0%A4%A4%E0%A5%8D%E0%A4%95%E0%A5%83%E0%A4%A4%E0%A4%B8%E0%A5%80%E0%A4%A4%E0%A4%BE%E0%A4%B0%E0%A4%BE%E0%A4%AE%E0%A4%B8%E0%A5%8D%E0%A4%A4%E0%A5%8B%E0%A4%A4%E0%A5%8D%E0%A4%B0%E0%A4%AE%E0%A5%8D,,
sāhitya,haribhaktivilāsa.xml,Haribhaktivilāsa,,https://sa.wikisource.org/wiki/%E0%A4%B9%E0%A4%B0%E0%A4%BF%E0%A4%AD%E0%A4%95%E0%A5%8D%E0%A4%A4%E0%A4%BF%E0%A4%B5%E0%A4%BF%E0%A4%B2%E0%A4%BE%E0%A4%B8%E0%A4%83,,
sāhitya,haristotram.xml,Haristotra,,https://sa.wikisource.org/wiki/%E0%A4%B9%E0%A4%B0%E0%A4%BF%E0%A4%B8%E0%A5%8D%E0%A4%A4%E0%A5%8B%E0%A4%A4%E0%A5%8D%E0%A4%B0%E0%A4%AE%E0%A5%8D,,
sāhitya,hastāmalakastotram.xml,Hastāmalakastotra,,https://sa.wikisource.org/wiki/%E0%A4%B9%E0%A4%B8%E0%A5%8D%E0%A4%A4%E0%A4%BE%E0%A4%AE%E0%A4%B2%E0%A4%95%E0%A4%B8%E0%A5%8D%E0%A4%A4%E0%A5%8B%E0%A4%A4%E0%A5%8D%E0%A4%B0%E0%A4%AE%E0%A5%8D,,
sāhitya,haṃsagītā.xml,Haṃsagītā,,https://sa.wikisource.org/wiki/%E0%A4%B9%E0%A4%82%E0%A4%B8%E0%A4%97%E0%A5%80%E0%A4%A4%E0%A4%BE,,
sāhitya,haṃsopaniṣad.xml,Haṃsopaniṣad,,https://sa.wikisource.org/wiki/%E0%A4%B9%E0%A4%82%E0%A4%B8%E0%A5%8B%E0%A4%AA%E0%A4%A8%E0%A4%BF%E0%A4%B7%E0%A4%A6%E0%A5%8D,,
sāhitya,hemakāmākṣīdaṇḍakam.xml,Hemakāmākṣīdaṇḍaka,,https://sa.wikisource.org/wiki/%E0%A4%B9%E0%A5%87%E0%A4%AE%E0%A4%95%E0%A4%BE%E0%A4%AE%E0%A4%BE%E0%A4%95%E0%A5%8D%E0%A4%B7%E0%A5%80%E0%A4%A6%E0%A4%A3%E0%A5%8D%E0%A4%A1%E0%A4%95%E0%A4%AE%E0%A5%8D,,
sāhitya,herambastotraṃ_gaurikṛtam.xml,Herambastotraṃ Gaurikṛta,,https://sa.wikisource.org/wiki/%E0%A4%B9%E0%A5%87%E0%A4%B0%E0%A4%AE%E0%A5%8D%E0%A4%AC%E0%A4%B8%E0%A5%8D%E0%A4%A4%E0%A5%8B%E0%A4%A4%E0%A5%8D%E0%A4%B0%E0%A4%82_%E0%A4%97%E0%A5%8C%E0%A4%B0%E0%A4%BF%E0%A4%95%E0%A5%83%E0%A4%A4%E0%A4%AE%E0%A5%8D,,
sāhitya,herambopasthānam.xml,Herambopasthāna,,https://sa.wikisource.org/wiki/%E0%A4%B9%E0%A5%87%E0%A4%B0%E0%A4%AE%E0%A5%8D%E0%A4%AC%E0%A5%8B%E0%A4%AA%E0%A4%B8%E0%A5%8D%E0%A4%A5%E0%A4%BE%E0%A4%A8%E0%A4%AE%E0%A5%8D,,
sāhitya,hārītagītā.xml,Hārītagītā,,https://sa.wikisource.org/wiki/%E0%A4%B9%E0%A4%BE%E0%A4%B0%E0%A5%80%E0%A4%A4%E0%A4%97%E0%A5%80%E0%A4%A4%E0%A4%BE,,
sāhitya,indrakṛtaśrīrāmastotram.xml,Indrakṛtaśrīrāmastotra,,https://sa.wikisource.org/wiki/%E0%A4%87%E0%A4%A8%E0%A5%8D%E0%A4%A6%E0%A5%8D%E0%A4%B0%E0%A4%95%E0%A5%83%E0%A4%A4%E0%A4%B6%E0%A5%8D%E0%A4%B0%E0%A5%80%E0%A4%B0%E0%A4%BE%E0%A4%AE%E0%A4%B8%E0%A5%8D%E0%A4%A4%E0%A5%8B%E0%A4%A4%E0%A5%8D%E0%A4%B0%E0%A4%AE%E0%A5%8D,,
sāhitya,indrasahasranāmastotram.xml,Indrasahasranāmastotra,,https://sa.wikisource.org/wiki/%E0%A4%87%E0%A4%A8%E0%A5%8D%E0%A4%A6%E0%A5%8D%E0%A4%B0%E0%A4%B8%E0%A4%B9%E0%A4%B8%E0%A5%8D%E0%A4%B0%E0%A4%A8%E0%A4%BE%E0%A4%AE%E0%A4%B8%E0%A5%8D%E0%A4%A4%E0%A5%8B%E0%A4%A4%E0%A5%8D%E0%A4%B0%E0%A4%AE%E0%A5%8D,,
sāhitya,jagannāthasahasranāmastotram.xml,Jagannāthasahasranāmastotra,,https://sa.wikisource.org/wiki/%E0%A4%9C%E0%A4%97%E0%A4%A8%E0%A5%8D%E0%A4%A8%E0%A4%BE%E0%A4%A5%E0%A4%B8%E0%A4%B9%E0%A4%B8%E0%A5%8D%E0%A4%B0%E0%A4%A8%E0%A4%BE%E0%A4%AE%E0%A4%B8%E0%A5%8D%E0%A4%A4%E0%A5%8B%E0%A4%A4%E0%A5%8D%E0%A4%B0%E0%A4%AE%E0%A5%8D,,
sāhitya,jaṭāyukṛtarāmastotram.xml,Jaṭāyukṛtarāmastotra,,https://sa.wikisource.org/wiki/%E0%A4%9C%E0%A4%9F%E0%A4%BE%E0%A4%AF%E0%A5%81%E0%A4%95%E0%A5%83%E0%A4%A4%E0%A4%B0%E0%A4%BE%E0%A4%AE%E0%A4%B8%E0%A5%8D%E0%A4%A4%E0%A5%8B%E0%A4%A4%E0%A5%8D%E0%A4%B0%E0%A4%AE%E0%A5%8D,,
sāhitya,jyotirliṅgam.xml,Jyotirliṅga,,https://sa.wikisource.org/wiki/%E0%A4%9C%E0%A5%8D%E0%A4%AF%E0%A5%8B%E0%A4%A4%E0%A4%BF%E0%A4%B0%E0%A5%8D%E0%A4%B2%E0%A4%BF%E0%A4%99%E0%A5%8D%E0%A4%97%E0%A4%AE%E0%A5%8D,,
sāhitya,kakārādikālīsahasranāmastotram.xml,Kakārādikālīsahasranāmastotra,,https://sa.wikisource.org/wiki/%E0%A4%95%E0%A4%95%E0%A4%BE%E0%A4%B0%E0%A4%BE%E0%A4%A6%E0%A4%BF_%E0%A4%95%E0%A4%BE%E0%A4%B2%E0%A5%80%E0%A4%B8%E0%A4%B9%E0%A4%B8%E0%A5%8D%E0%A4%B0%E0%A4%A8%E0%A4%BE%E0%A4%AE%E0%A4%B8%E0%A5%8D%E0%A4%A4%E0%A5%8B%E0%A4%A4%E0%A5%8D%E0%A4%B0%E0%A4%AE%E0%A5%8D,,
sāhitya,kakārādikālīśatanāmastotram.xml,Kakārādikālīśatanāmastotra,,https://sa.wikisource.org/wiki/%E0%A4%95%E0%A4%95%E0%A4%BE%E0%A4%B0%E0%A4%BE%E0%A4%A6%E0%A4%BF%E0%A4%95%E0%A4%BE%E0%A4%B2%E0%A5%80%E0%A4%B6%E0%A4%A4%E0%A4%A8%E0%A4%BE%E0%A4%AE%E0%A4%B8%E0%A5%8D%E0%A4%A4%E0%A5%8B%E0%A4%A4%E0%A5%8D%E0%A4%B0%E0%A4%AE%E0%A5%8D,,
sāhitya,kalyāṇavṛṣṭistavaḥ.xml,Kalyāṇavṛṣṭistava,,https://sa.wikisource.org/wiki/%E0%A4%95%E0%A4%B2%E0%A5%8D%E0%A4%AF%E0%A4%BE%E0%A4%A3%E0%A4%B5%E0%A5%83%E0%A4%B7%E0%A5%8D%E0%A4%9F%E0%A4%BF%E0%A4%B8%E0%A5%8D%E0%A4%A4%E0%A4%B5%E0%A4%83,,
sāhitya,kamalāpatyaṣṭakam.xml,Kamalāpatyaṣṭaka,,https://sa.wikisource.org/wiki/%E0%A4%95%E0%A4%AE%E0%A4%B2%E0%A4%BE%E0%A4%AA%E0%A4%A4%E0%A5%8D%E0%A4%AF%E0%A4%B7%E0%A5%8D%E0%A4%9F%E0%A4%95%E0%A4%AE%E0%A5%8D,,
sāhitya,kanakadhārāstotra.xml,Kanakadhārāstotra,Śaṃkarācārya,https://sa.wikisource.org/wiki/%E0%A4%95%E0%A4%A8%E0%A4%95%E0%A4%A7%E0%A4%BE%E0%A4%B0%E0%A4%BE%E0%A4%B8%E0%A5%8D%E0%A4%A4%E0%A5%8B%E0%A4%A4%E0%A5%8D%E0%A4%B0%E0%A4%AE%E0%A5%8D,,
sāhitya,kapīnāmupavāsaḥ.xml,Kapīnāmupavāsa,ḍi ṭi tātācāriyar,https://sa.wikisource.org/wiki/%E0%A4%95%E0%A4%AA%E0%A5%80%E0%A4%A8%E0%A4%BE%E0%A4%AE%E0%A5%81%E0%A4%AA%E0%A4%B5%E0%A4%BE%E0%A4%B8%E0%A4%83,,
sāhitya,karadarśanam.xml,Karadarśana,,https://sa.wikisource.org/wiki/%E0%A4%95%E0%A4%B0%E0%A4%A6%E0%A4%B0%E0%A5%8D%E0%A4%B6%E0%A4%A8%E0%A4%AE%E0%A5%8D,,
sāhitya,karpūrādistotram.xml,Karpūrādistotra,,https://sa.wikisource.org/wiki/%E0%A4%95%E0%A4%B0%E0%A5%8D%E0%A4%AA%E0%A5%82%E0%A4%B0%E0%A4%BE%E0%A4%A6%E0%A4%BF%E0%A4%B8%E0%A5%8D%E0%A4%A4%E0%A5%8B%E0%A4%A4%E0%A5%8D%E0%A4%B0%E0%A4%AE%E0%A5%8D,,
sāhitya,karṇabhāram.xml,Karṇabhāra,Bhāsa,https://sa.wikisource.org/wiki/%E0%A4%95%E0%A4%B0%E0%A5%8D%E0%A4%A3%E0%A4%AD%E0%A4%BE%E0%A4%B0%E0%A4%AE%E0%A5%8D,,
sāhitya,kaupīnapañcakam.xml,Kaupīnapañcaka,,https://sa.wikisource.org/wiki/%E0%A4%95%E0%A5%8C%E0%A4%AA%E0%A5%80%E0%A4%A8%E0%A4%AA%E0%A4%9E%E0%A5%8D%E0%A4%9A%E0%A4%95%E0%A4%AE%E0%A5%8D,,
sāhitya,keralodayaḥ.xml,Keralodaya,K N Eluttacchan,https://sa.wikisource.org/wiki/%E0%A4%95%E0%A5%87%E0%A4%B0%E0%A4%B2%E0%A5%8B%E0%A4%A6%E0%A4%AF%E0%A4%83,,
sāhitya,ketvaṣṭottaraśatanāmāvaliḥ.xml,Ketvaṣṭottaraśatanāmāvali,,https://sa.wikisource.org/wiki/%E0%A4%95%E0%A5%87%E0%A4%A4%E0%A5%8D%E0%A4%B5%E0%A4%B7%E0%A5%8D%E0%A4%9F%E0%A5%8B%E0%A4%A4%E0%A5%8D%E0%A4%A4%E0%A4%B0%E0%A4%B6%E0%A4%A4%E0%A4%A8%E0%A4%BE%E0%A4%AE%E0%A4%BE%E0%A4%B5%E0%A4%B2%E0%A4%BF%E0%A4%83,,
sāhitya,kirātāṣṭakam.xml,Kirātāṣṭaka,,https://sa.wikisource.org/wiki/%E0%A4%95%E0%A4%BF%E0%A4%B0%E0%A4%BE%E0%A4%A4%E0%A4%BE%E0%A4%B7%E0%A5%8D%E0%A4%9F%E0%A4%95%E0%A4%AE%E0%A5%8D,,
sāhitya,kramadīpikā.xml,Kramadīpikā,,https://sa.wikisource.org/wiki/%E0%A4%95%E0%A5%8D%E0%A4%B0%E0%A4%AE%E0%A4%A6%E0%A5%80%E0%A4%AA%E0%A4%BF%E0%A4%95%E0%A4%BE,,
sāhitya,kumārīsahasranāmastotram.xml,Kumārīsahasranāmastotra,,https://sa.wikisource.org/wiki/%E0%A4%95%E0%A5%81%E0%A4%AE%E0%A4%BE%E0%A4%B0%E0%A5%80%E0%A4%B8%E0%A4%B9%E0%A4%B8%E0%A5%8D%E0%A4%B0%E0%A4%A8%E0%A4%BE%E0%A4%AE%E0%A4%B8%E0%A5%8D%E0%A4%A4%E0%A5%8B%E0%A4%A4%E0%A5%8D%E0%A4%B0%E0%A4%AE%E0%A5%8D,,
sāhitya,kuvalayānanda.xml,Kuvalayānanda,,https://sa.wikisource.org/wiki/%E0%A4%95%E0%A5%81%E0%A4%B5%E0%A4%B2%E0%A4%AF%E0%A4%BE%E0%A4%A8%E0%A4%A8%E0%A5%8D%E0%A4%A6%E0%A4%83,,
sāhitya,kuvalayānandaḥ_sodāharaṇam.xml,Kuvalayānanda (sodāharaṇa),Appadikṣita,https://sa.wikisource.org/wiki/%E0%A4%95%E0%A5%81%E0%A4%B5%E0%A4%B2%E0%A4%AF%E0%A4%BE%E0%A4%A8%E0%A4%A8%E0%A5%8D%E0%A4%A6%E0%A4%83_%E0%A4%B8%E0%A5%8B%E0%A4%A6%E0%A4%BE%E0%A4%B9%E0%A4%B0%E0%A4%A3%E0%A4%AE%E0%A5%8D,,
sāhitya,kuṇḍalinīsahasranāmastotram.xml,Kuṇḍalinīsahasranāmastotra,,https://sa.wikisource.org/wiki/%E0%A4%95%E0%A5%81%E0%A4%A3%E0%A5%8D%E0%A4%A1%E0%A4%B2%E0%A4%BF%E0%A4%A8%E0%A5%80%E0%A4%B8%E0%A4%B9%E0%A4%B8%E0%A5%8D%E0%A4%B0%E0%A4%A8%E0%A4%BE%E0%A4%AE%E0%A4%B8%E0%A5%8D%E0%A4%A4%E0%A5%8B%E0%A4%A4%E0%A5%8D%E0%A4%B0%E0%A4%AE%E0%A5%8D,,
sāhitya,kākinyaṣṭottarasahasranāmastotram.xml,Kākinyaṣṭottarasahasranāmastotra,,https://sa.wikisource.org/wiki/%E0%A4%95%E0%A4%BE%E0%A4%95%E0%A4%BF%E0%A4%A8%E0%A5%8D%E0%A4%AF%E0%A4%B7%E0%A5%8D%E0%A4%9F%E0%A5%8B%E0%A4%A4%E0%A5%8D%E0%A4%A4%E0%A4%B0%E0%A4%B8%E0%A4%B9%E0%A4%B8%E0%A5%8D%E0%A4%B0%E0%A4%A8%E0%A4%BE%E0%A4%AE%E0%A4%B8%E0%A5%8D%E0%A4%A4%E0%A5%8B%E0%A4%A4%E0%A5%8D%E0%A4%B0%E0%A4%AE%E0%A5%8D,,
sāhitya,kālabhairavāṣṭakam_bṛhatstotraratnākarāntargatam.xml,Kālabhairavāṣṭaka (Bṛhatstotraratnākarāntargata),Śaṅkarācārya,https://sa.wikisource.org/wiki/%E0%A4%95%E0%A4%BE%E0%A4%B2%E0%A4%AD%E0%A5%88%E0%A4%B0%E0%A4%B5%E0%A4%BE%E0%A4%B7%E0%A5%8D%E0%A4%9F%E0%A4%95%E0%A4%AE%E0%A5%8D_(%E0%A4%AC%E0%A5%83%E0%A4%B9%E0%A4%A4%E0%A5%8D%E0%A4%B8%E0%A5%8D%E0%A4%A4%E0%A5%8B%E0%A4%A4%E0%A5%8D%E0%A4%B0%E0%A4%B0%E0%A4%A4%E0%A5%8D%E0%A4%A8%E0%A4%BE%E0%A4%95%E0%A4%B0%E0%A4%BE%E0%A4%A8%E0%A5%8D%E0%A4%A4%E0%A4%B0%E0%A5%8D%E0%A4%97%E0%A4%A4%E0%A4%AE%E0%A5%8D),,
sāhitya,kālabhairavāṣṭakam.xml,Kālabhairavāṣṭaka (Bṛhatstotraratnākarāntargata),Śaṅkarācārya,https://sa.wikisource.org/wiki/%E0%A4%95%E0%A4%BE%E0%A4%B2%E0%A4%AD%E0%A5%88%E0%A4%B0%E0%A4%B5%E0%A4%BE%E0%A4%B7%E0%A5%8D%E0%A4%9F%E0%A4%95%E0%A4%AE%E0%A5%8D_(%E0%A4%AC%E0%A5%83%E0%A4%B9%E0%A4%A4%E0%A5%8D%E0%A4%B8%E0%A5%8D%E0%A4%A4%E0%A5%8B%E0%A4%A4%E0%A5%8D%E0%A4%B0%E0%A4%B0%E0%A4%A4%E0%A5%8D%E0%A4%A8%E0%A4%BE%E0%A4%95%E0%A4%B0%E0%A4%BE%E0%A4%A8%E0%A5%8D%E0%A4%A4%E0%A4%B0%E0%A5%8D%E0%A4%97%E0%A4%A4%E0%A4%AE%E0%A5%8D),,
sāhitya,kālīsahasranāmastotram_bṛhannīlatantram.xml,Kālīsahasranāmastotra,,https://sa.wikisource.org/wiki/%E0%A4%95%E0%A4%BE%E0%A4%B2%E0%A5%80%E0%A4%B8%E0%A4%B9%E0%A4%B8%E0%A5%8D%E0%A4%B0%E0%A4%A8%E0%A4%BE%E0%A4%AE%E0%A4%B8%E0%A5%8D%E0%A4%A4%E0%A5%8B%E0%A4%A4%E0%A5%8D%E0%A4%B0%E0%A4%AE%E0%A5%8D,,
sāhitya,kālīsahasranāmastotram.xml,Kālīsahasranāmastotra,,https://sa.wikisource.org/wiki/%E0%A4%95%E0%A4%BE%E0%A4%B2%E0%A5%80%E0%A4%B8%E0%A4%B9%E0%A4%B8%E0%A5%8D%E0%A4%B0%E0%A4%A8%E0%A4%BE%E0%A4%AE%E0%A4%B8%E0%A5%8D%E0%A4%A4%E0%A5%8B%E0%A4%A4%E0%A5%8D%E0%A4%B0%E0%A4%AE%E0%A5%8D,,
sāhitya,kārtikeyastotram.xml,Kārtikeyastotra,,https://sa.wikisource.org/wiki/%E0%A4%95%E0%A4%BE%E0%A4%B0%E0%A5%8D%E0%A4%A4%E0%A4%BF%E0%A4%95%E0%A5%87%E0%A4%AF%E0%A4%B8%E0%A5%8D%E0%A4%A4%E0%A5%8B%E0%A4%A4%E0%A5%8D%E0%A4%B0%E0%A4%AE%E0%A5%8D,,
sāhitya,kātyāyanyaṣṭakam.xml,Kātyāyanyaṣṭaka,,https://sa.wikisource.org/wiki/%E0%A4%95%E0%A4%BE%E0%A4%A4%E0%A5%8D%E0%A4%AF%E0%A4%BE%E0%A4%AF%E0%A4%A8%E0%A5%8D%E0%A4%AF%E0%A4%B7%E0%A5%8D%E0%A4%9F%E0%A4%95%E0%A4%AE%E0%A5%8D,,
sāhitya,kāvyādarśavyākhyā_hṛdayaṅgamā.xml,Kāvyādarśavyākhyā Hṛdayaṅgamā,Śrīmajjīvānandavidyāsāgarabhaṭṭācārya,https://sa.wikisource.org/wiki/%E0%A4%95%E0%A4%BE%E0%A4%B5%E0%A5%8D%E0%A4%AF%E0%A4%BE%E0%A4%A6%E0%A4%B0%E0%A5%8D%E0%A4%B6%E0%A4%B5%E0%A5%8D%E0%A4%AF%E0%A4%BE%E0%A4%96%E0%A5%8D%E0%A4%AF%E0%A4%BE_%E0%A4%B9%E0%A5%83%E0%A4%A6%E0%A4%AF%E0%A4%99%E0%A5%8D%E0%A4%97%E0%A4%AE%E0%A4%BE,,
sāhitya,kāśyaṣṭakam.xml,Kāśyaṣṭaka,,https://sa.wikisource.org/wiki/%E0%A4%95%E0%A4%BE%E0%A4%B6%E0%A5%8D%E0%A4%AF%E0%A4%B7%E0%A5%8D%E0%A4%9F%E0%A4%95%E0%A4%AE%E0%A5%8D,,
sāhitya,kāśīviśveśvarastotram.xml,Kāśīviśveśvarastotra,Śrīvāsudevānandasarasvatī,https://sa.wikisource.org/wiki/%E0%A4%95%E0%A4%BE%E0%A4%B6%E0%A5%80%E0%A4%B5%E0%A4%BF%E0%A4%B6%E0%A5%8D%E0%A4%B5%E0%A5%87%E0%A4%B6%E0%A5%8D%E0%A4%B5%E0%A4%B0%E0%A4%B8%E0%A5%8D%E0%A4%A4%E0%A5%8B%E0%A4%A4%E0%A5%8D%E0%A4%B0%E0%A4%AE%E0%A5%8D,,
sāhitya,kīlakastotram.xml,Kīlakastotra,,https://sa.wikisource.org/wiki/%E0%A4%95%E0%A5%80%E0%A4%B2%E0%A4%95%E0%A4%B8%E0%A5%8D%E0%A4%A4%E0%A5%8B%E0%A4%A4%E0%A5%8D%E0%A4%B0%E0%A4%AE%E0%A5%8D,,
sāhitya,kṛṣṇasahasranāmastotram_gargasaṃhitā.xml,Kṛṣṇasahasranāmastotra,,https://sa.wikisource.org/wiki/%E0%A4%95%E0%A5%83%E0%A4%B7%E0%A5%8D%E0%A4%A3%E0%A4%B8%E0%A4%B9%E0%A4%B8%E0%A5%8D%E0%A4%B0%E0%A4%A8%E0%A4%BE%E0%A4%AE%E0%A4%B8%E0%A5%8D%E0%A4%A4%E0%A5%8B%E0%A4%A4%E0%A5%8D%E0%A4%B0%E0%A4%AE%E0%A5%8D,,
sāhitya,kṛṣṇasahasranāmastotram_sātvatatantram.xml,Kṛṣṇasahasranāmastotra,,https://sa.wikisource.org/wiki/%E0%A4%95%E0%A5%83%E0%A4%B7%E0%A5%8D%E0%A4%A3%E0%A4%B8%E0%A4%B9%E0%A4%B8%E0%A5%8D%E0%A4%B0%E0%A4%A8%E0%A4%BE%E0%A4%AE%E0%A4%B8%E0%A5%8D%E0%A4%A4%E0%A5%8B%E0%A4%A4%E0%A5%8D%E0%A4%B0%E0%A4%AE%E0%A5%8D,,
sāhitya,kṛṣṇasahasranāmastotram.xml,Kṛṣṇasahasranāmastotra,,https://sa.wikisource.org/wiki/%E0%A4%95%E0%A5%83%E0%A4%B7%E0%A5%8D%E0%A4%A3%E0%A4%B8%E0%A4%B9%E0%A4%B8%E0%A5%8D%E0%A4%B0%E0%A4%A8%E0%A4%BE%E0%A4%AE%E0%A4%B8%E0%A5%8D%E0%A4%A4%E0%A5%8B%E0%A4%A4%E0%A5%8D%E0%A4%B0%E0%A4%AE%E0%A5%8D,,
sāhitya,kṣamāprārthanā.xml,Kṣamāprārthanā,,https://sa.wikisource.org/wiki/%E0%A4%95%E0%A5%8D%E0%A4%B7%E0%A4%AE%E0%A4%BE%E0%A4%AA%E0%A5%8D%E0%A4%B0%E0%A4%BE%E0%A4%B0%E0%A5%8D%E0%A4%A5%E0%A4%A8%E0%A4%BE,,
sāhitya,lakṣmīnarasiṃhasuprabhātastotram.xml,Lakṣmīnarasiṃhasuprabhātastotra,,https://sa.wikisource.org/wiki/%E0%A4%B2%E0%A4%95%E0%A5%8D%E0%A4%B7%E0%A5%8D%E0%A4%AE%E0%A5%80%E0%A4%A8%E0%A4%B0%E0%A4%B8%E0%A4%BF%E0%A4%82%E0%A4%B9%E0%A4%B8%E0%A5%81%E0%A4%AA%E0%A5%8D%E0%A4%B0%E0%A4%AD%E0%A4%BE%E0%A4%A4%E0%A4%B8%E0%A5%8D%E0%A4%A4%E0%A5%8B%E0%A4%A4%E0%A5%8D%E0%A4%B0%E0%A4%AE%E0%A5%8D,,
sāhitya,lakṣmīnārāyaṇakavacam.xml,Lakṣmīnārāyaṇakavaca,,https://sa.wikisource.org/wiki/%E0%A4%B2%E0%A4%95%E0%A5%8D%E0%A4%B7%E0%A5%8D%E0%A4%AE%E0%A5%80%E0%A4%A8%E0%A4%BE%E0%A4%B0%E0%A4%BE%E0%A4%AF%E0%A4%A3%E0%A4%95%E0%A4%B5%E0%A4%9A%E0%A4%AE%E0%A5%8D,,
sāhitya,lakṣmīnārāyaṇastotram.xml,Lakṣmīnārāyaṇastotra,Śrīvāsudevānandasarasvatī,https://sa.wikisource.org/wiki/%E0%A4%B2%E0%A4%95%E0%A5%8D%E0%A4%B7%E0%A5%8D%E0%A4%AE%E0%A5%80%E0%A4%A8%E0%A4%BE%E0%A4%B0%E0%A4%BE%E0%A4%AF%E0%A4%A3%E0%A4%B8%E0%A5%8D%E0%A4%A4%E0%A5%8B%E0%A4%A4%E0%A5%8D%E0%A4%B0%E0%A4%AE%E0%A5%8D,,
sāhitya,lakṣmīnṛsiṃhakaruṇārasastotra.xml,Lakṣmīnṛsiṃhakaruṇārasastotra,,https://sa.wikisource.org/wiki/%E0%A4%B2%E0%A4%95%E0%A5%8D%E0%A4%B7%E0%A5%8D%E0%A4%AE%E0%A5%80%E0%A4%A8%E0%A5%83%E0%A4%B8%E0%A4%BF%E0%A4%82%E0%A4%B9%E0%A4%95%E0%A4%B0%E0%A5%81%E0%A4%A3%E0%A4%BE%E0%A4%B0%E0%A4%B8%E0%A4%B8%E0%A5%8D%E0%A4%A4%E0%A5%8B%E0%A4%A4%E0%A5%8D%E0%A4%B0,,
sāhitya,lakṣmīnṛsiṃhamaṅgaḻāśāsanam.xml,Lakṣmīnṛsiṃhamaṅgaḻāśāsana,,https://sa.wikisource.org/wiki/%E0%A4%B2%E0%A4%95%E0%A5%8D%E0%A4%B7%E0%A5%8D%E0%A4%AE%E0%A5%80%E0%A4%A8%E0%A5%83%E0%A4%B8%E0%A4%BF%E0%A4%82%E0%A4%B9%E0%A4%AE%E0%A4%99%E0%A5%8D%E0%A4%97%E0%A4%B3%E0%A4%BE%E0%A4%B6%E0%A4%BE%E0%A4%B8%E0%A4%A8%E0%A4%AE%E0%A5%8D,,
sāhitya,lakṣmīnṛsiṃhapañcaratna.xml,Lakṣmīnṛsiṃhapañcaratna,,https://sa.wikisource.org/wiki/%E0%A4%B2%E0%A4%95%E0%A5%8D%E0%A4%B7%E0%A5%8D%E0%A4%AE%E0%A5%80%E0%A4%A8%E0%A5%83%E0%A4%B8%E0%A4%BF%E0%A4%82%E0%A4%B9%E0%A4%AA%E0%A4%9E%E0%A5%8D%E0%A4%9A%E0%A4%B0%E0%A4%A4%E0%A5%8D%E0%A4%A8,,
sāhitya,lakṣmīnṛsiṃhaprapatti.xml,Lakṣmīnṛsiṃhaprapatti,,https://sa.wikisource.org/wiki/%E0%A4%B2%E0%A4%95%E0%A5%8D%E0%A4%B7%E0%A5%8D%E0%A4%AE%E0%A5%80%E0%A4%A8%E0%A5%83%E0%A4%B8%E0%A4%BF%E0%A4%82%E0%A4%B9%E0%A4%AA%E0%A5%8D%E0%A4%B0%E0%A4%AA%E0%A4%A4%E0%A5%8D%E0%A4%A4%E0%A4%BF,,
sāhitya,lakṣmīnṛsiṃhasahasranāmāvali.xml,Lakṣmīnṛsiṃhasahasranāmāvali,,https://sa.wikisource.org/wiki/%E0%A4%B2%E0%A4%95%E0%A5%8D%E0%A4%B7%E0%A5%8D%E0%A4%AE%E0%A5%80%E0%A4%A8%E0%A5%83%E0%A4%B8%E0%A4%BF%E0%A4%82%E0%A4%B9%E0%A4%B8%E0%A4%B9%E0%A4%B8%E0%A5%8D%E0%A4%B0%E0%A4%A8%E0%A4%BE%E0%A4%AE%E0%A4%BE%E0%A4%B5%E0%A4%B2%E0%A4%BF,,
sāhitya,lakṣmīnṛsiṃhastotram.xml,Lakṣmīnṛsiṃhastotra,,https://sa.wikisource.org/wiki/%E0%A4%B2%E0%A4%95%E0%A5%8D%E0%A4%B7%E0%A5%8D%E0%A4%AE%E0%A5%80%E0%A4%A8%E0%A5%83%E0%A4%B8%E0%A4%BF%E0%A4%82%E0%A4%B9%E0%A4%B8%E0%A5%8D%E0%A4%A4%E0%A5%8B%E0%A4%A4%E0%A5%8D%E0%A4%B0%E0%A4%AE%E0%A5%8D,,
sāhitya,lakṣmīślokaḥ.xml,Lakṣmīśloka,,https://sa.wikisource.org/wiki/%E0%A4%B2%E0%A4%95%E0%A5%8D%E0%A4%B7%E0%A5%8D%E0%A4%AE%E0%A5%80_%E0%A4%B6%E0%A5%8D%E0%A4%B2%E0%A5%8B%E0%A4%95%E0%A4%83,,
sāhitya,lalitāpañcaratnam.xml,Lalitāpañcaratna,,https://sa.wikisource.org/wiki/%E0%A4%B2%E0%A4%B2%E0%A4%BF%E0%A4%A4%E0%A4%BE%E0%A4%AA%E0%A4%9E%E0%A5%8D%E0%A4%9A%E0%A4%B0%E0%A4%A4%E0%A5%8D%E0%A4%A8%E0%A4%AE%E0%A5%8D,,
sāhitya,madhurāṣṭakam.xml,Madhurāṣṭaka,Vallabhācārya,https://sa.wikisource.org/wiki/%E0%A4%AE%E0%A4%A7%E0%A5%81%E0%A4%B0%E0%A4%BE%E0%A4%B7%E0%A5%8D%E0%A4%9F%E0%A4%95%E0%A4%AE%E0%A5%8D,,
sāhitya,madhusūdanastotram.xml,Madhusūdanastotra,,https://sa.wikisource.org/wiki/%E0%A4%AE%E0%A4%A7%E0%A5%81%E0%A4%B8%E0%A5%82%E0%A4%A6%E0%A4%A8%E0%A4%B8%E0%A5%8D%E0%A4%A4%E0%A5%8B%E0%A4%A4%E0%A5%8D%E0%A4%B0%E0%A4%AE%E0%A5%8D,,
sāhitya,madhyamavyāyogaḥ.xml,Madhyamavyāyoga,Bhāsa,https://sa.wikisource.org/wiki/%E0%A4%AE%E0%A4%A7%E0%A5%8D%E0%A4%AF%E0%A4%AE%E0%A4%B5%E0%A5%8D%E0%A4%AF%E0%A4%BE%E0%A4%AF%E0%A5%8B%E0%A4%97%E0%A4%83,,
sāhitya,mahāmahimānvitaṃ_ādityastotram.xml,Mahāmahimānvita Ādityastotra,Appayyadīkṣita,https://sa.wikisource.org/wiki/%E0%A4%AE%E0%A4%B9%E0%A4%BE%E0%A4%AE%E0%A4%B9%E0%A4%BF%E0%A4%AE%E0%A4%BE%E0%A4%A8%E0%A5%8D%E0%A4%B5%E0%A4%BF%E0%A4%A4%E0%A4%82_%E0%A4%86%E0%A4%A6%E0%A4%BF%E0%A4%A4%E0%A5%8D%E0%A4%AF%E0%A4%B8%E0%A5%8D%E0%A4%A4%E0%A5%8B%E0%A4%A4%E0%A5%8D%E0%A4%B0%E0%A4%AE%E0%A5%8D,,
sāhitya,mahānandīśvarasujaṅgastotram.xml,Mahānandīśvarasujaṅgastotra,,https://sa.wikisource.org/wiki/%E0%A4%AE%E0%A4%B9%E0%A4%BE%E0%A4%A8%E0%A4%A8%E0%A5%8D%E0%A4%A6%E0%A5%80%E0%A4%B6%E0%A5%8D%E0%A4%B5%E0%A4%B0%E0%A4%B8%E0%A5%81%E0%A4%9C%E0%A4%99%E0%A5%8D%E0%A4%97%E0%A4%B8%E0%A5%8D%E0%A4%A4%E0%A5%8B%E0%A4%A4%E0%A5%8D%E0%A4%B0%E0%A4%AE%E0%A5%8D,,
sāhitya,malhārīkavacam.xml,Malhārīkavaca,,https://sa.wikisource.org/wiki/%E0%A4%AE%E0%A4%B2%E0%A5%8D%E0%A4%B9%E0%A4%BE%E0%A4%B0%E0%A5%80%E0%A4%95%E0%A4%B5%E0%A4%9A%E0%A4%AE%E0%A5%8D,,
sāhitya,manobodhaḥ.xml,Manobodha,,https://sa.wikisource.org/wiki/%E0%A4%AE%E0%A4%A8%E0%A5%8B%E0%A4%AC%E0%A5%8B%E0%A4%A7%E0%A4%83,,
sāhitya,mantragarbhaśrīdattātreyāṣṭottaraśatanāmastotram.xml,Mantragarbhaśrīdattātreyāṣṭottaraśatanāmastotra,,https://sa.wikisource.org/wiki/%E0%A4%AE%E0%A4%A8%E0%A5%8D%E0%A4%A4%E0%A5%8D%E0%A4%B0%E0%A4%97%E0%A4%B0%E0%A5%8D%E0%A4%AD%E0%A4%B6%E0%A5%8D%E0%A4%B0%E0%A5%80%E0%A4%A6%E0%A4%A4%E0%A5%8D%E0%A4%A4%E0%A4%BE%E0%A4%A4%E0%A5%8D%E0%A4%B0%E0%A5%87%E0%A4%AF%E0%A4%BE%E0%A4%B7%E0%A5%8D%E0%A4%9F%E0%A5%8B%E0%A4%A4%E0%A5%8D%E0%A4%A4%E0%A4%B0%E0%A4%B6%E0%A4%A4%E0%A4%A8%E0%A4%BE%E0%A4%AE%E0%A4%B8%E0%A5%8D%E0%A4%A4%E0%A5%8B%E0%A4%A4%E0%A5%8D%E0%A4%B0%E0%A4%AE%E0%A5%8D,,
sāhitya,manīṣāpañcakam.xml,Manīṣāpañcaka,,https://sa.wikisource.org/wiki/%E0%A4%AE%E0%A4%A8%E0%A5%80%E0%A4%B7%E0%A4%BE%E0%A4%AA%E0%A4%9E%E0%A5%8D%E0%A4%9A%E0%A4%95%E0%A4%AE%E0%A5%8D,,
sāhitya,maṅkigītā.xml,Maṅkigītā,,https://sa.wikisource.org/wiki/%E0%A4%AE%E0%A4%99%E0%A5%8D%E0%A4%95%E0%A4%BF%E0%A4%97%E0%A5%80%E0%A4%A4%E0%A4%BE,,
sāhitya,medhādakṣiṇāmūrtimantravarṇapadastutiḥ.xml,Medhādakṣiṇāmūrtimantravarṇapadastuti,,https://sa.wikisource.org/wiki/%E0%A4%AE%E0%A5%87%E0%A4%A7%E0%A4%BE%E0%A4%A6%E0%A4%95%E0%A5%8D%E0%A4%B7%E0%A4%BF%E0%A4%A3%E0%A4%BE%E0%A4%AE%E0%A5%82%E0%A4%B0%E0%A5%8D%E0%A4%A4%E0%A4%BF%E0%A4%AE%E0%A4%A8%E0%A5%8D%E0%A4%A4%E0%A5%8D%E0%A4%B0%E0%A4%B5%E0%A4%B0%E0%A5%8D%E0%A4%A3%E0%A4%AA%E0%A4%A6%E0%A4%B8%E0%A5%8D%E0%A4%A4%E0%A5%81%E0%A4%A4%E0%A4%BF%E0%A4%83,,
sāhitya,meghasandeśaḥ.xml,Meghasandeśa (Dakṣiṇāvartanātha),Kālidāsa,https://sa.wikisource.org/wiki/%E0%A4%AE%E0%A5%87%E0%A4%98%E0%A4%B8%E0%A4%A8%E0%A5%8D%E0%A4%A6%E0%A5%87%E0%A4%B6%E0%A4%83_-_%E0%A4%A6%E0%A4%95%E0%A5%8D%E0%A4%B7%E0%A4%BF%E0%A4%A3%E0%A4%BE%E0%A4%B5%E0%A4%B0%E0%A5%8D%E0%A4%A4%E0%A4%A8%E0%A4%BE%E0%A4%A5%E0%A4%83_-%E0%A5%A7%E0%A5%AF%E0%A5%A7%E0%A5%AF,,
sāhitya,murukāṣṭakam.xml,Murukāṣṭaka,,https://sa.wikisource.org/wiki/%E0%A4%AE%E0%A5%81%E0%A4%B0%E0%A5%81%E0%A4%95%E0%A4%BE%E0%A4%B7%E0%A5%8D%E0%A4%9F%E0%A4%95%E0%A4%AE%E0%A5%8D,,
sāhitya,mānasollāsaḥ.xml,Mānasollāsa,,https://sa.wikisource.org/wiki/%E0%A4%AE%E0%A4%BE%E0%A4%A8%E0%A4%B8%E0%A5%8B%E0%A4%B2%E0%A5%8D%E0%A4%B2%E0%A4%BE%E0%A4%B8%E0%A4%83,,
sāhitya,mārkaṇḍeyaśivāṣṭakam.xml,Mārkaṇḍeyaśivāṣṭaka,Mārkaṇḍeya,https://sa.wikisource.org/wiki/%E0%A4%AE%E0%A4%BE%E0%A4%B0%E0%A5%8D%E0%A4%95%E0%A4%A3%E0%A5%8D%E0%A4%A1%E0%A5%87%E0%A4%AF%E0%A4%B6%E0%A4%BF%E0%A4%B5%E0%A4%BE%E0%A4%B7%E0%A5%8D%E0%A4%9F%E0%A4%95%E0%A4%AE%E0%A5%8D,,
sāhitya,māṃgalyastavaḥ.xml,Māṃgalyastava,,https://sa.wikisource.org/wiki/%E0%A4%AE%E0%A4%BE%E0%A4%99%E0%A5%8D%E0%A4%97%E0%A4%B2%E0%A5%8D%E0%A4%AF%E0%A4%B8%E0%A5%8D%E0%A4%A4%E0%A4%B5%E0%A4%83,,
sāhitya,mīnākṣīstrotram.xml,Mīnākṣīstrotra,,https://sa.wikisource.org/wiki/%E0%A4%AE%E0%A5%80%E0%A4%A8%E0%A4%BE%E0%A4%95%E0%A5%8D%E0%A4%B7%E0%A5%80%E0%A4%B8%E0%A5%8D%E0%A4%A4%E0%A5%8D%E0%A4%B0%E0%A5%8B%E0%A4%A4%E0%A5%8D%E0%A4%B0%E0%A4%AE%E0%A5%8D,,
sāhitya,mṛtyuñjayamānasikapūjāstotram_bṛhatstotraratnākarāntargatam.xml,Mṛtyuñjayamānasikapūjāstotra (Bṛhatstotraratnākarāntargata),Śaṅkarācārya,https://sa.wikisource.org/wiki/%E0%A4%AE%E0%A5%83%E0%A4%A4%E0%A5%8D%E0%A4%AF%E0%A5%81%E0%A4%9E%E0%A5%8D%E0%A4%9C%E0%A4%AF%E0%A4%AE%E0%A4%BE%E0%A4%A8%E0%A4%B8%E0%A4%BF%E0%A4%95%E0%A4%AA%E0%A5%82%E0%A4%9C%E0%A4%BE%E0%A4%B8%E0%A5%8D%E0%A4%A4%E0%A5%8B%E0%A4%A4%E0%A5%8D%E0%A4%B0%E0%A4%AE%E0%A5%8D_(%E0%A4%AC%E0%A5%83%E0%A4%B9%E0%A4%A4%E0%A5%8D%E0%A4%B8%E0%A5%8D%E0%A4%A4%E0%A5%8B%E0%A4%A4%E0%A5%8D%E0%A4%B0%E0%A4%B0%E0%A4%A4%E0%A5%8D%E0%A4%A8%E0%A4%BE%E0%A4%95%E0%A4%B0%E0%A4%BE%E0%A4%A8%E0%A5%8D%E0%A4%A4%E0%A4%B0%E0%A5%8D%E0%A4%97%E0%A4%A4%E0%A4%AE%E0%A5%8D),,
sāhitya,naiṣadhīyacaritam.xml,Naiṣadhīyacarita,,https://sa.wikisource.org/wiki/%E0%A4%A8%E0%A5%88%E0%A4%B7%E0%A4%A7%E0%A5%80%E0%A4%AF%E0%A4%9A%E0%A4%B0%E0%A4%BF%E0%A4%A4%E0%A4%AE%E0%A5%8D_%E0%A4%B8%E0%A4%AE%E0%A5%8D%E0%A4%AA%E0%A5%82%E0%A4%B0%E0%A5%8D%E0%A4%A3%E0%A4%AE%E0%A5%8D,,
sāhitya,nakhastutiḥ.xml,Nakhastuti,Śrīmadānandatīrthā,https://sa.wikisource.org/wiki/%E0%A4%A8%E0%A4%96%E0%A4%B8%E0%A5%8D%E0%A4%A4%E0%A5%81%E0%A4%A4%E0%A4%BF%E0%A4%83,,
sāhitya,nalacampū.xml,Nalacampū,,https://sa.wikisource.org/wiki/%E0%A4%A8%E0%A4%B2%E0%A4%9A%E0%A4%AE%E0%A5%8D%E0%A4%AA%E0%A5%82,,
sāhitya,narmadāṣṭakam.xml,Narmadāṣṭaka,,https://sa.wikisource.org/wiki/%E0%A4%A8%E0%A4%B0%E0%A5%8D%E0%A4%AE%E0%A4%A6%E0%A4%BE%E0%A4%B7%E0%A5%8D%E0%A4%9F%E0%A4%95%E0%A4%AE%E0%A5%8D,,
sāhitya,navagrahastotram.xml,Navagrahastotra,Vedavyāsa,https://sa.wikisource.org/wiki/%E0%A4%A8%E0%A4%B5%E0%A4%97%E0%A5%8D%E0%A4%B0%E0%A4%B9%E0%A4%B8%E0%A5%8D%E0%A4%A4%E0%A5%8B%E0%A4%A4%E0%A5%8D%E0%A4%B0%E0%A4%AE%E0%A5%8D,,
sāhitya,navanāgastotram.xml,Navanāgastotra,,https://sa.wikisource.org/wiki/%E0%A4%A8%E0%A4%B5%E0%A4%A8%E0%A4%BE%E0%A4%97%E0%A4%B8%E0%A5%8D%E0%A4%A4%E0%A5%8B%E0%A4%A4%E0%A5%8D%E0%A4%B0%E0%A4%AE%E0%A5%8D,,
sāhitya,naṭeśapañcaratnam.xml,Naṭeśapañcaratna,,https://sa.wikisource.org/wiki/%E0%A4%A8%E0%A4%9F%E0%A5%87%E0%A4%B6%E0%A4%AA%E0%A4%9E%E0%A5%8D%E0%A4%9A%E0%A4%B0%E0%A4%A4%E0%A5%8D%E0%A4%A8%E0%A4%AE%E0%A5%8D,,
sāhitya,naṭeśasahasranāmastotram.xml,Naṭeśasahasranāmastotra,,https://sa.wikisource.org/wiki/%E0%A4%A8%E0%A4%9F%E0%A5%87%E0%A4%B6%E0%A4%B8%E0%A4%B9%E0%A4%B8%E0%A5%8D%E0%A4%B0%E0%A4%A8%E0%A4%BE%E0%A4%AE%E0%A4%B8%E0%A5%8D%E0%A4%A4%E0%A5%8B%E0%A4%A4%E0%A5%8D%E0%A4%B0%E0%A4%AE%E0%A5%8D,,
sāhitya,nirvāṇadaśakam.xml,Nirvāṇadaśaka,Śaṅkarācārya,https://sa.wikisource.org/wiki/%E0%A4%A8%E0%A4%BF%E0%A4%B0%E0%A5%8D%E0%A4%B5%E0%A4%BE%E0%A4%A3%E0%A4%A6%E0%A4%B6%E0%A4%95%E0%A4%AE%E0%A5%8D,,
sāhitya,nirvāṇamañjarī.xml,Nirvāṇamañjarī,,https://sa.wikisource.org/wiki/%E0%A4%A8%E0%A4%BF%E0%A4%B0%E0%A5%8D%E0%A4%B5%E0%A4%BE%E0%A4%A3%E0%A4%AE%E0%A4%9E%E0%A5%8D%E0%A4%9C%E0%A4%B0%E0%A5%80,,
sāhitya,nirvāṇaṣaṭkam_bṛhatstotraratnākarāntargatam.xml,Nirvāṇaṣaṭka,,https://sa.wikisource.org/wiki/%E0%A4%A8%E0%A4%BF%E0%A4%B0%E0%A5%8D%E0%A4%B5%E0%A4%BE%E0%A4%A3%E0%A4%B7%E0%A4%9F%E0%A5%8D%E0%A4%95%E0%A4%AE%E0%A5%8D,,
sāhitya,nirvāṇaṣaṭkam.xml,Nirvāṇaṣaṭka,,https://sa.wikisource.org/wiki/%E0%A4%A8%E0%A4%BF%E0%A4%B0%E0%A5%8D%E0%A4%B5%E0%A4%BE%E0%A4%A3%E0%A4%B7%E0%A4%9F%E0%A5%8D%E0%A4%95%E0%A4%AE%E0%A5%8D,,
sāhitya,nāmarāmāyaṇam.xml,Nāmarāmāyaṇa,,https://sa.wikisource.org/wiki/%E0%A4%A8%E0%A4%BE%E0%A4%AE%E0%A4%B0%E0%A4%BE%E0%A4%AE%E0%A4%BE%E0%A4%AF%E0%A4%A3%E0%A4%AE%E0%A5%8D,,
sāhitya,nāradabhaktisūtram.xml,Nāradabhaktisūtra,,https://sa.wikisource.org/wiki/%E0%A4%A8%E0%A4%BE%E0%A4%B0%E0%A4%A6%E0%A4%AD%E0%A4%95%E0%A5%8D%E0%A4%A4%E0%A4%BF%E0%A4%B8%E0%A5%82%E0%A4%A4%E0%A5%8D%E0%A4%B0%E0%A4%AE%E0%A5%8D,,
sāhitya,nāradapañcarātram‌.xml,Nāradapañcarātram,,https://sa.wikisource.org/wiki/%E0%A4%A8%E0%A4%BE%E0%A4%B0%E0%A4%A6%E0%A4%AA%E0%A4%9E%E0%A5%8D%E0%A4%9A%E0%A4%B0%E0%A4%BE%E0%A4%A4%E0%A5%8D%E0%A4%B0%E0%A4%AE%E0%A5%8D%E2%80%8C,,
sāhitya,nārāyaṇakavacam.xml,Nārāyaṇakavaca,,https://sa.wikisource.org/wiki/%E0%A4%A8%E0%A4%BE%E0%A4%B0%E0%A4%BE%E0%A4%AF%E0%A4%A3%E0%A4%95%E0%A4%B5%E0%A4%9A%E0%A4%AE%E0%A5%8D,,
sāhitya,nārāyaṇastotram.xml,Nārāyaṇastotra,,https://sa.wikisource.org/wiki/%E0%A4%A8%E0%A4%BE%E0%A4%B0%E0%A4%BE%E0%A4%AF%E0%A4%A3%E0%A4%B8%E0%A5%8D%E0%A4%A4%E0%A5%8B%E0%A4%A4%E0%A5%8D%E0%A4%B0%E0%A4%AE%E0%A5%8D,,
sāhitya,nārāyaṇāṣṭakam.xml,Nārāyaṇāṣṭaka,,https://sa.wikisource.org/wiki/%E0%A4%A8%E0%A4%BE%E0%A4%B0%E0%A4%BE%E0%A4%AF%E0%A4%A3%E0%A4%BE%E0%A4%B7%E0%A5%8D%E0%A4%9F%E0%A4%95%E0%A4%AE%E0%A5%8D,,
sāhitya,nārāyaṇīyam_bhaktapriyavyākhyāsahitam.xml,Nārāyaṇīya (Bhaktapriyavyākhyāsahita),Nārāyaṇabhaṭṭa,https://sa.wikisource.org/wiki/%E0%A4%A8%E0%A4%BE%E0%A4%B0%E0%A4%BE%E0%A4%AF%E0%A4%A3%E0%A5%80%E0%A4%AF%E0%A4%AE%E0%A5%8D_(%E0%A4%AD%E0%A4%95%E0%A5%8D%E0%A4%A4%E0%A4%AA%E0%A5%8D%E0%A4%B0%E0%A4%BF%E0%A4%AF%E0%A4%B5%E0%A5%8D%E0%A4%AF%E0%A4%BE%E0%A4%96%E0%A5%8D%E0%A4%AF%E0%A4%BE%E0%A4%B8%E0%A4%B9%E0%A4%BF%E0%A4%A4%E0%A4%AE%E0%A5%8D),,
sāhitya,nārāyaṇīyam.xml,Nārāyaṇīya (Bhaktapriyavyākhyāsahita),Nārāyaṇabhaṭṭa,https://sa.wikisource.org/wiki/%E0%A4%A8%E0%A4%BE%E0%A4%B0%E0%A4%BE%E0%A4%AF%E0%A4%A3%E0%A5%80%E0%A4%AF%E0%A4%AE%E0%A5%8D_(%E0%A4%AD%E0%A4%95%E0%A5%8D%E0%A4%A4%E0%A4%AA%E0%A5%8D%E0%A4%B0%E0%A4%BF%E0%A4%AF%E0%A4%B5%E0%A5%8D%E0%A4%AF%E0%A4%BE%E0%A4%96%E0%A5%8D%E0%A4%AF%E0%A4%BE%E0%A4%B8%E0%A4%B9%E0%A4%BF%E0%A4%A4%E0%A4%AE%E0%A5%8D),,
sāhitya,nāṭyaśāstravyākhyā_abhinavabhāratī.xml,Nāṭyaśāstravyākhyā Abhinavabhāratī,Abhinavagupta,https://sa.wikisource.org/wiki/%E0%A4%A8%E0%A4%BE%E0%A4%9F%E0%A5%8D%E0%A4%AF%E0%A4%B6%E0%A4%BE%E0%A4%B8%E0%A5%8D%E0%A4%A4%E0%A5%8D%E0%A4%B0%E0%A4%B5%E0%A5%8D%E0%A4%AF%E0%A4%BE%E0%A4%96%E0%A5%8D%E0%A4%AF%E0%A4%BE_%E0%A4%85%E0%A4%AD%E0%A4%BF%E0%A4%A8%E0%A4%B5%E0%A4%AD%E0%A4%BE%E0%A4%B0%E0%A4%A4%E0%A5%80,,
sāhitya,nīlakaṇṭhanamaśśivāyāṣṭakam.xml,Nīlakaṇṭhanamaśśivāyāṣṭaka,,https://sa.wikisource.org/wiki/%E0%A4%A8%E0%A5%80%E0%A4%B2%E0%A4%95%E0%A4%A3%E0%A5%8D%E0%A4%A0%E0%A4%A8%E0%A4%AE%E0%A4%B6%E0%A5%8D%E0%A4%B6%E0%A4%BF%E0%A4%B5%E0%A4%BE%E0%A4%AF%E0%A4%BE%E0%A4%B7%E0%A5%8D%E0%A4%9F%E0%A4%95%E0%A4%AE%E0%A5%8D,,
sāhitya,nītiprakāśikā.xml,Nītiprakāśikā,,https://sa.wikisource.org/wiki/%E0%A4%A8%E0%A5%80%E0%A4%A4%E0%A4%BF%E0%A4%AA%E0%A5%8D%E0%A4%B0%E0%A4%95%E0%A4%BE%E0%A4%B6%E0%A4%BF%E0%A4%95%E0%A4%BE,,
sāhitya,nṛsiṃhasarasvatyaṣṭakam.xml,Nṛsiṃhasarasvatyaṣṭaka,,https://sa.wikisource.org/wiki/%E0%A4%A8%E0%A5%83%E0%A4%B8%E0%A4%BF%E0%A4%82%E0%A4%B9%E0%A4%B8%E0%A4%B0%E0%A4%B8%E0%A5%8D%E0%A4%B5%E0%A4%A4%E0%A5%8D%E0%A4%AF%E0%A4%B7%E0%A5%8D%E0%A4%9F%E0%A4%95%E0%A4%AE%E0%A5%8D,,
sāhitya,nṛsiṃhastotram.xml,Nṛsiṃhastotra,,https://sa.wikisource.org/wiki/%E0%A4%A8%E0%A5%83%E0%A4%B8%E0%A4%BF%E0%A4%82%E0%A4%B9%E0%A4%B8%E0%A5%8D%E0%A4%A4%E0%A5%8B%E0%A4%A4%E0%A5%8D%E0%A4%B0%E0%A4%AE%E0%A5%8D,,
sāhitya,padminīpariṇayaḥ.xml,Padminīpariṇaya,Elattūr Sundararāja Bhaṭṭācārya,https://sa.wikisource.org/wiki/%E0%A4%AA%E0%A4%A6%E0%A5%8D%E0%A4%AE%E0%A4%BF%E0%A4%A8%E0%A5%80%E0%A4%AA%E0%A4%B0%E0%A4%BF%E0%A4%A3%E0%A4%AF%E0%A4%83,,
sāhitya,paraśurāmastotram.xml,Paraśurāmastotra,Śrīvāsudevānandasarasvatī,https://sa.wikisource.org/wiki/%E0%A4%AA%E0%A4%B0%E0%A4%B6%E0%A5%81%E0%A4%B0%E0%A4%BE%E0%A4%AE%E0%A4%B8%E0%A5%8D%E0%A4%A4%E0%A5%8B%E0%A4%A4%E0%A5%8D%E0%A4%B0%E0%A4%AE%E0%A5%8D,,
sāhitya,pañcamukhihanumatkavacam.xml,Pañcamukhihanumatkavaca,,https://sa.wikisource.org/wiki/%E0%A4%AA%E0%A4%9E%E0%A5%8D%E0%A4%9A%E0%A4%AE%E0%A5%81%E0%A4%96%E0%A4%BF%E0%A4%B9%E0%A4%A8%E0%A5%81%E0%A4%AE%E0%A4%A4%E0%A5%8D%E0%A4%95%E0%A4%B5%E0%A4%9A%E0%A4%AE%E0%A5%8D,,
sāhitya,pañcarātram.xml,Pañcarātra,Bhāsa,https://sa.wikisource.org/wiki/%E0%A4%AA%E0%A4%9E%E0%A5%8D%E0%A4%9A%E0%A4%B0%E0%A4%BE%E0%A4%A4%E0%A5%8D%E0%A4%B0%E0%A4%AE%E0%A5%8D,,
sāhitya,prabodhasudhākaraḥ.xml,Prabodhasudhākara,,https://sa.wikisource.org/wiki/%E0%A4%AA%E0%A5%8D%E0%A4%B0%E0%A4%AC%E0%A5%8B%E0%A4%A7%E0%A4%B8%E0%A5%81%E0%A4%A7%E0%A4%BE%E0%A4%95%E0%A4%B0%E0%A4%83,,
sāhitya,prajñāvivardhanastotra.xml,Prajñāvivardhanastotra,,https://sa.wikisource.org/wiki/%E0%A4%AA%E0%A5%8D%E0%A4%B0%E0%A4%9C%E0%A5%8D%E0%A4%9E%E0%A4%BE%E0%A4%B5%E0%A4%BF%E0%A4%B5%E0%A4%B0%E0%A5%8D%E0%A4%A7%E0%A4%A8_%E0%A4%B8%E0%A5%8D%E0%A4%A4%E0%A5%8B%E0%A4%A4%E0%A5%8D%E0%A4%B0,,
sāhitya,prakāśasaṃhitā.xml,Prakāśasaṃhitā,,https://sa.wikisource.org/wiki/%E0%A4%AA%E0%A5%8D%E0%A4%B0%E0%A4%95%E0%A4%BE%E0%A4%B6%E0%A4%B8%E0%A4%82%E0%A4%B9%E0%A4%BF%E0%A4%A4%E0%A4%BE,n,gretil_sa/sa_prakAzasaMhitA.xml
sāhitya,prameyaratnāvalī.xml,Prameyaratnāvalī,,https://sa.wikisource.org/wiki/%E0%A4%AA%E0%A5%8D%E0%A4%B0%E0%A4%AE%E0%A5%87%E0%A4%AF%E0%A4%B0%E0%A4%A4%E0%A5%8D%E0%A4%A8%E0%A4%BE%E0%A4%B5%E0%A4%B2%E0%A5%80,,
sāhitya,pratijñāyaugandharāyaṇam.xml,Pratijñāyaugandharāyaṇa,Bhāsa,https://sa.wikisource.org/wiki/%E0%A4%AA%E0%A5%8D%E0%A4%B0%E0%A4%A4%E0%A4%BF%E0%A4%9C%E0%A5%8D%E0%A4%9E%E0%A4%BE%E0%A4%AF%E0%A5%8C%E0%A4%97%E0%A4%A8%E0%A5%8D%E0%A4%A7%E0%A4%B0%E0%A4%BE%E0%A4%AF%E0%A4%A3%E0%A4%AE%E0%A5%8D,,
sāhitya,pratimānāṭakam.xml,Pratimānāṭaka,Bhāsa,https://sa.wikisource.org/wiki/%E0%A4%AA%E0%A5%8D%E0%A4%B0%E0%A4%A4%E0%A4%BF%E0%A4%AE%E0%A4%BE%E0%A4%A8%E0%A4%BE%E0%A4%9F%E0%A4%95%E0%A4%AE%E0%A5%8D,,
sāhitya,prātaḥsmaraṇam.xml,Prātaḥsmaraṇa,,https://sa.wikisource.org/wiki/%E0%A4%AA%E0%A5%8D%E0%A4%B0%E0%A4%BE%E0%A4%A4:%E0%A4%B8%E0%A5%8D%E0%A4%AE%E0%A4%B0%E0%A4%A3%E0%A4%AE%E0%A5%8D,,
sāhitya,puruṣasūktam.xml,Puruṣasūkta,Manish joshi,https://sa.wikisource.org/wiki/%E0%A4%AA%E0%A5%81%E0%A4%B0%E0%A5%81%E0%A4%B7%E0%A4%B8%E0%A5%82%E0%A4%95%E0%A5%8D%E0%A4%A4%E0%A4%AE%E0%A5%8D,,
sāhitya,pārvatīśaṅkarāvalambastotram.xml,Pārvatīśaṅkarāvalambastotra,Śarabhāratīsvāmī,https://sa.wikisource.org/wiki/%E0%A4%AA%E0%A4%BE%E0%A4%B0%E0%A5%8D%E0%A4%B5%E0%A4%A4%E0%A5%80%E0%A4%B6%E0%A4%99%E0%A5%8D%E0%A4%95%E0%A4%B0%E0%A4%BE%E0%A4%B5%E0%A4%B2%E0%A4%AE%E0%A5%8D%E0%A4%AC%E0%A4%B8%E0%A5%8D%E0%A4%A4%E0%A5%8B%E0%A4%A4%E0%A5%8D%E0%A4%B0%E0%A4%AE%E0%A5%8D,,
sāhitya,pāṃḍuraṃgāṣṭakam.xml,Pāṃḍuraṃgāṣṭaka,,https://sa.wikisource.org/wiki/%E0%A4%AA%E0%A4%BE%E0%A4%A3%E0%A5%8D%E0%A4%A1%E0%A5%81%E0%A4%B0%E0%A4%99%E0%A5%8D%E0%A4%97%E0%A4%BE%E0%A4%B7%E0%A5%8D%E0%A4%9F%E0%A4%95%E0%A4%AE%E0%A5%8D,,
sāhitya,pāṇḍavagītā.xml,Pāṇḍavagītā,,https://sa.wikisource.org/wiki/%E0%A4%AA%E0%A4%BE%E0%A4%A3%E0%A5%8D%E0%A4%A1%E0%A4%B5%E0%A4%97%E0%A5%80%E0%A4%A4%E0%A4%BE,,
sāhitya,raghuvīragadyam.xml,Raghuvīragadya,Vedāntadeśika,https://sa.wikisource.org/wiki/%E0%A4%B0%E0%A4%98%E0%A5%81%E0%A4%B5%E0%A5%80%E0%A4%B0%E0%A4%97%E0%A4%A6%E0%A5%8D%E0%A4%AF%E0%A4%AE%E0%A5%8D,,
sāhitya,rudrāṣṭakam.xml,Rudrāṣṭaka,,https://sa.wikisource.org/wiki/%E0%A4%B0%E0%A5%81%E0%A4%A6%E0%A5%8D%E0%A4%B0%E0%A4%BE%E0%A4%B7%E0%A5%8D%E0%A4%9F%E0%A4%95%E0%A4%AE%E0%A5%8D,,
sāhitya,rāghavayādavīyam.xml,Rāghavayādavīya,,https://sa.wikisource.org/wiki/%E0%A4%B0%E0%A4%BE%E0%A4%98%E0%A4%B5%E0%A4%AF%E0%A4%BE%E0%A4%A6%E0%A4%B5%E0%A5%80%E0%A4%AF%E0%A4%AE%E0%A5%8D,,
sāhitya,rāghavāṣṭakam.xml,Rāghavāṣṭaka,,https://sa.wikisource.org/wiki/%E0%A4%B0%E0%A4%BE%E0%A4%98%E0%A4%B5%E0%A4%BE%E0%A4%B7%E0%A5%8D%E0%A4%9F%E0%A4%95%E0%A4%AE%E0%A5%8D,,
sāhitya,rājendrakarṇapūraḥ.xml,Rājendrakarṇapūra,Śrīśambhu,https://sa.wikisource.org/wiki/%E0%A4%B0%E0%A4%BE%E0%A4%9C%E0%A5%87%E0%A4%A8%E0%A5%8D%E0%A4%A6%E0%A5%8D%E0%A4%B0%E0%A4%95%E0%A4%B0%E0%A5%8D%E0%A4%A3%E0%A4%AA%E0%A5%82%E0%A4%B0%E0%A4%83,,
sāhitya,rāmakavacam.xml,Rāmakavaca,,https://sa.wikisource.org/wiki/%E0%A4%B0%E0%A4%BE%E0%A4%AE%E0%A4%95%E0%A4%B5%E0%A4%9A%E0%A4%AE%E0%A5%8D,,
sāhitya,rāmarakṣāstotram.xml,Rāmarakṣāstotra,Śrībudhakauśika,https://sa.wikisource.org/wiki/%E0%A4%B0%E0%A4%BE%E0%A4%AE%E0%A4%B0%E0%A4%95%E0%A5%8D%E0%A4%B7%E0%A4%BE%E0%A4%B8%E0%A5%8D%E0%A4%A4%E0%A5%8B%E0%A4%A4%E0%A5%8D%E0%A4%B0%E0%A4%AE%E0%A5%8D,,
sāhitya,rāmaṣaṭpadī.xml,Rāmaṣaṭpadī,,https://sa.wikisource.org/wiki/%E0%A4%B0%E0%A4%BE%E0%A4%AE%E0%A4%B7%E0%A4%9F%E0%A5%8D%E0%A4%AA%E0%A4%A6%E0%A5%80,,
sāhitya,rāmāṣṭakam.xml,Rāmāṣṭaka,,https://sa.wikisource.org/wiki/%E0%A4%B0%E0%A4%BE%E0%A4%AE%E0%A4%BE%E0%A4%B7%E0%A5%8D%E0%A4%9F%E0%A4%95%E0%A4%AE%E0%A5%8D,,
sāhitya,samanvayā_vyākhyā.xml,Samanvayā Vyākhyā,,https://sa.wikisource.org/wiki/%E0%A4%B8%E0%A4%AE%E0%A4%A8%E0%A5%8D%E0%A4%B5%E0%A4%AF%E0%A4%BE_%E0%A4%B5%E0%A5%8D%E0%A4%AF%E0%A4%BE%E0%A4%96%E0%A5%8D%E0%A4%AF%E0%A4%BE,,
sāhitya,sampradāyamīmāṃsāpātram.xml,Sampradāyamīmāṃsāpātra,,https://sa.wikisource.org/wiki/%E0%A4%B8%E0%A4%AE%E0%A5%8D%E0%A4%AA%E0%A5%8D%E0%A4%B0%E0%A4%A6%E0%A4%BE%E0%A4%AF%E0%A4%AE%E0%A5%80%E0%A4%AE%E0%A4%BE%E0%A4%82%E0%A4%B8%E0%A4%BE%E0%A4%AA%E0%A4%BE%E0%A4%A4%E0%A5%8D%E0%A4%B0%E0%A4%AE%E0%A5%8D,,
sāhitya,santānagopālastotram.xml,Santānagopālastotra,,https://sa.wikisource.org/wiki/%E0%A4%B8%E0%A4%A8%E0%A5%8D%E0%A4%A4%E0%A4%BE%E0%A4%A8%E0%A4%97%E0%A5%8B%E0%A4%AA%E0%A4%BE%E0%A4%B2%E0%A4%B8%E0%A5%8D%E0%A4%A4%E0%A5%8B%E0%A4%A4%E0%A5%8D%E0%A4%B0%E0%A4%AE%E0%A5%8D,,
sāhitya,sanātanadevīsūktam.xml,Sanātanadevīsūkta,,https://sa.wikisource.org/wiki/%E0%A4%B8%E0%A4%A8%E0%A4%BE%E0%A4%A4%E0%A4%A8%E0%A4%A6%E0%A5%87%E0%A4%B5%E0%A5%80%E0%A4%B8%E0%A5%82%E0%A4%95%E0%A5%8D%E0%A4%A4%E0%A4%AE%E0%A5%8D,,
sāhitya,sarasvatistotram.xml,Sarasvatistotra,,https://sa.wikisource.org/wiki/%E0%A4%B8%E0%A4%B0%E0%A4%B8%E0%A5%8D%E0%A4%B5%E0%A4%A4%E0%A4%BF_%E0%A4%B8%E0%A5%8D%E0%A4%A4%E0%A5%8B%E0%A4%A4%E0%A5%8D%E0%A4%B0%E0%A4%AE%E0%A5%8D,,
sāhitya,siddhamaṃgalastotra.xml,Siddhamaṃgalastotra,,https://sa.wikisource.org/wiki/%E0%A4%B8%E0%A4%BF%E0%A4%A6%E0%A5%8D%E0%A4%A7%E0%A4%AE%E0%A4%82%E0%A4%97%E0%A4%B2%E0%A4%B8%E0%A5%8D%E0%A4%A4%E0%A5%8B%E0%A4%A4%E0%A5%8D%E0%A4%B0,,
sāhitya,siddhamaṅgalastotram.xml,Siddhamaṅgalastotra,,https://sa.wikisource.org/wiki/%E0%A4%B8%E0%A4%BF%E0%A4%A6%E0%A5%8D%E0%A4%A7%E0%A4%AE%E0%A4%99%E0%A5%8D%E0%A4%97%E0%A4%B2%E0%A4%B8%E0%A5%8D%E0%A4%A4%E0%A5%8B%E0%A4%A4%E0%A5%8D%E0%A4%B0%E0%A4%AE%E0%A5%8D,,
sāhitya,stavacintāmaṇiḥ.xml,Stavacintāmaṇi,,https://sa.wikisource.org/wiki/%E0%A4%B8%E0%A5%8D%E0%A4%A4%E0%A4%B5%E0%A4%9A%E0%A4%BF%E0%A4%A8%E0%A5%8D%E0%A4%A4%E0%A4%BE%E0%A4%AE%E0%A4%A3%E0%A4%BF%E0%A4%83,,
sāhitya,subrahmaṇyabhujaṅgam.xml,Subrahmaṇyabhujaṅga,,https://sa.wikisource.org/wiki/%E0%A4%B8%E0%A5%81%E0%A4%AC%E0%A5%8D%E0%A4%B0%E0%A4%B9%E0%A5%8D%E0%A4%AE%E0%A4%A3%E0%A5%8D%E0%A4%AF%E0%A4%AD%E0%A5%81%E0%A4%9C%E0%A4%99%E0%A5%8D%E0%A4%97%E0%A4%AE%E0%A5%8D,,
sāhitya,suvarṇamālāstutiḥ_bṛhatstotraratnākarāntargatā.xml,Suvarṇamālāstuti (Bṛhatstotraratnākarāntargatā),Śaṅkarācārya,https://sa.wikisource.org/wiki/%E0%A4%B8%E0%A5%81%E0%A4%B5%E0%A4%B0%E0%A5%8D%E0%A4%A3%E0%A4%AE%E0%A4%BE%E0%A4%B2%E0%A4%BE%E0%A4%B8%E0%A5%8D%E0%A4%A4%E0%A5%81%E0%A4%A4%E0%A4%BF%E0%A4%83_(%E0%A4%AC%E0%A5%83%E0%A4%B9%E0%A4%A4%E0%A5%8D%E0%A4%B8%E0%A5%8D%E0%A4%A4%E0%A5%8B%E0%A4%A4%E0%A5%8D%E0%A4%B0%E0%A4%B0%E0%A4%A4%E0%A5%8D%E0%A4%A8%E0%A4%BE%E0%A4%95%E0%A4%B0%E0%A4%BE%E0%A4%A8%E0%A5%8D%E0%A4%A4%E0%A4%B0%E0%A5%8D%E0%A4%97%E0%A4%A4%E0%A4%BE),,
sāhitya,svarūpānusandhānāṣṭakam.xml,Svarūpānusandhānāṣṭaka,,https://sa.wikisource.org/wiki/%E0%A4%B8%E0%A5%8D%E0%A4%B5%E0%A4%B0%E0%A5%82%E0%A4%AA%E0%A4%BE%E0%A4%A8%E0%A5%81%E0%A4%B8%E0%A4%A8%E0%A5%8D%E0%A4%A7%E0%A4%BE%E0%A4%A8%E0%A4%BE%E0%A4%B7%E0%A5%8D%E0%A4%9F%E0%A4%95%E0%A4%AE%E0%A5%8D,,
sāhitya,sādhakapañcakam.xml,Sādhakapañcaka,,https://sa.wikisource.org/wiki/%E0%A4%B8%E0%A4%BE%E0%A4%A7%E0%A4%95%E0%A4%AA%E0%A4%9E%E0%A5%8D%E0%A4%9A%E0%A4%95%E0%A4%AE%E0%A5%8D,,
sāhitya,sārasamuccayaḥ.xml,Sārasamuccaya,,https://sa.wikisource.org/wiki/%E0%A4%B8%E0%A4%BE%E0%A4%B0%E0%A4%B8%E0%A4%AE%E0%A5%81%E0%A4%9A%E0%A5%8D%E0%A4%9A%E0%A4%AF%E0%A4%83,,
sāhitya,sītārāmāṣṭakam.xml,Sītārāmāṣṭaka,,https://sa.wikisource.org/wiki/%E0%A4%B8%E0%A5%80%E0%A4%A4%E0%A4%BE%E0%A4%B0%E0%A4%BE%E0%A4%AE%E0%A4%BE%E0%A4%B7%E0%A5%8D%E0%A4%9F%E0%A4%95%E0%A4%AE%E0%A5%8D,,
sāhitya,sītāṣṭottaraśatanāmāvaliḥ.xml,Sītāṣṭottaraśatanāmāvali,,https://sa.wikisource.org/wiki/%E0%A4%B8%E0%A5%80%E0%A4%A4%E0%A4%BE%E0%A4%B7%E0%A5%8D%E0%A4%9F%E0%A5%8B%E0%A4%A4%E0%A5%8D%E0%A4%A4%E0%A4%B0%E0%A4%B6%E0%A4%A4%E0%A4%A8%E0%A4%BE%E0%A4%AE%E0%A4%BE%E0%A4%B5%E0%A4%B2%E0%A4%BF%E0%A4%83,,
sāhitya,tripurasundaryaṣṭakam.xml,Tripurasundaryaṣṭaka,,https://sa.wikisource.org/wiki/%E0%A4%A4%E0%A5%8D%E0%A4%B0%E0%A4%BF%E0%A4%AA%E0%A5%81%E0%A4%B0%E0%A4%B8%E0%A5%81%E0%A4%A8%E0%A5%8D%E0%A4%A6%E0%A4%B0%E0%A5%80%E0%A4%85%E0%A4%B7%E0%A5%8D%E0%A4%9F%E0%A4%95%E0%A4%AE%E0%A5%8D,,
sāhitya,tripurasundarīmānasapūjāstotram.xml,Tripurasundarīmānasapūjāstotra,,https://sa.wikisource.org/wiki/%E0%A4%A4%E0%A5%8D%E0%A4%B0%E0%A4%BF%E0%A4%AA%E0%A5%81%E0%A4%B0%E0%A4%B8%E0%A5%81%E0%A4%A8%E0%A5%8D%E0%A4%A6%E0%A4%B0%E0%A5%80%E0%A4%AE%E0%A4%BE%E0%A4%A8%E0%A4%B8%E0%A4%AA%E0%A5%82%E0%A4%9C%E0%A4%BE%E0%A4%B8%E0%A5%8D%E0%A4%A4%E0%A5%8B%E0%A4%A4%E0%A5%8D%E0%A4%B0%E0%A4%AE%E0%A5%8D,,
sāhitya,tulajāṣṭakam.xml,Tulajāṣṭaka,,https://sa.wikisource.org/wiki/%E0%A4%A4%E0%A5%81%E0%A4%B2%E0%A4%9C%E0%A4%BE%E0%A4%B7%E0%A5%8D%E0%A4%9F%E0%A4%95%E0%A4%AE%E0%A5%8D,,
sāhitya,tvamevabrūhistotram.xml,Tvamevabrūhistotra,,https://sa.wikisource.org/wiki/%E0%A4%A4%E0%A5%8D%E0%A4%B5%E0%A4%AE%E0%A5%87%E0%A4%B5%E0%A4%AC%E0%A5%8D%E0%A4%B0%E0%A5%82%E0%A4%B9%E0%A4%BF%E0%A4%B8%E0%A5%8D%E0%A4%A4%E0%A5%8B%E0%A4%A4%E0%A5%8D%E0%A4%B0%E0%A4%AE%E0%A5%8D,,
sāhitya,tārāsahasranāmastotram.xml,Tārāsahasranāmastotra,,https://sa.wikisource.org/wiki/%E0%A4%A4%E0%A4%BE%E0%A4%B0%E0%A4%BE%E0%A4%B8%E0%A4%B9%E0%A4%B8%E0%A5%8D%E0%A4%B0%E0%A4%A8%E0%A4%BE%E0%A4%AE%E0%A4%B8%E0%A5%8D%E0%A4%A4%E0%A5%8B%E0%A4%A4%E0%A5%8D%E0%A4%B0%E0%A4%AE%E0%A5%8D,,
sāhitya,tāṃ_vidyāmiha_labhemahi.xml,Tāṃ Vidyāmiha Labhemahi|,,https://sa.wikisource.org/wiki/%E0%A4%A4%E0%A4%BE%E0%A4%82_%E0%A4%B5%E0%A4%BF%E0%A4%A6%E0%A5%8D%E0%A4%AF%E0%A4%BE%E0%A4%AE%E0%A4%BF%E0%A4%B9_%E0%A4%B2%E0%A4%AD%E0%A5%87%E0%A4%AE%E0%A4%B9%E0%A4%BF%E0%A5%A4,,
sāhitya,tāṇḍavāṣṭakam.xml,Tāṇḍavāṣṭaka,Patañjali,https://sa.wikisource.org/wiki/%E0%A4%A4%E0%A4%BE%E0%A4%A3%E0%A5%8D%E0%A4%A1%E0%A4%B5%E0%A4%BE%E0%A4%B7%E0%A5%8D%E0%A4%9F%E0%A4%95%E0%A4%AE%E0%A5%8D,,
sāhitya,uddhavagītā.xml,Uddhavagītā,,https://sa.wikisource.org/wiki/%E0%A4%89%E0%A4%A6%E0%A5%8D%E0%A4%A7%E0%A4%B5%E0%A4%97%E0%A5%80%E0%A4%A4%E0%A4%BE,,
sāhitya,udāra_jagadādhāra.xml,Udāra Jagadādhāra,,https://sa.wikisource.org/wiki/%E0%A4%89%E0%A4%A6%E0%A4%BE%E0%A4%B0_%E0%A4%9C%E0%A4%97%E0%A4%A6%E0%A4%BE%E0%A4%A7%E0%A4%BE%E0%A4%B0,,
sāhitya,ujvalanīlamaṇi.xml,ujvalanīlamaṇi,,https://sa.wikisource.org/wiki/%E0%A4%89%E0%A4%9C%E0%A5%8D%E0%A4%B5%E0%A4%B2%E0%A4%A8%E0%A5%80%E0%A4%B2%E0%A4%AE%E0%A4%A3%E0%A4%BF%E0%A4%83,,
sāhitya,umāmaheśvarastotram.xml,Umāmaheśvarastotra,,https://sa.wikisource.org/wiki/%E0%A4%89%E0%A4%AE%E0%A4%BE%E0%A4%AE%E0%A4%B9%E0%A5%87%E0%A4%B6%E0%A5%8D%E0%A4%B5%E0%A4%B0%E0%A4%B8%E0%A5%8D%E0%A4%A4%E0%A5%8B%E0%A4%A4%E0%A5%8D%E0%A4%B0%E0%A4%AE%E0%A5%8D,,
sāhitya,umāsahasranāmastotram.xml,Umāsahasranāmastotra,,https://sa.wikisource.org/wiki/%E0%A4%89%E0%A4%AE%E0%A4%BE%E0%A4%B8%E0%A4%B9%E0%A4%B8%E0%A5%8D%E0%A4%B0%E0%A4%A8%E0%A4%BE%E0%A4%AE%E0%A4%B8%E0%A5%8D%E0%A4%A4%E0%A5%8B%E0%A4%A4%E0%A5%8D%E0%A4%B0%E0%A4%AE%E0%A5%8D,,
sāhitya,uttararāmacaritam.xml,Uttararāmacarita,Bhavabhūti,https://sa.wikisource.org/wiki/%E0%A4%89%E0%A4%A4%E0%A5%8D%E0%A4%A4%E0%A4%B0%E0%A4%B0%E0%A4%BE%E0%A4%AE%E0%A4%9A%E0%A4%B0%E0%A4%BF%E0%A4%A4%E0%A4%AE%E0%A5%8D,,
sāhitya,vairāgyapañcakam.xml,Vairāgyapañcaka,,https://sa.wikisource.org/wiki/%E0%A4%B5%E0%A5%88%E0%A4%B0%E0%A4%BE%E0%A4%97%E0%A5%8D%E0%A4%AF%E0%A4%AA%E0%A4%9E%E0%A5%8D%E0%A4%9A%E0%A4%95%E0%A4%AE%E0%A5%8D,,
sāhitya,varāhapañcaka.xml,Varāhapañcaka,,https://sa.wikisource.org/wiki/%E0%A4%B5%E0%A4%B0%E0%A4%BE%E0%A4%B9%E0%A4%AA%E0%A4%9E%E0%A5%8D%E0%A4%9A%E0%A4%95,,
sāhitya,vaṭukabhairavasahasranāmastotram.xml,Vaṭukabhairavasahasranāmastotra,Bhairavatantra,https://sa.wikisource.org/wiki/%E0%A4%B5%E0%A4%9F%E0%A5%81%E0%A4%95%E0%A4%AD%E0%A5%88%E0%A4%B0%E0%A4%B5%E0%A4%B8%E0%A4%B9%E0%A4%B8%E0%A5%8D%E0%A4%B0%E0%A4%A8%E0%A4%BE%E0%A4%AE%E0%A4%B8%E0%A5%8D%E0%A4%A4%E0%A5%8B%E0%A4%A4%E0%A5%8D%E0%A4%B0%E0%A4%AE%E0%A5%8D,,
sāhitya,vedapādastavaḥ.xml,Vedapādastava,Jaiminiḥ,https://sa.wikisource.org/wiki/%E0%A4%B5%E0%A5%87%E0%A4%A6%E0%A4%AA%E0%A4%BE%E0%A4%A6%E0%A4%B8%E0%A5%8D%E0%A4%A4%E0%A4%B5%E0%A4%83,,
sāhitya,vedasāraśivastavaḥ.xml,Vedasāraśivastava,Śaṅkarācārya,https://sa.wikisource.org/wiki/%E0%A4%B5%E0%A5%87%E0%A4%A6%E0%A4%B8%E0%A4%BE%E0%A4%B0%E0%A4%B6%E0%A4%BF%E0%A4%B5%E0%A4%B8%E0%A5%8D%E0%A4%A4%E0%A4%B5%E0%A4%83,,
sāhitya,vedasāraśivastotram.xml,Vedasāraśivastotra,,https://sa.wikisource.org/wiki/%E0%A4%B5%E0%A5%87%E0%A4%A6%E0%A4%B8%E0%A4%BE%E0%A4%B0%E0%A4%B6%E0%A4%BF%E0%A4%B5%E0%A4%B8%E0%A5%8D%E0%A4%A4%E0%A5%8B%E0%A4%A4%E0%A5%8D%E0%A4%B0%E0%A4%AE%E0%A5%8D,,
sāhitya,veṅkaṭeśakarāvalambastotra.xml,Veṅkaṭeśakarāvalambastotra,,https://sa.wikisource.org/wiki/%E0%A4%B5%E0%A5%87%E0%A4%99%E0%A5%8D%E0%A4%95%E0%A4%9F%E0%A5%87%E0%A4%B6%E0%A4%95%E0%A4%B0%E0%A4%BE%E0%A4%B5%E0%A4%B2%E0%A4%AE%E0%A5%8D%E0%A4%AC%E0%A4%B8%E0%A5%8D%E0%A4%A4%E0%A5%8B%E0%A4%A4%E0%A5%8D%E0%A4%B0,,
sāhitya,veṅkaṭeśastotram.xml,Veṅkaṭeśastotra,,https://sa.wikisource.org/wiki/%E0%A4%B5%E0%A5%87%E0%A4%99%E0%A5%8D%E0%A4%95%E0%A4%9F%E0%A5%87%E0%A4%B6%E0%A4%B8%E0%A5%8D%E0%A4%A4%E0%A5%8B%E0%A4%A4%E0%A5%8D%E0%A4%B0%E0%A4%AE%E0%A5%8D,,
sāhitya,veṅkaṭeśvarasahasranāmāvali.xml,Veṅkaṭeśvarasahasranāmāvali,,https://sa.wikisource.org/wiki/%E0%A4%B5%E0%A5%87%E0%A4%99%E0%A5%8D%E0%A4%95%E0%A4%9F%E0%A5%87%E0%A4%B6%E0%A5%8D%E0%A4%B5%E0%A4%B0%E0%A4%B8%E0%A4%B9%E0%A4%B8%E0%A5%8D%E0%A4%B0%E0%A4%A8%E0%A4%BE%E0%A4%AE%E0%A4%BE%E0%A4%B5%E0%A4%B2%E0%A4%BF,,
sāhitya,vicakhnugītā.xml,Vicakhnugītā,,https://sa.wikisource.org/wiki/%E0%A4%B5%E0%A4%BF%E0%A4%9A%E0%A4%96%E0%A5%8D%E0%A4%A8%E0%A5%81%E0%A4%97%E0%A5%80%E0%A4%A4%E0%A4%BE,,
sāhitya,viduranītiḥ.xml,Viduranīti,,https://sa.wikisource.org/wiki/%E0%A4%B5%E0%A4%BF%E0%A4%A6%E0%A5%81%E0%A4%B0%E0%A4%A8%E0%A5%80%E0%A4%A4%E0%A4%BF%E0%A4%83,,
sāhitya,vidyāraṇyāṣṭottaraśatanāmastotram.xml,Vidyāraṇyāṣṭottaraśatanāmastotra,,https://sa.wikisource.org/wiki/%E0%A4%B5%E0%A4%BF%E0%A4%A6%E0%A5%8D%E0%A4%AF%E0%A4%BE%E0%A4%B0%E0%A4%A3%E0%A5%8D%E0%A4%AF%E0%A4%BE%E0%A4%B7%E0%A5%8D%E0%A4%9F%E0%A5%8B%E0%A4%A4%E0%A5%8D%E0%A4%A4%E0%A4%B0%E0%A4%B6%E0%A4%A4%E0%A4%A8%E0%A4%BE%E0%A4%AE%E0%A4%B8%E0%A5%8D%E0%A4%A4%E0%A5%8B%E0%A4%A4%E0%A5%8D%E0%A4%B0%E0%A4%AE%E0%A5%8D,,
sāhitya,vikramorvaśīyam_incomplete.xml,Vikramorvaśīya,,https://sa.wikisource.org/wiki/%E0%A4%B5%E0%A4%BF%E0%A4%95%E0%A5%8D%E0%A4%B0%E0%A4%AE%E0%A5%8B%E0%A4%B0%E0%A5%8D%E0%A4%B5%E0%A4%B6%E0%A5%80%E0%A4%AF%E0%A4%AE%E0%A5%8D,,
sāhitya,vilomākṣararāmakṛṣṇakāvyam.xml,Vilomākṣararāmakṛṣṇakāvya,Sūryakavi,https://sa.wikisource.org/wiki/%E0%A4%B5%E0%A4%BF%E0%A4%B2%E0%A5%8B%E0%A4%AE%E0%A4%BE%E0%A4%95%E0%A5%8D%E0%A4%B7%E0%A4%B0%E0%A4%B0%E0%A4%BE%E0%A4%AE%E0%A4%95%E0%A5%83%E0%A4%B7%E0%A5%8D%E0%A4%A3%E0%A4%95%E0%A4%BE%E0%A4%B5%E0%A5%8D%E0%A4%AF%E0%A4%AE%E0%A5%8D,,
sāhitya,vināyakastotra.xml,Vināyakastotra,,https://sa.wikisource.org/wiki/%E0%A4%B5%E0%A4%BF%E0%A4%A8%E0%A4%BE%E0%A4%AF%E0%A4%95%E0%A4%B8%E0%A5%8D%E0%A4%A4%E0%A5%8B%E0%A4%A4%E0%A5%8D%E0%A4%B0%E0%A4%AE%E0%A5%8D,,
sāhitya,viśveśvarāṣṭakam.xml,Viśveśvarāṣṭaka,,https://sa.wikisource.org/wiki/%E0%A4%B5%E0%A4%BF%E0%A4%B6%E0%A5%8D%E0%A4%B5%E0%A5%87%E0%A4%B6%E0%A5%8D%E0%A4%B5%E0%A4%B0%E0%A4%BE%E0%A4%B7%E0%A5%8D%E0%A4%9F%E0%A4%95%E0%A4%AE%E0%A5%8D,,
sāhitya,viṣṇoḥ_śatanāmastotram.xml,Viṣṇuśatanāmastotra,,https://sa.wikisource.org/wiki/%E0%A4%B5%E0%A4%BF%E0%A4%B7%E0%A5%8D%E0%A4%A3%E0%A5%8B%E0%A4%83_%E0%A4%B6%E0%A4%A4%E0%A4%A8%E0%A4%BE%E0%A4%AE%E0%A4%B8%E0%A5%8D%E0%A4%A4%E0%A5%8B%E0%A4%A4%E0%A5%8D%E0%A4%B0%E0%A4%AE%E0%A5%8D,,
sāhitya,viṣṇumahimnastotram.xml,Viṣṇumahimnastotra,,https://sa.wikisource.org/wiki/%E0%A4%B5%E0%A4%BF%E0%A4%B7%E0%A5%8D%E0%A4%A3%E0%A5%81%E0%A4%AE%E0%A4%B9%E0%A4%BF%E0%A4%AE%E0%A5%8D%E0%A4%A8%E0%A4%B8%E0%A5%8D%E0%A4%A4%E0%A5%8B%E0%A4%A4%E0%A5%8D%E0%A4%B0%E0%A4%AE%E0%A5%8D,,
sāhitya,viṣṇusahasranāmastotram‌.xml,Viṣṇusahasranāmastotram‌,,https://sa.wikisource.org/wiki/%E0%A4%B5%E0%A4%BF%E0%A4%B7%E0%A5%8D%E0%A4%A3%E0%A5%81%E0%A4%B8%E0%A4%B9%E0%A4%B8%E0%A5%8D%E0%A4%B0%E0%A4%A8%E0%A4%BE%E0%A4%AE%E0%A4%B8%E0%A5%8D%E0%A4%A4%E0%A5%8B%E0%A4%A4%E0%A5%8D%E0%A4%B0%E0%A4%AE%E0%A5%8D%E2%80%8C,,
sāhitya,viṣṇusahasranāmāvaliḥ.xml,Viṣṇusahasranāmāvali,,https://sa.wikisource.org/wiki/%E0%A4%B6%E0%A5%8D%E0%A4%B0%E0%A5%80%E0%A4%B5%E0%A4%BF%E0%A4%B7%E0%A5%8D%E0%A4%A3%E0%A5%81%E0%A4%B8%E0%A4%B9%E0%A4%B8%E0%A5%8D%E0%A4%B0%E0%A4%A8%E0%A4%BE%E0%A4%AE%E0%A4%BE%E0%A4%B5%E0%A4%B2%E0%A4%BF%E0%A4%83,,
sāhitya,viṣṇustavarājaḥ.xml,Viṣṇustavarāja,,https://sa.wikisource.org/wiki/%E0%A4%B5%E0%A4%BF%E0%A4%B7%E0%A5%8D%E0%A4%A3%E0%A5%81%E0%A4%B8%E0%A5%8D%E0%A4%A4%E0%A4%B5%E0%A4%B0%E0%A4%BE%E0%A4%9C%E0%A4%83,,
sāhitya,viṣṇuśatanāmastotram.xml,Viṣṇuśatanāmastotra,,https://sa.wikisource.org/wiki/%E0%A4%B5%E0%A4%BF%E0%A4%B7%E0%A5%8D%E0%A4%A3%E0%A5%81%E0%A4%B6%E0%A4%A4%E0%A4%A8%E0%A4%BE%E0%A4%AE%E0%A4%B8%E0%A5%8D%E0%A4%A4%E0%A5%8B%E0%A4%A4%E0%A5%8D%E0%A4%B0%E0%A4%AE%E0%A5%8D,,
sāhitya,viṣṇuṣaṭpadī.xml,Viṣṇuṣaṭpadī,,https://sa.wikisource.org/wiki/%E0%A4%B5%E0%A4%BF%E0%A4%B7%E0%A5%8D%E0%A4%A3%E0%A5%81%E0%A4%B7%E0%A4%9F%E0%A5%8D%E0%A4%AA%E0%A4%A6%E0%A5%80,,
sāhitya,vyaktivivekaḥ.xml,Vyaktiviveka,Mahimabhaṭṭa,https://sa.wikisource.org/wiki/%E0%A4%B5%E0%A4%B0%E0%A5%8D%E0%A4%97%E0%A4%83:%E0%A4%B5%E0%A5%8D%E0%A4%AF%E0%A4%95%E0%A5%8D%E0%A4%A4%E0%A4%BF%E0%A4%B5%E0%A4%BF%E0%A4%B5%E0%A5%87%E0%A4%95%E0%A4%83,,
sāhitya,vāmadevagītā.xml,Vāmadevagītā,,https://sa.wikisource.org/wiki/%E0%A4%B5%E0%A4%BE%E0%A4%AE%E0%A4%A6%E0%A5%87%E0%A4%B5%E0%A4%97%E0%A5%80%E0%A4%A4%E0%A4%BE,,
sāhitya,vāsudevāṣṭakam.xml,Vāsudevāṣṭaka,,https://sa.wikisource.org/wiki/%E0%A4%B5%E0%A4%BE%E0%A4%B8%E0%A5%81%E0%A4%A6%E0%A5%87%E0%A4%B5%E0%A4%BE%E0%A4%B7%E0%A5%8D%E0%A4%9F%E0%A4%95%E0%A4%AE%E0%A5%8D,,
sāhitya,vṛtragītā.xml,Vṛtragītā,,https://sa.wikisource.org/wiki/%E0%A4%B5%E0%A5%83%E0%A4%A4%E0%A5%8D%E0%A4%B0%E0%A4%97%E0%A5%80%E0%A4%A4%E0%A4%BE,,
sāhitya,yamunāstotraratnam.xml,Yamunāstotraratna,,https://sa.wikisource.org/wiki/%E0%A4%AF%E0%A4%AE%E0%A5%81%E0%A4%A8%E0%A4%BE%E0%A4%B8%E0%A5%8D%E0%A4%A4%E0%A5%8B%E0%A4%A4%E0%A5%8D%E0%A4%B0%E0%A4%B0%E0%A4%A4%E0%A5%8D%E0%A4%A8%E0%A4%AE%E0%A5%8D,n,gretil_sa/sa_yAmuna-stotraratna.xml
sāhitya,ādityahṛdayam.xml,Ādityahṛdaya,,https://sa.wikisource.org/wiki/%E0%A4%86%E0%A4%A6%E0%A4%BF%E0%A4%A4%E0%A5%8D%E0%A4%AF%E0%A4%B9%E0%A5%83%E0%A4%A6%E0%A4%AF%E0%A4%AE%E0%A5%8D,,
sāhitya,ādityanāmāvaliḥ.xml,Ādityanāmāvali,,https://sa.wikisource.org/wiki/%E0%A4%86%E0%A4%A6%E0%A4%BF%E0%A4%A4%E0%A5%8D%E0%A4%AF%E0%A4%A8%E0%A4%BE%E0%A4%AE%E0%A4%BE%E0%A4%B5%E0%A4%B2%E0%A4%BF%E0%A4%83,,
sāhitya,ādyāstotram.xml,Ādyāstotra,,https://sa.wikisource.org/wiki/%E0%A4%86%E0%A4%A6%E0%A5%8D%E0%A4%AF%E0%A4%BE%E0%A4%B8%E0%A5%8D%E0%A4%A4%E0%A5%8B%E0%A4%A4%E0%A5%8D%E0%A4%B0%E0%A4%AE%E0%A5%8D,,
sāhitya,āmnāyastotram.xml,Āmnāyastotra,,https://sa.wikisource.org/wiki/%E0%A4%86%E0%A4%AE%E0%A5%8D%E0%A4%A8%E0%A4%BE%E0%A4%AF%E0%A4%B8%E0%A5%8D%E0%A4%A4%E0%A5%8B%E0%A4%A4%E0%A5%8D%E0%A4%B0%E0%A4%AE%E0%A5%8D,,
sāhitya,ānandalaharī.xml,Ānandalaharī,,https://sa.wikisource.org/wiki/%E0%A4%86%E0%A4%A8%E0%A4%A8%E0%A5%8D%E0%A4%A6%E0%A4%B2%E0%A4%B9%E0%A4%B0%E0%A5%80,,
sāhitya,ānandasāgarastavaḥ.xml,Ānandasāgarastava,Nīlakaṇṭhadīkṣita,https://sa.wikisource.org/wiki/%E0%A4%86%E0%A4%A8%E0%A4%A8%E0%A5%8D%E0%A4%A6%E0%A4%B8%E0%A4%BE%E0%A4%97%E0%A4%B0%E0%A4%B8%E0%A5%8D%E0%A4%A4%E0%A4%B5%E0%A4%83,,
sāhitya,ānaṃdarāmāyaṇarāmarakṣā.xml,Ānaṃdarāmāyaṇarāmarakṣā,,https://sa.wikisource.org/wiki/%E0%A4%86%E0%A4%A8%E0%A4%82%E0%A4%A6%E0%A4%B0%E0%A4%BE%E0%A4%AE%E0%A4%BE%E0%A4%AF%E0%A4%A3%E0%A4%B0%E0%A4%BE%E0%A4%AE%E0%A4%B0%E0%A4%95%E0%A5%8D%E0%A4%B7%E0%A4%BE,,
sāhitya,ārttatrāṇastotram.xml,Ārttatrāṇastotra,Pppayyadīkṣita,https://sa.wikisource.org/wiki/%E0%A4%86%E0%A4%B0%E0%A5%8D%E0%A4%A4%E0%A5%8D%E0%A4%A4%E0%A4%A4%E0%A5%8D%E0%A4%B0%E0%A4%BE%E0%A4%A3%E0%A4%B8%E0%A5%8D%E0%A4%A4%E0%A5%8B%E0%A4%A4%E0%A5%8D%E0%A4%B0%E0%A4%AE%E0%A5%8D,,
sāhitya,āryāpañcadaśīstotram.xml,Āryāpañcadaśīstotra,Tyāgarājanāmnā,https://sa.wikisource.org/wiki/%E0%A4%86%E0%A4%B0%E0%A5%8D%E0%A4%AF%E0%A4%BE%E0%A4%AA%E0%A4%9E%E0%A5%8D%E0%A4%9A%E0%A4%A6%E0%A4%B6%E0%A5%80%E0%A4%B8%E0%A5%8D%E0%A4%A4%E0%A5%8B%E0%A4%A4%E0%A5%8D%E0%A4%B0%E0%A4%AE%E0%A5%8D,,
sāhitya,āñjaneyasahasranāmastotram.xml,Āñjaneyasahasranāmastotra,,https://sa.wikisource.org/wiki/%E0%A4%86%E0%A4%9E%E0%A5%8D%E0%A4%9C%E0%A4%A8%E0%A5%87%E0%A4%AF%E0%A4%B8%E0%A4%B9%E0%A4%B8%E0%A5%8D%E0%A4%B0%E0%A4%A8%E0%A4%BE%E0%A4%AE%E0%A4%B8%E0%A5%8D%E0%A4%A4%E0%A5%8B%E0%A4%A4%E0%A5%8D%E0%A4%B0%E0%A4%AE%E0%A5%8D,,
sāhitya,āñjaneyasahasranāmāvaliḥ.xml,Āñjaneyasahasranāmāvali,,https://sa.wikisource.org/wiki/%E0%A4%86%E0%A4%9E%E0%A5%8D%E0%A4%9C%E0%A4%A8%E0%A5%87%E0%A4%AF%E0%A4%B8%E0%A4%B9%E0%A4%B8%E0%A5%8D%E0%A4%B0%E0%A4%A8%E0%A4%BE%E0%A4%AE%E0%A4%BE%E0%A4%B5%E0%A4%B2%E0%A4%BF%E0%A4%83,,
sāhitya,āśrayāṣṭakam.xml,Āśrayāṣṭaka,,https://sa.wikisource.org/wiki/%E0%A4%86%E0%A4%B6%E0%A5%8D%E0%A4%B0%E0%A4%AF%E0%A4%BE%E0%A4%B7%E0%A5%8D%E0%A4%9F%E0%A4%95%E0%A4%AE%E0%A5%8D,,
sāhitya,āṃjaneyadvādaśanāmastotram.xml,Āṃjaneyadvādaśanāmastotra,,https://sa.wikisource.org/wiki/%E0%A4%86%E0%A4%82%E0%A4%9C%E0%A4%A8%E0%A5%87%E0%A4%AF_%E0%A4%A6%E0%A5%8D%E0%A4%B5%E0%A4%BE%E0%A4%A6%E0%A4%B6%E0%A4%A8%E0%A4%BE%E0%A4%AE%E0%A4%B8%E0%A5%8D%E0%A4%A4%E0%A5%8B%E0%A4%A4%E0%A5%8D%E0%A4%B0%E0%A4%AE%E0%A5%8D,,
sāhitya,śakrādayastuti.xml,Śakrādayastuti,,https://sa.wikisource.org/wiki/%E0%A4%B6%E0%A4%95%E0%A5%8D%E0%A4%B0%E0%A4%BE%E0%A4%A6%E0%A4%AF_%E0%A4%B8%E0%A5%8D%E0%A4%A4%E0%A5%81%E0%A4%A4%E0%A4%BF,,
sāhitya,śanimaṃtra.xml,Śanimaṃtra,,https://sa.wikisource.org/wiki/%E0%A4%B6%E0%A4%A8%E0%A4%BF_%E0%A4%AE%E0%A4%82%E0%A4%A4%E0%A5%8D%E0%A4%B0,,
sāhitya,śanistotram.xml,Śanistotra,Daśaratha,https://sa.wikisource.org/wiki/%E0%A4%B6%E0%A4%A8%E0%A4%BF%E0%A4%B8%E0%A5%8D%E0%A4%A4%E0%A5%8B%E0%A4%A4%E0%A5%8D%E0%A4%B0%E0%A4%AE%E0%A5%8D,,
sāhitya,śanivajrapaṃjarakavacam.xml,Śanivajrapaṃjarakavaca,,https://sa.wikisource.org/wiki/%E0%A4%B6%E0%A4%A8%E0%A4%BF%E0%A4%B5%E0%A4%9C%E0%A5%8D%E0%A4%B0%E0%A4%AA%E0%A4%82%E0%A4%9C%E0%A4%B0%E0%A4%95%E0%A4%B5%E0%A4%9A%E0%A4%AE%E0%A5%8D,,
sāhitya,śaraṇāgatigadyam.xml,Śaraṇāgatigadya,,https://sa.wikisource.org/wiki/%E0%A4%B6%E0%A4%B0%E0%A4%A3%E0%A4%BE%E0%A4%97%E0%A4%A4%E0%A4%BF%E0%A4%97%E0%A4%A6%E0%A5%8D%E0%A4%AF%E0%A4%AE%E0%A5%8D,,
sāhitya,śaṃkarastotram.xml,Śaṃkarastotra,Śrīvāsudevānandasarasvatī,https://sa.wikisource.org/wiki/%E0%A4%B6%E0%A4%82%E0%A4%95%E0%A4%B0%E0%A4%B8%E0%A5%8D%E0%A4%A4%E0%A5%8B%E0%A4%A4%E0%A5%8D%E0%A4%B0%E0%A4%AE%E0%A5%8D,,
sāhitya,śaṃpākagītā_incomplete.xml,Śaṃpākagītā,,https://sa.wikisource.org/wiki/%E0%A4%B6%E0%A4%82%E0%A4%AA%E0%A4%BE%E0%A4%95%E0%A4%97%E0%A5%80%E0%A4%A4%E0%A4%BE,,
sāhitya,śaṅkarabhagavaccaraṇastutyaṣṭakam.xml,Śaṅkarabhagavaccaraṇastutyaṣṭaka,,https://sa.wikisource.org/wiki/%E0%A4%B6%E0%A4%99%E0%A5%8D%E0%A4%95%E0%A4%B0%E0%A4%AD%E0%A4%97%E0%A4%B5%E0%A4%9A%E0%A5%8D%E0%A4%9A%E0%A4%B0%E0%A4%A3%E0%A4%B8%E0%A5%8D%E0%A4%A4%E0%A5%81%E0%A4%A4%E0%A5%8D%E0%A4%AF%E0%A4%B7%E0%A5%8D%E0%A4%9F%E0%A4%95%E0%A4%AE%E0%A5%8D,,
sāhitya,śaṅkaracāryāṣṭottarasahasranāmāvaliḥ.xml,Śaṅkaracāryāṣṭottarasahasranāmāvali,,https://sa.wikisource.org/wiki/%E0%A4%B6%E0%A4%99%E0%A5%8D%E0%A4%95%E0%A4%B0%E0%A4%9A%E0%A4%BE%E0%A4%B0%E0%A5%8D%E0%A4%AF_%E0%A4%85%E0%A4%B7%E0%A5%8D%E0%A4%9F%E0%A5%8B%E0%A4%A4%E0%A5%8D%E0%A4%A4%E0%A4%B0%E0%A4%B8%E0%A4%B9%E0%A4%B8%E0%A5%8D%E0%A4%B0%E0%A4%A8%E0%A4%BE%E0%A4%AE%E0%A4%BE%E0%A4%B5%E0%A4%B2%E0%A4%BF%E0%A4%83,,
sāhitya,śaṅkarācāryāṣṭottaraśatanāmastotram.xml,Śaṅkarācāryāṣṭottaraśatanāmastotram (bṛhatstotraratnākarāntargata),,https://sa.wikisource.org/wiki/%E0%A4%B6%E0%A4%99%E0%A5%8D%E0%A4%95%E0%A4%B0%E0%A4%BE%E0%A4%9A%E0%A4%BE%E0%A4%B0%E0%A5%8D%E0%A4%AF%E0%A4%BE%E0%A4%B7%E0%A5%8D%E0%A4%9F%E0%A5%8B%E0%A4%A4%E0%A5%8D%E0%A4%A4%E0%A4%B0%E0%A4%B6%E0%A4%A4%E0%A4%A8%E0%A4%BE%E0%A4%AE%E0%A4%B8%E0%A5%8D%E0%A4%A4%E0%A5%8B%E0%A4%A4%E0%A5%8D%E0%A4%B0%E0%A4%AE%E0%A5%8D_(%E0%A4%AC%E0%A5%83%E0%A4%B9%E0%A4%A4%E0%A5%8D%E0%A4%B8%E0%A5%8D%E0%A4%A4%E0%A5%8B%E0%A4%A4%E0%A5%8D%E0%A4%B0%E0%A4%B0%E0%A4%A4%E0%A5%8D%E0%A4%A8%E0%A4%BE%E0%A4%95%E0%A4%B0%E0%A4%BE%E0%A4%A8%E0%A5%8D%E0%A4%A4%E0%A4%B0%E0%A5%8D%E0%A4%97%E0%A4%A4%E0%A4%AE%E0%A5%8D),,
sāhitya,śaṅkarāṣṭakam.xml,Śaṅkarāṣṭaka,Brahmānandaḥ,https://sa.wikisource.org/wiki/%E0%A4%B6%E0%A4%99%E0%A5%8D%E0%A4%95%E0%A4%B0%E0%A4%BE%E0%A4%B7%E0%A5%8D%E0%A4%9F%E0%A4%95%E0%A4%AE%E0%A5%8D,,
sāhitya,śikṣāṣṭakam.xml,Śikṣāṣṭaka,,https://sa.wikisource.org/wiki/%E0%A4%B6%E0%A4%BF%E0%A4%95%E0%A5%8D%E0%A4%B7%E0%A4%BE%E0%A4%B7%E0%A5%8D%E0%A4%9F%E0%A4%95%E0%A4%AE%E0%A5%8D,,
sāhitya,śivabhujaṅgam.xml,Śivabhujaṅga (Bṛhatstotraratnākarāntargata),,https://sa.wikisource.org/wiki/%E0%A4%B6%E0%A4%BF%E0%A4%B5%E0%A4%AD%E0%A5%81%E0%A4%9C%E0%A4%99%E0%A5%8D%E0%A4%97%E0%A4%AE%E0%A5%8D_(%E0%A4%AC%E0%A5%83%E0%A4%B9%E0%A4%A4%E0%A5%8D%E0%A4%B8%E0%A5%8D%E0%A4%A4%E0%A5%8B%E0%A4%A4%E0%A5%8D%E0%A4%B0%E0%A4%B0%E0%A4%A4%E0%A5%8D%E0%A4%A8%E0%A4%BE%E0%A4%95%E0%A4%B0%E0%A4%BE%E0%A4%A8%E0%A5%8D%E0%A4%A4%E0%A4%B0%E0%A5%8D%E0%A4%97%E0%A4%A4%E0%A4%AE%E0%A5%8D),,
sāhitya,śivakeśādipādāntavarṇanastotram_bṛhatstotraratnamālāntargatam.xml,Śivakeśādipādāntavarṇanastotra (Bṛhatstotraratnamālāntargata),Śaṅkarācāryaḥ,https://sa.wikisource.org/wiki/%E0%A4%B6%E0%A4%BF%E0%A4%B5%E0%A4%95%E0%A5%87%E0%A4%B6%E0%A4%BE%E0%A4%A6%E0%A4%BF%E0%A4%AA%E0%A4%BE%E0%A4%A6%E0%A4%BE%E0%A4%A8%E0%A5%8D%E0%A4%A4%E0%A4%B5%E0%A4%B0%E0%A5%8D%E0%A4%A3%E0%A4%A8%E0%A4%B8%E0%A5%8D%E0%A4%A4%E0%A5%8B%E0%A4%A4%E0%A5%8D%E0%A4%B0%E0%A4%AE%E0%A5%8D_(%E0%A4%AC%E0%A5%83%E0%A4%B9%E0%A4%A4%E0%A5%8D%E0%A4%B8%E0%A5%8D%E0%A4%A4%E0%A5%8B%E0%A4%A4%E0%A5%8D%E0%A4%B0%E0%A4%B0%E0%A4%A4%E0%A5%8D%E0%A4%A8%E0%A4%AE%E0%A4%BE%E0%A4%B2%E0%A4%BE%E0%A4%A8%E0%A5%8D%E0%A4%A4%E0%A4%B0%E0%A5%8D%E0%A4%97%E0%A4%A4%E0%A4%AE%E0%A5%8D),,
sāhitya,śivamaṅgalāṣṭakam.xml,Śivamaṅgalāṣṭaka,,https://sa.wikisource.org/wiki/%E0%A4%B6%E0%A4%BF%E0%A4%B5%E0%A4%AE%E0%A4%99%E0%A5%8D%E0%A4%97%E0%A4%B2%E0%A4%BE%E0%A4%B7%E0%A5%8D%E0%A4%9F%E0%A4%95%E0%A4%AE%E0%A5%8D,,
sāhitya,śivamānasapūjā.xml,Śivamānasapūjā,,https://sa.wikisource.org/wiki/%E0%A4%B6%E0%A4%BF%E0%A4%B5%E0%A4%AE%E0%A4%BE%E0%A4%A8%E0%A4%B8%E0%A4%AA%E0%A5%82%E0%A4%9C%E0%A4%BE,,
sāhitya,śivamānasikapūjāstotram.xml,Śivamānasikapūjāstotra,Śivānandāvadhūtaḥ,https://sa.wikisource.org/wiki/%E0%A4%B6%E0%A4%BF%E0%A4%B5%E0%A4%AE%E0%A4%BE%E0%A4%A8%E0%A4%B8%E0%A4%BF%E0%A4%95%E0%A4%AA%E0%A5%82%E0%A4%9C%E0%A4%BE%E0%A4%B8%E0%A5%8D%E0%A4%A4%E0%A5%8B%E0%A4%A4%E0%A5%8D%E0%A4%B0%E0%A4%AE%E0%A5%8D,,
sāhitya,śivamātṛkāvarṇamālāstotram.xml,Śivamātṛkāvarṇamālāstotra,Viṣṇuḥ,https://sa.wikisource.org/wiki/%E0%A4%B6%E0%A4%BF%E0%A4%B5%E0%A4%AE%E0%A4%BE%E0%A4%A4%E0%A5%83%E0%A4%95%E0%A4%BE%E0%A4%B5%E0%A4%B0%E0%A5%8D%E0%A4%A3%E0%A4%AE%E0%A4%BE%E0%A4%B2%E0%A4%BE%E0%A4%B8%E0%A5%8D%E0%A4%A4%E0%A5%8B%E0%A4%A4%E0%A5%8D%E0%A4%B0%E0%A4%AE%E0%A5%8D,,
sāhitya,śivanakṣatramālikāstotram.xml,Śivanakṣatramālikāstotra,,https://sa.wikisource.org/wiki/%E0%A4%B6%E0%A4%BF%E0%A4%B5%E0%A4%A8%E0%A4%95%E0%A5%8D%E0%A4%B7%E0%A4%A4%E0%A5%8D%E0%A4%B0%E0%A4%AE%E0%A4%BE%E0%A4%B2%E0%A4%BF%E0%A4%95%E0%A4%BE%E0%A4%B8%E0%A5%8D%E0%A4%A4%E0%A5%8B%E0%A4%A4%E0%A5%8D%E0%A4%B0%E0%A4%AE%E0%A5%8D,,
sāhitya,śivanavaratnastavaḥ.xml,Śivanavaratnastava,Bṛhaspatiḥ,https://sa.wikisource.org/wiki/%E0%A4%B6%E0%A4%BF%E0%A4%B5%E0%A4%A8%E0%A4%B5%E0%A4%B0%E0%A4%A4%E0%A5%8D%E0%A4%A8%E0%A4%B8%E0%A5%8D%E0%A4%A4%E0%A4%B5%E0%A4%83,,
sāhitya,śivanāmāvalyaṣṭakam_bṛhatstotraratnākarāntargatam.xml,Śivanāmāvalyaṣṭaka (Bṛhatstotraratnākarāntargata),Śaṅkarācāryaḥ,https://sa.wikisource.org/wiki/%E0%A4%B6%E0%A4%BF%E0%A4%B5%E0%A4%A8%E0%A4%BE%E0%A4%AE%E0%A4%BE%E0%A4%B5%E0%A4%B2%E0%A5%8D%E0%A4%AF%E0%A4%B7%E0%A5%8D%E0%A4%9F%E0%A4%95%E0%A4%AE%E0%A5%8D_(%E0%A4%AC%E0%A5%83%E0%A4%B9%E0%A4%A4%E0%A5%8D%E0%A4%B8%E0%A5%8D%E0%A4%A4%E0%A5%8B%E0%A4%A4%E0%A5%8D%E0%A4%B0%E0%A4%B0%E0%A4%A4%E0%A5%8D%E0%A4%A8%E0%A4%BE%E0%A4%95%E0%A4%B0%E0%A4%BE%E0%A4%A8%E0%A5%8D%E0%A4%A4%E0%A4%B0%E0%A5%8D%E0%A4%97%E0%A4%A4%E0%A4%AE%E0%A5%8D),,
sāhitya,śivapañcākṣarastotram_bṛhatstotraratnākarāntargatam.xml,Śivapañcākṣarastotra (Bṛhatstotraratnākarāntargata),Śaṅkarācāryaḥ,https://sa.wikisource.org/wiki/%E0%A4%B6%E0%A4%BF%E0%A4%B5%E0%A4%AA%E0%A4%9E%E0%A5%8D%E0%A4%9A%E0%A4%BE%E0%A4%95%E0%A5%8D%E0%A4%B7%E0%A4%B0%E0%A4%B8%E0%A5%8D%E0%A4%A4%E0%A5%8B%E0%A4%A4%E0%A5%8D%E0%A4%B0%E0%A4%AE%E0%A5%8D_(%E0%A4%AC%E0%A5%83%E0%A4%B9%E0%A4%A4%E0%A5%8D%E0%A4%B8%E0%A5%8D%E0%A4%A4%E0%A5%8B%E0%A4%A4%E0%A5%8D%E0%A4%B0%E0%A4%B0%E0%A4%A4%E0%A5%8D%E0%A4%A8%E0%A4%BE%E0%A4%95%E0%A4%B0%E0%A4%BE%E0%A4%A8%E0%A5%8D%E0%A4%A4%E0%A4%B0%E0%A5%8D%E0%A4%97%E0%A4%A4%E0%A4%AE%E0%A5%8D)),,
sāhitya,śivapañcākṣarīstotram_bṛhatstotraratnākarāntargatam.xml,Śivapañcākṣarīstotra (Bṛhatstotraratnākarāntargata),,https://sa.wikisource.org/wiki/%E0%A4%B6%E0%A4%BF%E0%A4%B5%E0%A4%AA%E0%A4%9E%E0%A5%8D%E0%A4%9A%E0%A4%BE%E0%A4%95%E0%A5%8D%E0%A4%B7%E0%A4%B0%E0%A5%80%E0%A4%B8%E0%A5%8D%E0%A4%A4%E0%A5%8B%E0%A4%A4%E0%A5%8D%E0%A4%B0%E0%A4%AE%E0%A5%8D_(%E0%A4%AC%E0%A5%83%E0%A4%B9%E0%A4%A4%E0%A5%8D%E0%A4%B8%E0%A5%8D%E0%A4%A4%E0%A5%8B%E0%A4%A4%E0%A5%8D%E0%A4%B0%E0%A4%B0%E0%A4%A4%E0%A5%8D%E0%A4%A8%E0%A4%BE%E0%A4%95%E0%A4%B0%E0%A4%BE%E0%A4%A8%E0%A5%8D%E0%A4%A4%E0%A4%B0%E0%A5%8D%E0%A4%97%E0%A4%A4%E0%A4%AE%E0%A5%8D),,
sāhitya,śivapratipādanastotram.xml,Śivapratipādanastotra,,https://sa.wikisource.org/wiki/%E0%A4%B6%E0%A4%BF%E0%A4%B5%E0%A4%AA%E0%A5%8D%E0%A4%B0%E0%A4%A4%E0%A4%BF%E0%A4%AA%E0%A4%BE%E0%A4%A6%E0%A4%A8%E0%A4%B8%E0%A5%8D%E0%A4%A4%E0%A5%8B%E0%A4%A4%E0%A5%8D%E0%A4%B0%E0%A4%AE%E0%A5%8D,,
sāhitya,śivapādādikeśāntastutiḥ.xml,Śivapādādikeśāntastuti,Śaṅkarācāryaḥ,https://sa.wikisource.org/wiki/%E0%A4%B6%E0%A4%BF%E0%A4%B5%E0%A4%AA%E0%A4%BE%E0%A4%A6%E0%A4%BE%E0%A4%A6%E0%A4%BF%E0%A4%95%E0%A5%87%E0%A4%B6%E0%A4%BE%E0%A4%A8%E0%A5%8D%E0%A4%A4%E0%A4%B8%E0%A5%8D%E0%A4%A4%E0%A5%81%E0%A4%A4%E0%A4%BF%E0%A4%83,,
sāhitya,śivarakṣāstotram.xml,Śivarakṣāstotra,Yājñavalyaḥ,https://sa.wikisource.org/wiki/%E0%A4%B6%E0%A4%BF%E0%A4%B5%E0%A4%B0%E0%A4%95%E0%A5%8D%E0%A4%B7%E0%A4%BE%E0%A4%B8%E0%A5%8D%E0%A4%A4%E0%A5%8B%E0%A4%A4%E0%A5%8D%E0%A4%B0%E0%A4%AE%E0%A5%8D,,
sāhitya,śivasahasranāmastotram.xml,Śivasahasranāmastotra,,https://sa.wikisource.org/wiki/%E0%A4%B6%E0%A4%BF%E0%A4%B5%E0%A4%B8%E0%A4%B9%E0%A4%B8%E0%A5%8D%E0%A4%B0%E0%A4%A8%E0%A4%BE%E0%A4%AE%E0%A4%B8%E0%A5%8D%E0%A4%A4%E0%A5%8B%E0%A4%A4%E0%A5%8D%E0%A4%B0%E0%A4%AE%E0%A5%8D,,
sāhitya,śivastotram.xml,Śivastotra,Upamanyuḥ,https://sa.wikisource.org/wiki/%E0%A4%B6%E0%A4%BF%E0%A4%B5%E0%A4%B8%E0%A5%8D%E0%A4%A4%E0%A5%8B%E0%A4%A4%E0%A5%8D%E0%A4%B0%E0%A4%AE%E0%A5%8D,,
sāhitya,śivatāṇḍavastotram_bṛhatstotraratnāgarāntargatam.xml,Śivatāṇḍavastotram (Bṛhatstotraratnāgarāntargata),Rāvaṇaḥ,https://sa.wikisource.org/wiki/%E0%A4%B6%E0%A4%BF%E0%A4%B5%E0%A4%A4%E0%A4%BE%E0%A4%A3%E0%A5%8D%E0%A4%A1%E0%A4%B5%E0%A4%B8%E0%A5%8D%E0%A4%A4%E0%A5%8B%E0%A4%A4%E0%A5%8D%E0%A4%B0%E0%A4%AE%E0%A5%8D_(%E0%A4%AC%E0%A5%83%E0%A4%B9%E0%A4%A4%E0%A5%8D%E0%A4%B8%E0%A5%8D%E0%A4%A4%E0%A5%8B%E0%A4%A4%E0%A5%8D%E0%A4%B0%E0%A4%B0%E0%A4%A4%E0%A5%8D%E0%A4%A8%E0%A4%BE%E0%A4%97%E0%A4%B0%E0%A4%BE%E0%A4%A8%E0%A5%8D%E0%A4%A4%E0%A4%B0%E0%A5%8D%E0%A4%97%E0%A4%A4%E0%A4%AE%E0%A5%8D),,
sāhitya,śivatāṇḍavastotram.xml,Śivatāṇḍavastotram (Bṛhatstotraratnāgarāntargata),Rāvaṇaḥ,https://sa.wikisource.org/wiki/%E0%A4%B6%E0%A4%BF%E0%A4%B5%E0%A4%A4%E0%A4%BE%E0%A4%A3%E0%A5%8D%E0%A4%A1%E0%A4%B5%E0%A4%B8%E0%A5%8D%E0%A4%A4%E0%A5%8B%E0%A4%A4%E0%A5%8D%E0%A4%B0%E0%A4%AE%E0%A5%8D_(%E0%A4%AC%E0%A5%83%E0%A4%B9%E0%A4%A4%E0%A5%8D%E0%A4%B8%E0%A5%8D%E0%A4%A4%E0%A5%8B%E0%A4%A4%E0%A5%8D%E0%A4%B0%E0%A4%B0%E0%A4%A4%E0%A5%8D%E0%A4%A8%E0%A4%BE%E0%A4%97%E0%A4%B0%E0%A4%BE%E0%A4%A8%E0%A5%8D%E0%A4%A4%E0%A4%B0%E0%A5%8D%E0%A4%97%E0%A4%A4%E0%A4%AE%E0%A5%8D),,
sāhitya,śivaśaṅkarāṣṭakam.xml,Śivaśaṅkarāṣṭaka,,https://sa.wikisource.org/wiki/%E0%A4%B6%E0%A4%BF%E0%A4%B5%E0%A4%B6%E0%A4%99%E0%A5%8D%E0%A4%95%E0%A4%B0%E0%A4%BE%E0%A4%B7%E0%A5%8D%E0%A4%9F%E0%A4%95%E0%A4%AE%E0%A5%8D,,
sāhitya,śivaṣaḍākṣarastotram.xml,Śivaṣaḍākṣarastotra,,https://sa.wikisource.org/wiki/%E0%A4%B6%E0%A4%BF%E0%A4%B5%E0%A4%B7%E0%A4%A1%E0%A4%BE%E0%A4%95%E0%A5%8D%E0%A4%B7%E0%A4%B0%E0%A4%B8%E0%A5%8D%E0%A4%A4%E0%A5%8B%E0%A4%A4%E0%A5%8D%E0%A4%B0%E0%A4%AE%E0%A5%8D,,
sāhitya,śivānandalaharī_bṛhatstotraratnākarāntargatā.xml,Śivānandalaharī (Bṛhatstotraratnākarāntargatā),Śaṅkarācārya,https://sa.wikisource.org/wiki/%E0%A4%B6%E0%A4%BF%E0%A4%B5%E0%A4%BE%E0%A4%A8%E0%A4%A8%E0%A5%8D%E0%A4%A6%E0%A4%B2%E0%A4%B9%E0%A4%B0%E0%A5%80_(%E0%A4%AC%E0%A5%83%E0%A4%B9%E0%A4%A4%E0%A5%8D%E0%A4%B8%E0%A5%8D%E0%A4%A4%E0%A5%8B%E0%A4%A4%E0%A5%8D%E0%A4%B0%E0%A4%B0%E0%A4%A4%E0%A5%8D%E0%A4%A8%E0%A4%BE%E0%A4%95%E0%A4%B0%E0%A4%BE%E0%A4%A8%E0%A5%8D%E0%A4%A4%E0%A4%B0%E0%A5%8D%E0%A4%97%E0%A4%A4%E0%A4%BE),,
sāhitya,śivāpadānadaṇḍakastotram.xml,Śivāpadānadaṇḍakastotra,Nīlakaṇṭhamakhīndra,https://sa.wikisource.org/wiki/%E0%A4%B6%E0%A4%BF%E0%A4%B5%E0%A4%BE%E0%A4%AA%E0%A4%A6%E0%A4%BE%E0%A4%A8%E0%A4%A6%E0%A4%A3%E0%A5%8D%E0%A4%A1%E0%A4%95%E0%A4%B8%E0%A5%8D%E0%A4%A4%E0%A5%8B%E0%A4%A4%E0%A5%8D%E0%A4%B0%E0%A4%AE%E0%A5%8D,,
sāhitya,śivāparādhakṣamāpaṇastotram_bṛhatstotraratnākarāntargatam.xml,Śivāparādhakṣamāpaṇastotram (Bṛhatstotraratnākarāntargata),Śaṅkarācāryaḥ,https://sa.wikisource.org/wiki/%E0%A4%B6%E0%A4%BF%E0%A4%B5%E0%A4%BE%E0%A4%AA%E0%A4%B0%E0%A4%BE%E0%A4%A7%E0%A4%95%E0%A5%8D%E0%A4%B7%E0%A4%AE%E0%A4%BE%E0%A4%AA%E0%A4%A3%E0%A4%B8%E0%A5%8D%E0%A4%A4%E0%A5%8B%E0%A4%A4%E0%A5%8D%E0%A4%B0%E0%A4%AE%E0%A5%8D_(%E0%A4%AC%E0%A5%83%E0%A4%B9%E0%A4%A4%E0%A5%8D%E0%A4%B8%E0%A5%8D%E0%A4%A4%E0%A5%8B%E0%A4%A4%E0%A5%8D%E0%A4%B0%E0%A4%B0%E0%A4%A4%E0%A5%8D%E0%A4%A8%E0%A4%BE%E0%A4%95%E0%A4%B0%E0%A4%BE%E0%A4%A8%E0%A5%8D%E0%A4%A4%E0%A4%B0%E0%A5%8D%E0%A4%97%E0%A4%A4%E0%A4%AE%E0%A5%8D)),,
sāhitya,śivāratī.xml,Śivāratī,,https://sa.wikisource.org/wiki/%E0%A4%B6%E0%A4%BF%E0%A4%B5_%E0%A4%86%E0%A4%B0%E0%A4%A4%E0%A5%80,,
sāhitya,śivāṣṭottaraśatanāmastotram.xml,Śivāṣṭottaraśatanāmastotra,,https://sa.wikisource.org/wiki/%E0%A4%B6%E0%A4%BF%E0%A4%B5%E0%A4%BE%E0%A4%B7%E0%A5%8D%E0%A4%9F%E0%A5%8B%E0%A4%A4%E0%A5%8D%E0%A4%A4%E0%A4%B0%E0%A4%B6%E0%A4%A4%E0%A4%A8%E0%A4%BE%E0%A4%AE%E0%A4%B8%E0%A5%8D%E0%A4%A4%E0%A5%8B%E0%A4%A4%E0%A5%8D%E0%A4%B0%E0%A4%AE%E0%A5%8D,,
sāhitya,śrutigītā.xml,Śrutigītā,,https://sa.wikisource.org/wiki/%E0%A4%B6%E0%A5%8D%E0%A4%B0%E0%A5%81%E0%A4%A4%E0%A4%BF%E0%A4%97%E0%A5%80%E0%A4%A4%E0%A4%BE,,
sāhitya,śryagastyakṛtaśrīśivāṣṭakam.xml,Śryagastyakṛtaśrīśivāṣṭaka,,https://sa.wikisource.org/wiki/%E0%A4%B6%E0%A5%8D%E0%A4%B0%E0%A5%80%E0%A4%85%E0%A4%97%E0%A4%B8%E0%A5%8D%E0%A4%A4%E0%A5%8D%E0%A4%AF%E0%A4%95%E0%A5%83%E0%A4%A4_%E0%A4%B6%E0%A5%8D%E0%A4%B0%E0%A5%80%E0%A4%B6%E0%A4%BF%E0%A4%B5%E0%A4%BE%E0%A4%B7%E0%A5%8D%E0%A4%9F%E0%A4%95%E0%A4%AE%E0%A5%8D,,
sāhitya,śryaṅgārakāṣṭottaraśatanāmastotram.xml,Śryaṅgārakāṣṭottaraśatanāmastotra,Śaṃkara,https://sa.wikisource.org/wiki/%E0%A4%B6%E0%A5%8D%E0%A4%B0%E0%A5%80%E0%A4%85%E0%A4%99%E0%A5%8D%E0%A4%97%E0%A4%BE%E0%A4%B0%E0%A4%95%E0%A4%BE%E0%A4%B7%E0%A5%8D%E0%A4%9F%E0%A5%8B%E0%A4%A4%E0%A5%8D%E0%A4%A4%E0%A4%B0%E0%A4%B6%E0%A4%A4%E0%A4%A8%E0%A4%BE%E0%A4%AE%E0%A4%B8%E0%A5%8D%E0%A4%A4%E0%A5%8B%E0%A4%A4%E0%A5%8D%E0%A4%B0%E0%A4%AE%E0%A5%8D,,
sāhitya,śryaṣṭalakṣmyaṣṭottaraśatanāmāvaliḥ.xml,Śryaṣṭalakṣmyaṣṭottaraśatanāmāvali,,https://sa.wikisource.org/wiki/%E0%A4%85%E0%A4%B7%E0%A5%8D%E0%A4%9F%E0%A4%B2%E0%A4%95%E0%A5%8D%E0%A4%B7%E0%A5%8D%E0%A4%AE%E0%A5%8D%E0%A4%AF%E0%A4%B7%E0%A5%8D%E0%A4%9F%E0%A5%8B%E0%A4%A4%E0%A5%8D%E0%A4%A4%E0%A4%B0%E0%A4%B6%E0%A4%A4%E0%A4%A8%E0%A4%BE%E0%A4%AE%E0%A4%BE%E0%A4%B5%E0%A4%B2%E0%A4%BF%E0%A4%83,,
sāhitya,śryādimātāśubhanāśinīstavanam.xml,Śryādimātāśubhanāśinīstavana,,https://sa.wikisource.org/wiki/%E0%A4%B6%E0%A5%8D%E0%A4%B0%E0%A5%80_%E0%A4%86%E0%A4%A6%E0%A4%BF%E0%A4%AE%E0%A4%BE%E0%A4%A4%E0%A4%BE_%E0%A4%85%E0%A4%B6%E0%A5%81%E0%A4%AD%E0%A4%A8%E0%A4%BE%E0%A4%B6%E0%A4%BF%E0%A4%A8%E0%A5%80_%E0%A4%B8%E0%A5%8D%E0%A4%A4%E0%A4%B5%E0%A4%A8%E0%A4%AE%E0%A5%8D,,
sāhitya,śryādimātāśubhaṃkarāstavanam.xml,Śryādimātāśubhaṃkarāstavana,,https://sa.wikisource.org/wiki/%E0%A4%B6%E0%A5%8D%E0%A4%B0%E0%A5%80_%E0%A4%86%E0%A4%A6%E0%A4%BF%E0%A4%AE%E0%A4%BE%E0%A4%A4%E0%A4%BE_%E0%A4%B6%E0%A5%81%E0%A4%AD%E0%A4%82%E0%A4%95%E0%A4%B0%E0%A4%BE_%E0%A4%B8%E0%A5%8D%E0%A4%A4%E0%A4%B5%E0%A4%A8%E0%A4%AE%E0%A5%8D,,
sāhitya,śryāñjaneyasahasranāmastotram.xml,Śryāñjaneyasahasranāmastotra,,https://sa.wikisource.org/wiki/%E0%A4%B6%E0%A5%8D%E0%A4%B0%E0%A5%80_%E0%A4%86%E0%A4%9E%E0%A5%8D%E0%A4%9C%E0%A4%A8%E0%A5%87%E0%A4%AF_%E0%A4%B8%E0%A4%B9%E0%A4%B8%E0%A5%8D%E0%A4%B0%E0%A4%A8%E0%A4%BE%E0%A4%AE%E0%A4%B8%E0%A5%8D%E0%A4%A4%E0%A5%8B%E0%A4%A4%E0%A5%8D%E0%A4%B0%E0%A4%AE%E0%A5%8D,,
sāhitya,śrībhakticandrikā.xml,Śrībhakticandrikā,,https://sa.wikisource.org/wiki/%E0%A4%B6%E0%A5%8D%E0%A4%B0%E0%A5%80%E0%A4%AD%E0%A4%95%E0%A5%8D%E0%A4%A4%E0%A4%BF%E0%A4%9A%E0%A4%A8%E0%A5%8D%E0%A4%A6%E0%A5%8D%E0%A4%B0%E0%A4%BF%E0%A4%95%E0%A4%BE,,
sāhitya,śrībhavānyaṣṭakam.xml,Śrībhavānyaṣṭaka,,https://sa.wikisource.org/wiki/%E0%A4%B6%E0%A5%8D%E0%A4%B0%E0%A5%80%E0%A4%AD%E0%A4%B5%E0%A4%BE%E0%A4%A8%E0%A5%8D%E0%A4%AF%E0%A4%B7%E0%A5%8D%E0%A4%9F%E0%A4%95%E0%A4%AE%E0%A5%8D,,
sāhitya,śrībilvaṣṭakam.xml,Śrībilvaṣṭaka,,https://sa.wikisource.org/wiki/%E0%A4%B6%E0%A5%8D%E0%A4%B0%E0%A5%80%E0%A4%AC%E0%A4%BF%E0%A4%B2%E0%A5%8D%E0%A4%B5%E0%A4%BE%E0%A4%B7%E0%A5%8D%E0%A4%9F%E0%A4%95%E0%A4%AE%E0%A5%8D,,
sāhitya,śrībilvāṣṭakam.xml,Śrībilvāṣṭaka,,https://sa.wikisource.org/wiki/%E0%A4%B6%E0%A5%8D%E0%A4%B0%E0%A5%80%E0%A4%AC%E0%A4%BF%E0%A4%B2%E0%A5%8D%E0%A4%B5%E0%A4%BE%E0%A4%B7%E0%A5%8D%E0%A4%9F%E0%A4%95%E0%A4%AE%E0%A5%8D,,
sāhitya,śrīcandraśekharāṣṭakam.xml,Śrīcandraśekharāṣṭaka,,https://sa.wikisource.org/wiki/%E0%A4%9A%E0%A4%A8%E0%A5%8D%E0%A4%A6%E0%A5%8D%E0%A4%B0%E0%A4%B6%E0%A5%87%E0%A4%96%E0%A4%B0%E0%A4%BE%E0%A4%B7%E0%A5%8D%E0%A4%9F%E0%A4%95%E0%A4%AE%E0%A5%8D,,
sāhitya,śrīdattabhāvasudhārasastotram.xml,Śrīdattabhāvasudhārasastotra,Vāsudevānandasarasvatī,https://sa.wikisource.org/wiki/%E0%A4%B6%E0%A5%8D%E0%A4%B0%E0%A5%80%E0%A4%A6%E0%A4%A4%E0%A5%8D%E0%A4%A4%E0%A4%AD%E0%A4%BE%E0%A4%B5%E0%A4%B8%E0%A5%81%E0%A4%A7%E0%A4%BE%E0%A4%B0%E0%A4%B8%E0%A4%B8%E0%A5%8D%E0%A4%A4%E0%A5%8B%E0%A4%A4%E0%A5%8D%E0%A4%B0%E0%A4%AE%E0%A5%8D,,
sāhitya,śrīdattātreyaprārthanāstotra.xml,Śrīdattātreyaprārthanāstotra,Vāsudevānandasarasvatī,https://sa.wikisource.org/wiki/%E0%A4%B6%E0%A5%8D%E0%A4%B0%E0%A5%80%E0%A4%A6%E0%A4%A4%E0%A5%8D%E0%A4%A4%E0%A4%BE%E0%A4%A4%E0%A5%8D%E0%A4%B0%E0%A5%87%E0%A4%AF%E0%A4%AA%E0%A5%8D%E0%A4%B0%E0%A4%BE%E0%A4%B0%E0%A5%8D%E0%A4%A5%E0%A4%A8%E0%A4%BE%E0%A4%B8%E0%A5%8D%E0%A4%A4%E0%A5%8B%E0%A4%A4%E0%A5%8D%E0%A4%B0%E0%A4%AE%E0%A5%8D,,
sāhitya,śrīdattātreyastotram.xml,Śrīdattātreyastotra,Bhṛgu,https://sa.wikisource.org/wiki/%E0%A4%B6%E0%A5%8D%E0%A4%B0%E0%A5%80%E0%A4%A6%E0%A4%A4%E0%A5%8D%E0%A4%A4%E0%A4%BE%E0%A4%A4%E0%A5%8D%E0%A4%B0%E0%A5%87%E0%A4%AF%E0%A4%B8%E0%A5%8D%E0%A4%A4%E0%A5%8B%E0%A4%A4%E0%A5%8D%E0%A4%B0%E0%A4%AE%E0%A5%8D,,
sāhitya,śrīdattātreyastutiḥ.xml,Śrīdattātreyastuti,,https://sa.wikisource.org/wiki/%E0%A4%B6%E0%A5%8D%E0%A4%B0%E0%A5%80%E0%A4%A6%E0%A4%A4%E0%A5%8D%E0%A4%A4%E0%A4%BE%E0%A4%A4%E0%A5%8D%E0%A4%B0%E0%A5%87%E0%A4%AF%E0%A4%B8%E0%A5%8D%E0%A4%A4%E0%A5%81%E0%A4%A4%E0%A4%BF%E0%A4%83,,
sāhitya,śrīdevyatharvaśīrṣam.xml,Śrīdevyatharvaśīrṣa,,https://sa.wikisource.org/wiki/%E0%A4%B6%E0%A5%8D%E0%A4%B0%E0%A5%80%E0%A4%A6%E0%A5%87%E0%A4%B5%E0%A5%8D%E0%A4%AF%E0%A4%A5%E0%A4%B0%E0%A5%8D%E0%A4%B5%E0%A4%B6%E0%A5%80%E0%A4%B0%E0%A5%8D%E0%A4%B7%E0%A4%AE%E0%A5%8D,,
sāhitya,śrīdineśastavaḥ.xml,Śrīdineśastava,,https://sa.wikisource.org/wiki/%E0%A4%B6%E0%A5%8D%E0%A4%B0%E0%A5%80%E0%A4%A6%E0%A4%BF%E0%A4%A8%E0%A5%87%E0%A4%B6%E0%A4%B8%E0%A5%8D%E0%A4%A4%E0%A4%B5%E0%A4%83,,
sāhitya,śrīdurgāsaptaśatīsāra.xml,Śrīdurgāsaptaśatīsāra,,https://sa.wikisource.org/wiki/%E0%A4%B6%E0%A5%8D%E0%A4%B0%E0%A5%80_%E0%A4%A6%E0%A5%81%E0%A4%B0%E0%A5%8D%E0%A4%97%E0%A4%BE%E0%A4%B8%E0%A4%AA%E0%A5%8D%E0%A4%A4%E0%A4%B6%E0%A4%A4%E0%A5%80_%E0%A4%B8%E0%A4%BE%E0%A4%B0,,
sāhitya,śrīgaṇapatisahasranāmāvali.xml,Śrīgaṇapatisahasranāmāvali,,https://sa.wikisource.org/wiki/%E0%A4%B6%E0%A5%8D%E0%A4%B0%E0%A5%80%E0%A4%97%E0%A4%A3%E0%A4%AA%E0%A4%A4%E0%A4%BF%E0%A4%B8%E0%A4%B9%E0%A4%B8%E0%A5%8D%E0%A4%B0%E0%A4%A8%E0%A4%BE%E0%A4%AE%E0%A4%BE%E0%A4%B5%E0%A4%B2%E0%A4%BF%E0%A4%83,,
sāhitya,śrīgaṇapatistotram.xml,Śrīgaṇapatistotra,Śrīvāsudevānandasarasvatī,https://sa.wikisource.org/wiki/%E0%A4%B6%E0%A5%8D%E0%A4%B0%E0%A5%80%E0%A4%97%E0%A4%A3%E0%A4%AA%E0%A4%A4%E0%A4%BF%E0%A4%B8%E0%A5%8D%E0%A4%A4%E0%A5%8B%E0%A4%A4%E0%A5%8D%E0%A4%B0%E0%A4%AE%E0%A5%8D,,
sāhitya,śrīgaṇeśabhajanāvaliḥ.xml,Śrīgaṇeśabhajanāvali,,https://sa.wikisource.org/wiki/%E0%A4%B6%E0%A5%8D%E0%A4%B0%E0%A5%80%E0%A4%97%E0%A4%A3%E0%A5%87%E0%A4%B6%E0%A4%AD%E0%A4%9C%E0%A4%A8%E0%A4%BE%E0%A4%B5%E0%A4%B2%E0%A4%BF%E0%A4%83,,
sāhitya,śrīgaṇeśakavacam.xml,Śrīgaṇeśakavaca,,https://sa.wikisource.org/wiki/%E0%A4%B6%E0%A5%8D%E0%A4%B0%E0%A5%80%E0%A4%97%E0%A4%A3%E0%A5%87%E0%A4%B6%E0%A4%95%E0%A4%B5%E0%A4%9A%E0%A4%AE%E0%A5%8D,,
sāhitya,śrīgaṇeśastuti.xml,Śrīgaṇeśastuti,,https://sa.wikisource.org/wiki/%E0%A4%B6%E0%A5%8D%E0%A4%B0%E0%A5%80_%E0%A4%97%E0%A4%A3%E0%A5%87%E0%A4%B6_%E0%A4%B8%E0%A5%8D%E0%A4%A4%E0%A5%81%E0%A4%A4%E0%A4%BF,,
sāhitya,śrīgaṇeśāṣṭotaranāmāvali.xml,Śrīgaṇeśāṣṭotaranāmāvali,,https://sa.wikisource.org/wiki/%E0%A4%B6%E0%A5%8D%E0%A4%B0%E0%A5%80%E0%A4%97%E0%A4%A3%E0%A5%87%E0%A4%B6-%E0%A4%85%E0%A4%B7%E0%A5%8D%E0%A4%9F%E0%A5%8B%E0%A4%A4%E0%A4%B0%E0%A4%A8%E0%A4%BE%E0%A4%AE%E0%A4%BE%E0%A4%B5%E0%A4%B2%E0%A5%80,,
sāhitya,śrīgaṇeśāṣṭotaranāmāvalī.xml,Śrīgaṇeśāṣṭotaranāmāvalī,,https://sa.wikisource.org/wiki/%E0%A4%B6%E0%A5%8D%E0%A4%B0%E0%A5%80%E0%A4%97%E0%A4%A3%E0%A5%87%E0%A4%B6-%E0%A4%85%E0%A4%B7%E0%A5%8D%E0%A4%9F%E0%A5%8B%E0%A4%A4%E0%A4%B0%E0%A4%A8%E0%A4%BE%E0%A4%AE%E0%A4%BE%E0%A4%B5%E0%A4%B2%E0%A5%80,,
sāhitya,śrīgurupādukāstrotram.xml,Śrīgurupādukāstrotra,,https://sa.wikisource.org/wiki/%E0%A4%B6%E0%A5%8D%E0%A4%B0%E0%A5%80%E0%A4%97%E0%A5%81%E0%A4%B0%E0%A5%81%E0%A4%AA%E0%A4%BE%E0%A4%A6%E0%A5%81%E0%A4%95%E0%A4%BE%E0%A4%B8%E0%A5%8D%E0%A4%A4%E0%A5%8D%E0%A4%B0%E0%A5%8B%E0%A4%A4%E0%A5%8D%E0%A4%B0%E0%A4%AE%E0%A5%8D,,
sāhitya,śrīgurvaṣṭakam.xml,Śrīgurvaṣṭaka,,https://sa.wikisource.org/wiki/%E0%A4%B6%E0%A5%8D%E0%A4%B0%E0%A5%80%E0%A4%97%E0%A5%81%E0%A4%B0%E0%A5%8D%E0%A4%B5%E0%A4%B7%E0%A5%8D%E0%A4%9F%E0%A4%95%E0%A4%AE%E0%A5%8D,,
sāhitya,śrīgāyatrīsahasranāmastotra.xml,Śrīgāyatrīsahasranāmastotra,,https://sa.wikisource.org/wiki/%E0%A4%B6%E0%A5%8D%E0%A4%B0%E0%A5%80%E0%A4%97%E0%A4%BE%E0%A4%AF%E0%A4%A4%E0%A5%8D%E0%A4%B0%E0%A5%80%E0%A4%B8%E0%A4%B9%E0%A4%B8%E0%A5%8D%E0%A4%B0%E0%A4%A8%E0%A4%BE%E0%A4%AE%E0%A4%B8%E0%A5%8D%E0%A4%A4%E0%A5%8B%E0%A4%A4%E0%A5%8D%E0%A4%B0%E0%A4%AE%E0%A5%8D,,
sāhitya,śrīgāyatrīsahasranāmastotram.xml,Śrīgāyatrīsahasranāmastotra,,https://sa.wikisource.org/wiki/%E0%A4%B6%E0%A5%8D%E0%A4%B0%E0%A5%80%E0%A4%97%E0%A4%BE%E0%A4%AF%E0%A4%A4%E0%A5%8D%E0%A4%B0%E0%A5%80%E0%A4%B8%E0%A4%B9%E0%A4%B8%E0%A5%8D%E0%A4%B0%E0%A4%A8%E0%A4%BE%E0%A4%AE%E0%A4%B8%E0%A5%8D%E0%A4%A4%E0%A5%8B%E0%A4%A4%E0%A5%8D%E0%A4%B0%E0%A4%AE%E0%A5%8D,,
sāhitya,śrīgāyatrīśāpavimocana.xml,Śrīgāyatrīśāpavimocana,,https://sa.wikisource.org/wiki/%E0%A4%B6%E0%A5%8D%E0%A4%B0%E0%A5%80%E0%A4%97%E0%A4%BE%E0%A4%AF%E0%A4%A4%E0%A5%8D%E0%A4%B0%E0%A5%80%E0%A4%B6%E0%A4%BE%E0%A4%AA%E0%A4%B5%E0%A4%BF%E0%A4%AE%E0%A5%8B%E0%A4%9A%E0%A4%A8%E0%A4%AE%E0%A5%8D,,
sāhitya,śrīgāyatrīśāpavimocanam.xml,Śrīgāyatrīśāpavimocana,,https://sa.wikisource.org/wiki/%E0%A4%B6%E0%A5%8D%E0%A4%B0%E0%A5%80%E0%A4%97%E0%A4%BE%E0%A4%AF%E0%A4%A4%E0%A5%8D%E0%A4%B0%E0%A5%80%E0%A4%B6%E0%A4%BE%E0%A4%AA%E0%A4%B5%E0%A4%BF%E0%A4%AE%E0%A5%8B%E0%A4%9A%E0%A4%A8%E0%A4%AE%E0%A5%8D,,
sāhitya,śrīharyaṣṭakam.xml,Śrīharyaṣṭaka,,https://sa.wikisource.org/wiki/%E0%A4%B6%E0%A5%8D%E0%A4%B0%E0%A5%80%E0%A4%B9%E0%A4%B0%E0%A5%8D%E0%A4%AF%E0%A4%B7%E0%A5%8D%E0%A4%9F%E0%A4%95%E0%A4%AE%E0%A5%8D,,
sāhitya,śrījagadambikāstotram.xml,Śrījagadambikāstotra,Śrīvāsudevānandasarasvatī,https://sa.wikisource.org/wiki/%E0%A4%B6%E0%A5%8D%E0%A4%B0%E0%A5%80%E0%A4%9C%E0%A4%97%E0%A4%A6%E0%A4%AE%E0%A5%8D%E0%A4%AC%E0%A4%BF%E0%A4%95%E0%A4%BE%E0%A4%B8%E0%A5%8D%E0%A4%A4%E0%A5%8B%E0%A4%A4%E0%A5%8D%E0%A4%B0%E0%A4%AE%E0%A5%8D,,
sāhitya,śrījñāneśvarastotram.xml,Śrījñāneśvarastotra,Anaṃtarāva āṭhavale,https://sa.wikisource.org/wiki/%E0%A4%B6%E0%A5%8D%E0%A4%B0%E0%A5%80%E0%A4%9C%E0%A5%8D%E0%A4%9E%E0%A4%BE%E0%A4%A8%E0%A5%87%E0%A4%B6%E0%A5%8D%E0%A4%B5%E0%A4%B0%E0%A4%B8%E0%A5%8D%E0%A4%A4%E0%A5%8B%E0%A4%A4%E0%A5%8D%E0%A4%B0%E0%A4%AE%E0%A5%8D,,
sāhitya,śrīkamalajadayitāṣṭakam.xml,Śrīkamalajadayitāṣṭaka,Śrīśivābhinavanṛsiṃhabhāratīsvāmi,https://sa.wikisource.org/wiki/%E0%A4%B6%E0%A5%8D%E0%A4%B0%E0%A5%80%E0%A4%95%E0%A4%AE%E0%A4%B2%E0%A4%9C%E0%A4%A6%E0%A4%AF%E0%A4%BF%E0%A4%A4%E0%A4%BE%E0%A4%B7%E0%A5%8D%E0%A4%9F%E0%A4%95%E0%A4%AE%E0%A5%8D,,
sāhitya,śrīkamalākavacam.xml,Śrīkamalākavaca,,https://sa.wikisource.org/wiki/%E0%A4%B6%E0%A5%8D%E0%A4%B0%E0%A5%80%E0%A4%95%E0%A4%AE%E0%A4%B2%E0%A4%BE%E0%A4%95%E0%A4%B5%E0%A4%9A%E0%A4%AE%E0%A5%8D,,
sāhitya,śrīkāmākṣistotram.xml,Śrīkāmākṣistotra,,https://sa.wikisource.org/wiki/%E0%A4%B6%E0%A5%8D%E0%A4%B0%E0%A5%80%E0%A4%95%E0%A4%BE%E0%A4%AE%E0%A4%BE%E0%A4%95%E0%A5%8D%E0%A4%B7%E0%A4%BF%E0%A4%B8%E0%A5%8D%E0%A4%A4%E0%A5%8B%E0%A4%A4%E0%A5%8D%E0%A4%B0%E0%A4%AE%E0%A5%8D,,
sāhitya,śrīkāmākṣīsuprabhātam.xml,Śrīkāmākṣīsuprabhāta,,https://sa.wikisource.org/wiki/%E0%A4%B6%E0%A5%8D%E0%A4%B0%E0%A5%80%E0%A4%95%E0%A4%BE%E0%A4%AE%E0%A4%BE%E0%A4%95%E0%A5%8D%E0%A4%B7%E0%A5%80%E0%A4%B8%E0%A5%81%E0%A4%AA%E0%A5%8D%E0%A4%B0%E0%A4%AD%E0%A4%BE%E0%A4%A4%E0%A4%AE%E0%A5%8D,,
sāhitya,śrīkāśīviśvanāthasuprabhātam.xml,Śrīkāśīviśvanāthasuprabhāta,,https://sa.wikisource.org/wiki/%E0%A4%B6%E0%A5%8D%E0%A4%B0%E0%A5%80%E0%A4%95%E0%A4%BE%E0%A4%B6%E0%A5%80%E0%A4%B5%E0%A4%BF%E0%A4%B6%E0%A5%8D%E0%A4%B5%E0%A4%A8%E0%A4%BE%E0%A4%A5%E0%A4%B8%E0%A5%81%E0%A4%AA%E0%A5%8D%E0%A4%B0%E0%A4%AD%E0%A4%BE%E0%A4%A4%E0%A4%AE%E0%A5%8D,,
sāhitya,śrīkṛṣṇacaitanyasahasranāmastotram.xml,Śrīkṛṣṇacaitanyasahasranāmastotra,,https://sa.wikisource.org/wiki/%E0%A4%B6%E0%A5%8D%E0%A4%B0%E0%A5%80%E0%A4%95%E0%A5%83%E0%A4%B7%E0%A5%8D%E0%A4%A3%E0%A4%9A%E0%A5%88%E0%A4%A4%E0%A4%A8%E0%A5%8D%E0%A4%AF%E0%A4%B8%E0%A4%B9%E0%A4%B8%E0%A5%8D%E0%A4%B0%E0%A4%A8%E0%A4%BE%E0%A4%AE%E0%A4%B8%E0%A5%8D%E0%A4%A4%E0%A5%8B%E0%A4%A4%E0%A5%8D%E0%A4%B0%E0%A4%AE%E0%A5%8D,,
sāhitya,śrīkṛṣṇakarṇāmṛtam.xml,Śrīkṛṣṇakarṇāmṛta,,https://sa.wikisource.org/wiki/%E0%A4%B6%E0%A5%8D%E0%A4%B0%E0%A5%80%E0%A4%95%E0%A5%83%E0%A4%B7%E0%A5%8D%E0%A4%A3%E0%A4%95%E0%A4%B0%E0%A5%8D%E0%A4%A3%E0%A4%BE%E0%A4%AE%E0%A5%83%E0%A4%A4%E0%A4%AE%E0%A5%8D,,
sāhitya,śrīkṛṣṇalīlāmṛtam.xml,Śrīkṛṣṇalīlāmṛta,,https://sa.wikisource.org/wiki/%E0%A4%B6%E0%A5%8D%E0%A4%B0%E0%A5%80%E0%A4%95%E0%A5%83%E0%A4%B7%E0%A5%8D%E0%A4%A3%E0%A4%B2%E0%A5%80%E0%A4%B2%E0%A4%BE%E0%A4%AE%E0%A5%83%E0%A4%A4%E0%A4%AE%E0%A5%8D,,
sāhitya,śrīkṛṣṇavilāsam.xml,Śrīkṛṣṇavilāsa,Sukumārakaviḥ,https://sa.wikisource.org/wiki/%E0%A4%B6%E0%A5%8D%E0%A4%B0%E0%A5%80%E0%A4%95%E0%A5%83%E0%A4%B7%E0%A5%8D%E0%A4%A3%E0%A4%B5%E0%A4%BF%E0%A4%B2%E0%A4%BE%E0%A4%B8%E0%A4%AE%E0%A5%8D,,
sāhitya,śrīkṛṣṇāṣṭaka.xml,Śrīkṛṣṇāṣṭaka,Śaṅkara,https://sa.wikisource.org/wiki/%E0%A4%B6%E0%A5%8D%E0%A4%B0%E0%A5%80%E0%A4%AE%E0%A4%9A%E0%A5%8D%E0%A4%9B%E0%A4%99%E0%A5%8D%E0%A4%95%E0%A4%B0%E0%A4%BE%E0%A4%9A%E0%A4%BE%E0%A4%B0%E0%A5%8D%E0%A4%AF%E0%A4%95%E0%A5%83%E0%A4%A4%E0%A4%82_%E0%A4%B6%E0%A5%8D%E0%A4%B0%E0%A5%80%E0%A4%95%E0%A5%83%E0%A4%B7%E0%A5%8D%E0%A4%A3%E0%A4%BE%E0%A4%B7%E0%A5%8D%E0%A4%9F%E0%A4%95%E0%A4%AE%E0%A5%8D,,
sāhitya,śrīkṛṣṇāṣṭakaṃ.xml,Śrīkṛṣṇāṣṭaka,,https://sa.wikisource.org/wiki/%E0%A4%B6%E0%A5%8D%E0%A4%B0%E0%A5%80%E0%A4%95%E0%A5%83%E0%A4%B7%E0%A5%8D%E0%A4%A3%E0%A4%BE%E0%A4%B7%E0%A5%8D%E0%A4%9F%E0%A4%95%E0%A4%82,,
sāhitya,śrīlakṣmaṇakavacam.xml,Śrīlakṣmaṇakavaca,,https://sa.wikisource.org/wiki/%E0%A4%B6%E0%A5%8D%E0%A4%B0%E0%A5%80%E0%A4%B2%E0%A4%95%E0%A5%8D%E0%A4%B7%E0%A5%8D%E0%A4%AE%E0%A4%A3%E0%A4%95%E0%A4%B5%E0%A4%9A%E0%A4%AE%E0%A5%8D,,
sāhitya,śrīlalitāsahasranāmastotram.xml,Śrīlalitāsahasranāmastotra,,https://sa.wikisource.org/wiki/%E0%A4%B6%E0%A5%8D%E0%A4%B0%E0%A5%80%E0%A4%B2%E0%A4%B2%E0%A4%BF%E0%A4%A4%E0%A4%BE%E0%A4%B8%E0%A4%B9%E0%A4%B8%E0%A5%8D%E0%A4%B0%E0%A4%A8%E0%A4%BE%E0%A4%AE%E0%A4%B8%E0%A5%8D%E0%A4%A4%E0%A5%8B%E0%A4%A4%E0%A5%8D%E0%A4%B0%E0%A4%AE%E0%A5%8D,,
sāhitya,śrīliṅgāṣṭakam.xml,Śrīliṅgāṣṭaka,,https://sa.wikisource.org/wiki/%E0%A4%B6%E0%A5%8D%E0%A4%B0%E0%A5%80%E0%A4%B2%E0%A4%BF%E0%A4%99%E0%A5%8D%E0%A4%97%E0%A4%BE%E0%A4%B7%E0%A5%8D%E0%A4%9F%E0%A4%95%E0%A4%AE%E0%A5%8D,,
sāhitya,śrīmacchaṅkarācāryakṛtaṃ_śrīkṛṣṇāṣṭakam.xml,Śrīmacchaṅkarācāryakṛtaṃ Śrīkṛṣṇāṣṭaka,,https://sa.wikisource.org/wiki/%E0%A4%B6%E0%A5%8D%E0%A4%B0%E0%A5%80%E0%A4%AE%E0%A4%9A%E0%A5%8D%E0%A4%9B%E0%A4%99%E0%A5%8D%E0%A4%95%E0%A4%B0%E0%A4%BE%E0%A4%9A%E0%A4%BE%E0%A4%B0%E0%A5%8D%E0%A4%AF%E0%A4%95%E0%A5%83%E0%A4%A4%E0%A4%82_%E0%A4%B6%E0%A5%8D%E0%A4%B0%E0%A5%80%E0%A4%95%E0%A5%83%E0%A4%B7%E0%A5%8D%E0%A4%A3%E0%A4%BE%E0%A4%B7%E0%A5%8D%E0%A4%9F%E0%A4%95%E0%A4%AE%E0%A5%8D,,
sāhitya,śrīmadānandarāmāyaṇāntargatarāmāṣṭottaraśatanāmāvaliḥ.xml,Śrīmadānandarāmāyaṇāntargatarāmāṣṭottaraśatanāmāvali,,https://sa.wikisource.org/wiki/%E0%A4%B6%E0%A5%8D%E0%A4%B0%E0%A5%80%E0%A4%AE%E0%A4%A6%E0%A4%BE%E0%A4%A8%E0%A4%A8%E0%A5%8D%E0%A4%A6%E0%A4%B0%E0%A4%BE%E0%A4%AE%E0%A4%BE%E0%A4%AF%E0%A4%A3%E0%A4%BE%E0%A4%A8%E0%A5%8D%E0%A4%A4%E0%A4%B0%E0%A5%8D%E0%A4%97%E0%A4%A4%E0%A4%B0%E0%A4%BE%E0%A4%AE%E0%A4%BE%E0%A4%B7%E0%A5%8D%E0%A4%9F%E0%A5%8B%E0%A4%A4%E0%A5%8D%E0%A4%A4%E0%A4%B0%E0%A4%B6%E0%A4%A4%E0%A4%A8%E0%A4%BE%E0%A4%AE%E0%A4%BE%E0%A4%B5%E0%A4%B2%E0%A4%BF%E0%A4%83,,
sāhitya,śrīmadāñjaneyāṣṭottaraśatanāmastotram_kālikārahasyataḥ.xml,Śrīmadāñjaneyāṣṭottaraśatanāmastotram Kālikārahasyata,,https://sa.wikisource.org/wiki/%E0%A4%B6%E0%A5%8D%E0%A4%B0%E0%A5%80%E0%A4%AE%E0%A4%A6%E0%A4%BE%E0%A4%9E%E0%A5%8D%E0%A4%9C%E0%A4%A8%E0%A5%87%E0%A4%AF%E0%A4%BE%E0%A4%B7%E0%A5%8D%E0%A4%9F%E0%A5%8B%E0%A4%A4%E0%A5%8D%E0%A4%A4%E0%A4%B0%E0%A4%B6%E0%A4%A4%E0%A4%A8%E0%A4%BE%E0%A4%AE%E0%A4%B8%E0%A5%8D%E0%A4%A4%E0%A5%8B%E0%A4%A4%E0%A5%8D%E0%A4%B0%E0%A4%AE%E0%A5%8D_%E0%A4%95%E0%A4%BE%E0%A4%B2%E0%A4%BF%E0%A4%95%E0%A4%BE%E0%A4%B0%E0%A4%B9%E0%A4%B8%E0%A5%8D%E0%A4%AF%E0%A4%A4%E0%A4%83,,
sāhitya,śrīmahādevakṛtarāmastotram.xml,Śrīmahādevakṛtarāmastotra,,https://sa.wikisource.org/wiki/%E0%A4%B6%E0%A5%8D%E0%A4%B0%E0%A5%80%E0%A4%AE%E0%A4%B9%E0%A4%BE%E0%A4%A6%E0%A5%87%E0%A4%B5%E0%A4%95%E0%A5%83%E0%A4%A4%E0%A4%B0%E0%A4%BE%E0%A4%AE%E0%A4%B8%E0%A5%8D%E0%A4%A4%E0%A5%8B%E0%A4%A4%E0%A5%8D%E0%A4%B0%E0%A4%AE%E0%A5%8D,,
sāhitya,śrīmahāgaṇeśapañcaratnaṃ.xml,Śrīmahāgaṇeśapañcaratna,,https://sa.wikisource.org/wiki/%E0%A4%B6%E0%A5%8D%E0%A4%B0%E0%A5%80%E0%A4%AE%E0%A4%B9%E0%A4%BE%E0%A4%97%E0%A4%A3%E0%A5%87%E0%A4%B6%E0%A4%AA%E0%A4%9E%E0%A5%8D%E0%A4%9A%E0%A4%B0%E0%A4%A4%E0%A5%8D%E0%A4%A8%E0%A4%AE%E0%A5%8D,,
sāhitya,śrīmahālakṣmyaṣṭakaṃ.xml,Śrīmahālakṣmyaṣṭaka,,https://sa.wikisource.org/wiki/%E0%A4%B6%E0%A5%8D%E0%A4%B0%E0%A5%80%E0%A4%AE%E0%A4%B9%E0%A4%BE%E0%A4%B2%E0%A4%95%E0%A5%8D%E0%A4%B7%E0%A5%8D%E0%A4%AE%E0%A5%80_%E0%A4%85%E0%A4%B7%E0%A5%8D%E0%A4%9F%E0%A4%95%E0%A4%82,,
sāhitya,śrīnandakumārāṣṭakam.xml,Śrīnandakumārāṣṭaka,,https://sa.wikisource.org/wiki/%E0%A4%B6%E0%A5%8D%E0%A4%B0%E0%A5%80%E0%A4%A8%E0%A4%A8%E0%A5%8D%E0%A4%A6%E0%A4%95%E0%A5%81%E0%A4%AE%E0%A4%BE%E0%A4%B0%E0%A4%BE%E0%A4%B7%E0%A5%8D%E0%A4%9F%E0%A4%95%E0%A4%AE%E0%A5%8D,,
sāhitya,śrīnṛsiṃhasarasvatīprārthanāṣṭakam.xml,Śrīnṛsiṃhasarasvatīprārthanāṣṭaka,Śrīvāsudevānandasarasvatī,https://sa.wikisource.org/wiki/%E0%A4%B6%E0%A5%8D%E0%A4%B0%E0%A5%80%E0%A4%A8%E0%A5%83%E0%A4%B8%E0%A4%BF%E0%A4%82%E0%A4%B9%E0%A4%B8%E0%A4%B0%E0%A4%B8%E0%A5%8D%E0%A4%B5%E0%A4%A4%E0%A5%80%E0%A4%AA%E0%A5%8D%E0%A4%B0%E0%A4%BE%E0%A4%B0%E0%A5%8D%E0%A4%A5%E0%A4%A8%E0%A4%BE%E0%A4%B7%E0%A5%8D%E0%A4%9F%E0%A4%95%E0%A4%AE%E0%A5%8D,,
sāhitya,śrīraghunāthāṣṭakam.xml,Śrīraghunāthāṣṭaka,,https://sa.wikisource.org/wiki/%E0%A4%B6%E0%A5%8D%E0%A4%B0%E0%A5%80%E0%A4%B0%E0%A4%98%E0%A5%81%E0%A4%A8%E0%A4%BE%E0%A4%A5%E0%A4%BE%E0%A4%B7%E0%A5%8D%E0%A4%9F%E0%A4%95%E0%A4%AE%E0%A5%8D,,
sāhitya,śrīraṅgastotra.xml,Śrīraṅgastotra,,https://sa.wikisource.org/wiki/%E0%A4%B6%E0%A5%8D%E0%A4%B0%E0%A5%80%E0%A4%B0%E0%A4%99%E0%A5%8D%E0%A4%97%E0%A4%B8%E0%A5%8D%E0%A4%A4%E0%A5%8B%E0%A4%A4%E0%A5%8D%E0%A4%B0,,
sāhitya,śrīreṇukāstotram.xml,Śrīreṇukāstotra,,https://sa.wikisource.org/wiki/%E0%A4%B6%E0%A5%8D%E0%A4%B0%E0%A5%80%E0%A4%B0%E0%A5%87%E0%A4%A3%E0%A5%81%E0%A4%95%E0%A4%BE%E0%A4%B8%E0%A5%8D%E0%A4%A4%E0%A5%8B%E0%A4%A4%E0%A5%8D%E0%A4%B0%E0%A4%AE%E0%A5%8D,,
sāhitya,śrīrādhākavacam.xml,Śrīrādhākavaca,,https://sa.wikisource.org/wiki/%E0%A4%B6%E0%A5%8D%E0%A4%B0%E0%A5%80%E0%A4%B0%E0%A4%BE%E0%A4%A7%E0%A4%BE%E0%A4%95%E0%A4%B5%E0%A4%9A%E0%A4%AE%E0%A5%8D,,
sāhitya,śrīrādhākṛṣṇasahasranāmastotram.xml,Śrīrādhākṛṣṇasahasranāmastotra,,https://sa.wikisource.org/wiki/%E0%A4%B6%E0%A5%8D%E0%A4%B0%E0%A5%80%E0%A4%B0%E0%A4%BE%E0%A4%A7%E0%A4%BE%E0%A4%95%E0%A5%83%E0%A4%B7%E0%A5%8D%E0%A4%A3%E0%A4%B8%E0%A4%B9%E0%A4%B8%E0%A5%8D%E0%A4%B0%E0%A4%A8%E0%A4%BE%E0%A4%AE%E0%A4%B8%E0%A5%8D%E0%A4%A4%E0%A5%8B%E0%A4%A4%E0%A5%8D%E0%A4%B0%E0%A4%AE%E0%A5%8D,,
sāhitya,śrīrāmabhujaṅgaprayātastotram.xml,Śrīrāmabhujaṅgaprayātastotra,,https://sa.wikisource.org/wiki/%E0%A4%B6%E0%A5%8D%E0%A4%B0%E0%A5%80%E0%A4%B0%E0%A4%BE%E0%A4%AE%E0%A4%AD%E0%A5%81%E0%A4%9C%E0%A4%99%E0%A5%8D%E0%A4%97%E0%A4%AA%E0%A5%8D%E0%A4%B0%E0%A4%AF%E0%A4%BE%E0%A4%A4%E0%A4%B8%E0%A5%8D%E0%A4%A4%E0%A5%8B%E0%A4%A4%E0%A5%8D%E0%A4%B0%E0%A4%AE%E0%A5%8D,,
sāhitya,śrīrāmacandrāṣṭakam.xml,Śrīrāmacandrāṣṭaka,,https://sa.wikisource.org/wiki/%E0%A4%B6%E0%A5%8D%E0%A4%B0%E0%A5%80%E0%A4%B0%E0%A4%BE%E0%A4%AE%E0%A4%9A%E0%A4%A8%E0%A5%8D%E0%A4%A6%E0%A5%8D%E0%A4%B0%E0%A4%BE%E0%A4%B7%E0%A5%8D%E0%A4%9F%E0%A4%95%E0%A4%AE%E0%A5%8D,,
sāhitya,śrīrāmacaṃdrastotram.xml,Śrīrāmacaṃdrastotra,Śrīvāsudevānandasarasvatī,https://sa.wikisource.org/wiki/%E0%A4%B6%E0%A5%8D%E0%A4%B0%E0%A5%80%E0%A4%B0%E0%A4%BE%E0%A4%AE%E0%A4%9A%E0%A4%82%E0%A4%A6%E0%A5%8D%E0%A4%B0%E0%A4%B8%E0%A5%8D%E0%A4%A4%E0%A5%8B%E0%A4%A4%E0%A5%8D%E0%A4%B0%E0%A4%AE%E0%A5%8D,,
sāhitya,śrīrāmagītā.xml,Śrīrāmagītā,,https://sa.wikisource.org/wiki/%E0%A4%B6%E0%A5%8D%E0%A4%B0%E0%A5%80%E0%A4%B0%E0%A4%BE%E0%A4%AE%E0%A4%97%E0%A5%80%E0%A4%A4%E0%A4%BE,,
sāhitya,śrīrāmahṛdayam.xml,Śrīrāmahṛdaya,,https://sa.wikisource.org/wiki/%E0%A4%B6%E0%A5%8D%E0%A4%B0%E0%A5%80%E0%A4%B0%E0%A4%BE%E0%A4%AE%E0%A4%B9%E0%A5%83%E0%A4%A6%E0%A4%AF%E0%A4%AE%E0%A5%8D,,
sāhitya,śrīrāmanāmasaṃkīrtanam.xml,Śrīrāmanāmasaṃkīrtana,,https://sa.wikisource.org/wiki/%E0%A4%B6%E0%A5%8D%E0%A4%B0%E0%A5%80%E0%A4%B0%E0%A4%BE%E0%A4%AE%E0%A4%A8%E0%A4%BE%E0%A4%AE%E0%A4%B8%E0%A4%82%E0%A4%95%E0%A5%80%E0%A4%B0%E0%A5%8D%E0%A4%A4%E0%A4%A8%E0%A4%AE%E0%A5%8D,,
sāhitya,śrīrāmaprātaḥsmaraṇam.xml,Śrīrāmaprātaḥsmaraṇa,,https://sa.wikisource.org/wiki/%E0%A4%B6%E0%A5%8D%E0%A4%B0%E0%A5%80%E0%A4%B0%E0%A4%BE%E0%A4%AE%E0%A4%AA%E0%A5%8D%E0%A4%B0%E0%A4%BE%E0%A4%A4%E0%A4%83%E0%A4%B8%E0%A5%8D%E0%A4%AE%E0%A4%B0%E0%A4%A3%E0%A4%AE%E0%A5%8D,,
sāhitya,śrīrāmarakṣāstotram.xml,Śrīrāmarakṣāstotra,,https://sa.wikisource.org/wiki/%E0%A4%B6%E0%A5%8D%E0%A4%B0%E0%A5%80%E0%A4%B0%E0%A4%BE%E0%A4%AE%E0%A4%B0%E0%A4%95%E0%A5%8D%E0%A4%B7%E0%A4%BE%E0%A4%B8%E0%A5%8D%E0%A4%A4%E0%A5%8B%E0%A4%A4%E0%A5%8D%E0%A4%B0%E0%A4%AE%E0%A5%8D,,
sāhitya,śrīrāmasahasranāmastotram.xml,Śrīrāmasahasranāmastotra,,https://sa.wikisource.org/wiki/%E0%A4%B6%E0%A5%8D%E0%A4%B0%E0%A5%80%E0%A4%B0%E0%A4%BE%E0%A4%AE%E0%A4%B8%E0%A4%B9%E0%A4%B8%E0%A5%8D%E0%A4%B0%E0%A4%A8%E0%A4%BE%E0%A4%AE%E0%A4%B8%E0%A5%8D%E0%A4%A4%E0%A5%8B%E0%A4%A4%E0%A5%8D%E0%A4%B0%E0%A4%AE%E0%A5%8D,,
sāhitya,śrīrāmāṣṭakam.xml,Śrīrāmāṣṭaka,,https://sa.wikisource.org/wiki/%E0%A4%B6%E0%A5%8D%E0%A4%B0%E0%A5%80%E0%A4%B0%E0%A4%BE%E0%A4%AE%E0%A4%BE%E0%A4%B7%E0%A5%8D%E0%A4%9F%E0%A4%95%E0%A4%AE%E0%A5%8D,,
sāhitya,śrīrāmāṣṭottaraśatanāmastotram.xml,Śrīrāmāṣṭottaraśatanāmastotra,,https://sa.wikisource.org/wiki/%E0%A4%B6%E0%A5%8D%E0%A4%B0%E0%A5%80%E0%A4%B0%E0%A4%BE%E0%A4%AE%E0%A4%BE%E0%A4%B7%E0%A5%8D%E0%A4%9F%E0%A5%8B%E0%A4%A4%E0%A5%8D%E0%A4%A4%E0%A4%B0%E0%A4%B6%E0%A4%A4%E0%A4%A8%E0%A4%BE%E0%A4%AE%E0%A4%B8%E0%A5%8D%E0%A4%A4%E0%A5%8B%E0%A4%A4%E0%A5%8D%E0%A4%B0%E0%A4%AE%E0%A5%8D,,
sāhitya,śrīrāmāṣṭottaraśatanāmāvali.xml,Śrīrāmāṣṭottaraśatanāmāvali,,https://sa.wikisource.org/wiki/%E0%A4%B6%E0%A5%8D%E0%A4%B0%E0%A5%80%E0%A4%B0%E0%A4%BE%E0%A4%AE%E0%A4%BE%E0%A4%B7%E0%A5%8D%E0%A4%9F%E0%A5%8B%E0%A4%A4%E0%A5%8D%E0%A4%A4%E0%A4%B0%E0%A4%B6%E0%A4%A4%E0%A4%A8%E0%A4%BE%E0%A4%AE%E0%A4%BE%E0%A4%B5%E0%A4%B2%E0%A4%BF,,
sāhitya,śrīsadāśivendrastavaḥ.xml,Śrīsadāśivendrastava,,https://sa.wikisource.org/wiki/%E0%A4%B6%E0%A5%8D%E0%A4%B0%E0%A5%80%E0%A4%B8%E0%A4%A6%E0%A4%BE%E0%A4%B6%E0%A4%BF%E0%A4%B5%E0%A5%87%E0%A4%A8%E0%A5%8D%E0%A4%A6%E0%A5%8D%E0%A4%B0%E0%A4%B8%E0%A5%8D%E0%A4%A4%E0%A4%B5%E0%A4%83,,
sāhitya,śrīsiddhivināyakanāmāvali.xml,Śrīsiddhivināyakanāmāvali,,https://sa.wikisource.org/wiki/%E0%A4%B6%E0%A5%8D%E0%A4%B0%E0%A5%80%E0%A4%B8%E0%A4%BF%E0%A4%A6%E0%A5%8D%E0%A4%A7%E0%A4%BF%E0%A4%B5%E0%A4%BF%E0%A4%A8%E0%A4%BE%E0%A4%AF%E0%A4%95%E0%A4%A8%E0%A4%BE%E0%A4%AE%E0%A4%BE%E0%A4%B5%E0%A4%B2%E0%A4%BF%E0%A4%83,,
sāhitya,śrīsiddhivināyakastotram.xml,Śrīsiddhivināyakastotra,,https://sa.wikisource.org/wiki/%E0%A4%B6%E0%A5%8D%E0%A4%B0%E0%A5%80%E0%A4%B8%E0%A4%BF%E0%A4%A6%E0%A5%8D%E0%A4%A7%E0%A4%BF%E0%A4%B5%E0%A4%BF%E0%A4%A8%E0%A4%BE%E0%A4%AF%E0%A4%95%E0%A4%B8%E0%A5%8D%E0%A4%A4%E0%A5%8B%E0%A4%A4%E0%A5%8D%E0%A4%B0%E0%A4%AE%E0%A5%8D,,
sāhitya,śrīsubrahmaṇyapañcaratnam.xml,Śrīsubrahmaṇyapañcaratna,,https://sa.wikisource.org/wiki/%E0%A4%B6%E0%A5%8D%E0%A4%B0%E0%A5%80_%E0%A4%B8%E0%A5%81%E0%A4%AC%E0%A5%8D%E0%A4%B0%E0%A4%B9%E0%A5%8D%E0%A4%AE%E0%A4%A3%E0%A5%8D%E0%A4%AF%E0%A4%AA%E0%A4%9E%E0%A5%8D%E0%A4%9A%E0%A4%B0%E0%A4%A4%E0%A5%8D%E0%A4%A8%E0%A4%AE%E0%A5%8D,,
sāhitya,śrīsubrahmaṇyasahasranāmastotram.xml,Śrīsubrahmaṇyasahasranāmastotra,,https://sa.wikisource.org/wiki/%E0%A4%B6%E0%A5%8D%E0%A4%B0%E0%A5%80_%E0%A4%B8%E0%A5%81%E0%A4%AC%E0%A5%8D%E0%A4%B0%E0%A4%B9%E0%A5%8D%E0%A4%AE%E0%A4%A3%E0%A5%8D%E0%A4%AF_%E0%A4%AD%E0%A5%81%E0%A4%9C%E0%A4%99%E0%A5%8D%E0%A4%97%E0%A4%AE%E0%A5%8D,,
sāhitya,śrīsubrahmaṇyastotram.xml,Śrīsubrahmaṇyastotra,,https://sa.wikisource.org/wiki/%E0%A4%B6%E0%A5%8D%E0%A4%B0%E0%A5%80_%E0%A4%B8%E0%A5%81%E0%A4%AC%E0%A5%8D%E0%A4%B0%E0%A4%B9%E0%A5%8D%E0%A4%AE%E0%A4%A3%E0%A5%8D%E0%A4%AF_%E0%A4%B8%E0%A5%8D%E0%A4%A4%E0%A5%8B%E0%A4%A4%E0%A5%8D%E0%A4%B0%E0%A4%AE%E0%A5%8D,,
sāhitya,śrīsvāmīsamarthāṣṭottaraśatanāmāvalī.xml,Śrīsvāmīsamarthāṣṭottaraśatanāmāvalī,,https://sa.wikisource.org/wiki/%E0%A4%B6%E0%A5%8D%E0%A4%B0%E0%A5%80%E0%A4%B8%E0%A5%8D%E0%A4%B5%E0%A4%BE%E0%A4%AE%E0%A5%80%E0%A4%B8%E0%A4%AE%E0%A4%B0%E0%A5%8D%E0%A4%A5%E0%A4%85%E0%A4%B7%E0%A5%8D%E0%A4%9F%E0%A5%8B%E0%A4%A4%E0%A5%8D%E0%A4%A4%E0%A4%B0%E0%A4%B6%E0%A4%A4%E0%A4%A8%E0%A4%BE%E0%A4%AE%E0%A4%BE%E0%A4%B5%E0%A4%B2%E0%A5%80,,
sāhitya,śrīsītākavacam.xml,Śrīsītākavaca,,https://sa.wikisource.org/wiki/%E0%A4%B6%E0%A5%8D%E0%A4%B0%E0%A5%80%E0%A4%B8%E0%A5%80%E0%A4%A4%E0%A4%BE%E0%A4%95%E0%A4%B5%E0%A4%9A%E0%A4%AE%E0%A5%8D,,
sāhitya,śrīsītārāmagītam.xml,Śrīsītārāmagīta,,https://sa.wikisource.org/wiki/%E0%A4%B6%E0%A5%8D%E0%A4%B0%E0%A5%80%E0%A4%B8%E0%A5%80%E0%A4%A4%E0%A4%BE%E0%A4%B0%E0%A4%BE%E0%A4%AE%E0%A4%97%E0%A5%80%E0%A4%A4%E0%A4%AE%E0%A5%8D,,
sāhitya,śrīsītāṣṭottaraśatanāmastotram.xml,Śrīsītāṣṭottaraśatanāmastotra,,https://sa.wikisource.org/wiki/%E0%A4%B6%E0%A5%8D%E0%A4%B0%E0%A5%80%E0%A4%B8%E0%A5%80%E0%A4%A4%E0%A4%BE%E0%A4%B7%E0%A5%8D%E0%A4%9F%E0%A5%8B%E0%A4%A4%E0%A5%8D%E0%A4%A4%E0%A4%B0%E0%A4%B6%E0%A4%A4%E0%A4%A8%E0%A4%BE%E0%A4%AE%E0%A4%B8%E0%A5%8D%E0%A4%A4%E0%A5%8B%E0%A4%A4%E0%A5%8D%E0%A4%B0%E0%A4%AE%E0%A5%8D,,
sāhitya,śrīsūktam.xml,Śrīsūkta,,https://sa.wikisource.org/wiki/%E0%A4%B6%E0%A5%8D%E0%A4%B0%E0%A5%80_%E0%A4%B8%E0%A5%82%E0%A4%95%E0%A5%8D%E0%A4%A4%E0%A4%AE%E0%A5%8D,,
sāhitya,śrīsūryāṣṭakam.xml,Śrīsūryāṣṭaka,,https://sa.wikisource.org/wiki/%E0%A4%B6%E0%A5%8D%E0%A4%B0%E0%A5%80%E0%A4%B8%E0%A5%82%E0%A4%B0%E0%A5%8D%E0%A4%AF%E0%A4%BE%E0%A4%B7%E0%A5%8D%E0%A4%9F%E0%A4%95%E0%A4%AE%E0%A5%8D,,
sāhitya,śrīvaiṣṇavavandanā.xml,Śrīvaiṣṇavavandanā,,https://sa.wikisource.org/wiki/%E0%A4%B6%E0%A5%8D%E0%A4%B0%E0%A5%80%E0%A4%B5%E0%A5%88%E0%A4%B7%E0%A5%8D%E0%A4%A3%E0%A4%B5%E0%A4%B5%E0%A4%A8%E0%A5%8D%E0%A4%A6%E0%A4%A8%E0%A4%BE,,
sāhitya,śrīvallabhācāryakṛtaṃ_kṛṣṇāṣṭakam.xml,Śrīvallabhācāryakṛtaṃ Kṛṣṇāṣṭaka,,https://sa.wikisource.org/wiki/%E0%A4%B6%E0%A5%8D%E0%A4%B0%E0%A5%80%E0%A4%B5%E0%A4%B2%E0%A5%8D%E0%A4%B2%E0%A4%AD%E0%A4%BE%E0%A4%9A%E0%A4%BE%E0%A4%B0%E0%A5%8D%E0%A4%AF%E0%A4%95%E0%A5%83%E0%A4%A4%E0%A4%82_%E0%A4%95%E0%A5%83%E0%A4%B7%E0%A5%8D%E0%A4%A3%E0%A4%BE%E0%A4%B7%E0%A5%8D%E0%A4%9F%E0%A4%95%E0%A4%AE%E0%A5%8D,,
sāhitya,śrīveṃkaṭeśakarāvalambastotram.xml,Śrīveṃkaṭeśakarāvalambastotra,,https://sa.wikisource.org/wiki/%E0%A4%B6%E0%A5%8D%E0%A4%B0%E0%A5%80%E0%A4%B5%E0%A5%87%E0%A4%82%E0%A4%95%E0%A4%9F%E0%A5%87%E0%A4%B6%E0%A4%95%E0%A4%B0%E0%A4%BE%E0%A4%B5%E0%A4%B2%E0%A4%AE%E0%A5%8D%E0%A4%AC%E0%A4%B8%E0%A5%8D%E0%A4%A4%E0%A5%8B%E0%A4%A4%E0%A5%8D%E0%A4%B0%E0%A4%AE%E0%A5%8D,,
sāhitya,śrīveṃkaṭeśastotram.xml,Śrīveṃkaṭeśastotra,,https://sa.wikisource.org/wiki/%E0%A4%B6%E0%A5%8D%E0%A4%B0%E0%A5%80%E0%A4%B5%E0%A5%87%E0%A4%99%E0%A5%8D%E0%A4%95%E0%A4%9F%E0%A5%87%E0%A4%B6%E0%A4%B8%E0%A5%8D%E0%A4%A4%E0%A5%8B%E0%A4%A4%E0%A5%8D%E0%A4%B0%E0%A4%AE%E0%A5%8D,,
sāhitya,śrīveṃkaṭeśasuprabhātam.xml,Śrīveṃkaṭeśasuprabhāta,,https://sa.wikisource.org/wiki/%E0%A4%B6%E0%A5%8D%E0%A4%B0%E0%A5%80%E0%A4%B5%E0%A5%87%E0%A4%82%E0%A4%95%E0%A4%9F%E0%A5%87%E0%A4%B6%E0%A4%B8%E0%A5%81%E0%A4%AA%E0%A5%8D%E0%A4%B0%E0%A4%AD%E0%A4%BE%E0%A4%A4%E0%A4%AE%E0%A5%8D,,
sāhitya,śrīveṅkaṭeśamaṅgalaśāsana.xml,Śrīveṅkaṭeśamaṅgalaśāsana,,https://sa.wikisource.org/wiki/%E0%A4%B6%E0%A5%8D%E0%A4%B0%E0%A5%80%E0%A4%B5%E0%A5%87%E0%A4%99%E0%A5%8D%E0%A4%95%E0%A4%9F%E0%A5%87%E0%A4%B6%E0%A4%AE%E0%A4%99%E0%A5%8D%E0%A4%97%E0%A4%B2%E0%A4%BE%E0%A4%B6%E0%A4%BE%E0%A4%B8%E0%A4%A8%E0%A4%AE%E0%A5%8D,,
sāhitya,śrīveṅkaṭeśaprapatti.xml,Śrīveṅkaṭeśaprapatti,,https://sa.wikisource.org/wiki/%E0%A4%B6%E0%A5%8D%E0%A4%B0%E0%A5%80%E0%A4%B5%E0%A5%87%E0%A4%99%E0%A5%8D%E0%A4%95%E0%A4%9F%E0%A5%87%E0%A4%B6%E0%A4%AA%E0%A5%8D%E0%A4%B0%E0%A4%AA%E0%A4%A4%E0%A5%8D%E0%A4%A4%E0%A4%BF%E0%A4%83,,
sāhitya,śrīveṅkaṭeśastotram.xml,Śrīveṅkaṭeśastotra,,https://sa.wikisource.org/wiki/%E0%A4%B6%E0%A5%8D%E0%A4%B0%E0%A5%80%E0%A4%B5%E0%A5%87%E0%A4%99%E0%A5%8D%E0%A4%95%E0%A4%9F%E0%A5%87%E0%A4%B6%E0%A4%B8%E0%A5%8D%E0%A4%A4%E0%A5%8B%E0%A4%A4%E0%A5%8D%E0%A4%B0%E0%A4%AE%E0%A5%8D,,
sāhitya,śrīveṅkaṭeśasuprabhātam.xml,Śrīveṅkaṭeśasuprabhāta,,https://sa.wikisource.org/wiki/%E0%A4%B6%E0%A5%8D%E0%A4%B0%E0%A5%80%E0%A4%B5%E0%A5%87%E0%A4%99%E0%A5%8D%E0%A4%95%E0%A4%9F%E0%A5%87%E0%A4%B6%E0%A4%B8%E0%A5%81%E0%A4%AA%E0%A5%8D%E0%A4%B0%E0%A4%AD%E0%A4%BE%E0%A4%A4%E0%A4%AE%E0%A5%8D,,
sāhitya,śrīvighneśvarāṣṭottaraśatanāmastotram.xml,Śrīvighneśvarāṣṭottaraśatanāmastotra,,https://sa.wikisource.org/wiki/%E0%A4%B6%E0%A5%8D%E0%A4%B0%E0%A5%80%E0%A4%B5%E0%A4%BF%E0%A4%98%E0%A5%8D%E0%A4%A8%E0%A5%87%E0%A4%B6%E0%A5%8D%E0%A4%B5%E0%A4%B0%E0%A4%BE%E0%A4%B7%E0%A5%8D%E0%A4%9F%E0%A5%8B%E0%A4%A4%E0%A5%8D%E0%A4%A4%E0%A4%B0%E0%A4%B6%E0%A4%A4%E0%A4%A8%E0%A4%BE%E0%A4%AE%E0%A4%B8%E0%A5%8D%E0%A4%A4%E0%A5%8B%E0%A4%A4%E0%A5%8D%E0%A4%B0%E0%A4%AE%E0%A5%8D,,
sāhitya,śrīvindhyavāsinistotram.xml,Śrīvindhyavāsinistotra,,https://sa.wikisource.org/wiki/%E0%A4%B6%E0%A5%8D%E0%A4%B0%E0%A5%80%E0%A4%B5%E0%A4%BF%E0%A4%A8%E0%A5%8D%E0%A4%A7%E0%A5%8D%E0%A4%AF%E0%A4%B5%E0%A4%BE%E0%A4%B8%E0%A4%BF%E0%A4%A8%E0%A4%BF%E0%A4%B8%E0%A5%8D%E0%A4%A4%E0%A5%8B%E0%A4%A4%E0%A5%8D%E0%A4%B0%E0%A4%AE%E0%A5%8D,,
sāhitya,śrīviṣṇoḥ_ṣoḍaśanāmastotram.xml,Śrīviṣṇuṣoḍaśanāmastotra,,https://sa.wikisource.org/wiki/%E0%A4%B6%E0%A5%8D%E0%A4%B0%E0%A5%80%E0%A4%B5%E0%A4%BF%E0%A4%B7%E0%A5%8D%E0%A4%A3%E0%A5%8B:_%E0%A4%B7%E0%A5%8B%E0%A4%A1%E0%A4%B6%E0%A4%A8%E0%A4%BE%E0%A4%AE%E0%A4%B8%E0%A5%8D%E0%A4%A4%E0%A5%8B%E0%A4%A4%E0%A5%8D%E0%A4%B0%E0%A4%AE%E0%A5%8D,,
sāhitya,śrīviṣṇupurāṇameṃkathitendradvārākṛtaśrīlakṣmīstuti.xml,Śrīviṣṇupurāṇameṃkathitendradvārākṛtaśrīlakṣmīstuti,,https://sa.wikisource.org/wiki/%E0%A4%B6%E0%A5%8D%E0%A4%B0%E0%A5%80_%E0%A4%B5%E0%A4%BF%E0%A4%B7%E0%A5%8D%E0%A4%A3%E0%A5%81_%E0%A4%AA%E0%A5%81%E0%A4%B0%E0%A4%BE%E0%A4%A3_%E0%A4%AE%E0%A5%87%E0%A4%82_%E0%A4%95%E0%A4%A5%E0%A4%BF%E0%A4%A4_%E0%A4%87%E0%A4%A8%E0%A5%8D%E0%A4%A6%E0%A5%8D%E0%A4%B0_%E0%A4%A6%E0%A5%8D%E0%A4%B5%E0%A4%BE%E0%A4%B0%E0%A4%BE_%E0%A4%95%E0%A5%83%E0%A4%A4_%E0%A4%B6%E0%A5%8D%E0%A4%B0%E0%A5%80_%E0%A4%B2%E0%A4%95%E0%A5%8D%E0%A4%B7%E0%A5%8D%E0%A4%AE%E0%A5%80_%E0%A4%B8%E0%A5%8D%E0%A4%A4%E0%A5%81%E0%A4%A4%E0%A4%BF,,
sāhitya,śrīviṣṇusahasranāmāvaliḥ.xml,Śrīviṣṇusahasranāmāvali,,https://sa.wikisource.org/wiki/%E0%A4%B6%E0%A5%8D%E0%A4%B0%E0%A5%80%E0%A4%B5%E0%A4%BF%E0%A4%B7%E0%A5%8D%E0%A4%A3%E0%A5%81%E0%A4%B8%E0%A4%B9%E0%A4%B8%E0%A5%8D%E0%A4%B0%E0%A4%A8%E0%A4%BE%E0%A4%AE%E0%A4%BE%E0%A4%B5%E0%A4%B2%E0%A4%BF%E0%A4%83,,
sāhitya,śrīśatrughnakavacam.xml,Śrīśatrughnakavaca,,https://sa.wikisource.org/wiki/%E0%A4%B6%E0%A5%8D%E0%A4%B0%E0%A5%80%E0%A4%B6%E0%A4%A4%E0%A5%8D%E0%A4%B0%E0%A5%81%E0%A4%98%E0%A5%8D%E0%A4%A8%E0%A4%95%E0%A4%B5%E0%A4%9A%E0%A4%AE%E0%A5%8D,,
sāhitya,śrīśivamahimāstotram.xml,Śrīśivamahimnastava,,https://sa.wikisource.org/wiki/%E0%A4%B6%E0%A5%8D%E0%A4%B0%E0%A5%80%E0%A4%B6%E0%A4%BF%E0%A4%B5%E0%A4%AE%E0%A4%B9%E0%A4%BF%E0%A4%AE%E0%A4%BE%E0%A4%B8%E0%A5%8D%E0%A4%A4%E0%A5%8B%E0%A4%A4%E0%A5%8D%E0%A4%B0%E0%A4%AE%E0%A5%8D,n,gretil_sa/sa_zivamahimnastava.xml
sāhitya,śrīśivapañcākṣarastotram.xml,Śrīśivapañcākṣarastotra,Śankarācārya,https://sa.wikisource.org/wiki/%E0%A4%B6%E0%A5%8D%E0%A4%B0%E0%A5%80%E0%A4%B6%E0%A4%BF%E0%A4%B5%E0%A4%AA%E0%A4%9E%E0%A5%8D%E0%A4%9A%E0%A4%BE%E0%A4%95%E0%A5%8D%E0%A4%B7%E0%A4%B0%E0%A4%B8%E0%A5%8D%E0%A4%A4%E0%A5%8B%E0%A4%A4%E0%A5%8D%E0%A4%B0%E0%A4%AE%E0%A5%8D,,
sāhitya,śrīśivaśatakam.xml,Śrīśivaśataka,,https://sa.wikisource.org/wiki/%E0%A4%B6%E0%A5%8D%E0%A4%B0%E0%A5%80%E0%A4%B6%E0%A4%BF%E0%A4%B5%E0%A4%B6%E0%A4%A4%E0%A4%95%E0%A4%AE%E0%A5%8D,,
sāhitya,śrīśivāṣṭakaṃ.xml,Śrīśivāṣṭaka,,https://sa.wikisource.org/wiki/%E0%A4%B6%E0%A5%8D%E0%A4%B0%E0%A5%80%E0%A4%B6%E0%A4%BF%E0%A4%B5%E0%A4%BE%E0%A4%B7%E0%A5%8D%E0%A4%9F%E0%A4%95%E0%A4%82,,
sāhitya,śābarīkavacam.xml,Śābarīkavaca,Vedavyāsa,https://sa.wikisource.org/wiki/%E0%A4%B6%E0%A4%BE%E0%A4%AC%E0%A4%B0%E0%A5%80%E0%A4%95%E0%A4%B5%E0%A4%9A%E0%A4%AE%E0%A5%8D,,
sāhitya,śāligrāmastotra.xml,Śāligrāmastotra,,https://sa.wikisource.org/wiki/%E0%A4%B6%E0%A4%BE%E0%A4%B2%E0%A4%BF%E0%A4%97%E0%A5%8D%E0%A4%B0%E0%A4%BE%E0%A4%AE%E0%A4%B8%E0%A5%8D%E0%A4%A4%E0%A5%8B%E0%A4%A4%E0%A5%8D%E0%A4%B0,,
sāhitya,śāntavilāsaḥ.xml,Śāntavilāsa,Jagannāthaḥ,https://sa.wikisource.org/wiki/%E0%A4%B6%E0%A4%BE%E0%A4%A8%E0%A5%8D%E0%A4%A4%E0%A4%B5%E0%A4%BF%E0%A4%B2%E0%A4%BE%E0%A4%B8%E0%A4%83,,
sāhitya,śāntimantraḥ.xml,Śāntimantra,,https://sa.wikisource.org/wiki/%E0%A4%B6%E0%A4%BE%E0%A4%A8%E0%A5%8D%E0%A4%A4%E0%A4%BF%E0%A4%AE%E0%A4%A8%E0%A5%8D%E0%A4%A4%E0%A5%8D%E0%A4%B0%E0%A4%83,,
sāhitya,śāradābhujaṅgaprayātāṣṭakam.xml,Śāradābhujaṅgaprayātāṣṭaka,,https://sa.wikisource.org/wiki/%E0%A4%B6%E0%A4%BE%E0%A4%B0%E0%A4%A6%E0%A4%BE%E0%A4%AD%E0%A5%81%E0%A4%9C%E0%A4%99%E0%A5%8D%E0%A4%97%E0%A4%AA%E0%A5%8D%E0%A4%B0%E0%A4%AF%E0%A4%BE%E0%A4%A4%E0%A4%BE%E0%A4%B7%E0%A5%8D%E0%A4%9F%E0%A4%95%E0%A4%AE%E0%A5%8D,,
sāhitya,śāradābhujaṅgastotram.xml,Śāradābhujaṅgastotra,,https://sa.wikisource.org/wiki/%E0%A4%B6%E0%A4%BE%E0%A4%B0%E0%A4%A6%E0%A4%BE%E0%A4%AD%E0%A5%81%E0%A4%9C%E0%A4%99%E0%A5%8D%E0%A4%97%E0%A4%B8%E0%A5%8D%E0%A4%A4%E0%A5%8B%E0%A4%A4%E0%A5%8D%E0%A4%B0%E0%A4%AE%E0%A5%8D,,
sāhitya,śāradāpañcaratnastutiḥ.xml,Śāradāpañcaratnastuti,,https://sa.wikisource.org/wiki/%E0%A4%B6%E0%A4%BE%E0%A4%B0%E0%A4%A6%E0%A4%BE%E0%A4%AA%E0%A4%9E%E0%A5%8D%E0%A4%9A%E0%A4%B0%E0%A4%A4%E0%A5%8D%E0%A4%A8%E0%A4%B8%E0%A5%8D%E0%A4%A4%E0%A5%81%E0%A4%A4%E0%A4%BF%E0%A4%83,,
sāhitya,śāradāstavanam.xml,Śāradāstavana,,https://sa.wikisource.org/wiki/%E0%A4%B6%E0%A4%BE%E0%A4%B0%E0%A4%A6%E0%A4%BE%E0%A4%B8%E0%A5%8D%E0%A4%A4%E0%A4%B5%E0%A4%A8%E0%A4%AE%E0%A5%8D,,
sāhitya,śṛṅgāraprakāśaḥ.xml,Śṛṅgāraprakāśa,Bhojadeva,https://sa.wikisource.org/wiki/%E0%A4%B6%E0%A5%83%E0%A4%99%E0%A5%8D%E0%A4%97%E0%A4%BE%E0%A4%B0%E0%A4%AA%E0%A5%8D%E0%A4%B0%E0%A4%95%E0%A4%BE%E0%A4%B6%E0%A4%83,,
sāhitya,ūrubhaṅgaḥ.xml,Ūrubhaṅga,Bhāsa,https://sa.wikisource.org/wiki/%E0%A4%8A%E0%A4%B0%E0%A5%81%E0%A4%AD%E0%A4%99%E0%A5%8D%E0%A4%97%E0%A4%83,,
sāhitya,ṝṇamocanamahāgaṇapatistotram.xml,Ṝṇamocanamahāgaṇapatistotra,,https://sa.wikisource.org/wiki/%E0%A5%A0%E0%A4%A3%E0%A4%AE%E0%A5%8B%E0%A4%9A%E0%A4%A8%E0%A4%AE%E0%A4%B9%E0%A4%BE%E0%A4%97%E0%A4%A3%E0%A4%AA%E0%A4%A4%E0%A4%BF%E0%A4%B8%E0%A5%8D%E0%A4%A4%E0%A5%8B%E0%A4%A4%E0%A5%8D%E0%A4%B0%E0%A4%AE%E0%A5%8D,,
sāhitya,ṣaḍjagītā.xml,Ṣaḍjagītā,,https://sa.wikisource.org/wiki/%E0%A4%B7%E0%A4%A1%E0%A5%8D%E0%A4%9C%E0%A4%97%E0%A5%80%E0%A4%A4%E0%A4%BE,,
upaniṣad,adhyātmopaniṣat.xml,Adhyātmopaniṣad,,https://sa.wikisource.org/wiki/%E0%A4%85%E0%A4%A7%E0%A5%8D%E0%A4%AF%E0%A4%BE%E0%A4%A4%E0%A5%8D%E0%A4%AE%E0%A5%8B%E0%A4%AA%E0%A4%A8%E0%A4%BF%E0%A4%B7%E0%A4%A4%E0%A5%8D,,
upaniṣad,advayatārakopaniṣat.xml,Advayatārakopaniṣad,,https://sa.wikisource.org/wiki/%E0%A4%85%E0%A4%A6%E0%A5%8D%E0%A4%B5%E0%A4%AF%E0%A4%A4%E0%A4%BE%E0%A4%B0%E0%A4%95%E0%A5%8B%E0%A4%AA%E0%A4%A8%E0%A4%BF%E0%A4%B7%E0%A4%A4%E0%A5%8D,,
upaniṣad,akṣamālikopaniṣat.xml,Akṣamālikopaniṣad,,https://sa.wikisource.org/wiki/%E0%A4%85%E0%A4%95%E0%A5%8D%E0%A4%B7%E0%A4%AE%E0%A4%BE%E0%A4%B2%E0%A4%BF%E0%A4%95%E0%A5%8B%E0%A4%AA%E0%A4%A8%E0%A4%BF%E0%A4%B7%E0%A4%A4%E0%A5%8D,,
upaniṣad,akṣyupaniṣat.xml,Akṣyupaniṣad,,https://sa.wikisource.org/wiki/%E0%A4%85%E0%A4%95%E0%A5%8D%E0%A4%B7%E0%A5%8D%E0%A4%AF%E0%A5%81%E0%A4%AA%E0%A4%A8%E0%A4%BF%E0%A4%B7%E0%A4%A4%E0%A5%8D,,
upaniṣad,amṛtabindūpaniṣad.xml,Amṛtabindūpaniṣad,,https://sa.wikisource.org/wiki/%E0%A4%85%E0%A4%AE%E0%A5%83%E0%A4%A4-%E0%A4%AC%E0%A4%BF%E0%A4%A8%E0%A5%8D%E0%A4%A6%E0%A5%81_%E0%A4%89%E0%A4%AA%E0%A4%A8%E0%A4%BF%E0%A4%B7%E0%A4%A6%E0%A5%8D,,
upaniṣad,amṛtanādopaniṣat.xml,Amṛtanādopaniṣad,,https://sa.wikisource.org/wiki/%E0%A4%85%E0%A4%AE%E0%A5%83%E0%A4%A4%E0%A4%A8%E0%A4%BE%E0%A4%A6%E0%A5%8B%E0%A4%AA%E0%A4%A8%E0%A4%BF%E0%A4%B7%E0%A4%A4%E0%A5%8D,,
upaniṣad,annapūrṇopaniṣat.xml,Annapūrṇopaniṣad,,https://sa.wikisource.org/wiki/%E0%A4%85%E0%A4%A8%E0%A5%8D%E0%A4%A8%E0%A4%AA%E0%A5%82%E0%A4%B0%E0%A5%8D%E0%A4%A3%E0%A5%8B%E0%A4%AA%E0%A4%A8%E0%A4%BF%E0%A4%B7%E0%A4%A4%E0%A5%8D,,
upaniṣad,atharvaśikhaupaniṣad.xml,Atharvaśikhaupaniṣad,,https://sa.wikisource.org/wiki/%E0%A4%85%E0%A4%A5%E0%A4%B0%E0%A5%8D%E0%A4%B5%E0%A4%B6%E0%A4%BF%E0%A4%96%E0%A4%89%E0%A4%AA%E0%A4%A8%E0%A4%BF%E0%A4%B7%E0%A4%A6%E0%A5%8D,,
upaniṣad,avadhūtopaniṣat.xml,Avadhūtopaniṣad,,https://sa.wikisource.org/wiki/%E0%A4%85%E0%A4%B5%E0%A4%A7%E0%A5%82%E0%A4%A4%E0%A5%8B%E0%A4%AA%E0%A4%A8%E0%A4%BF%E0%A4%B7%E0%A4%A4%E0%A5%8D,,
upaniṣad,avyaktopaniṣat.xml,Avyaktopaniṣad,,https://sa.wikisource.org/wiki/%E0%A4%85%E0%A4%B5%E0%A5%8D%E0%A4%AF%E0%A4%95%E0%A5%8D%E0%A4%A4%E0%A5%8B%E0%A4%AA%E0%A4%A8%E0%A4%BF%E0%A4%B7%E0%A4%A4%E0%A5%8D,,
upaniṣad,bahvṛcopaniṣat.xml,Bahvṛcopaniṣad,,https://sa.wikisource.org/wiki/%E0%A4%AC%E0%A4%B9%E0%A5%8D%E0%A4%B5%E0%A5%83%E0%A4%9A%E0%A5%8B%E0%A4%AA%E0%A4%A8%E0%A4%BF%E0%A4%B7%E0%A4%A4%E0%A5%8D,,
upaniṣad,bhasmajābālopaniṣat.xml,Bhasmajābālopaniṣad,,https://sa.wikisource.org/wiki/%E0%A4%AD%E0%A4%B8%E0%A5%8D%E0%A4%AE%E0%A4%9C%E0%A4%BE%E0%A4%AC%E0%A4%BE%E0%A4%B2%E0%A5%8B%E0%A4%AA%E0%A4%A8%E0%A4%BF%E0%A4%B7%E0%A4%A4%E0%A5%8D,,
upaniṣad,bhikṣukopaniṣat.xml,Bhikṣukopaniṣad,,https://sa.wikisource.org/wiki/%E0%A4%AD%E0%A4%BF%E0%A4%95%E0%A5%8D%E0%A4%B7%E0%A5%81%E0%A4%95%E0%A5%8B%E0%A4%AA%E0%A4%A8%E0%A4%BF%E0%A4%B7%E0%A4%A4%E0%A5%8D,,
upaniṣad,bhāvopaniṣat.xml,Bhāvopaniṣad,,https://sa.wikisource.org/wiki/%E0%A4%AD%E0%A4%BE%E0%A4%B5%E0%A5%8B%E0%A4%AA%E0%A4%A8%E0%A4%BF%E0%A4%B7%E0%A4%A4%E0%A5%8D,,
upaniṣad,brahmavidyopaniṣat.xml,Brahmavidyopaniṣad,,https://sa.wikisource.org/wiki/%E0%A4%AC%E0%A5%8D%E0%A4%B0%E0%A4%B9%E0%A5%8D%E0%A4%AE%E0%A4%B5%E0%A4%BF%E0%A4%A6%E0%A5%8D%E0%A4%AF%E0%A5%8B%E0%A4%AA%E0%A4%A8%E0%A4%BF%E0%A4%B7%E0%A4%A4%E0%A5%8D,,
upaniṣad,brahmopaniṣad.xml,Brahmopaniṣad,,https://sa.wikisource.org/wiki/%E0%A4%AC%E0%A5%8D%E0%A4%B0%E0%A4%B9%E0%A5%8D%E0%A4%AE%E0%A5%8B%E0%A4%AA%E0%A4%A8%E0%A4%BF%E0%A4%B7%E0%A4%A6%E0%A5%8D,,
upaniṣad,bṛhajjābālopaniṣat.xml,Bṛhajjābālopaniṣad,,https://sa.wikisource.org/wiki/%E0%A4%AC%E0%A5%83%E0%A4%B9%E0%A4%9C%E0%A5%8D%E0%A4%9C%E0%A4%BE%E0%A4%AC%E0%A4%BE%E0%A4%B2%E0%A5%8B%E0%A4%AA%E0%A4%A8%E0%A4%BF%E0%A4%B7%E0%A4%A4%E0%A5%8D,,
upaniṣad,cākṣuṣopaniṣad.xml,Cākṣuṣopaniṣad,,https://sa.wikisource.org/wiki/%E0%A4%9A%E0%A4%BE%E0%A4%95%E0%A5%8D%E0%A4%B7%E0%A5%81%E0%A4%B7_%E0%A4%89%E0%A4%AA%E0%A4%A8%E0%A4%BF%E0%A4%B7%E0%A4%A6,,
upaniṣad,dakṣiṇāmūrtyupaniṣat.xml,Dakṣiṇāmūrtyupaniṣad,,https://sa.wikisource.org/wiki/%E0%A4%A6%E0%A4%95%E0%A5%8D%E0%A4%B7%E0%A4%BF%E0%A4%A3%E0%A4%BE%E0%A4%AE%E0%A5%82%E0%A4%B0%E0%A5%8D%E0%A4%A4%E0%A5%8D%E0%A4%AF%E0%A5%81%E0%A4%AA%E0%A4%A8%E0%A4%BF%E0%A4%B7%E0%A4%A4%E0%A5%8D,,
upaniṣad,dattātreyopaniṣad.xml,Dattātreyopaniṣad,,https://sa.wikisource.org/wiki/%E0%A4%A6%E0%A4%A4%E0%A5%8D%E0%A4%A4%E0%A4%BE%E0%A4%A4%E0%A5%8D%E0%A4%B0%E0%A5%87%E0%A4%AF_%E0%A4%89%E0%A4%AA%E0%A4%A8%E0%A4%BF%E0%A4%B7%E0%A4%A6%E0%A5%8D,,
upaniṣad,devyupaniṣat.xml,Devyupaniṣad,,https://sa.wikisource.org/wiki/%E0%A4%A6%E0%A5%87%E0%A4%B5%E0%A5%8D%E0%A4%AF%E0%A5%81%E0%A4%AA%E0%A4%A8%E0%A4%BF%E0%A4%B7%E0%A4%A4%E0%A5%8D,,
upaniṣad,dhyānabindūpaniṣāt.xml,Dhyānabindūpaniṣad,,https://sa.wikisource.org/wiki/%E0%A4%A7%E0%A5%8D%E0%A4%AF%E0%A4%BE%E0%A4%A8%E0%A4%AC%E0%A4%BF%E0%A4%A8%E0%A5%8D%E0%A4%A6%E0%A5%82%E0%A4%AA%E0%A4%A8%E0%A4%BF%E0%A4%B7%E0%A4%A4%E0%A5%8D,,
upaniṣad,ekākṣaropaniṣat.xml,Ekākṣaropaniṣad,,https://sa.wikisource.org/wiki/%E0%A4%8F%E0%A4%95%E0%A4%BE%E0%A4%95%E0%A5%8D%E0%A4%B7%E0%A4%B0%E0%A5%8B%E0%A4%AA%E0%A4%A8%E0%A4%BF%E0%A4%B7%E0%A4%A4%E0%A5%8D,,
upaniṣad,garuḍopaniṣat.xml,Garuḍopaniṣad,,https://sa.wikisource.org/wiki/%E0%A4%97%E0%A4%B0%E0%A5%81%E0%A4%A1%E0%A5%8B%E0%A4%AA%E0%A4%A8%E0%A4%BF%E0%A4%B7%E0%A4%A4%E0%A5%8D,,
upaniṣad,gaṇapatyatharvaśīrṣopaniṣat.xml,Gaṇapatyatharvaśīrṣopaniṣad,,https://sa.wikisource.org/wiki/%E0%A4%97%E0%A4%A3%E0%A4%AA%E0%A4%A4%E0%A5%8D%E0%A4%AF%E0%A4%A5%E0%A4%B0%E0%A5%8D%E0%A4%B5%E0%A4%B6%E0%A5%80%E0%A4%B0%E0%A5%8D%E0%A4%B7%E0%A5%8B%E0%A4%AA%E0%A4%A8%E0%A4%BF%E0%A4%B7%E0%A4%A4%E0%A5%8D,,
upaniṣad,gopālatāpinyupaniṣat.xml,Gopālatāpinyupaniṣad,,https://sa.wikisource.org/wiki/%E0%A4%97%E0%A5%8B%E0%A4%AA%E0%A4%BE%E0%A4%B2%E0%A4%A4%E0%A4%BE%E0%A4%AA%E0%A4%BF%E0%A4%A8%E0%A5%8D%E0%A4%AF%E0%A5%81%E0%A4%AA%E0%A4%A8%E0%A4%BF%E0%A4%B7%E0%A4%A4%E0%A5%8D,,
upaniṣad,hayagrīvopaniṣat.xml,Hayagrīvopaniṣad,,https://sa.wikisource.org/wiki/%E0%A4%B9%E0%A4%AF%E0%A4%97%E0%A5%8D%E0%A4%B0%E0%A5%80%E0%A4%B5%E0%A5%8B%E0%A4%AA%E0%A4%A8%E0%A4%BF%E0%A4%B7%E0%A4%A4%E0%A5%8D,,
upaniṣad,haṃsopaniṣat.xml,Haṃsopaniṣad,,https://sa.wikisource.org/wiki/%E0%A4%B9%E0%A4%82%E0%A4%B8%E0%A5%8B%E0%A4%AA%E0%A4%A8%E0%A4%BF%E0%A4%B7%E0%A4%A6%E0%A5%8D,,
upaniṣad,itihāsopaniṣat.xml,Itihāsopaniṣad,,https://sa.wikisource.org/wiki/%E0%A4%87%E0%A4%A4%E0%A4%BF%E0%A4%B9%E0%A4%BE%E0%A4%B8%E0%A5%8B%E0%A4%AA%E0%A4%A8%E0%A4%BF%E0%A4%B7%E0%A4%A4%E0%A5%8D,,
upaniṣad,jābālopaniṣat_sāmavedaḥ.xml,Jābālopaniṣad (Sāmaveda),,https://sa.wikisource.org/wiki/%E0%A4%9C%E0%A4%BE%E0%A4%AC%E0%A4%BE%E0%A4%B2%E0%A5%8B%E0%A4%AA%E0%A4%A8%E0%A4%BF%E0%A4%B7%E0%A4%A4%E0%A5%8D_(%E0%A4%B8%E0%A4%BE%E0%A4%AE%E0%A4%B5%E0%A5%87%E0%A4%A6%E0%A4%83),,
upaniṣad,jābālopaniṣat_yajurvedaḥ.xml,Jābālopaniṣad (Yajurveda),,https://sa.wikisource.org/wiki/%E0%A4%9C%E0%A4%BE%E0%A4%AC%E0%A4%BE%E0%A4%B2%E0%A5%8B%E0%A4%AA%E0%A4%A8%E0%A4%BF%E0%A4%B7%E0%A4%A4%E0%A5%8D_(%E0%A4%AF%E0%A4%9C%E0%A5%81%E0%A4%B0%E0%A5%8D%E0%A4%B5%E0%A5%87%E0%A4%A6%E0%A4%83),,
upaniṣad,kalisantaraṇopaniṣat.xml,Kalisantaraṇopaniṣad,,https://sa.wikisource.org/wiki/%E0%A4%95%E0%A4%B2%E0%A4%BF%E0%A4%B8%E0%A4%A8%E0%A5%8D%E0%A4%A4%E0%A4%B0%E0%A4%A3%E0%A5%8B%E0%A4%AA%E0%A4%A8%E0%A4%BF%E0%A4%B7%E0%A4%A4%E0%A5%8D,,
upaniṣad,kaulopaniṣat.xml,Kaulopaniṣad,,https://sa.wikisource.org/wiki/%E0%A4%95%E0%A5%8C%E0%A4%B2%E0%A5%8B%E0%A4%AA%E0%A4%A8%E0%A4%BF%E0%A4%B7%E0%A4%A4%E0%A5%8D,,
upaniṣad,kauṣītakibrāhmaṇopaniṣat.xml,Kauṣītakibrāhmaṇopaniṣad,,https://sa.wikisource.org/wiki/%E0%A4%95%E0%A5%8C%E0%A4%B7%E0%A5%80%E0%A4%A4%E0%A4%95%E0%A4%BF%E0%A4%AC%E0%A5%8D%E0%A4%B0%E0%A4%BE%E0%A4%B9%E0%A5%8D%E0%A4%AE%E0%A4%A3%E0%A5%8B%E0%A4%AA%E0%A4%A8%E0%A4%BF%E0%A4%B7%E0%A4%A4%E0%A5%8D,,
upaniṣad,kaṭharudropaniṣat.xml,Kaṭharudropaniṣad,,https://sa.wikisource.org/wiki/%E0%A4%95%E0%A4%A0%E0%A4%B0%E0%A5%81%E0%A4%A6%E0%A5%8D%E0%A4%B0%E0%A5%8B%E0%A4%AA%E0%A4%A8%E0%A4%BF%E0%A4%B7%E0%A4%A4%E0%A5%8D,,
upaniṣad,kaṭhorudropaniṣat.xml,Kaṭhorudropaniṣad,,https://sa.wikisource.org/wiki/%E0%A4%95%E0%A4%A0%E0%A4%B0%E0%A5%81%E0%A4%A6%E0%A5%8D%E0%A4%B0%E0%A5%8B%E0%A4%AA%E0%A4%A8%E0%A4%BF%E0%A4%B7%E0%A4%A4%E0%A5%8D,,
upaniṣad,kenopaniṣad.xml,Kenopaniṣad,,https://sa.wikisource.org/wiki/%E0%A4%95%E0%A5%87%E0%A4%A8%E0%A5%8B%E0%A4%AA%E0%A4%A8%E0%A4%BF%E0%A4%B7%E0%A4%A6%E0%A5%8D,,
upaniṣad,kenopaniṣadbhāṣyam.xml,Kenopaniṣadbhāṣya,,https://sa.wikisource.org/wiki/%E0%A4%95%E0%A5%87%E0%A4%A8%E0%A5%8B%E0%A4%AA%E0%A4%A8%E0%A4%BF%E0%A4%B7%E0%A4%A6%E0%A5%8D%E0%A4%AD%E0%A4%BE%E0%A4%B7%E0%A5%8D%E0%A4%AF%E0%A4%AE%E0%A5%8D,,
upaniṣad,kuṇḍikopaniṣat.xml,Kuṇḍikopaniṣad,,https://sa.wikisource.org/wiki/%E0%A4%95%E0%A5%81%E0%A4%A3%E0%A5%8D%E0%A4%A1%E0%A4%BF%E0%A4%95%E0%A5%8B%E0%A4%AA%E0%A4%A8%E0%A4%BF%E0%A4%B7%E0%A4%A4%E0%A5%8D,,
upaniṣad,kālāgnirudropaniṣat.xml,Kālāgnirudropaniṣad,,https://sa.wikisource.org/wiki/%E0%A4%95%E0%A4%BE%E0%A4%B2%E0%A4%BE%E0%A4%97%E0%A5%8D%E0%A4%A8%E0%A4%BF%E0%A4%B0%E0%A5%81%E0%A4%A6%E0%A5%8D%E0%A4%B0%E0%A5%8B%E0%A4%AA%E0%A4%A8%E0%A4%BF%E0%A4%B7%E0%A4%A4%E0%A5%8D,,
upaniṣad,kṛṣṇopaniṣat.xml,Kṛṣṇopaniṣad,,https://sa.wikisource.org/wiki/%E0%A4%95%E0%A5%83%E0%A4%B7%E0%A5%8D%E0%A4%A3%E0%A5%8B%E0%A4%AA%E0%A4%A8%E0%A4%BF%E0%A4%B7%E0%A4%A4%E0%A5%8D,,
upaniṣad,kṣurikopaniṣat.xml,Kṣurikopaniṣad,,https://sa.wikisource.org/wiki/%E0%A4%95%E0%A5%8D%E0%A4%B7%E0%A5%81%E0%A4%B0%E0%A4%BF%E0%A4%95%E0%A5%8B%E0%A4%AA%E0%A4%A8%E0%A4%BF%E0%A4%B7%E0%A4%A4%E0%A5%8D,,
upaniṣad,mahopaniṣat.xml,Mahopaniṣad,,https://sa.wikisource.org/wiki/%E0%A4%AE%E0%A4%B9%E0%A5%8B%E0%A4%AA%E0%A4%A8%E0%A4%BF%E0%A4%B7%E0%A4%A4%E0%A5%8D,,
upaniṣad,mahānārāyaṇopaniṣat.xml,Mahānārāyaṇopaniṣad,,https://sa.wikisource.org/wiki/%E0%A4%AE%E0%A4%B9%E0%A4%BE%E0%A4%A8%E0%A4%BE%E0%A4%B0%E0%A4%BE%E0%A4%AF%E0%A4%A3%E0%A5%8B%E0%A4%AA%E0%A4%A8%E0%A4%BF%E0%A4%B7%E0%A4%A4%E0%A5%8D,,
upaniṣad,mahāvākyopaniṣat.xml,Mahāvākyopaniṣad,,https://sa.wikisource.org/wiki/%E0%A4%AE%E0%A4%B9%E0%A4%BE%E0%A4%B5%E0%A4%BE%E0%A4%95%E0%A5%8D%E0%A4%AF%E0%A5%8B%E0%A4%AA%E0%A4%A8%E0%A4%BF%E0%A4%B7%E0%A4%A4%E0%A5%8D,,
upaniṣad,maithilīmahopaṣat.xml,Maithilīmahopaṣad,,https://sa.wikisource.org/wiki/%E0%A4%AE%E0%A5%88%E0%A4%A5%E0%A4%BF%E0%A4%B2%E0%A5%80%E0%A4%AE%E0%A4%B9%E0%A5%8B%E0%A4%AA%E0%A4%A8%E0%A4%BF%E0%A4%B7%E0%A4%A4%E0%A5%8D,,
upaniṣad,maitreyyupaniṣat.xml,Maitreyyupaniṣad,,https://sa.wikisource.org/wiki/%E0%A4%AE%E0%A5%88%E0%A4%A4%E0%A5%8D%E0%A4%B0%E0%A5%87%E0%A4%AF%E0%A5%8D%E0%A4%AF%E0%A5%81%E0%A4%AA%E0%A4%A8%E0%A4%BF%E0%A4%B7%E0%A4%A4%E0%A5%8D,,
upaniṣad,maitrāyaṇyupaniṣat.xml,Maitrāyaṇyupaniṣad,,https://sa.wikisource.org/wiki/%E0%A4%AE%E0%A5%88%E0%A4%A4%E0%A5%8D%E0%A4%B0%E0%A4%BE%E0%A4%AF%E0%A4%A3%E0%A5%8D%E0%A4%AF%E0%A5%81%E0%A4%AA%E0%A4%A8%E0%A4%BF%E0%A4%B7%E0%A4%A4%E0%A5%8D,,
upaniṣad,maṇḍalabrāhmaṇopaniṣat.xml,Maṇḍalabrāhmaṇopaniṣad,,https://sa.wikisource.org/wiki/%E0%A4%AE%E0%A4%A3%E0%A5%8D%E0%A4%A1%E0%A4%B2%E0%A4%AC%E0%A5%8D%E0%A4%B0%E0%A4%BE%E0%A4%B9%E0%A5%8D%E0%A4%AE%E0%A4%A3%E0%A5%8B%E0%A4%AA%E0%A4%A8%E0%A4%BF%E0%A4%B7%E0%A4%A4%E0%A5%8D,,
upaniṣad,mudgalopaniṣat.xml,Mudgalopaniṣad,,https://sa.wikisource.org/wiki/%E0%A4%AE%E0%A5%81%E0%A4%A6%E0%A5%8D%E0%A4%97%E0%A4%B2%E0%A5%8B%E0%A4%AA%E0%A4%A8%E0%A4%BF%E0%A4%B7%E0%A4%A4%E0%A5%8D,,
upaniṣad,muktikopaniṣat.xml,Muktikopaniṣad,,https://sa.wikisource.org/wiki/%E0%A4%AE%E0%A5%81%E0%A4%95%E0%A5%8D%E0%A4%A4%E0%A4%BF%E0%A4%95%E0%A5%8B%E0%A4%AA%E0%A4%A8%E0%A4%BF%E0%A4%B7%E0%A4%A4%E0%A5%8D,,
upaniṣad,muṇḍakopaniṣad.xml,Muṇḍakopaniṣad,,https://sa.wikisource.org/wiki/%E0%A4%AE%E0%A5%81%E0%A4%A3%E0%A5%8D%E0%A4%A1%E0%A4%95%E0%A5%8B%E0%A4%AA%E0%A4%A8%E0%A4%BF%E0%A4%B7%E0%A4%A6%E0%A5%8D,,
upaniṣad,muṇḍakopaniṣadbhāṣyam.xml,Muṇḍakopaniṣadbhāṣya,,https://sa.wikisource.org/wiki/%E0%A4%AE%E0%A5%81%E0%A4%A3%E0%A5%8D%E0%A4%A1%E0%A4%95%E0%A5%8B%E0%A4%AA%E0%A4%A8%E0%A4%BF%E0%A4%B7%E0%A4%A6%E0%A5%8D%E0%A4%AD%E0%A4%BE%E0%A4%B7%E0%A5%8D%E0%A4%AF%E0%A4%AE%E0%A5%8D,,
upaniṣad,māntrikopaniṣat.xml,Māntrikopaniṣad,,https://sa.wikisource.org/wiki/%E0%A4%AE%E0%A4%BE%E0%A4%A8%E0%A5%8D%E0%A4%A4%E0%A5%8D%E0%A4%B0%E0%A4%BF%E0%A4%95%E0%A5%8B%E0%A4%AA%E0%A4%A8%E0%A4%BF%E0%A4%B7%E0%A4%A4%E0%A5%8D,,
upaniṣad,niruktopaniṣat.xml,Niruktopaniṣad,,https://sa.wikisource.org/wiki/%E0%A4%A8%E0%A4%BF%E0%A4%B0%E0%A5%81%E0%A4%95%E0%A5%8D%E0%A4%A4%E0%A5%8B%E0%A4%AA%E0%A4%A8%E0%A4%BF%E0%A4%B7%E0%A4%A4%E0%A5%8D,,
upaniṣad,nirvāṇopaniṣat.xml,Nirvāṇopaniṣad,,https://sa.wikisource.org/wiki/%E0%A4%A8%E0%A4%BF%E0%A4%B0%E0%A5%8D%E0%A4%B5%E0%A4%BE%E0%A4%A3%E0%A5%8B%E0%A4%AA%E0%A4%A8%E0%A4%BF%E0%A4%B7%E0%A4%A4%E0%A5%8D,,
upaniṣad,nirālambopaniṣat.xml,Nirālambopaniṣat,,https://sa.wikisource.org/wiki/%E0%A4%A8%E0%A4%BF%E0%A4%B0%E0%A4%BE%E0%A4%B2%E0%A4%AE%E0%A5%8D%E0%A4%AC%E0%A5%8B%E0%A4%AA%E0%A4%A8%E0%A4%BF%E0%A4%B7%E0%A4%A4%E0%A5%8D,,
upaniṣad,nāradaparivrājakopaniṣat.xml,Nāradaparivrājakopaniṣat,,https://sa.wikisource.org/wiki/%E0%A4%A8%E0%A4%BE%E0%A4%B0%E0%A4%A6%E0%A4%AA%E0%A4%B0%E0%A4%BF%E0%A4%B5%E0%A5%8D%E0%A4%B0%E0%A4%BE%E0%A4%9C%E0%A4%95%E0%A5%8B%E0%A4%AA%E0%A4%A8%E0%A4%BF%E0%A4%B7%E0%A4%A4%E0%A5%8D,,
upaniṣad,nārāyaṇapūrvatāpinīyopaniṣat.xml,Nārāyaṇapūrvatāpinīyopaniṣat,,https://sa.wikisource.org/wiki/%E0%A4%A8%E0%A4%BE%E0%A4%B0%E0%A4%BE%E0%A4%AF%E0%A4%A3%E0%A4%AA%E0%A5%82%E0%A4%B0%E0%A5%8D%E0%A4%B5%E0%A4%A4%E0%A4%BE%E0%A4%AA%E0%A4%BF%E0%A4%A8%E0%A5%80%E0%A4%AF%E0%A5%8B%E0%A4%AA%E0%A4%A8%E0%A4%BF%E0%A4%B7%E0%A4%A4%E0%A5%8D,,
upaniṣad,nārāyaṇopaniṣad.xml,Nārāyaṇopaniṣad,,https://sa.wikisource.org/wiki/%E0%A4%A8%E0%A4%BE%E0%A4%B0%E0%A4%BE%E0%A4%AF%E0%A4%A3%E0%A5%8B%E0%A4%AA%E0%A4%A8%E0%A4%BF%E0%A4%B7%E0%A4%A6%E0%A5%8D,,
upaniṣad,nārāyaṇottaratāpinīyopaniṣat.xml,Nārāyaṇottaratāpinīyopaniṣad,,https://sa.wikisource.org/wiki/%E0%A4%A8%E0%A4%BE%E0%A4%B0%E0%A4%BE%E0%A4%AF%E0%A4%A3%E0%A5%8B%E0%A4%A4%E0%A5%8D%E0%A4%A4%E0%A4%B0%E0%A4%A4%E0%A4%BE%E0%A4%AA%E0%A4%BF%E0%A4%A8%E0%A5%80%E0%A4%AF%E0%A5%8B%E0%A4%AA%E0%A4%A8%E0%A4%BF%E0%A4%B7%E0%A4%A4%E0%A5%8D,,
upaniṣad,nṛsiṃhapūrvatāpanīyopaniṣadbhāṣyam.xml,Nṛsiṃhapūrvatāpanīyopaniṣadbhāṣya,Śrīśaṅkara,https://sa.wikisource.org/wiki/%E0%A4%A8%E0%A5%83%E0%A4%B8%E0%A4%BF%E0%A4%82%E0%A4%B9%E0%A4%AA%E0%A5%82%E0%A4%B0%E0%A5%8D%E0%A4%B5%E0%A4%A4%E0%A4%BE%E0%A4%AA%E0%A4%A8%E0%A5%80%E0%A4%AF%E0%A5%8B%E0%A4%AA%E0%A4%A8%E0%A4%BF%E0%A4%B7%E0%A4%A6%E0%A5%8D%E0%A4%AD%E0%A4%BE%E0%A4%B7%E0%A5%8D%E0%A4%AF%E0%A4%AE%E0%A5%8D,,
upaniṣad,nṛsiṃhatāpanyupaniṣad_1.xml,Nṛsiṃhatāpanyupaniṣad-1,,https://sa.wikisource.org/wiki/%E0%A4%A8%E0%A5%83%E0%A4%B8%E0%A4%BF%E0%A4%82%E0%A4%B9%E0%A4%A4%E0%A4%BE%E0%A4%AA%E0%A4%A8%E0%A5%80_%E0%A4%89%E0%A4%AA%E0%A4%A8%E0%A4%BF%E0%A4%B7%E0%A4%A6%E0%A5%8D-1,,
upaniṣad,nṛsiṃhottaratāpanīyopaniṣad.xml,Nṛsiṃhottaratāpanīyopaniṣad,,https://sa.wikisource.org/wiki/%E0%A4%A8%E0%A5%83%E0%A4%B8%E0%A4%BF%E0%A4%82%E0%A4%B9%E0%A5%8B%E0%A4%A4%E0%A5%8D%E0%A4%A4%E0%A4%B0%E0%A4%A4%E0%A4%BE%E0%A4%AA%E0%A4%A8%E0%A5%80%E0%A4%AF%E0%A5%8B%E0%A4%AA%E0%A4%A8%E0%A4%BF%E0%A4%B7%E0%A4%A6,,
upaniṣad,paiṅgalopaniṣat.xml,Paiṅgalopaniṣad,,https://sa.wikisource.org/wiki/%E0%A4%AA%E0%A5%88%E0%A4%99%E0%A5%8D%E0%A4%97%E0%A4%B2%E0%A5%8B%E0%A4%AA%E0%A4%A8%E0%A4%BF%E0%A4%B7%E0%A4%A4%E0%A5%8D,,
upaniṣad,parabrahmopaniṣat.xml,Parabrahmopaniṣad,,https://sa.wikisource.org/wiki/%E0%A4%AA%E0%A4%B0%E0%A4%AC%E0%A5%8D%E0%A4%B0%E0%A4%B9%E0%A5%8D%E0%A4%AE%E0%A5%8B%E0%A4%AA%E0%A4%A8%E0%A4%BF%E0%A4%B7%E0%A4%A4%E0%A5%8D,,
upaniṣad,paramahaṃsaparivrājakopaniṣat.xml,Paramahaṃsaparivrājakopaniṣad,,https://sa.wikisource.org/wiki/%E0%A4%AA%E0%A4%B0%E0%A4%AE%E0%A4%B9%E0%A4%82%E0%A4%B8%E0%A4%AA%E0%A4%B0%E0%A4%BF%E0%A4%B5%E0%A5%8D%E0%A4%B0%E0%A4%BE%E0%A4%9C%E0%A4%95%E0%A5%8B%E0%A4%AA%E0%A4%A8%E0%A4%BF%E0%A4%B7%E0%A4%A4%E0%A5%8D,,
upaniṣad,paramahaṃsopaniṣad.xml,Paramahaṃsopaniṣad,,https://sa.wikisource.org/wiki/%E0%A4%AA%E0%A4%B0%E0%A4%AE%E0%A4%B9%E0%A4%82%E0%A4%B8%E0%A5%8B%E0%A4%AA%E0%A4%A8%E0%A4%BF%E0%A4%B7%E0%A4%A6%E0%A5%8D,,
upaniṣad,parivrādpaniṣad_nāradaparivrājaka.xml,Parivrādpaniṣad (nāradaparivrājaka),,https://sa.wikisource.org/wiki/%E0%A4%AA%E0%A4%B0%E0%A4%BF%E0%A4%B5%E0%A5%8D%E0%A4%B0%E0%A4%BE%E0%A4%A4%E0%A5%8D_%E0%A4%89%E0%A4%AA%E0%A4%A8%E0%A4%BF%E0%A4%B7%E0%A4%A6%E0%A5%8D_(%E0%A4%A8%E0%A4%BE%E0%A4%B0%E0%A4%A6%E0%A4%AA%E0%A4%B0%E0%A4%BF%E0%A4%B5%E0%A5%8D%E0%A4%B0%E0%A4%BE%E0%A4%9C%E0%A4%95),,
upaniṣad,pañcabrahmopaniṣat.xml,Pañcabrahmopaniṣad,,https://sa.wikisource.org/wiki/%E0%A4%AA%E0%A4%9E%E0%A5%8D%E0%A4%9A%E0%A4%AC%E0%A5%8D%E0%A4%B0%E0%A4%B9%E0%A5%8D%E0%A4%AE%E0%A5%8B%E0%A4%AA%E0%A4%A8%E0%A4%BF%E0%A4%B7%E0%A4%A4%E0%A5%8D,,
upaniṣad,piṇḍopaniṣat.xml,Piṇḍopaniṣad,,https://sa.wikisource.org/wiki/%E0%A4%AA%E0%A4%BF%E0%A4%A3%E0%A5%8D%E0%A4%A1%E0%A5%8B%E0%A4%AA%E0%A4%A8%E0%A4%BF%E0%A4%B7%E0%A4%A4%E0%A5%8D,,
upaniṣad,praṇavopaniṣat_1.xml,Praṇavopaniṣad (1),,https://sa.wikisource.org/wiki/%E0%A4%AA%E0%A5%8D%E0%A4%B0%E0%A4%A3%E0%A4%B5%E0%A5%8B%E0%A4%AA%E0%A4%A8%E0%A4%BF%E0%A4%B7%E0%A4%A4%E0%A5%8D_(%E0%A5%A7),,
upaniṣad,praṇavopaniṣat_2.xml,Praṇavopaniṣad (1),,https://sa.wikisource.org/wiki/%E0%A4%AA%E0%A5%8D%E0%A4%B0%E0%A4%A3%E0%A4%B5%E0%A5%8B%E0%A4%AA%E0%A4%A8%E0%A4%BF%E0%A4%B7%E0%A4%A4%E0%A5%8D_(%E0%A5%A7),,
upaniṣad,prāṇāgnihotropaniṣat.xml,Prāṇāgnihotropaniṣad,,https://sa.wikisource.org/wiki/%E0%A4%AA%E0%A5%8D%E0%A4%B0%E0%A4%BE%E0%A4%A3%E0%A4%BE%E0%A4%97%E0%A5%8D%E0%A4%A8%E0%A4%BF%E0%A4%B9%E0%A5%8B%E0%A4%A4%E0%A5%8D%E0%A4%B0%E0%A5%8B%E0%A4%AA%E0%A4%A8%E0%A4%BF%E0%A4%B7%E0%A4%A4%E0%A5%8D,,
upaniṣad,pāśupatabrahmopaniṣat.xml,Pāśupatabrahmopaniṣad,,https://sa.wikisource.org/wiki/%E0%A4%AA%E0%A4%BE%E0%A4%B6%E0%A5%81%E0%A4%AA%E0%A4%A4%E0%A4%AC%E0%A5%8D%E0%A4%B0%E0%A4%B9%E0%A5%8D%E0%A4%AE%E0%A5%8B%E0%A4%AA%E0%A4%A8%E0%A4%BF%E0%A4%B7%E0%A4%A4%E0%A5%8D,,
upaniṣad,rudrahṛdayopaniṣat.xml,Rudrahṛdayopaniṣad,,https://sa.wikisource.org/wiki/%E0%A4%B0%E0%A5%81%E0%A4%A6%E0%A5%8D%E0%A4%B0%E0%A4%B9%E0%A5%83%E0%A4%A6%E0%A4%AF%E0%A5%8B%E0%A4%AA%E0%A4%A8%E0%A4%BF%E0%A4%B7%E0%A4%A4%E0%A5%8D,,
upaniṣad,rudrākṣajābālopaniṣat.xml,Rudrākṣajābālopaniṣad,,https://sa.wikisource.org/wiki/%E0%A4%B0%E0%A5%81%E0%A4%A6%E0%A5%8D%E0%A4%B0%E0%A4%BE%E0%A4%95%E0%A5%8D%E0%A4%B7%E0%A4%9C%E0%A4%BE%E0%A4%AC%E0%A4%BE%E0%A4%B2%E0%A5%8B%E0%A4%AA%E0%A4%A8%E0%A4%BF%E0%A4%B7%E0%A4%A4%E0%A5%8D,,
upaniṣad,rādhopaniṣat.xml,Rādhopaniṣad,,https://sa.wikisource.org/wiki/%E0%A4%B0%E0%A4%BE%E0%A4%A7%E0%A5%8B%E0%A4%AA%E0%A4%A8%E0%A4%BF%E0%A4%B7%E0%A4%A4%E0%A5%8D,,
upaniṣad,rāmarahasyopaniṣat.xml,Rāmarahasyopaniṣad,,https://sa.wikisource.org/wiki/%E0%A4%B0%E0%A4%BE%E0%A4%AE%E0%A4%B0%E0%A4%B9%E0%A4%B8%E0%A5%8D%E0%A4%AF%E0%A5%8B%E0%A4%AA%E0%A4%A8%E0%A4%BF%E0%A4%B7%E0%A4%A4%E0%A5%8D,,
upaniṣad,rāmatāpinyupaniṣat.xml,Rāmatāpinyupaniṣad,,https://sa.wikisource.org/wiki/%E0%A4%B0%E0%A4%BE%E0%A4%AE%E0%A4%A4%E0%A4%BE%E0%A4%AA%E0%A4%BF%E0%A4%A8%E0%A5%8D%E0%A4%AF%E0%A5%81%E0%A4%AA%E0%A4%A8%E0%A4%BF%E0%A4%B7%E0%A4%A4%E0%A5%8D,,
upaniṣad,sarasvatīrahasyopaniṣat.xml,Sarasvatīrahasyopaniṣad,,https://sa.wikisource.org/wiki/%E0%A4%B8%E0%A4%B0%E0%A4%B8%E0%A5%8D%E0%A4%B5%E0%A4%A4%E0%A5%80%E0%A4%B0%E0%A4%B9%E0%A4%B8%E0%A5%8D%E0%A4%AF%E0%A5%8B%E0%A4%AA%E0%A4%A8%E0%A4%BF%E0%A4%B7%E0%A4%A4%E0%A5%8D,,
upaniṣad,sarvasāropaniṣat.xml,Sarvasāropaniṣad,,https://sa.wikisource.org/wiki/%E0%A4%B8%E0%A4%B0%E0%A5%8D%E0%A4%B5%E0%A4%B8%E0%A4%BE%E0%A4%B0%E0%A5%8B%E0%A4%AA%E0%A4%A8%E0%A4%BF%E0%A4%B7%E0%A4%A4%E0%A5%8D,,
upaniṣad,saubhāgyalakṣmyupaniṣat.xml,Saubhāgyalakṣmyupaniṣad,,https://sa.wikisource.org/wiki/%E0%A4%B8%E0%A5%8C%E0%A4%AD%E0%A4%BE%E0%A4%97%E0%A5%8D%E0%A4%AF%E0%A4%B2%E0%A4%95%E0%A5%8D%E0%A4%B7%E0%A5%8D%E0%A4%AE%E0%A5%8D%E0%A4%AF%E0%A5%81%E0%A4%AA%E0%A4%A8%E0%A4%BF%E0%A4%B7%E0%A4%A4%E0%A5%8D,,
upaniṣad,saṃnyāsopaniṣat.xml,Saṃnyāsopaniṣad,,https://sa.wikisource.org/wiki/%E0%A4%B8%E0%A4%82%E0%A4%A8%E0%A5%8D%E0%A4%AF%E0%A4%BE%E0%A4%B8%E0%A5%8B%E0%A4%AA%E0%A4%A8%E0%A4%BF%E0%A4%B7%E0%A4%A4%E0%A5%8D,,
upaniṣad,skandopaniṣad.xml,Skandopaniṣad,,https://sa.wikisource.org/wiki/%E0%A4%B8%E0%A5%8D%E0%A4%95%E0%A4%A8%E0%A5%8D%E0%A4%A6_%E0%A4%89%E0%A4%AA%E0%A4%A8%E0%A4%BF%E0%A4%B7%E0%A4%A6%E0%A5%8D,,
upaniṣad,subālopaniṣat.xml,Subālopaniṣad,,https://sa.wikisource.org/wiki/%E0%A4%B8%E0%A5%81%E0%A4%AC%E0%A4%BE%E0%A4%B2%E0%A5%8B%E0%A4%AA%E0%A4%A8%E0%A4%BF%E0%A4%B7%E0%A4%A4%E0%A5%8D,,
upaniṣad,suktikopaniṣat.xml,Suktikopaniṣad,,https://sa.wikisource.org/wiki/%E0%A4%AE%E0%A5%81%E0%A4%95%E0%A5%8D%E0%A4%A4%E0%A4%BF%E0%A4%95%E0%A5%8B%E0%A4%AA%E0%A4%A8%E0%A4%BF%E0%A4%B7%E0%A4%A4%E0%A5%8D,,
upaniṣad,sāmarahasyopaniṣat.xml,Sāmarahasyopaniṣad,,https://sa.wikisource.org/wiki/%E0%A4%B8%E0%A4%BE%E0%A4%AE%E0%A4%B0%E0%A4%B9%E0%A4%B8%E0%A5%8D%E0%A4%AF%E0%A5%8B%E0%A4%AA%E0%A4%A8%E0%A4%BF%E0%A4%B7%E0%A4%A4%E0%A5%8D,,
upaniṣad,sāvitryupaniṣat.xml,Sāvitryupaniṣad,,https://sa.wikisource.org/wiki/%E0%A4%B8%E0%A4%BE%E0%A4%B5%E0%A4%BF%E0%A4%A4%E0%A5%8D%E0%A4%B0%E0%A5%8D%E0%A4%AF%E0%A5%81%E0%A4%AA%E0%A4%A8%E0%A4%BF%E0%A4%B7%E0%A4%A4%E0%A5%8D,,
upaniṣad,sītopaniṣat.xml,Sītopaniṣad,,https://sa.wikisource.org/wiki/%E0%A4%B8%E0%A5%80%E0%A4%A4%E0%A5%8B%E0%A4%AA%E0%A4%A8%E0%A4%BF%E0%A4%B7%E0%A4%A4%E0%A5%8D,,
upaniṣad,sūryopaniṣat.xml,Sūryopaniṣad,,https://sa.wikisource.org/wiki/%E0%A4%B8%E0%A5%82%E0%A4%B0%E0%A5%8D%E0%A4%AF%E0%A5%8B%E0%A4%AA%E0%A4%A8%E0%A4%BF%E0%A4%B7%E0%A4%A4%E0%A5%8D,,
upaniṣad,tejobindūpaniṣad.xml,Tejobindūpaniṣad,,https://sa.wikisource.org/wiki/%E0%A4%A4%E0%A5%87%E0%A4%9C%E0%A5%8B%E0%A4%AC%E0%A4%BF%E0%A4%A8%E0%A5%8D%E0%A4%A6%E0%A5%82%E0%A4%AA%E0%A4%A8%E0%A4%BF%E0%A4%B7%E0%A4%A6%E0%A5%8D,,
upaniṣad,tripuropaniṣat.xml,Tripuropaniṣad,,https://sa.wikisource.org/wiki/%E0%A4%A4%E0%A5%8D%E0%A4%B0%E0%A4%BF%E0%A4%AA%E0%A5%81%E0%A4%B0%E0%A5%8B%E0%A4%AA%E0%A4%A8%E0%A4%BF%E0%A4%B7%E0%A4%A4%E0%A5%8D,,
upaniṣad,tripurātāpinyupaniṣat.xml,Tripurātāpinyupaniṣad,,https://sa.wikisource.org/wiki/%E0%A4%A4%E0%A5%8D%E0%A4%B0%E0%A4%BF%E0%A4%AA%E0%A5%81%E0%A4%B0%E0%A4%BE%E0%A4%A4%E0%A4%BE%E0%A4%AA%E0%A4%BF%E0%A4%A8%E0%A5%8D%E0%A4%AF%E0%A5%81%E0%A4%AA%E0%A4%A8%E0%A4%BF%E0%A4%B7%E0%A4%A4%E0%A5%8D,,
upaniṣad,triśikhibrāhmaṇopaniṣat.xml,Triśikhibrāhmaṇopaniṣad,,https://sa.wikisource.org/wiki/%E0%A4%A4%E0%A5%8D%E0%A4%B0%E0%A4%BF%E0%A4%B6%E0%A4%BF%E0%A4%96%E0%A4%BF%E0%A4%AC%E0%A5%8D%E0%A4%B0%E0%A4%BE%E0%A4%B9%E0%A5%8D%E0%A4%AE%E0%A4%A3%E0%A5%8B%E0%A4%AA%E0%A4%A8%E0%A4%BF%E0%A4%B7%E0%A4%A4%E0%A5%8D,,
upaniṣad,turīyātītopaniṣat.xml,Turīyātītopaniṣad,,https://sa.wikisource.org/wiki/%E0%A4%A4%E0%A5%81%E0%A4%B0%E0%A5%80%E0%A4%AF%E0%A4%BE%E0%A4%A4%E0%A5%80%E0%A4%A4%E0%A5%8B%E0%A4%AA%E0%A4%A8%E0%A4%BF%E0%A4%B7%E0%A4%A4%E0%A5%8D,,
upaniṣad,tārasāropaniṣat.xml,Tārasāropaniṣad,,https://sa.wikisource.org/wiki/%E0%A4%A4%E0%A4%BE%E0%A4%B0%E0%A4%B8%E0%A4%BE%E0%A4%B0%E0%A5%8B%E0%A4%AA%E0%A4%A8%E0%A4%BF%E0%A4%B7%E0%A4%A4%E0%A5%8D,,
upaniṣad,vajrasūcyupaniṣat.xml,Vajrasūcyupaniṣad,,https://sa.wikisource.org/wiki/%E0%A4%B5%E0%A4%9C%E0%A5%8D%E0%A4%B0%E0%A4%B8%E0%A5%82%E0%A4%9A%E0%A5%8D%E0%A4%AF%E0%A5%81%E0%A4%AA%E0%A4%A8%E0%A4%BF%E0%A4%B7%E0%A4%A4%E0%A5%8D,,
upaniṣad,varāhopaniṣat.xml,Varāhopaniṣad,,https://sa.wikisource.org/wiki/%E0%A4%B5%E0%A4%B0%E0%A4%BE%E0%A4%B9%E0%A5%8B%E0%A4%AA%E0%A4%A8%E0%A4%BF%E0%A4%B7%E0%A4%A4%E0%A5%8D,,
upaniṣad,viśvaṃbharopaniṣat.xml,Viśvaṃbharopaniṣad,,https://sa.wikisource.org/wiki/%E0%A4%B5%E0%A4%BF%E0%A4%B6%E0%A5%8D%E0%A4%B5%E0%A4%82%E0%A4%AD%E0%A4%B0%E0%A5%8B%E0%A4%AA%E0%A4%A8%E0%A4%BF%E0%A4%B7%E0%A4%A4%E0%A5%8D,,
upaniṣad,vāsudevopaniṣat.xml,Vāsudevopaniṣad,,https://sa.wikisource.org/wiki/%E0%A4%B5%E0%A4%BE%E0%A4%B8%E0%A5%81%E0%A4%A6%E0%A5%87%E0%A4%B5%E0%A5%8B%E0%A4%AA%E0%A4%A8%E0%A4%BF%E0%A4%B7%E0%A4%A4%E0%A5%8D,,
upaniṣad,yogacūḍāmaṇyupaniṣat.xml,Yogacūḍāmaṇyupaniṣad,,https://sa.wikisource.org/wiki/%E0%A4%AF%E0%A5%8B%E0%A4%97%E0%A4%9A%E0%A5%82%E0%A4%A1%E0%A4%BE%E0%A4%AE%E0%A4%A3%E0%A5%8D%E0%A4%AF%E0%A5%81%E0%A4%AA%E0%A4%A8%E0%A4%BF%E0%A4%B7%E0%A4%A4%E0%A5%8D,,
upaniṣad,yogakuṇḍalyupaniṣat.xml,Yogakuṇḍalyupaniṣad,,https://sa.wikisource.org/wiki/%E0%A4%AF%E0%A5%8B%E0%A4%97%E0%A4%95%E0%A5%81%E0%A4%A3%E0%A5%8D%E0%A4%A1%E0%A4%B2%E0%A5%8D%E0%A4%AF%E0%A5%81%E0%A4%AA%E0%A4%A8%E0%A4%BF%E0%A4%B7%E0%A4%A4%E0%A5%8D,,
upaniṣad,yogatattvopaniṣat.xml,Yogatattvopaniṣad,,https://sa.wikisource.org/wiki/%E0%A4%AF%E0%A5%8B%E0%A4%97%E0%A4%A4%E0%A4%A4%E0%A5%8D%E0%A4%A4%E0%A5%8D%E0%A4%B5%E0%A5%8B%E0%A4%AA%E0%A4%A8%E0%A4%BF%E0%A4%B7%E0%A4%A4%E0%A5%8D,,
upaniṣad,yogaśikṣopaniṣad.xml,Yogaśikṣopaniṣad,,https://sa.wikisource.org/wiki/%E0%A4%AF%E0%A5%8B%E0%A4%97%E0%A4%B6%E0%A4%BF%E0%A4%95%E0%A5%8D%E0%A4%B7%E0%A5%8B%E0%A4%AA%E0%A4%A8%E0%A4%BF%E0%A4%B7%E0%A4%A6%E0%A5%8D,,
upaniṣad,yājñavalkyopaniṣat.xml,Yājñavalkyopaniṣad,,https://sa.wikisource.org/wiki/%E0%A4%AF%E0%A4%BE%E0%A4%9C%E0%A5%8D%E0%A4%9E%E0%A4%B5%E0%A4%B2%E0%A5%8D%E0%A4%95%E0%A5%8D%E0%A4%AF%E0%A5%8B%E0%A4%AA%E0%A4%A8%E0%A4%BF%E0%A4%B7%E0%A4%A4%E0%A5%8D,,
upaniṣad,āruṇeyopaniṣad.xml,Āruṇeyopaniṣad,,https://sa.wikisource.org/wiki/%E0%A4%86%E0%A4%B0%E0%A5%81%E0%A4%A3%E0%A5%87%E0%A4%AF%E0%A5%8B%E0%A4%AA%E0%A4%A8%E0%A4%BF%E0%A4%B7%E0%A4%A6%E0%A5%8D,,
upaniṣad,ārṣeyopaniṣat.xml,Ārṣeyopaniṣad,,https://sa.wikisource.org/wiki/%E0%A4%86%E0%A4%B0%E0%A5%8D%E0%A4%B7%E0%A5%87%E0%A4%AF%E0%A5%8B%E0%A4%AA%E0%A4%A8%E0%A4%BF%E0%A4%B7%E0%A4%A4%E0%A5%8D,,
upaniṣad,ātmabodhopaniṣat.xml,Ātmabodhopaniṣad,,https://sa.wikisource.org/wiki/%E0%A4%86%E0%A4%A4%E0%A5%8D%E0%A4%AE%E0%A4%AC%E0%A5%8B%E0%A4%A7%E0%A5%8B%E0%A4%AA%E0%A4%A8%E0%A4%BF%E0%A4%B7%E0%A4%A4%E0%A5%8D,,
upaniṣad,ātmopaniṣat.xml,Ātmopaniṣad,,https://sa.wikisource.org/wiki/%E0%A4%86%E0%A4%A4%E0%A5%8D%E0%A4%AE%E0%A5%8B%E0%A4%AA%E0%A4%A8%E0%A4%BF%E0%A4%B7%E0%A4%A4%E0%A5%8D,,
upaniṣad,śarabhopaniṣat.xml,Śarabhopaniṣad,,https://sa.wikisource.org/wiki/%E0%A4%B6%E0%A4%B0%E0%A4%AD%E0%A5%8B%E0%A4%AA%E0%A4%A8%E0%A4%BF%E0%A4%B7%E0%A4%A4%E0%A5%8D,,
upaniṣad,śukarahasyopaniṣat.xml,Śukarahasyopaniṣad,,https://sa.wikisource.org/wiki/%E0%A4%B6%E0%A5%81%E0%A4%95%E0%A4%B0%E0%A4%B9%E0%A4%B8%E0%A5%8D%E0%A4%AF%E0%A5%8B%E0%A4%AA%E0%A4%A8%E0%A4%BF%E0%A4%B7%E0%A4%A4%E0%A5%8D,,
upaniṣad,śārīrakamīmāṃsāsūtrabhāṣyam.xml,Śārīrakamīmāṃsāsūtrabhāṣya,,https://sa.wikisource.org/wiki/%E0%A4%B6%E0%A4%BE%E0%A4%B0%E0%A5%80%E0%A4%B0%E0%A4%95%E0%A4%AE%E0%A5%80%E0%A4%AE%E0%A4%BE%E0%A4%82%E0%A4%B8%E0%A4%BE%E0%A4%B8%E0%A5%82%E0%A4%A4%E0%A5%8D%E0%A4%B0%E0%A4%AD%E0%A4%BE%E0%A4%B7%E0%A5%8D%E0%A4%AF%E0%A4%AE%E0%A5%8D,,
upaniṣad,śārīrakopaniṣat.xml,Śārīrakopaniṣad,,https://sa.wikisource.org/wiki/%E0%A4%B6%E0%A4%BE%E0%A4%B0%E0%A5%80%E0%A4%B0%E0%A4%95%E0%A5%8B%E0%A4%AA%E0%A4%A8%E0%A4%BF%E0%A4%B7%E0%A4%A4%E0%A5%8D,,
upaniṣad,śāṇḍilyopaniṣat.xml,Śāṇḍilyopaniṣad,,https://sa.wikisource.org/wiki/%E0%A4%B6%E0%A4%BE%E0%A4%A3%E0%A5%8D%E0%A4%A1%E0%A4%BF%E0%A4%B2%E0%A5%8D%E0%A4%AF%E0%A5%8B%E0%A4%AA%E0%A4%A8%E0%A4%BF%E0%A4%B7%E0%A4%A4%E0%A5%8D,,
upaniṣad,śāṭyāyanīyopaniṣat.xml,Śāṭyāyanīyopaniṣad,,https://sa.wikisource.org/wiki/%E0%A4%B6%E0%A4%BE%E0%A4%9F%E0%A5%8D%E0%A4%AF%E0%A4%BE%E0%A4%AF%E0%A4%A8%E0%A5%80%E0%A4%AF%E0%A5%8B%E0%A4%AA%E0%A4%A8%E0%A4%BF%E0%A4%B7%E0%A4%A4%E0%A5%8D,,
veda,aitareyāraṇyakam.xml,Aitareyāraṇyaka,,https://sa.wikisource.org/wiki/%E0%A4%90%E0%A4%A4%E0%A4%B0%E0%A5%87%E0%A4%AF_%E0%A4%86%E0%A4%B0%E0%A4%A3%E0%A5%8D%E0%A4%AF%E0%A4%95%E0%A4%AE%E0%A5%8D,,
veda,atharvaprātiśākhyam.xml,Atharvaprātiśākhya,,https://sa.wikisource.org/wiki/%E0%A4%85%E0%A4%A5%E0%A4%B0%E0%A5%8D%E0%A4%B5%E0%A4%AA%E0%A5%8D%E0%A4%B0%E0%A4%BE%E0%A4%A4%E0%A4%BF%E0%A4%B6%E0%A4%BE%E0%A4%96%E0%A5%8D%E0%A4%AF%E0%A4%AE%E0%A5%8D,,
veda,aṣṭāṅgasaṃgrahaḥ.xml,Aṣṭāṅgasaṃgraha,Vāgbhaṭa,https://sa.wikisource.org/wiki/%E0%A4%85%E0%A4%B7%E0%A5%8D%E0%A4%9F%E0%A4%BE%E0%A4%99%E0%A5%8D%E0%A4%97%E0%A4%B8%E0%A4%82%E0%A4%97%E0%A5%8D%E0%A4%B0%E0%A4%B9%E0%A4%83,,
veda,bhaiṣajyaratnāvalī.xml,Bhaiṣajyaratnāvalī,,https://sa.wikisource.org/wiki/%E0%A4%AD%E0%A5%88%E0%A4%B7%E0%A4%9C%E0%A5%8D%E0%A4%AF%E0%A4%B0%E0%A4%A4%E0%A5%8D%E0%A4%A8%E0%A4%BE%E0%A4%B5%E0%A4%B2%E0%A5%80,,
veda,bhelasaṃhitā.xml,Bhelasaṃhitā,Bhelācārya,https://sa.wikisource.org/wiki/%E0%A4%AD%E0%A5%87%E0%A4%B2%E0%A4%B8%E0%A4%82%E0%A4%B9%E0%A4%BF%E0%A4%A4%E0%A4%BE,,
veda,bhāvaprakāśasaṃhitā.xml,Bhāvaprakāśasaṃhitā,,https://sa.wikisource.org/wiki/%E0%A4%AD%E0%A4%BE%E0%A4%B5%E0%A4%AA%E0%A5%8D%E0%A4%B0%E0%A4%95%E0%A4%BE%E0%A4%B6%E0%A4%B8%E0%A4%82%E0%A4%B9%E0%A4%BF%E0%A4%A4%E0%A4%BE,,
veda,bhāṣikasūtrāṇi.xml,Bhāṣikasūtrāṇi,,https://sa.wikisource.org/wiki/%E0%A4%AD%E0%A4%BE%E0%A4%B7%E0%A4%BF%E0%A4%95%E0%A4%B8%E0%A5%82%E0%A4%A4%E0%A5%8D%E0%A4%B0%E0%A4%BE%E0%A4%A3%E0%A4%BF,,
veda,bhṛguvallī.xml,Bhṛguvallī,,https://sa.wikisource.org/wiki/%E0%A4%A4%E0%A5%88%E0%A4%A4%E0%A5%8D%E0%A4%A4%E0%A4%BF%E0%A4%B0%E0%A5%80%E0%A4%AF%E0%A4%BE%E0%A4%B0%E0%A4%A3%E0%A5%8D%E0%A4%AF%E0%A4%95%E0%A4%AE%E0%A5%8D(%E0%A4%B5%E0%A4%BF%E0%A4%B8%E0%A5%8D%E0%A4%B5%E0%A4%B0),,
veda,brahmānandavallī.xml,Brahmānandavallī,,https://sa.wikisource.org/wiki/%E0%A4%A4%E0%A5%88%E0%A4%A4%E0%A5%8D%E0%A4%A4%E0%A4%BF%E0%A4%B0%E0%A5%80%E0%A4%AF%E0%A4%BE%E0%A4%B0%E0%A4%A3%E0%A5%8D%E0%A4%AF%E0%A4%95%E0%A4%AE%E0%A5%8D(%E0%A4%B5%E0%A4%BF%E0%A4%B8%E0%A5%8D%E0%A4%B5%E0%A4%B0),,
veda,chāndogyabrāhmaṇam.xml,Chāndogyabrāhmaṇa,,https://sa.wikisource.org/wiki/%E0%A4%9B%E0%A4%BE%E0%A4%A8%E0%A5%8D%E0%A4%A6%E0%A5%8B%E0%A4%97%E0%A5%8D%E0%A4%AF%E0%A4%AC%E0%A5%8D%E0%A4%B0%E0%A4%BE%E0%A4%B9%E0%A5%8D%E0%A4%AE%E0%A4%A3%E0%A4%AE%E0%A5%8D,,
veda,chāndogyāraṇyakam.xml,Chāndogyāraṇyaka,,https://sa.wikisource.org/wiki/%E0%A4%9B%E0%A4%BE%E0%A4%A8%E0%A5%8D%E0%A4%A6%E0%A5%8B%E0%A4%97%E0%A5%8D%E0%A4%AF%E0%A4%BE%E0%A4%B0%E0%A4%A3%E0%A5%8D%E0%A4%AF%E0%A4%95%E0%A4%AE%E0%A5%8D,,
veda,devatādhyāyabrāhmaṇam.xml,Devatādhyāyabrāhmaṇa,,https://sa.wikisource.org/wiki/%E0%A4%A6%E0%A5%87%E0%A4%B5%E0%A4%A4%E0%A4%BE%E0%A4%A7%E0%A5%8D%E0%A4%AF%E0%A4%BE%E0%A4%AF%E0%A4%AC%E0%A5%8D%E0%A4%B0%E0%A4%BE%E0%A4%B9%E0%A5%8D%E0%A4%AE%E0%A4%A3%E0%A4%AE%E0%A5%8D,,
veda,dhanurvedaḥ.xml,Dhanurveda,,https://sa.wikisource.org/wiki/%E0%A4%A7%E0%A4%A8%E0%A5%81%E0%A4%B0%E0%A5%8D%E0%A4%B5%E0%A5%87%E0%A4%A6%E0%A4%83,,
veda,ekāgnikāṇḍam.xml,Ekāgnikāṇḍa,,https://sa.wikisource.org/wiki/%E0%A4%8F%E0%A4%95%E0%A4%BE%E0%A4%97%E0%A5%8D%E0%A4%A8%E0%A4%BF%E0%A4%95%E0%A4%BE%E0%A4%A3%E0%A5%8D%E0%A4%A1%E0%A4%AE%E0%A5%8D,,
veda,ekāgnikāṇḍasya_haradattaṭīkā.xml,Ekāgnikāṇḍasya Haradattaṭīkā,,https://sa.wikisource.org/wiki/%E0%A4%8F%E0%A4%95%E0%A4%BE%E0%A4%97%E0%A5%8D%E0%A4%A8%E0%A4%BF%E0%A4%95%E0%A4%BE%E0%A4%A3%E0%A5%8D%E0%A4%A1%E0%A4%B8%E0%A5%8D%E0%A4%AF_%E0%A4%B9%E0%A4%B0%E0%A4%A6%E0%A4%A4%E0%A5%8D%E0%A4%A4%E0%A4%9F%E0%A5%80%E0%A4%95%E0%A4%BE,,
veda,gaṇapatyatharvaśīrṣam.xml,Gaṇapatyatharvaśīrṣa,,https://sa.wikisource.org/wiki/%E0%A4%97%E0%A4%A3%E0%A4%AA%E0%A4%A4%E0%A5%8D%E0%A4%AF%E0%A4%A5%E0%A4%B0%E0%A5%8D%E0%A4%B5%E0%A4%B6%E0%A5%80%E0%A4%B0%E0%A5%8D%E0%A4%B7%E0%A4%AE%E0%A5%8D,,
veda,hārītasaṃhitā.xml,Hārītasaṃhitā,Hārītaḥ,https://sa.wikisource.org/wiki/%E0%A4%B9%E0%A4%BE%E0%A4%B0%E0%A5%80%E0%A4%A4%E0%A4%B8%E0%A4%82%E0%A4%B9%E0%A4%BF%E0%A4%A4%E0%A4%BE,,
veda,jaiminīyopaniṣadbrāhmaṇam.xml,Jaiminīyopaniṣadbrāhmaṇa,,https://sa.wikisource.org/wiki/%E0%A4%9C%E0%A5%88%E0%A4%AE%E0%A4%BF%E0%A4%A8%E0%A5%80%E0%A4%AF%E0%A5%8B%E0%A4%AA%E0%A4%A8%E0%A4%BF%E0%A4%B7%E0%A4%A6%E0%A5%8D%E0%A4%AC%E0%A5%8D%E0%A4%B0%E0%A4%BE%E0%A4%B9%E0%A5%8D%E0%A4%AE%E0%A4%A3%E0%A4%AE%E0%A5%8D,,
veda,kaṭhāraṇyakam.xml,Kaṭhāraṇyaka,,https://sa.wikisource.org/wiki/%E0%A4%95%E0%A4%A0%E0%A4%BE%E0%A4%B0%E0%A4%A3%E0%A5%8D%E0%A4%AF%E0%A4%95%E0%A4%AE%E0%A5%8D,,
veda,kāśyapasaṃhitā.xml,Kāśyapasaṃhitā,Kaśyapa,https://sa.wikisource.org/wiki/%E0%A4%95%E0%A4%BE%E0%A4%B6%E0%A5%8D%E0%A4%AF%E0%A4%AA%E0%A4%B8%E0%A4%82%E0%A4%B9%E0%A4%BF%E0%A4%A4%E0%A4%BE,,
veda,kāṭhakabrāhmaṇam.xml,Kāṭhakabrāhmaṇa,,https://sa.wikisource.org/wiki/%E0%A4%95%E0%A4%BE%E0%A4%A0%E0%A4%95%E0%A4%AC%E0%A5%8D%E0%A4%B0%E0%A4%BE%E0%A4%B9%E0%A5%8D%E0%A4%AE%E0%A4%A3%E0%A4%AE%E0%A5%8D,,
veda,kāṭhakasaṃhitā_visvaraḥ.xml,Kāṭhakasaṃhitā (visvaraḥ),,https://sa.wikisource.org/wiki/%E0%A4%95%E0%A4%BE%E0%A4%A0%E0%A4%95%E0%A4%B8%E0%A4%82%E0%A4%B9%E0%A4%BF%E0%A4%A4%E0%A4%BE_(%E0%A4%B5%E0%A4%BF%E0%A4%B8%E0%A5%8D%E0%A4%B5%E0%A4%B0%E0%A4%83),,
veda,kṛṣṇayajurvedakāṇḍāḥ_5-7.xml,Kṛṣṇayajurvedakāṇḍāḥ 5-7,,https://sa.wikisource.org/wiki/%E0%A4%95%E0%A5%83%E0%A4%B7%E0%A5%8D%E0%A4%A3_%E0%A4%AF%E0%A4%9C%E0%A5%81%E0%A4%B0%E0%A5%8D%E0%A4%B5%E0%A5%87%E0%A4%A6_%E0%A4%95%E0%A4%BE%E0%A4%A3%E0%A5%8D%E0%A4%A1%E0%A4%BE%E0%A4%83_5-7,,
veda,mahānārāyaṇopaniṣat.xml,Mahānārāyaṇopaniṣad,,https://sa.wikisource.org/wiki/%E0%A4%AE%E0%A4%B9%E0%A4%BE%E0%A4%A8%E0%A4%BE%E0%A4%B0%E0%A4%BE%E0%A4%AF%E0%A4%A3%E0%A5%8B%E0%A4%AA%E0%A4%A8%E0%A4%BF%E0%A4%B7%E0%A4%A4%E0%A5%8D,,
veda,mantrabrāhmaṇam.xml,Mantrabrāhmaṇa,,https://sa.wikisource.org/wiki/%E0%A4%AE%E0%A4%A8%E0%A5%8D%E0%A4%A4%E0%A5%8D%E0%A4%B0%E0%A4%AC%E0%A5%8D%E0%A4%B0%E0%A4%BE%E0%A4%B9%E0%A5%8D%E0%A4%AE%E0%A4%A3%E0%A4%AE%E0%A5%8D,,
veda,mādhavanidānam.xml,Mādhavanidāna,,https://sa.wikisource.org/wiki/%E0%A4%AE%E0%A4%BE%E0%A4%A7%E0%A4%B5%E0%A4%A8%E0%A4%BF%E0%A4%A6%E0%A4%BE%E0%A4%A8%E0%A4%AE%E0%A5%8D,,
veda,nirvāṇaprakaraṇasya_pūrvārdham.xml,Nirvāṇaprakaraṇasya Pūrvārdha,,https://sa.wikisource.org/wiki/%E0%A4%A8%E0%A4%BF%E0%A4%B0%E0%A5%8D%E0%A4%B5%E0%A4%BE%E0%A4%A3%E0%A4%AA%E0%A5%8D%E0%A4%B0%E0%A4%95%E0%A4%B0%E0%A4%A3%E0%A4%B8%E0%A5%8D%E0%A4%AF_%E0%A4%AA%E0%A5%82%E0%A4%B0%E0%A5%8D%E0%A4%B5%E0%A4%BE%E0%A4%B0%E0%A5%8D%E0%A4%A7%E0%A4%AE%E0%A5%8D,,
veda,nāḍīparīkṣā.xml,Nāḍīparīkṣā,,https://sa.wikisource.org/wiki/%E0%A4%A8%E0%A4%BE%E0%A4%A1%E0%A5%80%E0%A4%AA%E0%A4%B0%E0%A5%80%E0%A4%95%E0%A5%8D%E0%A4%B7%E0%A4%BE,,
veda,rasendracūḍāmaṇi.xml,Rasendracūḍāmaṇi,,https://sa.wikisource.org/wiki/%E0%A4%B0%E0%A4%B8%E0%A5%87%E0%A4%A8%E0%A5%8D%E0%A4%A6%E0%A5%8D%E0%A4%B0%E0%A4%9A%E0%A5%82%E0%A4%A1%E0%A4%BE%E0%A4%AE%E0%A4%A3%E0%A4%BF,,
veda,rudrāṣṭādhyāyī.xml,Rudrāṣṭādhyāyī,,https://sa.wikisource.org/wiki/%E0%A4%B0%E0%A5%81%E0%A4%A6%E0%A5%8D%E0%A4%B0%E0%A4%BE%E0%A4%B7%E0%A5%8D%E0%A4%9F%E0%A4%BE%E0%A4%A7%E0%A5%8D%E0%A4%AF%E0%A4%BE%E0%A4%AF%E0%A5%80,,
veda,suśrutasaṃhitā.xml,Suśrutasaṃhitā,,https://sa.wikisource.org/wiki/%E0%A4%B8%E0%A5%81%E0%A4%B6%E0%A5%8D%E0%A4%B0%E0%A5%81%E0%A4%A4%E0%A4%B8%E0%A4%82%E0%A4%B9%E0%A4%BF%E0%A4%A4%E0%A4%BE,,
veda,sādhāraṇavyavahāramātṛkāprakaraṇam.xml,Sādhāraṇavyavahāramātṛkāprakaraṇa,,https://sa.wikisource.org/wiki/%E0%A4%B8%E0%A4%BE%E0%A4%A7%E0%A4%BE%E0%A4%B0%E0%A4%A3%E0%A4%B5%E0%A5%8D%E0%A4%AF%E0%A4%B5%E0%A4%B9%E0%A4%BE%E0%A4%B0%E0%A4%AE%E0%A4%BE%E0%A4%A4%E0%A5%83%E0%A4%95%E0%A4%BE%E0%A4%AA%E0%A5%8D%E0%A4%B0%E0%A4%95%E0%A4%B0%E0%A4%A3%E0%A4%AE%E0%A5%8D,,
veda,sākṣiprakaraṇam.xml,Sākṣiprakaraṇa,,https://sa.wikisource.org/wiki/%E0%A4%B8%E0%A4%BE%E0%A4%95%E0%A5%8D%E0%A4%B7%E0%A4%BF%E0%A4%AA%E0%A5%8D%E0%A4%B0%E0%A4%95%E0%A4%B0%E0%A4%A3%E0%A4%AE%E0%A5%8D,,
veda,sāmavedārṣeyadīpaḥ.xml,Sāmavedārṣeyadīpa,,https://sa.wikisource.org/wiki/%E0%A4%B8%E0%A4%BE%E0%A4%AE%E0%A4%B5%E0%A5%87%E0%A4%A6%E0%A4%BE%E0%A4%B0%E0%A5%8D%E0%A4%B7%E0%A5%87%E0%A4%AF%E0%A4%A6%E0%A5%80%E0%A4%AA%E0%A4%83,,
veda,taittirīyabrāhmaṇam_visvarapāṭhaḥ.xml,Taittirīyabrāhmaṇam (visvarapāṭhaḥ),,https://sa.wikisource.org/wiki/%E0%A4%A4%E0%A5%88%E0%A4%A4%E0%A5%8D%E0%A4%A4%E0%A4%BF%E0%A4%B0%E0%A5%80%E0%A4%AF%E0%A4%AC%E0%A5%8D%E0%A4%B0%E0%A4%BE%E0%A4%B9%E0%A5%8D%E0%A4%AE%E0%A4%A3%E0%A4%AE%E0%A5%8D_(%E0%A4%B5%E0%A4%BF%E0%A4%B8%E0%A5%8D%E0%A4%B5%E0%A4%B0%E0%A4%AA%E0%A4%BE%E0%A4%A0%E0%A4%83),,
veda,taittirīyāraṇyakam_visvara.xml,Taittirīyāraṇyakam(visvara),,https://sa.wikisource.org/wiki/%E0%A4%A4%E0%A5%88%E0%A4%A4%E0%A5%8D%E0%A4%A4%E0%A4%BF%E0%A4%B0%E0%A5%80%E0%A4%AF%E0%A4%BE%E0%A4%B0%E0%A4%A3%E0%A5%8D%E0%A4%AF%E0%A4%95%E0%A4%AE%E0%A5%8D(%E0%A4%B5%E0%A4%BF%E0%A4%B8%E0%A5%8D%E0%A4%B5%E0%A4%B0),,
veda,tantrayuktiḥ.xml,Tantrayukti,,https://sa.wikisource.org/wiki/%E0%A4%A4%E0%A4%A8%E0%A5%8D%E0%A4%A4%E0%A5%8D%E0%A4%B0%E0%A4%AF%E0%A5%81%E0%A4%95%E0%A5%8D%E0%A4%A4%E0%A4%BF%E0%A4%83,,
veda,vaṃśabrāhmaṇam.xml,Vaṃśabrāhmaṇa,,https://sa.wikisource.org/wiki/%E0%A4%B5%E0%A4%82%E0%A4%B6%E0%A4%AC%E0%A5%8D%E0%A4%B0%E0%A4%BE%E0%A4%B9%E0%A5%8D%E0%A4%AE%E0%A4%A3%E0%A4%AE%E0%A5%8D,,
veda,viṣavaidyasārasamuccayam.xml,Viṣavaidyasārasamuccaya,,https://sa.wikisource.org/wiki/%E0%A4%B5%E0%A4%BF%E0%A4%B7%E0%A4%B5%E0%A5%88%E0%A4%A6%E0%A5%8D%E0%A4%AF%E0%A4%B8%E0%A4%BE%E0%A4%B0%E0%A4%B8%E0%A4%AE%E0%A5%81%E0%A4%9A%E0%A5%8D%E0%A4%9A%E0%A4%AF%E0%A4%AE%E0%A5%8D,,
veda,vāgbhaṭasaṃhitā.xml,Vāgbhaṭasaṃhitā,Vāgbhaṭa,https://sa.wikisource.org/wiki/%E0%A4%B5%E0%A4%BE%E0%A4%97%E0%A5%8D%E0%A4%AD%E0%A4%9F%E0%A4%B8%E0%A4%82%E0%A4%B9%E0%A4%BF%E0%A4%A4%E0%A4%BE,,
veda,yajurvedabhāṣyam_dayānandasarasvatīviracitam.xml,Yajurvedabhāṣyam (dayānandasarasvatīviracita),Dayānandasarasvatī,https://sa.wikisource.org/wiki/%E0%A4%AF%E0%A4%9C%E0%A5%81%E0%A4%B0%E0%A5%8D%E0%A4%B5%E0%A5%87%E0%A4%A6%E0%A4%AD%E0%A4%BE%E0%A4%B7%E0%A5%8D%E0%A4%AF%E0%A4%AE%E0%A5%8D_(%E0%A4%A6%E0%A4%AF%E0%A4%BE%E0%A4%A8%E0%A4%A8%E0%A5%8D%E0%A4%A6%E0%A4%B8%E0%A4%B0%E0%A4%B8%E0%A5%8D%E0%A4%B5%E0%A4%A4%E0%A5%80%E0%A4%B5%E0%A4%BF%E0%A4%B0%E0%A4%9A%E0%A4%BF%E0%A4%A4%E0%A4%AE%E0%A5%8D),,
veda,āyurvedaprakāśaḥ.xml,Āyurvedaprakāśa,Mādhava,https://sa.wikisource.org/wiki/%E0%A4%86%E0%A4%AF%E0%A5%81%E0%A4%B0%E0%A5%8D%E0%A4%B5%E0%A5%87%E0%A4%A6%E0%A4%AA%E0%A5%8D%E0%A4%B0%E0%A4%95%E0%A4%BE%E0%A4%B6%E0%A4%83,,
veda,āyurvedasūtram_yogānandanāthabhāṣyasametam.xml,Āyurvedasūtram (yogānandanāthabhāṣyasameta),,https://sa.wikisource.org/wiki/%E0%A4%86%E0%A4%AF%E0%A5%81%E0%A4%B0%E0%A5%8D%E0%A4%B5%E0%A5%87%E0%A4%A6%E0%A4%B8%E0%A5%82%E0%A4%A4%E0%A5%8D%E0%A4%B0%E0%A4%AE%E0%A5%8D_(%E0%A4%AF%E0%A5%8B%E0%A4%97%E0%A4%BE%E0%A4%A8%E0%A4%A8%E0%A5%8D%E0%A4%A6%E0%A4%A8%E0%A4%BE%E0%A4%A5%E0%A4%AD%E0%A4%BE%E0%A4%B7%E0%A5%8D%E0%A4%AF%E0%A4%B8%E0%A4%AE%E0%A5%87%E0%A4%A4%E0%A4%AE%E0%A5%8D),,
veda,śikṣāvallī.xml,Śikṣāvallī,,https://sa.wikisource.org/wiki/%E0%A4%A4%E0%A5%88%E0%A4%A4%E0%A5%8D%E0%A4%A4%E0%A4%BF%E0%A4%B0%E0%A5%80%E0%A4%AF%E0%A4%BE%E0%A4%B0%E0%A4%A3%E0%A5%8D%E0%A4%AF%E0%A4%95%E0%A4%AE%E0%A5%8D(%E0%A4%B5%E0%A4%BF%E0%A4%B8%E0%A5%8D%E0%A4%B5%E0%A4%B0),,
veda,śuklayajurvedaḥ.xml,Śuklayajurveda,,https://sa.wikisource.org/wiki/%E0%A4%B6%E0%A5%81%E0%A4%95%E0%A5%8D%E0%A4%B2%E0%A4%AF%E0%A4%9C%E0%A5%81%E0%A4%B0%E0%A5%8D%E0%A4%B5%E0%A5%87%E0%A4%A6%E0%A4%83,,
veda,śārṅgadharasaṃhitā.xml,Śārṅgadharasaṃhitā,,https://sa.wikisource.org/wiki/%E0%A4%B6%E0%A4%BE%E0%A4%B0%E0%A5%8D%E0%A4%99%E0%A5%8D%E0%A4%97%E0%A4%A7%E0%A4%B0%E0%A4%B8%E0%A4%82%E0%A4%B9%E0%A4%BF%E0%A4%A4%E0%A4%BE,,
veda,ṛgbhāṣyam_śrīmadānandatīrthaviracitam.xml,Ṛgbhāṣya Śrīmadānandatīrthaviracita,,https://sa.wikisource.org/wiki/%E0%A4%8B%E0%A4%97%E0%A5%8D%E0%A4%AD%E0%A4%BE%E0%A4%B7%E0%A5%8D%E0%A4%AF%E0%A4%AE%E0%A5%8D_%E0%A4%B6%E0%A5%8D%E0%A4%B0%E0%A5%80%E0%A4%AE%E0%A4%A6%E0%A4%BE%E0%A4%A8%E0%A4%A8%E0%A5%8D%E0%A4%A6%E0%A4%A4%E0%A5%80%E0%A4%B0%E0%A5%8D%E0%A4%A5%E0%A4%B5%E0%A4%BF%E0%A4%B0%E0%A4%9A%E0%A4%BF%E0%A4%A4%E0%A4%AE%E0%A5%8D,,
veda,ṛgvedaprātiśākhyam.xml,Ṛgvedaprātiśākhya,,https://sa.wikisource.org/wiki/%E0%A4%8B%E0%A4%97%E0%A5%8D%E0%A4%B5%E0%A5%87%E0%A4%A6%E0%A4%AA%E0%A5%8D%E0%A4%B0%E0%A4%BE%E0%A4%A4%E0%A4%BF%E0%A4%B6%E0%A4%BE%E0%A4%96%E0%A5%8D%E0%A4%AF%E0%A4%AE%E0%A5%8D,,
veda,ṛgvedādibhāṣyabhūmikā_dayānandasarasvatīviracitā.xml,Ṛgvedādibhāṣyabhūmikā (Dayānandasarasvatīviracitā),Dayānandasarasvatī,https://sa.wikisource.org/wiki/%E0%A4%8B%E0%A4%97%E0%A5%8D%E0%A4%B5%E0%A5%87%E0%A4%A6%E0%A4%BE%E0%A4%A6%E0%A4%BF%E0%A4%AD%E0%A4%BE%E0%A4%B7%E0%A5%8D%E0%A4%AF%E0%A4%AD%E0%A5%82%E0%A4%AE%E0%A4%BF%E0%A4%95%E0%A4%BE_(%E0%A4%A6%E0%A4%AF%E0%A4%BE%E0%A4%A8%E0%A4%A8%E0%A5%8D%E0%A4%A6%E0%A4%B8%E0%A4%B0%E0%A4%B8%E0%A5%8D%E0%A4%B5%E0%A4%A4%E0%A5%80%E0%A4%B5%E0%A4%BF%E0%A4%B0%E0%A4%9A%E0%A4%BF%E0%A4%A4%E0%A4%BE),,
vedāṅga,amoghānandinī_śikṣā.xml,Amoghānandinīśikṣā,,https://sa.wikisource.org/wiki/%E0%A4%85%E0%A4%AE%E0%A5%8B%E0%A4%98%E0%A4%BE%E0%A4%A8%E0%A4%A8%E0%A5%8D%E0%A4%A6%E0%A4%BF%E0%A4%A8%E0%A5%80_%E0%A4%B6%E0%A4%BF%E0%A4%95%E0%A5%8D%E0%A4%B7%E0%A4%BE,,
vedāṅga,antanirdeśam.xml,Antanirdeśa,,https://sa.wikisource.org/wiki/%E0%A4%85%E0%A4%A8%E0%A5%8D%E0%A4%A4%E0%A4%A8%E0%A4%BF%E0%A4%B0%E0%A5%8D%E0%A4%A6%E0%A5%87%E0%A4%B6%E0%A4%AE%E0%A5%8D,,
vedāṅga,āpastambīyaṃ_śrautasūtram.xml,Āpastambīyaśrautasūtra,,https://sa.wikisource.org/wiki/%E0%A4%85%E0%A4%A8%E0%A5%81%E0%A4%95%E0%A5%8D%E0%A4%B0%E0%A4%AE%E0%A4%A3%E0%A4%BF%E0%A4%95%E0%A4%BE:%E0%A4%86%E0%A4%AA%E0%A4%B8%E0%A5%8D%E0%A4%A4%E0%A4%AE%E0%A5%8D%E0%A4%AC%E0%A5%80%E0%A4%AF%E0%A4%82_%E0%A4%B6%E0%A5%8D%E0%A4%B0%E0%A5%8C%E0%A4%A4%E0%A4%B8%E0%A5%82%E0%A4%A4%E0%A5%8D%E0%A4%B0%E0%A4%AE%E0%A5%8D.djvu,,
vedāṅga,aruṇaśamānam.xml,Aruṇaśamāna,,https://sa.wikisource.org/wiki/%E0%A4%85%E0%A4%B0%E0%A5%81%E0%A4%A3%E0%A4%B6%E0%A4%AE%E0%A4%BE%E0%A4%A8%E0%A4%AE%E0%A5%8D,,
vedāṅga,atharvavedaprātiśākhyam.xml,Atharvavedaprātiśākhya,,https://sa.wikisource.org/wiki/%E0%A4%85%E0%A4%A5%E0%A4%B0%E0%A5%8D%E0%A4%B5%E0%A4%B5%E0%A5%87%E0%A4%A6%E0%A4%AA%E0%A5%8D%E0%A4%B0%E0%A4%BE%E0%A4%A4%E0%A4%BF%E0%A4%B6%E0%A4%BE%E0%A4%96%E0%A5%8D%E0%A4%AF%E0%A4%AE%E0%A5%8D,,
vedāṅga,avasānanirṇayaśikṣā.xml,Avasānanirṇayaśikṣā,,https://sa.wikisource.org/wiki/%E0%A4%85%E0%A4%B5%E0%A4%B8%E0%A4%BE%E0%A4%A8%E0%A4%A8%E0%A4%BF%E0%A4%B0%E0%A5%8D%E0%A4%A3%E0%A4%AF%E0%A4%B6%E0%A4%BF%E0%A4%95%E0%A5%8D%E0%A4%B7%E0%A4%BE,,
vedāṅga,aṣṭādhyāyī_śikṣāparibhāṣādisahitā.xml,Aṣṭādhyāyī (Śikṣāparibhāṣādisahitā),,https://sa.wikisource.org/wiki/%E0%A4%85%E0%A4%B7%E0%A5%8D%E0%A4%9F%E0%A4%BE%E0%A4%A7%E0%A5%8D%E0%A4%AF%E0%A4%BE%E0%A4%AF%E0%A5%80_(%E0%A4%B6%E0%A4%BF%E0%A4%95%E0%A5%8D%E0%A4%B7%E0%A4%BE%E0%A4%AA%E0%A4%B0%E0%A4%BF%E0%A4%AD%E0%A4%BE%E0%A4%B7%E0%A4%BE%E0%A4%A6%E0%A4%BF%E0%A4%B8%E0%A4%B9%E0%A4%BF%E0%A4%A4%E0%A4%BE),,
vedāṅga,aṣṭādhyāyī_dhātupāṭhaḥ.xml,Aṣṭādhyāyī-dhātupāṭha,,https://sa.wikisource.org/wiki/%E0%A4%85%E0%A4%B7%E0%A5%8D%E0%A4%9F%E0%A4%BE%E0%A4%A7%E0%A5%8D%E0%A4%AF%E0%A4%BE%E0%A4%AF%E0%A5%80-%E0%A4%A7%E0%A4%BE%E0%A4%A4%E0%A5%81%E0%A4%AA%E0%A4%BE%E0%A4%A0%E0%A4%83,,
vedāṅga,aṣṭādhyāyī_gaṇapāṭhaḥ.xml,Aṣṭādhyāyī-gaṇapāṭha,,https://sa.wikisource.org/wiki/%E0%A4%85%E0%A4%B7%E0%A5%8D%E0%A4%9F%E0%A4%BE%E0%A4%A7%E0%A5%8D%E0%A4%AF%E0%A4%BE%E0%A4%AF%E0%A5%80-%E0%A4%97%E0%A4%A3%E0%A4%AA%E0%A4%BE%E0%A4%A0%E0%A4%83,,
vedāṅga,baudhāyanagṛhyasūtram.xml,Baudhāyanagṛhyasūtra,,https://sa.wikisource.org/wiki/%E0%A4%AC%E0%A5%8C%E0%A4%A7%E0%A4%BE%E0%A4%AF%E0%A4%A8%E0%A4%97%E0%A5%83%E0%A4%B9%E0%A5%8D%E0%A4%AF%E0%A4%B8%E0%A5%82%E0%A4%A4%E0%A5%8D%E0%A4%B0%E0%A4%AE%E0%A5%8D,,
vedāṅga,baudhāyanaśrautasūtram.xml,Baudhāyanaśrautasūtra,,https://sa.wikisource.org/wiki/%E0%A4%AC%E0%A5%8C%E0%A4%A7%E0%A4%BE%E0%A4%AF%E0%A4%A8%E0%A4%B6%E0%A5%8D%E0%A4%B0%E0%A5%8C%E0%A4%A4%E0%A4%B8%E0%A5%82%E0%A4%A4%E0%A5%8D%E0%A4%B0%E0%A4%AE%E0%A5%8D,,
vedāṅga,baudhāyanaśulbasūtram.xml,Baudhāyanaśulbasūtra,,https://sa.wikisource.org/wiki/%E0%A4%AC%E0%A5%8C%E0%A4%A7%E0%A4%BE%E0%A4%AF%E0%A4%A8%E0%A4%B6%E0%A5%81%E0%A4%B2%E0%A5%8D%E0%A4%AC%E0%A4%B8%E0%A5%82%E0%A4%A4%E0%A5%8D%E0%A4%B0%E0%A4%AE%E0%A5%8D,,
vedāṅga,bhāradvājagṛhyasūtram.xml,Bhāradvājagṛhyasūtra,,https://sa.wikisource.org/wiki/%E0%A4%AD%E0%A4%BE%E0%A4%B0%E0%A4%A6%E0%A5%8D%E0%A4%B5%E0%A4%BE%E0%A4%9C%E0%A4%97%E0%A5%83%E0%A4%B9%E0%A5%8D%E0%A4%AF%E0%A4%B8%E0%A5%82%E0%A4%A4%E0%A5%8D%E0%A4%B0%E0%A4%AE%E0%A5%8D,,
vedāṅga,bhāradvājaśikṣā.xml,Bhāradvājaśikṣā,,https://sa.wikisource.org/wiki/%E0%A4%AD%E0%A4%BE%E0%A4%B0%E0%A4%A6%E0%A5%8D%E0%A4%B5%E0%A4%BE%E0%A4%9C%E0%A4%B6%E0%A4%BF%E0%A4%95%E0%A5%8D%E0%A4%B7%E0%A4%BE,,
vedāṅga,bhāradvājaśrautasūtram.xml,Bhāradvājaśrautasūtra,,https://sa.wikisource.org/wiki/%E0%A4%95%E0%A4%B2%E0%A5%8D%E0%A4%AA%E0%A4%83/%E0%A4%B6%E0%A5%8D%E0%A4%B0%E0%A5%8C%E0%A4%A4%E0%A4%B8%E0%A5%82%E0%A4%A4%E0%A5%8D%E0%A4%B0%E0%A4%BE%E0%A4%A3%E0%A4%BF/%E0%A4%AD%E0%A4%BE%E0%A4%B0%E0%A4%A6%E0%A5%8D%E0%A4%B5%E0%A4%BE%E0%A4%9C-%E0%A4%B6%E0%A5%8D%E0%A4%B0%E0%A5%8C%E0%A4%A4%E0%A4%B8%E0%A5%82%E0%A4%A4%E0%A5%8D%E0%A4%B0%E0%A4%AE%E0%A5%8D,,
vedāṅga,bhāṣāvṛttiḥ.xml,Bhāṣāvṛtti,Puruṣottamadeva,https://sa.wikisource.org/wiki/%E0%A4%AD%E0%A4%BE%E0%A4%B7%E0%A4%BE%E0%A4%B5%E0%A5%83%E0%A4%A4%E0%A5%8D%E0%A4%A4%E0%A4%BF%E0%A4%83,,
vedāṅga,bodhāyanadharmasūtram.xml,Bodhāyanadharmasūtra,,https://sa.wikisource.org/wiki/%E0%A4%95%E0%A4%B2%E0%A5%8D%E0%A4%AA%E0%A4%83/%E0%A4%A7%E0%A4%B0%E0%A5%8D%E0%A4%AE%E0%A4%B8%E0%A5%82%E0%A4%A4%E0%A5%8D%E0%A4%B0%E0%A4%BE%E0%A4%A3%E0%A4%BF/%E0%A4%AC%E0%A5%8B%E0%A4%A7%E0%A4%BE%E0%A4%AF%E0%A4%A8-%E0%A4%A7%E0%A4%B0%E0%A5%8D%E0%A4%AE%E0%A4%B8%E0%A5%82%E0%A4%A4%E0%A5%8D%E0%A4%B0%E0%A4%BE%E0%A4%A3%E0%A4%BF,,
vedāṅga,bodhāyanagṛhyaparibhāṣāsūtram.xml,Bodhāyanagṛhyaparibhāṣāsūtra,,https://sa.wikisource.org/wiki/%E0%A4%AC%E0%A5%8C%E0%A4%A7%E0%A4%BE%E0%A4%AF%E0%A4%A8%E0%A4%97%E0%A5%83%E0%A4%B9%E0%A5%8D%E0%A4%AF%E0%A4%B8%E0%A5%82%E0%A4%A4%E0%A5%8D%E0%A4%B0%E0%A4%AE%E0%A5%8D,,
vedāṅga,bodhāyanagṛhyaśeṣasūtram.xml,Bodhāyanagṛhyaśeṣasūtra,,https://sa.wikisource.org/wiki/%E0%A4%AC%E0%A5%8C%E0%A4%A7%E0%A4%BE%E0%A4%AF%E0%A4%A8%E0%A4%97%E0%A5%83%E0%A4%B9%E0%A5%8D%E0%A4%AF%E0%A4%B8%E0%A5%82%E0%A4%A4%E0%A5%8D%E0%A4%B0%E0%A4%AE%E0%A5%8D,,
vedāṅga,bṛhaddevatā.xml,Bṛhaddevatā,,https://sa.wikisource.org/wiki/%E0%A4%AC%E0%A5%83%E0%A4%B9%E0%A4%A6%E0%A5%8D%E0%A4%A6%E0%A5%87%E0%A4%B5%E0%A4%A4%E0%A4%BE,,
vedāṅga,bṛhadyamasmṛtiḥ.xml,Bṛhadyamasmṛti,,https://sa.wikisource.org/wiki/%E0%A4%AC%E0%A5%83%E0%A4%B9%E0%A4%A6%E0%A5%8D%E0%A4%AF%E0%A4%AE%E0%A4%B8%E0%A5%8D%E0%A4%AE%E0%A5%83%E0%A4%A4%E0%A4%BF%E0%A4%83,,
vedāṅga,bṛhatsāmudrikāśāstra.xml,Bṛhatsāmudrikāśāstra,,https://sa.wikisource.org/wiki/%E0%A4%AC%E0%A5%83%E0%A4%B9%E0%A4%A4%E0%A5%8D%E0%A4%B8%E0%A4%BE%E0%A4%AE%E0%A5%81%E0%A4%A6%E0%A5%8D%E0%A4%B0%E0%A4%BF%E0%A4%95%E0%A4%BE%E0%A4%B6%E0%A4%BE%E0%A4%B8%E0%A5%8D%E0%A4%A4%E0%A5%8D%E0%A4%B0,,
vedāṅga,chandomañjarī.xml,Chandomañjarī,,https://sa.wikisource.org/wiki/%E0%A4%9B%E0%A4%A8%E0%A5%8D%E0%A4%A6%E0%A5%8B%E0%A4%AE%E0%A4%9E%E0%A5%8D%E0%A4%9C%E0%A4%B0%E0%A5%80,,
vedāṅga,cārāyaṇīyaśikṣā.xml,Cārāyaṇīyaśikṣā,,https://sa.wikisource.org/wiki/%E0%A4%9A%E0%A4%BE%E0%A4%B0%E0%A4%BE%E0%A4%AF%E0%A4%A3%E0%A5%80%E0%A4%AF%E0%A4%B6%E0%A4%BF%E0%A4%95%E0%A5%8D%E0%A4%B7%E0%A4%BE,,
vedāṅga,devalasmṛtiḥ.xml,Devalasmṛti,,https://sa.wikisource.org/wiki/%E0%A4%A6%E0%A5%87%E0%A4%B5%E0%A4%B2%E0%A4%B8%E0%A5%8D%E0%A4%AE%E0%A5%83%E0%A4%A4%E0%A4%BF%E0%A4%83,,
vedāṅga,dhātukārikā.xml,Dhātukārikā,,https://sa.wikisource.org/wiki/%E0%A4%A7%E0%A4%BE%E0%A4%A4%E0%A5%81%E0%A4%95%E0%A4%BE%E0%A4%B0%E0%A4%BF%E0%A4%95%E0%A4%BE,,
vedāṅga,dhātvarthanirūpaṇam.xml,Dhātvarthanirūpaṇa,,https://sa.wikisource.org/wiki/%E0%A4%A7%E0%A4%BE%E0%A4%A4%E0%A5%8D%E0%A4%B5%E0%A4%B0%E0%A5%8D%E0%A4%A5%E0%A4%A8%E0%A4%BF%E0%A4%B0%E0%A5%82%E0%A4%AA%E0%A4%A3%E0%A4%AE%E0%A5%8D,,
vedāṅga,drāhyāyaṇaśrautasūtram.xml,Drāhyāyaṇaśrautasūtra,,https://sa.wikisource.org/wiki/%E0%A4%95%E0%A4%B2%E0%A5%8D%E0%A4%AA%E0%A4%83/%E0%A4%B6%E0%A5%8D%E0%A4%B0%E0%A5%8C%E0%A4%A4%E0%A4%B8%E0%A5%82%E0%A4%A4%E0%A5%8D%E0%A4%B0%E0%A4%BE%E0%A4%A3%E0%A4%BF/%E0%A4%A6%E0%A5%8D%E0%A4%B0%E0%A4%BE%E0%A4%B9%E0%A5%8D%E0%A4%AF%E0%A4%BE%E0%A4%AF%E0%A4%A3%E0%A4%B6%E0%A5%8D%E0%A4%B0%E0%A5%8C%E0%A4%A4%E0%A4%B8%E0%A5%82%E0%A4%A4%E0%A5%8D%E0%A4%B0%E0%A4%AE%E0%A5%8D,,
vedāṅga,dvitvalakṣaṇam.xml,Dvitvalakṣaṇa,,https://sa.wikisource.org/wiki/%E0%A4%A6%E0%A5%8D%E0%A4%B5%E0%A4%BF%E0%A4%A4%E0%A5%8D%E0%A4%B5%E0%A4%B2%E0%A4%95%E0%A5%8D%E0%A4%B7%E0%A4%A3%E0%A4%AE%E0%A5%8D,,
vedāṅga,galadṛkśikṣā.xml,Galadṛkśikṣā,,https://sa.wikisource.org/wiki/%E0%A4%97%E0%A4%B2%E0%A4%A6%E0%A5%83%E0%A4%95%E0%A5%8D-%E0%A4%B6%E0%A4%BF%E0%A4%95%E0%A5%8D%E0%A4%B7%E0%A4%BE,,
vedāṅga,gautamīśikṣā.xml,Gautamīśikṣā,,https://sa.wikisource.org/wiki/%E0%A4%97%E0%A5%8C%E0%A4%A4%E0%A4%AE%E0%A5%80%E0%A4%B6%E0%A4%BF%E0%A4%95%E0%A5%8D%E0%A4%B7%E0%A4%BE,,
vedāṅga,gobhilagṛhyasūtram.xml,Gobhilagṛhyasūtra,,https://sa.wikisource.org/wiki/%E0%A4%97%E0%A5%8B%E0%A4%AD%E0%A4%BF%E0%A4%B2%E0%A4%97%E0%A5%83%E0%A4%B9%E0%A5%8D%E0%A4%AF%E0%A4%B8%E0%A5%82%E0%A4%A4%E0%A5%8D%E0%A4%B0%E0%A4%AE%E0%A5%8D,,
vedāṅga,golādhyāyaḥ.xml,Golādhyāya,Bhāskarācārya,https://sa.wikisource.org/wiki/%E0%A4%97%E0%A5%8B%E0%A4%B2%E0%A4%BE%E0%A4%A7%E0%A5%8D%E0%A4%AF%E0%A4%BE%E0%A4%AF%E0%A4%83_(%E0%A4%B8%E0%A4%BF%E0%A4%A6%E0%A5%8D%E0%A4%A7%E0%A4%BE%E0%A4%A8%E0%A5%8D%E0%A4%A4%E0%A4%B6%E0%A4%BF%E0%A4%B0%E0%A5%8B%E0%A4%AE%E0%A4%A3%E0%A5%87%E0%A4%83_%E0%A4%AA%E0%A5%8D%E0%A4%B0%E0%A4%A5%E0%A4%AE%E0%A5%8B_%E0%A4%AD%E0%A4%BE%E0%A4%97%E0%A4%83),,
vedāṅga,harināmāmṛtavyākaraṇam.xml,Harināmāmṛtavyākaraṇa,Jīvagosvāmī,https://sa.wikisource.org/wiki/%E0%A4%B9%E0%A4%B0%E0%A4%BF%E0%A4%A8%E0%A4%BE%E0%A4%AE%E0%A4%BE%E0%A4%AE%E0%A5%83%E0%A4%A4%E0%A4%B5%E0%A5%8D%E0%A4%AF%E0%A4%BE%E0%A4%95%E0%A4%B0%E0%A4%A3%E0%A4%AE%E0%A5%8D,,
vedāṅga,hayagrīvīśikṣā.xml,Hayagrīvīśikṣā,,https://sa.wikisource.org/wiki/%E0%A4%B9%E0%A4%AF%E0%A4%97%E0%A5%8D%E0%A4%B0%E0%A5%80%E0%A4%B5%E0%A5%80%E0%A4%B6%E0%A4%BF%E0%A4%95%E0%A5%8D%E0%A4%B7%E0%A4%BE,,
vedāṅga,hiraṇyakeśigṛhyasūtram.xml,Hiraṇyakeśigṛhyasūtra,,https://sa.wikisource.org/wiki/%E0%A4%B9%E0%A4%BF%E0%A4%B0%E0%A4%A3%E0%A5%8D%E0%A4%AF%E0%A4%95%E0%A5%87%E0%A4%B6%E0%A4%BF%E0%A4%97%E0%A5%83%E0%A4%B9%E0%A5%8D%E0%A4%AF%E0%A4%B8%E0%A5%82%E0%A4%A4%E0%A5%8D%E0%A4%B0%E0%A4%AE%E0%A5%8D,,
vedāṅga,hiraṇyakeśiśrautasūtram.xml,Hiraṇyakeśiśrautasūtra,,https://sa.wikisource.org/wiki/%E0%A4%95%E0%A4%B2%E0%A5%8D%E0%A4%AA%E0%A4%83/%E0%A4%B6%E0%A5%8D%E0%A4%B0%E0%A5%8C%E0%A4%A4%E0%A4%B8%E0%A5%82%E0%A4%A4%E0%A5%8D%E0%A4%B0%E0%A4%BE%E0%A4%A3%E0%A4%BF/%E0%A4%B9%E0%A4%BF%E0%A4%B0%E0%A4%A3%E0%A5%8D%E0%A4%AF%E0%A4%95%E0%A5%87%E0%A4%B6%E0%A4%BF-%E0%A4%B6%E0%A5%8D%E0%A4%B0%E0%A5%8C%E0%A4%A4%E0%A4%B8%E0%A5%82%E0%A4%A4%E0%A5%8D%E0%A4%B0%E0%A4%AE%E0%A5%8D,,
vedāṅga,jaṭālakṣaṇam.xml,Jaṭālakṣaṇa,,https://sa.wikisource.org/wiki/%E0%A4%9C%E0%A4%9F%E0%A4%BE%E0%A4%B2%E0%A4%95%E0%A5%8D%E0%A4%B7%E0%A4%A3%E0%A4%AE%E0%A5%8D,,
vedāṅga,jaṭāmaṇivyākhyānam.xml,Jaṭāmaṇivyākhyāna,,https://sa.wikisource.org/wiki/%E0%A4%9C%E0%A4%9F%E0%A4%BE%E0%A4%AE%E0%A4%A3%E0%A4%BF%E0%A4%B5%E0%A5%8D%E0%A4%AF%E0%A4%BE%E0%A4%96%E0%A5%8D%E0%A4%AF%E0%A4%BE%E0%A4%A8%E0%A4%AE%E0%A5%8D,,
vedāṅga,jaṭāmaṇiḥ.xml,Jaṭāmaṇi,,https://sa.wikisource.org/wiki/%E0%A4%9C%E0%A4%9F%E0%A4%BE%E0%A4%AE%E0%A4%A3%E0%A4%BF%E0%A4%83,,
vedāṅga,jaṭāpaṭalakārikā.xml,Jaṭāpaṭalakārikā,,https://sa.wikisource.org/wiki/%E0%A4%9C%E0%A4%9F%E0%A4%BE%E0%A4%AA%E0%A4%9F%E0%A4%B2%E0%A4%95%E0%A4%BE%E0%A4%B0%E0%A4%BF%E0%A4%95%E0%A4%BE,,
vedāṅga,jaṭāvallī.xml,Jaṭāvallī,,https://sa.wikisource.org/wiki/%E0%A4%9C%E0%A4%9F%E0%A4%BE%E0%A4%B5%E0%A4%B2%E0%A5%8D%E0%A4%B2%E0%A5%80,,
vedāṅga,jñāpakasaṃgrahapariśiṣṭam.xml,Jñāpakasaṃgrahapariśiṣṭa,,https://sa.wikisource.org/wiki/%E0%A4%9C%E0%A5%8D%E0%A4%9E%E0%A4%BE%E0%A4%AA%E0%A4%95%E0%A4%B8%E0%A4%82%E0%A4%97%E0%A5%8D%E0%A4%B0%E0%A4%B9%E0%A4%AA%E0%A4%B0%E0%A4%BF%E0%A4%B6%E0%A4%BF%E0%A4%B7%E0%A5%8D%E0%A4%9F%E0%A4%AE%E0%A5%8D,,
vedāṅga,jñāpakasaṃgrahaḥ.xml,Jñāpakasaṃgraha,,https://sa.wikisource.org/wiki/%E0%A4%9C%E0%A5%8D%E0%A4%9E%E0%A4%BE%E0%A4%AA%E0%A4%95%E0%A4%B8%E0%A4%82%E0%A4%97%E0%A5%8D%E0%A4%B0%E0%A4%B9%E0%A4%83,,
vedāṅga,karaṇapaddhatiḥ.xml,Karaṇapaddhati,,https://sa.wikisource.org/wiki/%E0%A4%95%E0%A4%B0%E0%A4%A3%E0%A4%AA%E0%A4%A6%E0%A5%8D%E0%A4%A7%E0%A4%A4%E0%A4%BF%E0%A4%83,,
vedāṅga,karmapradīpaḥ.xml,Karmapradīpa,,https://sa.wikisource.org/wiki/%E0%A4%95%E0%A4%B0%E0%A5%8D%E0%A4%AE%E0%A4%AA%E0%A5%8D%E0%A4%B0%E0%A4%A6%E0%A5%80%E0%A4%AA%E0%A4%83_(%E0%A4%AA%E0%A5%8D%E0%A4%B0%E0%A4%AA%E0%A4%BE%E0%A4%A0%E0%A4%95%E0%A4%83_%E0%A5%A7_%E0%A4%96%E0%A4%A3%E0%A5%8D%E0%A4%A1%E0%A4%83_%E0%A5%A7),,
vedāṅga,kauhalīyaśikṣā.xml,Kauhalīyaśikṣā,,https://sa.wikisource.org/wiki/%E0%A4%95%E0%A5%8C%E0%A4%B9%E0%A4%B2%E0%A5%80%E0%A4%AF%E0%A4%B6%E0%A4%BF%E0%A4%95%E0%A5%8D%E0%A4%B7%E0%A4%BE,,
vedāṅga,kauṇḍinyaśikṣā.xml,Kauṇḍinyaśikṣā,,https://sa.wikisource.org/wiki/%E0%A4%95%E0%A5%8C%E0%A4%A3%E0%A5%8D%E0%A4%A1%E0%A4%BF%E0%A4%A8%E0%A5%8D%E0%A4%AF%E0%A4%B6%E0%A4%BF%E0%A4%95%E0%A5%8D%E0%A4%B7%E0%A4%BE,,
vedāṅga,kaśyapasmṛtiḥ.xml,Kaśyapasmṛti,,https://sa.wikisource.org/wiki/%E0%A4%95%E0%A4%B6%E0%A5%8D%E0%A4%AF%E0%A4%AA%E0%A4%B8%E0%A5%8D%E0%A4%AE%E0%A5%83%E0%A4%A4%E0%A4%BF%E0%A4%83,,
vedāṅga,keśavīpadyātmikāśikṣā.xml,Keśavīpadyātmikāśikṣā,,https://sa.wikisource.org/wiki/%E0%A4%95%E0%A5%87%E0%A4%B6%E0%A4%B5%E0%A5%80%E0%A4%AA%E0%A4%A6%E0%A5%8D%E0%A4%AF%E0%A4%BE%E0%A4%A4%E0%A5%8D%E0%A4%AE%E0%A4%BF%E0%A4%95%E0%A4%BE%E0%A4%B6%E0%A4%BF%E0%A4%95%E0%A5%8D%E0%A4%B7%E0%A4%BE,,
vedāṅga,keśavīyaśikṣā.xml,Keśavīyaśikṣā,,https://sa.wikisource.org/wiki/%E0%A4%95%E0%A5%87%E0%A4%B6%E0%A4%B5%E0%A5%80%E0%A4%AF%E0%A4%B6%E0%A4%BF%E0%A4%95%E0%A5%8D%E0%A4%B7%E0%A4%BE,,
vedāṅga,khādiragṛhyasūtram.xml,Khādiragṛhyasūtra,,https://sa.wikisource.org/wiki/%E0%A4%96%E0%A4%BE%E0%A4%A6%E0%A4%BF%E0%A4%B0%E0%A4%97%E0%A5%83%E0%A4%B9%E0%A5%8D%E0%A4%AF%E0%A4%B8%E0%A5%82%E0%A4%A4%E0%A5%8D%E0%A4%B0%E0%A4%AE%E0%A5%8D,,
vedāṅga,kramakārikāśikṣā.xml,Kramakārikāśikṣā,,https://sa.wikisource.org/wiki/%E0%A4%95%E0%A5%8D%E0%A4%B0%E0%A4%AE%E0%A4%95%E0%A4%BE%E0%A4%B0%E0%A4%BF%E0%A4%95%E0%A4%BE%E0%A4%B6%E0%A4%BF%E0%A4%95%E0%A5%8D%E0%A4%B7%E0%A4%BE,,
vedāṅga,kramasaṃdhānaśikṣā.xml,Kramasaṃdhānaśikṣā,,https://sa.wikisource.org/wiki/%E0%A4%95%E0%A5%8D%E0%A4%B0%E0%A4%AE%E0%A4%B8%E0%A4%82%E0%A4%A7%E0%A4%BE%E0%A4%A8%E0%A4%B6%E0%A4%BF%E0%A4%95%E0%A5%8D%E0%A4%B7%E0%A4%BE,,
vedāṅga,kātyāyanaśrautasūtram.xml,Kātyāyanaśrautasūtra,,https://sa.wikisource.org/wiki/%E0%A4%95%E0%A4%B2%E0%A5%8D%E0%A4%AA%E0%A4%83/%E0%A4%B6%E0%A5%8D%E0%A4%B0%E0%A5%8C%E0%A4%A4%E0%A4%B8%E0%A5%82%E0%A4%A4%E0%A5%8D%E0%A4%B0%E0%A4%BE%E0%A4%A3%E0%A4%BF/%E0%A4%95%E0%A4%BE%E0%A4%A4%E0%A5%8D%E0%A4%AF%E0%A4%BE%E0%A4%AF%E0%A4%A8-%E0%A4%B6%E0%A5%8D%E0%A4%B0%E0%A5%8C%E0%A4%A4%E0%A4%B8%E0%A5%82%E0%A4%A4%E0%A5%8D%E0%A4%B0%E0%A4%AE%E0%A5%8D,,
vedāṅga,kātyāyanaśulbasūtram.xml,Kātyāyanaśulbasūtra,,https://sa.wikisource.org/wiki/%E0%A4%95%E0%A4%BE%E0%A4%A4%E0%A5%8D%E0%A4%AF%E0%A4%BE%E0%A4%AF%E0%A4%A8%E0%A4%B6%E0%A5%81%E0%A4%B2%E0%A5%8D%E0%A4%AC%E0%A4%B8%E0%A5%82%E0%A4%A4%E0%A5%8D%E0%A4%B0%E0%A4%AE%E0%A5%8D,,
vedāṅga,kāśikā_padamañjarīvyākhyāsahitā.xml,Kāśikā (Padamañjarīvyākhyāsahitā),,https://sa.wikisource.org/wiki/%E0%A4%95%E0%A4%BE%E0%A4%B6%E0%A4%BF%E0%A4%95%E0%A4%BE_(%E0%A4%AA%E0%A4%A6%E0%A4%AE%E0%A4%9E%E0%A5%8D%E0%A4%9C%E0%A4%B0%E0%A5%80%E0%A4%B5%E0%A5%8D%E0%A4%AF%E0%A4%BE%E0%A4%96%E0%A5%8D%E0%A4%AF%E0%A4%BE%E0%A4%B8%E0%A4%B9%E0%A4%BF%E0%A4%A4%E0%A4%BE),,
vedāṅga,kāśikāvivaraṇapañjikā.xml,Kāśikāvivaraṇapañjikā,,https://sa.wikisource.org/wiki/%E0%A4%95%E0%A4%BE%E0%A4%B6%E0%A4%BF%E0%A4%95%E0%A4%BE%E0%A4%B5%E0%A4%BF%E0%A4%B5%E0%A4%B0%E0%A4%A3%E0%A4%AA%E0%A4%9E%E0%A5%8D%E0%A4%9C%E0%A4%BF%E0%A4%95%E0%A4%BE,,
vedāṅga,kāṭhakagṛhyasūtram.xml,Kāṭhakagṛhyasūtra,,https://sa.wikisource.org/wiki/%E0%A4%95%E0%A4%BE%E0%A4%A0%E0%A4%95%E0%A4%97%E0%A5%83%E0%A4%B9%E0%A5%8D%E0%A4%AF%E0%A4%B8%E0%A5%82%E0%A4%A4%E0%A5%8D%E0%A4%B0%E0%A4%AE%E0%A5%8D,,
vedāṅga,kṣudrakalpasūtram.xml,Kṣudrakalpasūtra,,https://sa.wikisource.org/wiki/%E0%A4%95%E0%A4%B2%E0%A5%8D%E0%A4%AA%E0%A4%83/%E0%A4%B6%E0%A5%8D%E0%A4%B0%E0%A5%8C%E0%A4%A4%E0%A4%B8%E0%A5%82%E0%A4%A4%E0%A5%8D%E0%A4%B0%E0%A4%BE%E0%A4%A3%E0%A4%BF/%E0%A4%95%E0%A5%8D%E0%A4%B7%E0%A5%81%E0%A4%A6%E0%A5%8D%E0%A4%B0%E0%A4%95%E0%A4%B2%E0%A5%8D%E0%A4%AA%E0%A4%B8%E0%A5%82%E0%A4%A4%E0%A5%8D%E0%A4%B0%E0%A4%AE%E0%A5%8D,,
vedāṅga,laghubhūṣaṇakāntiḥ.xml,Laghubhūṣaṇakānti,,https://sa.wikisource.org/wiki/%E0%A4%B2%E0%A4%98%E0%A5%81%E0%A4%AD%E0%A5%82%E0%A4%B7%E0%A4%A3%E0%A4%95%E0%A4%BE%E0%A4%A8%E0%A5%8D%E0%A4%A4%E0%A4%BF%E0%A4%83,,
vedāṅga,laghumādhyandinīyaśikṣā.xml,Laghumādhyandinīyaśikṣā,,https://sa.wikisource.org/wiki/%E0%A4%B2%E0%A4%98%E0%A5%81%E0%A4%AE%E0%A4%BE%E0%A4%A7%E0%A5%8D%E0%A4%AF%E0%A4%A8%E0%A5%8D%E0%A4%A6%E0%A4%BF%E0%A4%A8%E0%A5%80%E0%A4%AF%E0%A4%B6%E0%A4%BF%E0%A4%95%E0%A5%8D%E0%A4%B7%E0%A4%BE,,
vedāṅga,laghuśabdenduśekharaḥ.xml,Laghuśabdenduśekhara,Nāgeśabhaṭṭa,https://sa.wikisource.org/wiki/%E0%A4%B2%E0%A4%98%E0%A5%81%E0%A4%B6%E0%A4%AC%E0%A5%8D%E0%A4%A6%E0%A5%87%E0%A4%A8%E0%A5%8D%E0%A4%A6%E0%A5%81%E0%A4%B6%E0%A5%87%E0%A4%96%E0%A4%B0%E0%A4%83,,
vedāṅga,laghvamoghānandinīśikṣā.xml,Laghvamoghānandinīśikṣā,,https://sa.wikisource.org/wiki/%E0%A4%B2%E0%A4%98%E0%A5%8D%E0%A4%B5%E0%A4%AE%E0%A5%8B%E0%A4%98%E0%A4%BE%E0%A4%A8%E0%A4%A8%E0%A5%8D%E0%A4%A6%E0%A4%BF%E0%A4%A8%E0%A5%80%E0%A4%B6%E0%A4%BF%E0%A4%95%E0%A5%8D%E0%A4%B7%E0%A4%BE,,
vedāṅga,lakṣmīkāntaśikṣā.xml,Lakṣmīkāntaśikṣā,,https://sa.wikisource.org/wiki/%E0%A4%B2%E0%A4%95%E0%A5%8D%E0%A4%B7%E0%A5%8D%E0%A4%AE%E0%A5%80%E0%A4%95%E0%A4%BE%E0%A4%A8%E0%A5%8D%E0%A4%A4%E0%A4%B6%E0%A4%BF%E0%A4%95%E0%A5%8D%E0%A4%B7%E0%A4%BE,,
vedāṅga,laugākṣigṛhyasūtrāṇi.xml,Laugākṣigṛhyasūtrāṇi,,https://sa.wikisource.org/wiki/%E0%A4%B2%E0%A5%8C%E0%A4%97%E0%A4%BE%E0%A4%95%E0%A5%8D%E0%A4%B7%E0%A4%BF_%E0%A4%97%E0%A5%83%E0%A4%B9%E0%A5%8D%E0%A4%AF_%E0%A4%B8%E0%A5%82%E0%A4%A4%E0%A5%8D%E0%A4%B0%E0%A4%BE%E0%A4%A3%E0%A4%BF,,
vedāṅga,laugākṣiśikṣā.xml,Laugākṣiśikṣā,,https://sa.wikisource.org/wiki/%E0%A4%B2%E0%A5%8C%E0%A4%97%E0%A4%BE%E0%A4%95%E0%A5%8D%E0%A4%B7%E0%A4%BF%E0%A4%B6%E0%A4%BF%E0%A4%95%E0%A5%8D%E0%A4%B7%E0%A4%BE,,
vedāṅga,liṅgānuśāsanam.xml,Liṅgānuśāsana,,https://sa.wikisource.org/wiki/%E0%A4%B2%E0%A4%BF%E0%A4%99%E0%A5%8D%E0%A4%97%E0%A4%BE%E0%A4%A8%E0%A5%81%E0%A4%B6%E0%A4%BE%E0%A4%B8%E0%A4%A8%E0%A4%AE%E0%A5%8D,,
vedāṅga,manaḥsvāraśikṣā.xml,Manaḥsvāraśikṣā,,https://sa.wikisource.org/wiki/%E0%A4%AE%E0%A4%A8%E0%A4%83%E0%A4%B8%E0%A5%8D%E0%A4%B5%E0%A4%BE%E0%A4%B0%E0%A4%B6%E0%A4%BF%E0%A4%95%E0%A5%8D%E0%A4%B7%E0%A4%BE,,
vedāṅga,maśakakalpasūtram.xml,Maśakakalpasūtra,,https://sa.wikisource.org/wiki/%E0%A4%AE%E0%A4%B6%E0%A4%95%E0%A4%95%E0%A4%B2%E0%A5%8D%E0%A4%AA%E0%A4%B8%E0%A5%82%E0%A4%A4%E0%A5%8D%E0%A4%B0%E0%A4%AE%E0%A5%8D,,
vedāṅga,muhūrtadīpakaḥ.xml,Muhūrtadīpaka,Mahādevabhaṭṭa,https://sa.wikisource.org/wiki/%E0%A4%AE%E0%A5%81%E0%A4%B9%E0%A5%82%E0%A4%B0%E0%A5%8D%E0%A4%A4%E0%A4%A6%E0%A5%80%E0%A4%AA%E0%A4%95%E0%A4%83,,
vedāṅga,mādhyandinīyaśikṣā.xml,Mādhyandinīyaśikṣā,,https://sa.wikisource.org/wiki/%E0%A4%AE%E0%A4%BE%E0%A4%A7%E0%A5%8D%E0%A4%AF%E0%A4%A8%E0%A5%8D%E0%A4%A6%E0%A4%BF%E0%A4%A8%E0%A5%80%E0%A4%AF%E0%A4%B6%E0%A4%BF%E0%A4%95%E0%A5%8D%E0%A4%B7%E0%A4%BE,,
vedāṅga,mānavaśrautasūtram.xml,Mānavaśrautasūtra,,https://sa.wikisource.org/wiki/%E0%A4%95%E0%A4%B2%E0%A5%8D%E0%A4%AA%E0%A4%83/%E0%A4%B6%E0%A5%8D%E0%A4%B0%E0%A5%8C%E0%A4%A4%E0%A4%B8%E0%A5%82%E0%A4%A4%E0%A5%8D%E0%A4%B0%E0%A4%BE%E0%A4%A3%E0%A4%BF/%E0%A4%AE%E0%A4%BE%E0%A4%A8%E0%A4%B5-%E0%A4%B6%E0%A5%8D%E0%A4%B0%E0%A5%8C%E0%A4%A4%E0%A4%B8%E0%A5%82%E0%A4%A4%E0%A5%8D%E0%A4%B0%E0%A4%AE%E0%A5%8D,,
vedāṅga,mānavaśulbasūtram.xml,Mānavaśulbasūtra,,https://sa.wikisource.org/wiki/%E0%A4%AE%E0%A4%BE%E0%A4%A8%E0%A4%B5%E0%A4%B6%E0%A5%81%E0%A4%B2%E0%A5%8D%E0%A4%AC%E0%A4%B8%E0%A5%82%E0%A4%A4%E0%A5%8D%E0%A4%B0%E0%A4%AE%E0%A5%8D,,
vedāṅga,māṇḍūkīśikṣā.xml,Māṇḍūkīśikṣā,,https://sa.wikisource.org/wiki/%E0%A4%AE%E0%A4%BE%E0%A4%A3%E0%A5%8D%E0%A4%A1%E0%A5%82%E0%A4%95%E0%A5%80%E0%A4%B6%E0%A4%BF%E0%A4%95%E0%A5%8D%E0%A4%B7%E0%A4%BE,,
vedāṅga,niruktam.xml,Nirukta,,https://sa.wikisource.org/wiki/%E0%A4%A8%E0%A4%BF%E0%A4%B0%E0%A5%81%E0%A4%95%E0%A5%8D%E0%A4%A4%E0%A4%AE%E0%A5%8D,,
vedāṅga,nāradabaiṭh.xml,Nāradabaiṭh,,https://sa.wikisource.org/wiki/%E0%A4%A8%E0%A4%BE%E0%A4%B0%E0%A4%A6%E0%A4%AC%E0%A5%88%E0%A4%A0%E0%A5%8D,,
vedāṅga,nāradabaiṭparibhāṣā.xml,Nāradabaiṭparibhāṣā,,https://sa.wikisource.org/wiki/%E0%A4%A8%E0%A4%BE%E0%A4%B0%E0%A4%A6%E0%A4%AC%E0%A5%88%E0%A4%9F%E0%A5%8D%E0%A4%AA%E0%A4%B0%E0%A4%BF%E0%A4%AD%E0%A4%BE%E0%A4%B7%E0%A4%BE,,
vedāṅga,nāradasaṃhitā.xml,Nāradasaṃhitā,,https://sa.wikisource.org/wiki/%E0%A4%A8%E0%A4%BE%E0%A4%B0%E0%A4%A6%E0%A4%B8%E0%A4%82%E0%A4%B9%E0%A4%BF%E0%A4%A4%E0%A4%BE,,
vedāṅga,nāradīyaśikṣā.xml,Nāradīyaśikṣā,,https://sa.wikisource.org/wiki/%E0%A4%A8%E0%A4%BE%E0%A4%B0%E0%A4%A6%E0%A5%80%E0%A4%AF%E0%A4%B6%E0%A4%BF%E0%A4%95%E0%A5%8D%E0%A4%B7%E0%A4%BE,,
vedāṅga,padacandrikā.xml,Padacandrikā,,https://sa.wikisource.org/wiki/%E0%A4%AA%E0%A4%A6%E0%A4%9A%E0%A4%A8%E0%A5%8D%E0%A4%A6%E0%A5%8D%E0%A4%B0%E0%A4%BF%E0%A4%95%E0%A4%BE,,
vedāṅga,padakārikaratnamālā.xml,Padakārikaratnamālā,,https://sa.wikisource.org/wiki/%E0%A4%AA%E0%A4%A6%E0%A4%95%E0%A4%BE%E0%A4%B0%E0%A4%BF%E0%A4%95%E0%A4%B0%E0%A4%A4%E0%A5%8D%E0%A4%A8%E0%A4%AE%E0%A4%BE%E0%A4%B2%E0%A4%BE,,
vedāṅga,paramalaghumañjūṣā.xml,Paramalaghumañjūṣā,,https://sa.wikisource.org/wiki/%E0%A4%AA%E0%A4%B0%E0%A4%AE%E0%A4%B2%E0%A4%98%E0%A5%81%E0%A4%AE%E0%A4%9E%E0%A5%8D%E0%A4%9C%E0%A5%82%E0%A4%B7%E0%A4%BE,,
vedāṅga,pariṣkāradarpaṇaḥ.xml,Pariṣkāradarpaṇa,,https://sa.wikisource.org/wiki/%E0%A4%AA%E0%A4%B0%E0%A4%BF%E0%A4%B7%E0%A5%8D%E0%A4%95%E0%A4%BE%E0%A4%B0%E0%A4%A6%E0%A4%B0%E0%A5%8D%E0%A4%AA%E0%A4%A3%E0%A4%83,,
vedāṅga,phiṭsūtrāṇi.xml,Phiṭsūtrāṇi,,https://sa.wikisource.org/wiki/%E0%A4%AB%E0%A4%BF%E0%A4%9F%E0%A5%8D_%E0%A4%B8%E0%A5%82%E0%A4%A4%E0%A5%8D%E0%A4%B0%E0%A4%BE%E0%A4%A3%E0%A4%BF,,
vedāṅga,piṅgalachandaḥsūtram.xml,Piṅgalachandaḥsūtra,Piṅgalācārya,https://sa.wikisource.org/wiki/%E0%A4%AA%E0%A4%BF%E0%A4%99%E0%A5%8D%E0%A4%97%E0%A4%B2%E0%A4%9B%E0%A4%A8%E0%A5%8D%E0%A4%A6%E0%A4%83%E0%A4%B8%E0%A5%82%E0%A4%A4%E0%A5%8D%E0%A4%B0%E0%A4%AE%E0%A5%8D,,
vedāṅga,piṇḍalakṣaṇam.xml,Piṇḍalakṣaṇa,,https://sa.wikisource.org/wiki/%E0%A4%AA%E0%A4%BF%E0%A4%A3%E0%A5%8D%E0%A4%A1%E0%A4%B2%E0%A4%95%E0%A5%8D%E0%A4%B7%E0%A4%A3%E0%A4%AE%E0%A5%8D,,
vedāṅga,plutaśikṣā.xml,Plutaśikṣā,,https://sa.wikisource.org/wiki/%E0%A4%AA%E0%A5%8D%E0%A4%B2%E0%A5%81%E0%A4%A4%E0%A4%B6%E0%A4%BF%E0%A4%95%E0%A5%8D%E0%A4%B7%E0%A4%BE,,
vedāṅga,prathamatṛtīyavarṇavibhāgalakṣaṇam.xml,Prathamatṛtīyavarṇavibhāgalakṣaṇa,,https://sa.wikisource.org/wiki/%E0%A4%AA%E0%A5%8D%E0%A4%B0%E0%A4%A5%E0%A4%AE%E0%A4%A4%E0%A5%83%E0%A4%A4%E0%A5%80%E0%A4%AF%E0%A4%B5%E0%A4%B0%E0%A5%8D%E0%A4%A3%E0%A4%B5%E0%A4%BF%E0%A4%AD%E0%A4%BE%E0%A4%97%E0%A4%B2%E0%A4%95%E0%A5%8D%E0%A4%B7%E0%A4%A3%E0%A4%AE%E0%A5%8D,,
vedāṅga,pratijñāsūtram.xml,Pratijñāsūtra,,https://sa.wikisource.org/wiki/%E0%A4%AA%E0%A5%8D%E0%A4%B0%E0%A4%A4%E0%A4%BF%E0%A4%9C%E0%A5%8D%E0%A4%9E%E0%A4%BE%E0%A4%B8%E0%A5%82%E0%A4%A4%E0%A5%8D%E0%A4%B0%E0%A4%AE%E0%A5%8D,,
vedāṅga,prauḍhamanoramā.xml,Prauḍhamanoramā,,https://sa.wikisource.org/wiki/%E0%A4%AA%E0%A5%8D%E0%A4%B0%E0%A5%8C%E0%A4%A2%E0%A4%AE%E0%A4%A8%E0%A5%8B%E0%A4%B0%E0%A4%AE%E0%A4%BE,,
vedāṅga,prātiśākhyapradīpaśikṣā.xml,Prātiśākhyapradīpaśikṣā,,https://sa.wikisource.org/wiki/%E0%A4%AA%E0%A5%8D%E0%A4%B0%E0%A4%BE%E0%A4%A4%E0%A4%BF%E0%A4%B6%E0%A4%BE%E0%A4%96%E0%A5%8D%E0%A4%AF%E0%A4%AA%E0%A5%8D%E0%A4%B0%E0%A4%A6%E0%A5%80%E0%A4%AA%E0%A4%B6%E0%A4%BF%E0%A4%95%E0%A5%8D%E0%A4%B7%E0%A4%BE,,
vedāṅga,pulastyasmṛtiḥ.xml,Pulastyasmṛti,,https://sa.wikisource.org/wiki/%E0%A4%AA%E0%A5%81%E0%A4%B2%E0%A4%B8%E0%A5%8D%E0%A4%A4%E0%A5%8D%E0%A4%AF%E0%A4%B8%E0%A5%8D%E0%A4%AE%E0%A5%83%E0%A4%A4%E0%A4%BF%E0%A4%83,,
vedāṅga,pāraskaragṛhyasūtram.xml,Pāraskaragṛhyasūtra,,https://sa.wikisource.org/wiki/%E0%A4%AA%E0%A4%BE%E0%A4%B0%E0%A4%B8%E0%A5%8D%E0%A4%95%E0%A4%B0%E0%A4%97%E0%A5%83%E0%A4%B9%E0%A5%8D%E0%A4%AF%E0%A4%B8%E0%A5%82%E0%A4%A4%E0%A5%8D%E0%A4%B0%E0%A4%AE%E0%A5%8D,,
vedāṅga,pāriśikṣā.xml,Pāriśikṣā,,https://sa.wikisource.org/wiki/%E0%A4%AA%E0%A4%BE%E0%A4%B0%E0%A4%BF%E0%A4%B6%E0%A4%BF%E0%A4%95%E0%A5%8D%E0%A4%B7%E0%A4%BE,,
vedāṅga,pārāśarīśikṣā.xml,Pārāśarīśikṣā,,https://sa.wikisource.org/wiki/%E0%A4%AA%E0%A4%BE%E0%A4%B0%E0%A4%BE%E0%A4%B6%E0%A4%B0%E0%A5%80%E0%A4%B6%E0%A4%BF%E0%A4%95%E0%A5%8D%E0%A4%B7%E0%A4%BE,,
vedāṅga,pāṇinīyaśikṣā.xml,Pāṇinīyaśikṣā,,https://sa.wikisource.org/wiki/%E0%A4%AA%E0%A4%BE%E0%A4%A3%E0%A4%BF%E0%A4%A8%E0%A5%80%E0%A4%AF%E0%A4%B6%E0%A4%BF%E0%A4%95%E0%A5%8D%E0%A4%B7%E0%A4%BE,,
vedāṅga,rāvaṇabaiṭh.xml,Rāvaṇabaiṭh,,https://sa.wikisource.org/wiki/%E0%A4%B0%E0%A4%BE%E0%A4%B5%E0%A4%A3%E0%A4%AC%E0%A5%88%E0%A4%A0%E0%A5%8D,,
vedāṅga,rāvaṇabaiṭparibhāṣā.xml,Rāvaṇabaiṭparibhāṣā,,https://sa.wikisource.org/wiki/%E0%A4%B0%E0%A4%BE%E0%A4%B5%E0%A4%A3%E0%A4%AC%E0%A5%88%E0%A4%9F%E0%A5%8D%E0%A4%AA%E0%A4%B0%E0%A4%BF%E0%A4%AD%E0%A4%BE%E0%A4%B7%E0%A4%BE,,
vedāṅga,samāsalakṣaṇam.xml,Samāsalakṣaṇa,,https://sa.wikisource.org/wiki/%E0%A4%B8%E0%A4%AE%E0%A4%BE%E0%A4%B8%E0%A4%B2%E0%A4%95%E0%A5%8D%E0%A4%B7%E0%A4%A3%E0%A4%AE%E0%A5%8D,,
vedāṅga,sarvasaṃmataśikṣā.xml,Sarvasaṃmataśikṣā,,https://sa.wikisource.org/wiki/%E0%A4%B8%E0%A4%B0%E0%A5%8D%E0%A4%B5%E0%A4%B8%E0%A4%82%E0%A4%AE%E0%A4%A4%E0%A4%B6%E0%A4%BF%E0%A4%95%E0%A5%8D%E0%A4%B7%E0%A4%BE,,
vedāṅga,saṃskāraratnamālā.xml,Saṃskāraratnamālā,Bhaṭṭagopīnāthadīkṣita,https://sa.wikisource.org/wiki/%E0%A4%B8%E0%A4%82%E0%A4%B8%E0%A5%8D%E0%A4%95%E0%A4%BE%E0%A4%B0%E0%A4%B0%E0%A4%A4%E0%A5%8D%E0%A4%A8%E0%A4%AE%E0%A4%BE%E0%A4%B2%E0%A4%BE_(%E0%A4%AD%E0%A4%BE%E0%A4%97%E0%A4%83_%E0%A5%A7),,
vedāṅga,siddhāntatattvavivekaḥ.xml,Siddhāntatattvaviveka,Kamalākarabhaṭṭa,https://sa.wikisource.org/wiki/%E0%A4%B8%E0%A4%BF%E0%A4%A6%E0%A5%8D%E0%A4%A7%E0%A4%BE%E0%A4%A8%E0%A5%8D%E0%A4%A4%E0%A4%A4%E0%A4%A4%E0%A5%8D%E0%A4%A4%E0%A5%8D%E0%A4%B5%E0%A4%B5%E0%A4%BF%E0%A4%B5%E0%A5%87%E0%A4%95%E0%A4%83,,
vedāṅga,siddhāntaśikṣā.xml,Siddhāntaśikṣā,,https://sa.wikisource.org/wiki/%E0%A4%B8%E0%A4%BF%E0%A4%A6%E0%A5%8D%E0%A4%A7%E0%A4%BE%E0%A4%A8%E0%A5%8D%E0%A4%A4%E0%A4%B6%E0%A4%BF%E0%A4%95%E0%A5%8D%E0%A4%B7%E0%A4%BE,,
vedāṅga,sphoṭacandrikā.xml,Sphoṭacandrikā,,https://sa.wikisource.org/wiki/%E0%A4%B8%E0%A5%8D%E0%A4%AB%E0%A5%8B%E0%A4%9F%E0%A4%9A%E0%A4%A8%E0%A5%8D%E0%A4%A6%E0%A5%8D%E0%A4%B0%E0%A4%BF%E0%A4%95%E0%A4%BE,,
vedāṅga,svarabhaktilakṣaṇapariśiṣṭaśikṣā.xml,Svarabhaktilakṣaṇapariśiṣṭaśikṣā,,https://sa.wikisource.org/wiki/%E0%A4%B8%E0%A5%8D%E0%A4%B5%E0%A4%B0%E0%A4%AD%E0%A4%95%E0%A5%8D%E0%A4%A4%E0%A4%BF%E0%A4%B2%E0%A4%95%E0%A5%8D%E0%A4%B7%E0%A4%A3%E0%A4%AA%E0%A4%B0%E0%A4%BF%E0%A4%B6%E0%A4%BF%E0%A4%B7%E0%A5%8D%E0%A4%9F%E0%A4%B6%E0%A4%BF%E0%A4%95%E0%A5%8D%E0%A4%B7%E0%A4%BE,,
vedāṅga,svarapañcāśat.xml,Svarapañcāśat,,https://sa.wikisource.org/wiki/%E0%A4%B8%E0%A5%8D%E0%A4%B5%E0%A4%B0%E0%A4%AA%E0%A4%9E%E0%A5%8D%E0%A4%9A%E0%A4%BE%E0%A4%B6%E0%A4%A4%E0%A5%8D,,
vedāṅga,svaravyañjanaśikṣā.xml,Svaravyañjanaśikṣā,,https://sa.wikisource.org/wiki/%E0%A4%B8%E0%A5%8D%E0%A4%B5%E0%A4%B0%E0%A4%B5%E0%A5%8D%E0%A4%AF%E0%A4%9E%E0%A5%8D%E0%A4%9C%E0%A4%A8%E0%A4%B6%E0%A4%BF%E0%A4%95%E0%A5%8D%E0%A4%B7%E0%A4%BE,,
vedāṅga,svaraśikṣā.xml,Svaraśikṣā,,https://sa.wikisource.org/wiki/%E0%A4%B8%E0%A5%8D%E0%A4%B5%E0%A4%B0%E0%A4%B6%E0%A4%BF%E0%A4%95%E0%A5%8D%E0%A4%B7%E0%A4%BE,,
vedāṅga,svarāṅkuśaśikṣā.xml,Svarāṅkuśaśikṣā,,https://sa.wikisource.org/wiki/%E0%A4%B8%E0%A5%8D%E0%A4%B5%E0%A4%B0%E0%A4%BE%E0%A4%99%E0%A5%8D%E0%A4%95%E0%A5%81%E0%A4%B6%E0%A4%B6%E0%A4%BF%E0%A4%95%E0%A5%8D%E0%A4%B7%E0%A4%BE,,
vedāṅga,svarāṣṭakam.xml,Svarāṣṭaka,,https://sa.wikisource.org/wiki/%E0%A4%B8%E0%A5%8D%E0%A4%B5%E0%A4%B0%E0%A4%BE%E0%A4%B7%E0%A5%8D%E0%A4%9F%E0%A4%95%E0%A4%AE%E0%A5%8D,,
vedāṅga,svarāṣṭakaśikṣā.xml,Svarāṣṭakaśikṣā,,https://sa.wikisource.org/wiki/%E0%A4%B8%E0%A5%8D%E0%A4%B5%E0%A4%B0%E0%A4%BE%E0%A4%B7%E0%A5%8D%E0%A4%9F%E0%A4%95%E0%A4%B6%E0%A4%BF%E0%A4%95%E0%A5%8D%E0%A4%B7%E0%A4%BE,,
vedāṅga,sāmavedaprātiśākhyam.xml,Sāmavedaprātiśākhya,,https://sa.wikisource.org/wiki/%E0%A4%B8%E0%A4%BE%E0%A4%AE%E0%A4%B5%E0%A5%87%E0%A4%A6%E0%A4%AA%E0%A5%8D%E0%A4%B0%E0%A4%BE%E0%A4%A4%E0%A4%BF%E0%A4%B6%E0%A4%BE%E0%A4%96%E0%A5%8D%E0%A4%AF%E0%A4%AE%E0%A5%8D,,
vedāṅga,sāmavedasaptalakṣaṇam.xml,Sāmavedasaptalakṣaṇa,,https://sa.wikisource.org/wiki/%E0%A4%B8%E0%A4%BE%E0%A4%AE%E0%A4%B5%E0%A5%87%E0%A4%A6%E0%A4%B8%E0%A4%AA%E0%A5%8D%E0%A4%A4%E0%A4%B2%E0%A4%95%E0%A5%8D%E0%A4%B7%E0%A4%A3%E0%A4%AE%E0%A5%8D,,
vedāṅga,sāramañjarī_sāradīpikāvyākhyāsahitā.xml,Sāramañjarī (Sāradīpikāvyākhyāsahitā),,https://sa.wikisource.org/wiki/%E0%A4%B8%E0%A4%BE%E0%A4%B0%E0%A4%AE%E0%A4%9E%E0%A5%8D%E0%A4%9C%E0%A4%B0%E0%A5%80_(%E0%A4%B8%E0%A4%BE%E0%A4%B0%E0%A4%A6%E0%A5%80%E0%A4%AA%E0%A4%BF%E0%A4%95%E0%A4%BE%E0%A4%B5%E0%A5%8D%E0%A4%AF%E0%A4%BE%E0%A4%96%E0%A5%8D%E0%A4%AF%E0%A4%BE%E0%A4%B8%E0%A4%B9%E0%A4%BF%E0%A4%A4%E0%A4%BE),,
vedāṅga,sāramañjarī_āśubodhavidyābhūṣaṇaviracitavyākhyāsahitā.xml,Sāramañjarī (āśubodhavidyābhūṣaṇaviracitavyākhyāsahitā),,https://sa.wikisource.org/wiki/%E0%A4%B8%E0%A4%BE%E0%A4%B0%E0%A4%AE%E0%A4%9E%E0%A5%8D%E0%A4%9C%E0%A4%B0%E0%A5%80_(%E0%A4%86%E0%A4%B6%E0%A5%81%E0%A4%AC%E0%A5%8B%E0%A4%A7%E0%A4%B5%E0%A4%BF%E0%A4%A6%E0%A5%8D%E0%A4%AF%E0%A4%BE%E0%A4%AD%E0%A5%82%E0%A4%B7%E0%A4%A3%E0%A4%B5%E0%A4%BF%E0%A4%B0%E0%A4%9A%E0%A4%BF%E0%A4%A4%E0%A4%B5%E0%A5%8D%E0%A4%AF%E0%A4%BE%E0%A4%96%E0%A5%8D%E0%A4%AF%E0%A4%BE%E0%A4%B8%E0%A4%B9%E0%A4%BF%E0%A4%A4%E0%A4%BE),,
vedāṅga,taittarīyaprātiśākhyam.xml,Taittarīyaprātiśākhya,,https://sa.wikisource.org/wiki/%E0%A4%A4%E0%A5%88%E0%A4%A4%E0%A5%8D%E0%A4%A4%E0%A4%B0%E0%A5%80%E0%A4%AF%E0%A4%AA%E0%A5%8D%E0%A4%B0%E0%A4%BE%E0%A4%A4%E0%A4%BF%E0%A4%B6%E0%A4%BE%E0%A4%96%E0%A5%8D%E0%A4%AF%E0%A4%AE%E0%A5%8D,,
vedāṅga,tattvaprabhāvalī.xml,Tattvaprabhāvalī,,https://sa.wikisource.org/wiki/%E0%A4%A4%E0%A4%A4%E0%A5%8D%E0%A4%A4%E0%A5%8D%E0%A4%B5%E0%A4%AA%E0%A5%8D%E0%A4%B0%E0%A4%AD%E0%A4%BE%E0%A4%B5%E0%A4%B2%E0%A5%80,,
vedāṅga,uccodarki.xml,Uccodarki,,https://sa.wikisource.org/wiki/%E0%A4%89%E0%A4%9A%E0%A5%8D%E0%A4%9A%E0%A5%8B%E0%A4%A6%E0%A4%B0%E0%A5%8D%E0%A4%95%E0%A4%BF,,
vedāṅga,upasargavṛttiḥ.xml,Upasargavṛtti,,https://sa.wikisource.org/wiki/%E0%A4%89%E0%A4%AA%E0%A4%B8%E0%A4%B0%E0%A5%8D%E0%A4%97%E0%A4%B5%E0%A5%83%E0%A4%A4%E0%A5%8D%E0%A4%A4%E0%A4%BF%E0%A4%83,,
vedāṅga,uṇādikośaḥ.xml,Uṇādikośa,,https://sa.wikisource.org/wiki/%E0%A4%89%E0%A4%A3%E0%A4%BE%E0%A4%A6%E0%A4%BF%E0%A4%95%E0%A5%8B%E0%A4%B6%E0%A4%83,,
vedāṅga,uṇādisūtrāṇi.xml,Uṇādisūtrāṇi,,https://sa.wikisource.org/wiki/%E0%A4%89%E0%A4%A3%E0%A4%BE%E0%A4%A6%E0%A4%BF%E0%A4%B8%E0%A5%82%E0%A4%A4%E0%A5%8D%E0%A4%B0%E0%A4%BE%E0%A4%A3%E0%A4%BF,,
vedāṅga,vaidyanāthabaiṭh.xml,Vaidyanāthabaiṭh,,https://sa.wikisource.org/wiki/%E0%A4%B5%E0%A5%88%E0%A4%A6%E0%A5%8D%E0%A4%AF%E0%A4%A8%E0%A4%BE%E0%A4%A5%E0%A4%AC%E0%A5%88%E0%A4%A0%E0%A5%8D,,
vedāṅga,vaikhānasadharmasūtram.xml,Vaikhānasadharmasūtra,,https://sa.wikisource.org/wiki/%E0%A4%95%E0%A4%B2%E0%A5%8D%E0%A4%AA%E0%A4%83/%E0%A4%A7%E0%A4%B0%E0%A5%8D%E0%A4%AE%E0%A4%B8%E0%A5%82%E0%A4%A4%E0%A5%8D%E0%A4%B0%E0%A4%BE%E0%A4%A3%E0%A4%BF/%E0%A4%B5%E0%A5%88%E0%A4%96%E0%A4%BE%E0%A4%A8%E0%A4%B8-%E0%A4%A7%E0%A4%B0%E0%A5%8D%E0%A4%AE%E0%A4%B8%E0%A5%82%E0%A4%A4%E0%A5%8D%E0%A4%B0%E0%A4%BE%E0%A4%A3%E0%A4%BF,,
vedāṅga,vaikhānasaśrautasūtram.xml,Vaikhānasaśrautasūtra,,https://sa.wikisource.org/wiki/%E0%A4%95%E0%A4%B2%E0%A5%8D%E0%A4%AA%E0%A4%83/%E0%A4%B6%E0%A5%8D%E0%A4%B0%E0%A5%8C%E0%A4%A4%E0%A4%B8%E0%A5%82%E0%A4%A4%E0%A5%8D%E0%A4%B0%E0%A4%BE%E0%A4%A3%E0%A4%BF/%E0%A4%B5%E0%A5%88%E0%A4%96%E0%A4%BE%E0%A4%A8%E0%A4%B8-%E0%A4%B6%E0%A5%8D%E0%A4%B0%E0%A5%8C%E0%A4%A4%E0%A4%B8%E0%A5%82%E0%A4%A4%E0%A5%8D%E0%A4%B0%E0%A4%AE%E0%A5%8D,,
vedāṅga,vaiyākaramasiddhāntalaghumañjūṣā.xml,Vaiyākaramasiddhāntalaghumañjūṣā,,https://sa.wikisource.org/wiki/%E0%A4%B5%E0%A5%88%E0%A4%AF%E0%A4%BE%E0%A4%95%E0%A4%B0%E0%A4%AE%E0%A4%B8%E0%A4%BF%E0%A4%A6%E0%A5%8D%E0%A4%A7%E0%A4%BE%E0%A4%A8%E0%A5%8D%E0%A4%A4%E0%A4%B2%E0%A4%98%E0%A5%81%E0%A4%AE%E0%A4%9E%E0%A5%8D%E0%A4%9C%E0%A5%82%E0%A4%B7%E0%A4%BE-%E0%A5%A7,,
vedāṅga,vaiyākaraṇabhūṣaṇasāraḥ_darpaṇavyākhyāsahitaḥ.xml,Vaiyākaraṇabhūṣaṇasāra,Kauṇḍabhaṭṭa,https://sa.wikisource.org/wiki/%E0%A4%B5%E0%A5%88%E0%A4%AF%E0%A4%BE%E0%A4%95%E0%A4%B0%E0%A4%A3%E0%A4%AD%E0%A5%82%E0%A4%B7%E0%A4%A3%E0%A4%B8%E0%A4%BE%E0%A4%B0%E0%A4%83,,
vedāṅga,vaiyākaraṇabhūṣaṇasāraḥ_kāśikāṭīkāsahitaḥ.xml,Vaiyākaraṇabhūṣaṇasāra,Kauṇḍabhaṭṭa,https://sa.wikisource.org/wiki/%E0%A4%B5%E0%A5%88%E0%A4%AF%E0%A4%BE%E0%A4%95%E0%A4%B0%E0%A4%A3%E0%A4%AD%E0%A5%82%E0%A4%B7%E0%A4%A3%E0%A4%B8%E0%A4%BE%E0%A4%B0%E0%A4%83,,
vedāṅga,vaiyākaraṇabhūṣaṇasāraḥ_śaṅkarīvyākhyāsahitaḥ.xml,Vaiyākaraṇabhūṣaṇasāra,Kauṇḍabhaṭṭa,https://sa.wikisource.org/wiki/%E0%A4%B5%E0%A5%88%E0%A4%AF%E0%A4%BE%E0%A4%95%E0%A4%B0%E0%A4%A3%E0%A4%AD%E0%A5%82%E0%A4%B7%E0%A4%A3%E0%A4%B8%E0%A4%BE%E0%A4%B0%E0%A4%83,,
vedāṅga,vaiyākaraṇabhūṣaṇasāraḥ.xml,Vaiyākaraṇabhūṣaṇasāra,Kauṇḍabhaṭṭa,https://sa.wikisource.org/wiki/%E0%A4%B5%E0%A5%88%E0%A4%AF%E0%A4%BE%E0%A4%95%E0%A4%B0%E0%A4%A3%E0%A4%AD%E0%A5%82%E0%A4%B7%E0%A4%A3%E0%A4%B8%E0%A4%BE%E0%A4%B0%E0%A4%83,,
vedāṅga,vaiyākaraṇasiddhāntamañjūṣā.xml,Vaiyākaraṇasiddhāntamañjūṣā,,https://sa.wikisource.org/wiki/%E0%A4%B5%E0%A5%88%E0%A4%AF%E0%A4%BE%E0%A4%95%E0%A4%B0%E0%A4%A3%E0%A4%B8%E0%A4%BF%E0%A4%A6%E0%A5%8D%E0%A4%A7%E0%A4%BE%E0%A4%A8%E0%A5%8D%E0%A4%A4%E0%A4%AE%E0%A4%9E%E0%A5%8D%E0%A4%9C%E0%A5%82%E0%A4%B7%E0%A4%BE,,
vedāṅga,vararuciśikṣā.xml,Vararuciśikṣā,,https://sa.wikisource.org/wiki/%E0%A4%B5%E0%A4%B0%E0%A4%B0%E0%A5%81%E0%A4%9A%E0%A4%BF%E0%A4%B6%E0%A4%BF%E0%A4%95%E0%A5%8D%E0%A4%B7%E0%A4%BE,,
vedāṅga,varṇaśikṣā.xml,Varṇaśikṣā,,https://sa.wikisource.org/wiki/%E0%A4%B5%E0%A4%B0%E0%A5%8D%E0%A4%A3%E0%A4%B6%E0%A4%BF%E0%A4%95%E0%A5%8D%E0%A4%B7%E0%A4%BE,,
vedāṅga,vedaparibhāṣākārikāśikṣā.xml,Vedaparibhāṣākārikāśikṣā,,https://sa.wikisource.org/wiki/%E0%A4%B5%E0%A5%87%E0%A4%A6%E0%A4%AA%E0%A4%B0%E0%A4%BF%E0%A4%AD%E0%A4%BE%E0%A4%B7%E0%A4%BE%E0%A4%95%E0%A4%BE%E0%A4%B0%E0%A4%BF%E0%A4%95%E0%A4%BE_%E0%A4%B6%E0%A4%BF%E0%A4%95%E0%A5%8D%E0%A4%B7%E0%A4%BE,,
vedāṅga,visargāṅgulipradarśanaprakāraḥ.xml,Visargāṅgulipradarśanaprakāra,,https://sa.wikisource.org/wiki/%E0%A4%B5%E0%A4%BF%E0%A4%B8%E0%A4%B0%E0%A5%8D%E0%A4%97%E0%A4%BE%E0%A4%99%E0%A5%8D%E0%A4%97%E0%A5%81%E0%A4%B2%E0%A4%BF%E0%A4%AA%E0%A5%8D%E0%A4%B0%E0%A4%A6%E0%A4%B0%E0%A5%8D%E0%A4%B6%E0%A4%A8%E0%A4%AA%E0%A5%8D%E0%A4%B0%E0%A4%95%E0%A4%BE%E0%A4%B0%E0%A4%83,,
vedāṅga,viśvāmitrasmṛtiḥ.xml,Viśvāmitrasmṛti,,https://sa.wikisource.org/wiki/%E0%A4%B5%E0%A4%BF%E0%A4%B6%E0%A5%8D%E0%A4%B5%E0%A4%BE%E0%A4%AE%E0%A4%BF%E0%A4%A4%E0%A5%8D%E0%A4%B0%E0%A4%B8%E0%A5%8D%E0%A4%AE%E0%A5%83%E0%A4%A4%E0%A4%BF%E0%A4%83,,
vedāṅga,vyālaśikṣā.xml,Vyālaśikṣā,,https://sa.wikisource.org/wiki/%E0%A4%B5%E0%A5%8D%E0%A4%AF%E0%A4%BE%E0%A4%B3%E0%A4%B6%E0%A4%BF%E0%A4%95%E0%A5%8D%E0%A4%B7%E0%A4%BE,,
vedāṅga,vyāliśikṣā.xml,Vyāliśikṣā,,https://sa.wikisource.org/wiki/%E0%A4%B5%E0%A5%8D%E0%A4%AF%E0%A4%BE%E0%A4%B2%E0%A4%BF%E0%A4%B6%E0%A4%BF%E0%A4%95%E0%A5%8D%E0%A4%B7%E0%A4%BE,,
vedāṅga,vyāsaśikṣā.xml,Vyāsaśikṣā,,https://sa.wikisource.org/wiki/%E0%A4%B5%E0%A5%8D%E0%A4%AF%E0%A4%BE%E0%A4%B8%E0%A4%B6%E0%A4%BF%E0%A4%95%E0%A5%8D%E0%A4%B7%E0%A4%BE,,
vedāṅga,vādārthasaṃgrahaḥ_dvitīyabhāgaḥ.xml,Vādārthasaṃgraha (Dvitīyabhāgaḥ),,https://sa.wikisource.org/wiki/%E0%A4%B5%E0%A4%BE%E0%A4%A6%E0%A4%BE%E0%A4%B0%E0%A5%8D%E0%A4%A5%E0%A4%B8%E0%A4%82%E0%A4%97%E0%A5%8D%E0%A4%B0%E0%A4%B9%E0%A4%83_(%E0%A4%A6%E0%A5%8D%E0%A4%B5%E0%A4%BF%E0%A4%A4%E0%A5%80%E0%A4%AF%E0%A4%AD%E0%A4%BE%E0%A4%97%E0%A4%83),,
vedāṅga,vākyapadīyam_savṛtti.xml,Vākyapadīya (Savṛtti),Helarāja,https://sa.wikisource.org/wiki/%E0%A4%B5%E0%A4%BE%E0%A4%95%E0%A5%8D%E0%A4%AF%E0%A4%AA%E0%A4%A6%E0%A5%80%E0%A4%AF%E0%A4%AE%E0%A5%8D_(%E0%A4%B8%E0%A4%B5%E0%A5%83%E0%A4%A4%E0%A5%8D%E0%A4%A4%E0%A4%BF),,
vedāṅga,vāsiṣṭhīśikṣā.xml,Vāsiṣṭhīśikṣā,,https://sa.wikisource.org/wiki/%E0%A4%B5%E0%A4%BE%E0%A4%B8%E0%A4%BF%E0%A4%B7%E0%A5%8D%E0%A4%A0%E0%A5%80%E0%A4%B6%E0%A4%BF%E0%A4%95%E0%A5%8D%E0%A4%B7%E0%A4%BE,,
vedāṅga,vāstuvidyā.xml,Vāstuvidyā,,https://sa.wikisource.org/wiki/%E0%A4%B5%E0%A4%BE%E0%A4%B8%E0%A5%8D%E0%A4%A4%E0%A5%81%E0%A4%B5%E0%A4%BF%E0%A4%A6%E0%A5%8D%E0%A4%AF%E0%A4%BE,,
vedāṅga,yajurvedasaptalakṣaṇam.xml,Yajurvedasaptalakṣaṇa,,https://sa.wikisource.org/wiki/%E0%A4%AF%E0%A4%9C%E0%A5%81%E0%A4%B0%E0%A5%8D%E0%A4%B5%E0%A5%87%E0%A4%A6%E0%A4%B8%E0%A4%AA%E0%A5%8D%E0%A4%A4%E0%A4%B2%E0%A4%95%E0%A5%8D%E0%A4%B7%E0%A4%A3%E0%A4%AE%E0%A5%8D,,
vedāṅga,yohibhāṣyam.xml,Yohibhāṣya,,https://sa.wikisource.org/wiki/%E0%A4%AF%E0%A5%8B%E0%A4%B9%E0%A4%BF%E0%A4%AD%E0%A4%BE%E0%A4%B7%E0%A5%8D%E0%A4%AF%E0%A4%AE%E0%A5%8D,,
vedāṅga,yohiprāptiśikṣā.xml,Yohiprāptiśikṣā,,https://sa.wikisource.org/wiki/%E0%A4%AF%E0%A5%8B%E0%A4%B9%E0%A4%BF%E0%A4%AA%E0%A5%8D%E0%A4%B0%E0%A4%BE%E0%A4%AA%E0%A5%8D%E0%A4%A4%E0%A4%BF%E0%A4%B6%E0%A4%BF%E0%A4%95%E0%A5%8D%E0%A4%B7%E0%A4%BE,,
vedāṅga,yājuṣajyotiṣam.xml,Yājuṣajyotiṣa,,https://sa.wikisource.org/wiki/%E0%A4%AF%E0%A4%BE%E0%A4%9C%E0%A5%81%E0%A4%B7%E0%A4%9C%E0%A5%8D%E0%A4%AF%E0%A5%8B%E0%A4%A4%E0%A4%BF%E0%A4%B7%E0%A4%AE%E0%A5%8D,,
vedāṅga,yājñavalkyaśikṣā.xml,Yājñavalkyaśikṣā,,https://sa.wikisource.org/wiki/%E0%A4%AF%E0%A4%BE%E0%A4%9C%E0%A5%8D%E0%A4%9E%E0%A4%B5%E0%A4%B2%E0%A5%8D%E0%A4%95%E0%A5%8D%E0%A4%AF%E0%A4%B6%E0%A4%BF%E0%A4%95%E0%A5%8D%E0%A4%B7%E0%A4%BE,,
vedāṅga,āgniveśyagṛhyasūtram.xml,Āgniveśyagṛhyasūtra,,https://sa.wikisource.org/wiki/%E0%A4%86%E0%A4%97%E0%A5%8D%E0%A4%A8%E0%A4%BF%E0%A4%B5%E0%A5%87%E0%A4%B6%E0%A5%8D%E0%A4%AF%E0%A4%97%E0%A5%83%E0%A4%B9%E0%A5%8D%E0%A4%AF%E0%A4%B8%E0%A5%82%E0%A4%A4%E0%A5%8D%E0%A4%B0%E0%A4%AE%E0%A5%8D,,
vedāṅga,āpastambaśrautasūtram.xml,Āpastambaśrautasūtra,,https://sa.wikisource.org/wiki/%E0%A4%86%E0%A4%AA%E0%A4%B8%E0%A5%8D%E0%A4%A4%E0%A4%AE%E0%A5%8D%E0%A4%AC-%E0%A4%B6%E0%A5%8D%E0%A4%B0%E0%A5%8C%E0%A4%A4%E0%A4%B8%E0%A5%82%E0%A4%A4%E0%A5%8D%E0%A4%B0%E0%A4%AE%E0%A5%8D,,
vedāṅga,āpastambaśulbasūtrāṇi.xml,Āpastambaśulbasūtrāṇi,,https://sa.wikisource.org/wiki/%E0%A4%95%E0%A4%B2%E0%A5%8D%E0%A4%AA%E0%A4%83/%E0%A4%B6%E0%A5%81%E0%A4%B2%E0%A5%8D%E0%A4%AC%E0%A4%B8%E0%A5%82%E0%A4%A4%E0%A5%8D%E0%A4%B0%E0%A4%BE%E0%A4%A3%E0%A4%BF/%E0%A4%86%E0%A4%AA%E0%A4%B8%E0%A5%8D%E0%A4%A4%E0%A4%AE%E0%A5%8D%E0%A4%AC%E0%A4%B6%E0%A5%81%E0%A4%B2%E0%A5%8D%E0%A4%AC%E0%A4%B8%E0%A5%82%E0%A4%A4%E0%A5%8D%E0%A4%B0%E0%A4%BE%E0%A4%A3%E0%A4%BF,,
vedāṅga,āpastambīyaśrautasūtram.xml,Āpastambīyaśrautasūtra,,https://sa.wikisource.org/wiki/%E0%A4%86%E0%A4%AA%E0%A4%B8%E0%A5%8D%E0%A4%A4%E0%A4%AE%E0%A5%8D%E0%A4%AC%E0%A5%80%E0%A4%AF%E0%A4%B6%E0%A5%8D%E0%A4%B0%E0%A5%8C%E0%A4%A4%E0%A4%B8%E0%A5%82%E0%A4%A4%E0%A5%8D%E0%A4%B0%E0%A4%AE%E0%A5%8D,,
vedāṅga,āpiśalaśikṣā.xml,Āpiśalaśikṣā,,https://sa.wikisource.org/wiki/%E0%A4%86%E0%A4%AA%E0%A4%BF%E0%A4%B6%E0%A4%B2%E0%A4%B6%E0%A4%BF%E0%A4%95%E0%A5%8D%E0%A4%B7%E0%A4%BE,,
vedāṅga,āraṇyakaśikṣā.xml,Āraṇyakaśikṣā,,https://sa.wikisource.org/wiki/%E0%A4%86%E0%A4%B0%E0%A4%A3%E0%A5%8D%E0%A4%AF%E0%A4%95%E0%A4%B6%E0%A4%BF%E0%A4%95%E0%A5%8D%E0%A4%B7%E0%A4%BE,,
vedāṅga,āryamañjuśrīmūlakalpam.xml,Āryamañjuśrīmūlakalpa,,https://sa.wikisource.org/wiki/%E0%A4%86%E0%A4%B0%E0%A5%8D%E0%A4%AF%E0%A4%AE%E0%A4%9E%E0%A5%8D%E0%A4%9C%E0%A5%81%E0%A4%B6%E0%A5%8D%E0%A4%B0%E0%A5%80%E0%A4%AE%E0%A5%82%E0%A4%B2%E0%A4%95%E0%A4%B2%E0%A5%8D%E0%A4%AA%E0%A4%AE%E0%A5%8D-%E0%A4%AD%E0%A4%BE%E0%A4%97%E0%A4%83_%E0%A5%A7,,
vedāṅga,ārṣeyakalpaḥ.xml,Ārṣeyakalpa,,https://sa.wikisource.org/wiki/%E0%A4%86%E0%A4%B0%E0%A5%8D%E0%A4%B7%E0%A5%87%E0%A4%AF%E0%A4%95%E0%A4%B2%E0%A5%8D%E0%A4%AA%E0%A4%83,,
vedāṅga,ātharvaṇajyotiṣam.xml,Ātharvaṇajyotiṣa,,https://sa.wikisource.org/wiki/%E0%A4%86%E0%A4%A5%E0%A4%B0%E0%A5%8D%E0%A4%B5%E0%A4%A3%E0%A4%9C%E0%A5%8D%E0%A4%AF%E0%A5%8B%E0%A4%A4%E0%A4%BF%E0%A4%B7%E0%A4%AE%E0%A5%8D,,
vedāṅga,ātreyaśikṣā.xml,Ātreyaśikṣā,,https://sa.wikisource.org/wiki/%E0%A4%86%E0%A4%A4%E0%A5%8D%E0%A4%B0%E0%A5%87%E0%A4%AF%E0%A4%B6%E0%A4%BF%E0%A4%95%E0%A5%8D%E0%A4%B7%E0%A4%BE,,
vedāṅga,ātreyaśikṣākārikā.xml,Ātreyaśikṣākārikā,,https://sa.wikisource.org/wiki/%E0%A4%86%E0%A4%A4%E0%A5%8D%E0%A4%B0%E0%A5%87%E0%A4%AF%E0%A4%B6%E0%A4%BF%E0%A4%95%E0%A5%8D%E0%A4%B7%E0%A4%BE%E0%A4%95%E0%A4%BE%E0%A4%B0%E0%A4%BF%E0%A4%95%E0%A4%BE,,
vedāṅga,āśvalāyanagṛhyakārikāḥ.xml,Āśvalāyanagṛhyakārikā,,https://sa.wikisource.org/wiki/%E0%A4%86%E0%A4%B6%E0%A5%8D%E0%A4%B5%E0%A4%B2%E0%A4%BE%E0%A4%AF%E0%A4%A8%E0%A4%97%E0%A5%83%E0%A4%B9%E0%A5%8D%E0%A4%AF%E0%A4%95%E0%A4%BE%E0%A4%B0%E0%A4%BF%E0%A4%95%E0%A4%BE%E0%A4%83,,
vedāṅga,āśvalāyanagṛhyapariśiṣṭam.xml,Āśvalāyanagṛhyapariśiṣṭa,,https://sa.wikisource.org/wiki/%E0%A4%86%E0%A4%B6%E0%A5%8D%E0%A4%B5%E0%A4%B2%E0%A4%BE%E0%A4%AF%E0%A4%A8%E0%A4%97%E0%A5%83%E0%A4%B9%E0%A5%8D%E0%A4%AF%E0%A4%AA%E0%A4%B0%E0%A4%BF%E0%A4%B6%E0%A4%BF%E0%A4%B7%E0%A5%8D%E0%A4%9F%E0%A4%AE%E0%A5%8D,,
vedāṅga,śabdakaustubhaḥ.xml,Śabdakaustubha,,https://sa.wikisource.org/wiki/%E0%A4%B6%E0%A4%AC%E0%A5%8D%E0%A4%A6%E0%A4%95%E0%A5%8C%E0%A4%B8%E0%A5%8D%E0%A4%A4%E0%A5%81%E0%A4%AD%E0%A4%83,,
vedāṅga,śaiśirīyaśikṣā.xml,Śaiśirīyaśikṣā,,https://sa.wikisource.org/wiki/%E0%A4%B6%E0%A5%88%E0%A4%B6%E0%A4%BF%E0%A4%B0%E0%A5%80%E0%A4%AF%E0%A4%B6%E0%A4%BF%E0%A4%95%E0%A5%8D%E0%A4%B7%E0%A4%BE,,
vedāṅga,śambhuśikṣā.xml,Śambhuśikṣā,,https://sa.wikisource.org/wiki/%E0%A4%B6%E0%A4%AE%E0%A5%8D%E0%A4%AD%E0%A5%81%E0%A4%B6%E0%A4%BF%E0%A4%95%E0%A5%8D%E0%A4%B7%E0%A4%BE,,
vedāṅga,śamānaśikṣā.xml,Śamānaśikṣā,,https://sa.wikisource.org/wiki/%E0%A4%B6%E0%A4%AE%E0%A4%BE%E0%A4%A8%E0%A4%B6%E0%A4%BF%E0%A4%95%E0%A5%8D%E0%A4%B7%E0%A4%BE,,
vedāṅga,śaunakaśikṣā.xml,Śaunakaśikṣā,,https://sa.wikisource.org/wiki/%E0%A4%B6%E0%A5%8C%E0%A4%A8%E0%A4%95%E0%A4%B6%E0%A4%BF%E0%A4%95%E0%A5%8D%E0%A4%B7%E0%A4%BE,,
vedāṅga,śaunakīyā_caturādhyāyīkā.xml,Śaunakīyā Caturādhyāyīkā,,https://sa.wikisource.org/wiki/%E0%A4%B6%E0%A5%8C%E0%A4%A8%E0%A4%95%E0%A5%80%E0%A4%AF%E0%A4%BE_%E0%A4%9A%E0%A4%A4%E0%A5%81%E0%A4%B0%E0%A4%BE%E0%A4%A7%E0%A5%8D%E0%A4%AF%E0%A4%BE%E0%A4%AF%E0%A5%80%E0%A4%95%E0%A4%BE,,
vedāṅga,śrautapadārthanirvacanam.xml,Śrautapadārthanirvacana,,https://sa.wikisource.org/wiki/%E0%A4%95%E0%A4%B2%E0%A5%8D%E0%A4%AA%E0%A4%83/%E0%A4%B6%E0%A5%8D%E0%A4%B0%E0%A5%8C%E0%A4%A4%E0%A4%B8%E0%A5%82%E0%A4%A4%E0%A5%8D%E0%A4%B0%E0%A4%BE%E0%A4%A3%E0%A4%BF/%E0%A4%B6%E0%A5%8D%E0%A4%B0%E0%A5%8C%E0%A4%A4%E0%A4%AA%E0%A4%A6%E0%A4%BE%E0%A4%B0%E0%A5%8D%E0%A4%A5%E0%A4%A8%E0%A4%BF%E0%A4%B0%E0%A5%8D%E0%A4%B5%E0%A4%9A%E0%A4%A8%E0%A4%AE%E0%A5%8D,,
vedāṅga,śrīsiddhāntasudhānidhiḥ.xml,Śrīsiddhāntasudhānidhi,,https://sa.wikisource.org/wiki/%E0%A4%B6%E0%A5%8D%E0%A4%B0%E0%A5%80%E0%A4%B8%E0%A4%BF%E0%A4%A6%E0%A5%8D%E0%A4%A7%E0%A4%BE%E0%A4%A8%E0%A5%8D%E0%A4%A4%E0%A4%B8%E0%A5%81%E0%A4%A7%E0%A4%BE%E0%A4%A8%E0%A4%BF%E0%A4%A7%E0%A4%BF%E0%A4%83,,
vedāṅga,śrīvyāsapāṇinibhāvanirṇayaḥ.xml,Śrīvyāsapāṇinibhāvanirṇaya,,https://sa.wikisource.org/wiki/%E0%A4%B6%E0%A5%8D%E0%A4%B0%E0%A5%80%E0%A4%B5%E0%A5%8D%E0%A4%AF%E0%A4%BE%E0%A4%B8%E0%A4%AA%E0%A4%BE%E0%A4%A3%E0%A4%BF%E0%A4%A8%E0%A4%BF%E0%A4%AD%E0%A4%BE%E0%A4%B5%E0%A4%A8%E0%A4%BF%E0%A4%B0%E0%A5%8D%E0%A4%A3%E0%A4%AF%E0%A4%83,,
vedāṅga,śābdikābharaṇam‌.xml,Śābdikābharaṇam‌,,https://sa.wikisource.org/wiki/%E0%A4%B6%E0%A4%BE%E0%A4%AC%E0%A5%8D%E0%A4%A6%E0%A4%BF%E0%A4%95%E0%A4%BE%E0%A4%AD%E0%A4%B0%E0%A4%A3%E0%A4%AE%E0%A5%8D%E2%80%8C,,
vedāṅga,ṛgvarṇakramalakṣaṇam.xml,Ṛgvarṇakramalakṣaṇa,,https://sa.wikisource.org/wiki/%E0%A4%8B%E0%A4%97%E0%A5%8D%E0%A4%B5%E0%A4%B0%E0%A5%8D%E0%A4%A3%E0%A4%95%E0%A5%8D%E0%A4%B0%E0%A4%AE%E0%A4%B2%E0%A4%95%E0%A5%8D%E0%A4%B7%E0%A4%A3%E0%A4%AE%E0%A5%8D,,
vedāṅga,ṛgvedaprātiśākhyam.xml,Ṛgvedaprātiśākhya,,https://sa.wikisource.org/wiki/%E0%A4%8B%E0%A4%97%E0%A5%8D%E0%A4%B5%E0%A5%87%E0%A4%A6%E0%A4%AA%E0%A5%8D%E0%A4%B0%E0%A4%BE%E0%A4%A4%E0%A4%BF%E0%A4%B6%E0%A4%BE%E0%A4%96%E0%A5%8D%E0%A4%AF%E0%A4%AE%E0%A5%8D,,
vedāṅga,ṣaṭkārakam.xml,Ṣaṭkāraka,,https://sa.wikisource.org/wiki/%E0%A4%B7%E0%A4%9F%E0%A5%8D%E0%A4%95%E0%A4%BE%E0%A4%B0%E0%A4%95%E0%A4%AE%E0%A5%8D,,
vedāṅga,ṣoḍaśaślokīśikṣā.xml,Ṣoḍaśaślokīśikṣā,,https://sa.wikisource.org/wiki/%E0%A4%B7%E0%A5%8B%E0%A4%A1%E0%A4%B6%E0%A4%B6%E0%A5%8D%E0%A4%B2%E0%A5%8B%E0%A4%95%E0%A5%80_%E0%A4%B6%E0%A4%BF%E0%A4%95%E0%A5%8D%E0%A4%B7%E0%A4%BE,,
āgama,ahirbudhnasaṃhitā.xml,Ahirbudhnasaṃhitā,,https://sa.wikisource.org/wiki/%E0%A4%85%E0%A4%B9%E0%A4%BF%E0%A4%B0%E0%A5%8D%E0%A4%AC%E0%A5%81%E0%A4%A7%E0%A5%8D%E0%A4%A8%E0%A4%B8%E0%A4%82%E0%A4%B9%E0%A4%BF%E0%A4%A4%E0%A4%BE,,
āgama,akulavīratantra.xml,Akulavīratantra,,https://sa.wikisource.org/wiki/%E0%A4%85%E0%A4%95%E0%A5%81%E0%A4%B2%E0%A4%B5%E0%A5%80%E0%A4%B0%E0%A4%A4%E0%A4%A8%E0%A5%8D%E0%A4%A4%E0%A5%8D%E0%A4%B0%E0%A4%AE%E0%A5%8D,,
āgama,aniruddhasaṃhitā.xml,Aniruddhasaṃhitā,,https://sa.wikisource.org/wiki/%E0%A4%85%E0%A4%A8%E0%A4%BF%E0%A4%B0%E0%A5%81%E0%A4%A6%E0%A5%8D%E0%A4%A7%E0%A4%B8%E0%A4%82%E0%A4%B9%E0%A4%BF%E0%A4%A4%E0%A4%BE,,
āgama,aṃśumatkāśyapāgama.xml,Aṃśumatkāśyapāgama,,https://sa.wikisource.org/wiki/%E0%A4%85%E0%A4%82%E0%A4%B6%E0%A5%81%E0%A4%AE%E0%A4%A4%E0%A5%8D%E0%A4%95%E0%A4%BE%E0%A4%B6%E0%A5%8D%E0%A4%AF%E0%A4%AA%E0%A4%BE%E0%A4%97%E0%A4%AE%E0%A4%83,,
āgama,bhārgavatantram.xml,Bhārgavatantra,,https://sa.wikisource.org/wiki/%E0%A4%AD%E0%A4%BE%E0%A4%B0%E0%A5%8D%E0%A4%97%E0%A4%B5%E0%A4%A4%E0%A4%A8%E0%A5%8D%E0%A4%A4%E0%A5%8D%E0%A4%B0%E0%A4%AE%E0%A5%8D,,
āgama,devyāḥ_kavacam.xml,Devyāḥ Kavaca,,https://sa.wikisource.org/wiki/%E0%A4%A6%E0%A5%87%E0%A4%B5%E0%A5%8D%E0%A4%AF%E0%A4%BE%E0%A4%83_%E0%A4%95%E0%A4%B5%E0%A4%9A%E0%A4%AE%E0%A5%8D,,
āgama,jayākhyasaṃhitā.xml,Jayākhyasaṃhitā,,https://sa.wikisource.org/wiki/%E0%A4%B5%E0%A4%B0%E0%A5%8D%E0%A4%97%E0%A4%83:%E0%A4%AA%E0%A4%BE%E0%A4%9E%E0%A5%8D%E0%A4%9A%E0%A4%B0%E0%A4%BE%E0%A4%A4%E0%A5%8D%E0%A4%B0%E0%A4%BE%E0%A4%97%E0%A4%AE%E0%A4%83,,
āgama,kriyādhikāra.xml,Kriyādhikāra,,https://sa.wikisource.org/wiki/%E0%A4%95%E0%A5%8D%E0%A4%B0%E0%A4%BF%E0%A4%AF%E0%A4%BE%E0%A4%A7%E0%A4%BF%E0%A4%95%E0%A4%BE%E0%A4%B0%E0%A4%83,,
āgama,kriyākairavacandrikā.xml,Kriyākairavacandrikā,,https://sa.wikisource.org/wiki/%EF%BB%BF%E0%A4%95%E0%A5%8D%E0%A4%B0%E0%A4%BF%E0%A4%AF%E0%A4%BE-%E0%A4%95%E0%A5%88%E0%A4%B0%E0%A4%B5-%E0%A4%9A%E0%A4%A8%E0%A5%8D%E0%A4%A6%E0%A5%8D%E0%A4%B0%E0%A4%BF%E0%A4%95%E0%A4%BE,,
āgama,kriyākramadyotikā.xml,Kriyākramadyotikā,,https://sa.wikisource.org/wiki/%E0%A4%95%E0%A5%8D%E0%A4%B0%E0%A4%BF%E0%A4%AF%E0%A4%BE%E0%A4%95%E0%A5%8D%E0%A4%B0%E0%A4%AE%E0%A4%BE%E0%A4%A6%E0%A5%8D%E0%A4%AF%E0%A5%8B%E0%A4%A4%E0%A4%BF%E0%A4%95%E0%A4%BE,,
āgama,lakṣmītantram.xml,Lakṣmītantra,,https://sa.wikisource.org/wiki/%E0%A4%B2%E0%A4%95%E0%A5%8D%E0%A4%B7%E0%A5%8D%E0%A4%AE%E0%A5%80%E0%A4%A4%E0%A4%A8%E0%A5%8D%E0%A4%A4%E0%A5%8D%E0%A4%B0%E0%A4%AE%E0%A5%8D,,
āgama,padmasaṃhitā.xml,Padmasaṃhitā,,https://sa.wikisource.org/wiki/%E0%A4%AA%E0%A4%A6%E0%A5%8D%E0%A4%AE%E0%A4%B8%E0%A4%82%E0%A4%B9%E0%A4%BF%E0%A4%A4%E0%A4%BE,,
āgama,paramapuruṣasaṃhitā.xml,Paramapuruṣasaṃhitā,,https://sa.wikisource.org/wiki/%E0%A4%AA%E0%A4%B0%E0%A4%AE%E0%A4%AA%E0%A5%81%E0%A4%B0%E0%A5%81%E0%A4%B7%E0%A4%B8%E0%A4%82%E0%A4%B9%E0%A4%BF%E0%A4%A4%E0%A4%BE,,
āgama,parameśvarasaṃhitā.xml,Parameśvarasaṃhitā,,https://sa.wikisource.org/wiki/%E0%A4%AA%E0%A4%B0%E0%A4%AE%E0%A5%87%E0%A4%B6%E0%A5%8D%E0%A4%B5%E0%A4%B0%E0%A4%B8%E0%A4%82%E0%A4%B9%E0%A4%BF%E0%A4%A4%E0%A4%BE,,
āgama,prayogamañjarī.xml,Prayogamañjarī,Raviḥ,https://sa.wikisource.org/wiki/%E0%A4%AA%E0%A5%8D%E0%A4%B0%E0%A4%AF%E0%A5%8B%E0%A4%97%E0%A4%AE%E0%A4%9E%E0%A5%8D%E0%A4%9C%E0%A4%B0%E0%A5%80,,
āgama,praśnasaṃhitā.xml,Praśnasaṃhitā,,https://sa.wikisource.org/wiki/%E0%A4%AA%E0%A5%8D%E0%A4%B0%E0%A4%B6%E0%A5%8D%E0%A4%A8%E0%A4%B8%E0%A4%82%E0%A4%B9%E0%A4%BF%E0%A4%A4%E0%A4%BE,,
āgama,puruṣottamasaṃhitā.xml,Puruṣottamasaṃhitā,,https://sa.wikisource.org/wiki/%E0%A4%AA%E0%A5%81%E0%A4%B0%E0%A5%81%E0%A4%B7%E0%A5%8B%E0%A4%A4%E0%A5%8D%E0%A4%A4%E0%A4%AE%E0%A4%B8%E0%A4%82%E0%A4%B9%E0%A4%BF%E0%A4%A4%E0%A4%BE,,
āgama,sāttvatasaṃhitā.xml,Sāttvatasaṃhitā,,https://sa.wikisource.org/wiki/%E0%A4%B8%E0%A4%BE%E0%A4%A4%E0%A5%8D%E0%A4%A4%E0%A5%8D%E0%A4%B5%E0%A4%A4%E0%A4%B8%E0%A4%82%E0%A4%B9%E0%A4%BF%E0%A4%A4%E0%A4%BE,,
āgama,viśvāmitrasaṃhitā.xml,Viśvāmitrasaṃhitā,,https://sa.wikisource.org/wiki/%E0%A4%B5%E0%A4%BF%E0%A4%B6%E0%A5%8D%E0%A4%B5%E0%A4%BE%E0%A4%AE%E0%A4%BF%E0%A4%A4%E0%A5%8D%E0%A4%B0%E0%A4%B8%E0%A4%82%E0%A4%B9%E0%A4%BF%E0%A4%A4%E0%A4%BE,,
āgama,viṣṇusaṃhitā.xml,Viṣṇusaṃhitā,,https://sa.wikisource.org/wiki/%E0%A4%B5%E0%A4%BF%E0%A4%B7%E0%A5%8D%E0%A4%A3%E0%A5%81%E0%A4%B8%E0%A4%82%E0%A4%B9%E0%A4%BF%E0%A4%A4%E0%A4%BE,,
āgama,yajñādhikāra.xml,Yajñādhikāra,,https://sa.wikisource.org/wiki/%E0%A4%AF%E0%A4%9C%E0%A5%8D%E0%A4%9E%E0%A4%BE%E0%A4%A7%E0%A4%BF%E0%A4%95%E0%A4%BE%E0%A4%B0%E0%A4%83,,
āgama,āgamaprāmāṇya.xml,Āgamaprāmāṇya,,https://sa.wikisource.org/wiki/%E0%A4%86%E0%A4%97%E0%A4%AE%E0%A4%AA%E0%A5%8D%E0%A4%B0%E0%A4%BE%E0%A4%AE%E0%A4%BE%E0%A4%A3%E0%A5%8D%E0%A4%AF%E0%A4%AE%E0%A5%8D,,