sub_folder,xml_filename,index_title,link,notes,author,best_text,duplicate_of_standard
,,,,,,,
darśanāni,adhikaraṇaratnamālā.txt,Adhikaraṇaratnamālā,https://sa.wikisource.org/wiki/%E0%A4%85%E0%A4%A7%E0%A4%BF%E0%A4%95%E0%A4%B0%E0%A4%A3%E0%A4%B0%E0%A4%A4%E0%A5%8D%E0%A4%A8%E0%A4%AE%E0%A4%BE%E0%A4%B2%E0%A4%BE,,,,
darśanāni,adhikaraṇasārāvaliḥ.txt,Adhikaraṇasārāvali,https://sa.wikisource.org/wiki/%E0%A4%85%E0%A4%A7%E0%A4%BF%E0%A4%95%E0%A4%B0%E0%A4%A3%E0%A4%B8%E0%A4%BE%E0%A4%B0%E0%A4%BE%E0%A4%B5%E0%A4%B2%E0%A4%BF%E0%A4%83,,,,
darśanāni,advaitamakaranda.txt,Advaitamakaranda,https://sa.wikisource.org/wiki/%E0%A4%85%E0%A4%A6%E0%A5%8D%E0%A4%B5%E0%A5%88%E0%A4%A4_%E0%A4%AE%E0%A4%95%E0%A4%B0%E0%A4%A8%E0%A5%8D%E0%A4%A6,,,,
darśanāni,advaitapañcaratnam.txt,Advaitapañcaratna,https://sa.wikisource.org/wiki/%E0%A4%85%E0%A4%A6%E0%A5%8D%E0%A4%B5%E0%A5%88%E0%A4%A4%E0%A4%AA%E0%A4%9E%E0%A5%8D%E0%A4%9A%E0%A4%B0%E0%A4%A4%E0%A5%8D%E0%A4%A8%E0%A4%AE%E0%A5%8D,,,,
darśanāni,advaitarasamañjarī.txt,Advaitarasamañjarī,https://sa.wikisource.org/wiki/%E0%A4%85%E0%A4%A6%E0%A5%8D%E0%A4%B5%E0%A5%88%E0%A4%A4%E0%A4%B0%E0%A4%B8%E0%A4%AE%E0%A4%9E%E0%A5%8D%E0%A4%9C%E0%A4%B0%E0%A5%80,,,,
darśanāni,advaitasiddhiḥ.txt,Advaitasiddhi,https://sa.wikisource.org/wiki/%E0%A4%85%E0%A4%A6%E0%A5%8D%E0%A4%B5%E0%A5%88%E0%A4%A4%E0%A4%B8%E0%A4%BF%E0%A4%A6%E0%A5%8D%E0%A4%A7%E0%A4%BF%E0%A4%83,,Madhusūdanasarasvatī,,
darśanāni,advaitānubhūtiḥ.txt,Advaitānubhūti,https://sa.wikisource.org/wiki/%E0%A4%85%E0%A4%A6%E0%A5%8D%E0%A4%B5%E0%A5%88%E0%A4%A4%E0%A4%BE%E0%A4%A8%E0%A5%81%E0%A4%AD%E0%A5%82%E0%A4%A4%E0%A4%BF%E0%A4%83,,,,
darśanāni,advayaparamārthanāmasaṃgītiḥ.txt,Advayaparamārthanāmasaṃgīti,https://sa.wikisource.org/wiki/%E0%A4%85%E0%A4%A6%E0%A5%8D%E0%A4%B5%E0%A4%AF%E0%A4%AA%E0%A4%B0%E0%A4%AE%E0%A4%BE%E0%A4%B0%E0%A5%8D%E0%A4%A5%E0%A4%A8%E0%A4%BE%E0%A4%AE%E0%A4%B8%E0%A4%82%E0%A4%97%E0%A5%80%E0%A4%A4%E0%A4%BF%E0%A4%83,,,,
darśanāni,anātmaśrīvigarhaṇaprakaraṇam.txt,Anātmaśrīvigarhaṇaprakaraṇa,https://sa.wikisource.org/wiki/%E0%A4%85%E0%A4%A8%E0%A4%BE%E0%A4%A4%E0%A5%8D%E0%A4%AE%E0%A4%B6%E0%A5%8D%E0%A4%B0%E0%A5%80%E0%A4%B5%E0%A4%BF%E0%A4%97%E0%A4%B0%E0%A5%8D%E0%A4%B9%E0%A4%A3%E0%A4%AA%E0%A5%8D%E0%A4%B0%E0%A4%95%E0%A4%B0%E0%A4%A3%E0%A4%AE%E0%A5%8D,,,,
darśanāni,aparokṣānubhūtiḥ.txt,Aparokṣānubhūti,https://sa.wikisource.org/wiki/%E0%A4%85%E0%A4%AA%E0%A4%B0%E0%A5%8B%E0%A4%95%E0%A5%8D%E0%A4%B7%E0%A4%BE%E0%A4%A8%E0%A5%81%E0%A4%AD%E0%A5%82%E0%A4%A4%E0%A4%BF%E0%A4%83,,,,
darśanāni,arthasaṃgrahaḥ_laugākṣibhāskaraḥ.txt,Arthasaṃgraha-Laugākṣibhāskara,https://sa.wikisource.org/wiki/%E0%A4%85%E0%A4%B0%E0%A5%8D%E0%A4%A5%E0%A4%B8%E0%A4%82%E0%A4%97%E0%A5%8D%E0%A4%B0%E0%A4%B9%E0%A4%83,,,,
darśanāni,bhagavadbhaktirasāyanam.txt,Bhagavadbhaktirasāyana,https://sa.wikisource.org/wiki/%E0%A4%AD%E0%A4%97%E0%A4%B5%E0%A4%A6%E0%A5%8D%E0%A4%AD%E0%A4%95%E0%A5%8D%E0%A4%A4%E0%A4%BF%E0%A4%B0%E0%A4%B8%E0%A4%BE%E0%A4%AF%E0%A4%A8%E0%A4%AE%E0%A5%8D,,Śrīmadhusūdanasarasvatī,,
darśanāni,bhedojjīvanam.txt,Bhedojjīvana,https://sa.wikisource.org/wiki/%E0%A4%AD%E0%A5%87%E0%A4%A6%E0%A5%8B%E0%A4%9C%E0%A5%8D%E0%A4%9C%E0%A5%80%E0%A4%B5%E0%A4%A8%E0%A4%AE%E0%A5%8D,,,,
darśanāni,bhāvadīpaḥ.txt,Bhāvadīpa,https://sa.wikisource.org/wiki/%E0%A4%AD%E0%A4%BE%E0%A4%B5%E0%A4%A6%E0%A5%80%E0%A4%AA%E0%A4%83,,,,
darśanāni,bhāvaprakāśikā.txt,Bhāvaprakāśikā,https://sa.wikisource.org/wiki/%E0%A4%AD%E0%A4%BE%E0%A4%B5%E0%A4%AA%E0%A5%8D%E0%A4%B0%E0%A4%95%E0%A4%BE%E0%A4%B6%E0%A4%BF%E0%A4%95%E0%A4%BE,,,,
darśanāni,bhāṭṭarahasyam_khaṇḍadevaḥ.txt,Bhāṭṭarahasyam,https://sa.wikisource.org/wiki/%E0%A4%AD%E0%A4%BE%E0%A4%9F%E0%A5%8D%E0%A4%9F%E0%A4%B0%E0%A4%B9%E0%A4%B8%E0%A5%8D%E0%A4%AF%E0%A4%AE%E0%A5%8D,,,,
darśanāni,brahmānucintanam.txt,Brahmānucintana,https://sa.wikisource.org/wiki/%E0%A4%AC%E0%A5%8D%E0%A4%B0%E0%A4%B9%E0%A5%8D%E0%A4%AE%E0%A4%BE%E0%A4%A8%E0%A5%81%E0%A4%9A%E0%A4%BF%E0%A4%A8%E0%A5%8D%E0%A4%A4%E0%A4%A8%E0%A4%AE%E0%A5%8D,,,,
darśanāni,brāhṛsūtrārthapadyamālikā.txt,Brāhṛsūtrārthapadyamālikā,https://sa.wikisource.org/wiki/%E0%A4%AC%E0%A5%8D%E0%A4%B0%E0%A4%BE%E0%A4%B9%E0%A5%83%E0%A4%B8%E0%A5%82%E0%A4%A4%E0%A5%8D%E0%A4%B0%E0%A4%BE%E0%A4%B0%E0%A5%8D%E0%A4%A5%E0%A4%AA%E0%A4%A6%E0%A5%8D%E0%A4%AF%E0%A4%AE%E0%A4%BE%E0%A4%B2%E0%A4%BF%E0%A4%95%E0%A4%BE,,,,
darśanāni,caturhastikā.txt,Caturhastikā,https://sa.wikisource.org/wiki/%E0%A4%9A%E0%A4%A4%E0%A5%81%E0%A4%B0%E0%A5%8D%E0%A4%B9%E0%A4%B8%E0%A5%8D%E0%A4%A4%E0%A4%BF%E0%A4%95%E0%A4%BE,,,,
darśanāni,cidgaganacandrikā.txt,Cidgaganacandrikā,https://sa.wikisource.org/wiki/%E0%A4%9A%E0%A4%BF%E0%A4%A6%E0%A5%8D%E0%A4%97%E0%A4%97%E0%A4%A8%E0%A4%9A%E0%A4%A8%E0%A5%8D%E0%A4%A6%E0%A5%8D%E0%A4%B0%E0%A4%BF%E0%A4%95%E0%A4%BE,,,,
darśanāni,dattātreyayogaśāstram.txt,Dattātreyayogaśāstra,https://sa.wikisource.org/wiki/%E0%A4%A6%E0%A4%A4%E0%A5%8D%E0%A4%A4%E0%A4%BE%E0%A4%A4%E0%A5%8D%E0%A4%B0%E0%A5%87%E0%A4%AF%E0%A4%AF%E0%A5%8B%E0%A4%97%E0%A4%B6%E0%A4%BE%E0%A4%B8%E0%A5%8D%E0%A4%A4%E0%A5%8D%E0%A4%B0%E0%A4%AE%E0%A5%8D,,,,
darśanāni,daśaślokī.txt,Daśaślokī,https://sa.wikisource.org/wiki/%E0%A4%A6%E0%A4%B6%E0%A4%B6%E0%A5%8D%E0%A4%B2%E0%A5%8B%E0%A4%95%E0%A5%80,,,,
darśanāni,daśaślokīstutiḥ_bṛhatstotraratnākarāntargatā.txt,Daśaślokīstuti (Bṛhatstotraratnākarāntargatā),https://sa.wikisource.org/wiki/%E0%A4%A6%E0%A4%B6%E0%A4%B6%E0%A5%8D%E0%A4%B2%E0%A5%8B%E0%A4%95%E0%A5%80%E0%A4%B8%E0%A5%8D%E0%A4%A4%E0%A5%81%E0%A4%A4%E0%A4%BF%E0%A4%83_(%E0%A4%AC%E0%A5%83%E0%A4%B9%E0%A4%A4%E0%A5%8D%E0%A4%B8%E0%A5%8D%E0%A4%A4%E0%A5%8B%E0%A4%A4%E0%A5%8D%E0%A4%B0%E0%A4%B0%E0%A4%A4%E0%A5%8D%E0%A4%A8%E0%A4%BE%E0%A4%95%E0%A4%B0%E0%A4%BE%E0%A4%A8%E0%A5%8D%E0%A4%A4%E0%A4%B0%E0%A5%8D%E0%A4%97%E0%A4%A4%E0%A4%BE),,Śaṅkarācārya,,
darśanāni,dhanyāṣṭakam.txt,Dhanyāṣṭaka,https://sa.wikisource.org/wiki/%E0%A4%A7%E0%A4%A8%E0%A5%8D%E0%A4%AF%E0%A4%BE%E0%A4%B7%E0%A5%8D%E0%A4%9F%E0%A4%95%E0%A4%AE%E0%A5%8D,,Śaṅkarācārya,,
darśanāni,dvaitadyumaṇipariśiṣṭam.txt,Dvaitadyumaṇipariśiṣṭa,https://sa.wikisource.org/wiki/%E0%A4%A6%E0%A5%8D%E0%A4%B5%E0%A5%88%E0%A4%A4%E0%A4%A6%E0%A5%8D%E0%A4%AF%E0%A5%81%E0%A4%AE%E0%A4%A3%E0%A4%BF%E0%A4%AA%E0%A4%B0%E0%A4%BF%E0%A4%B6%E0%A4%BF%E0%A4%B7%E0%A5%8D%E0%A4%9F%E0%A4%AE%E0%A5%8D,,,,
darśanāni,dvādaśastotrāṇi.txt,Dvādaśastotrāṇi,https://sa.wikisource.org/wiki/%E0%A4%A6%E0%A5%8D%E0%A4%B5%E0%A4%BE%E0%A4%A6%E0%A4%B6%E0%A4%B8%E0%A5%8D%E0%A4%A4%E0%A5%8B%E0%A4%A4%E0%A5%8D%E0%A4%B0%E0%A4%BE%E0%A4%A3%E0%A4%BF,,,,
darśanāni,dṛgdṛśyavivekaḥ.txt,Dṛgdṛśyaviveka,https://sa.wikisource.org/wiki/%E0%A4%A6%E0%A5%83%E0%A4%97%E0%A5%8D%E0%A4%A6%E0%A5%83%E0%A4%B6%E0%A5%8D%E0%A4%AF%E0%A4%B5%E0%A4%BF%E0%A4%B5%E0%A5%87%E0%A4%95%E0%A4%83,,,,
darśanāni,gurorguṇamaṇimālā.txt,Gurorguṇamaṇimālā,https://sa.wikisource.org/wiki/%E0%A4%97%E0%A5%81%E0%A4%B0%E0%A5%8B%E0%A4%B0%E0%A5%8D%E0%A4%97%E0%A5%81%E0%A4%A3%E0%A4%AE%E0%A4%A3%E0%A4%BF%E0%A4%AE%E0%A4%BE%E0%A4%B2%E0%A4%BE,,,,
darśanāni,gītābhāṣyatātparyacandrikā.txt,Gītābhāṣyatātparyacandrikā,https://sa.wikisource.org/wiki/%E0%A4%97%E0%A5%80%E0%A4%A4%E0%A4%BE%E0%A4%AD%E0%A4%BE%E0%A4%B7%E0%A5%8D%E0%A4%AF%E0%A4%A4%E0%A4%BE%E0%A4%A4%E0%A5%8D%E0%A4%AA%E0%A4%B0%E0%A5%8D%E0%A4%AF%E0%A4%9A%E0%A4%A8%E0%A5%8D%E0%A4%A6%E0%A5%8D%E0%A4%B0%E0%A4%BF%E0%A4%95%E0%A4%BE,,,,
darśanāni,gītātātparyanirṇayaḥ.txt,Gītātātparyanirṇaya,https://sa.wikisource.org/wiki/%E0%A4%97%E0%A5%80%E0%A4%A4%E0%A4%BE%E0%A4%A4%E0%A4%BE%E0%A4%A4%E0%A5%8D%E0%A4%AA%E0%A4%B0%E0%A5%8D%E0%A4%AF%E0%A4%A8%E0%A4%BF%E0%A4%B0%E0%A5%8D%E0%A4%A3%E0%A4%AF%E0%A4%83,,,,
darśanāni,gītātātparyaṭīkābhāvadīpaḥ.txt,Gītātātparyaṭīkābhāvadīpa,https://sa.wikisource.org/wiki/%E0%A4%97%E0%A5%80%E0%A4%A4%E0%A4%BE%E0%A4%A4%E0%A4%BE%E0%A4%A4%E0%A5%8D%E0%A4%AA%E0%A4%B0%E0%A5%8D%E0%A4%AF%E0%A4%9F%E0%A5%80%E0%A4%95%E0%A4%BE%E0%A4%AD%E0%A4%BE%E0%A4%B5%E0%A4%A6%E0%A5%80%E0%A4%AA%E0%A4%83,,,,
darśanāni,jayantīkalpaḥ.txt,Jayantīkalpa,https://sa.wikisource.org/wiki/%E0%A4%9C%E0%A4%AF%E0%A4%A8%E0%A5%8D%E0%A4%A4%E0%A5%80%E0%A4%95%E0%A4%B2%E0%A5%8D%E0%A4%AA%E0%A4%83,,,,
darśanāni,jinendraguṇasaṃstutiḥ.txt,Jinendraguṇasaṃstuti,https://sa.wikisource.org/wiki/%E0%A4%9C%E0%A4%BF%E0%A4%A8%E0%A5%87%E0%A4%A8%E0%A5%8D%E0%A4%A6%E0%A5%8D%E0%A4%B0%E0%A4%97%E0%A5%81%E0%A4%A3%E0%A4%B8%E0%A4%82%E0%A4%B8%E0%A5%8D%E0%A4%A4%E0%A5%81%E0%A4%A4%E0%A4%BF%E0%A4%83,,,,
darśanāni,jīvanmuktānandalaharī.txt,Jīvanmuktānandalaharī,https://sa.wikisource.org/wiki/%E0%A4%9C%E0%A5%80%E0%A4%B5%E0%A4%A8%E0%A5%8D%E0%A4%AE%E0%A5%81%E0%A4%95%E0%A5%8D%E0%A4%A4%E0%A4%BE%E0%A4%A8%E0%A4%A8%E0%A5%8D%E0%A4%A6%E0%A4%B2%E0%A4%B9%E0%A4%B0%E0%A5%80,,,,
darśanāni,karmanirṇayaḥ.txt,Karmanirṇaya,https://sa.wikisource.org/wiki/%E0%A4%95%E0%A4%B0%E0%A5%8D%E0%A4%AE%E0%A4%A8%E0%A4%BF%E0%A4%B0%E0%A5%8D%E0%A4%A3%E0%A4%AF%E0%A4%83,,,,
darśanāni,kaupīnapañcakam.txt,Kaupīnapañcaka,https://sa.wikisource.org/wiki/%E0%A4%95%E0%A5%8C%E0%A4%AA%E0%A5%80%E0%A4%A8%E0%A4%AA%E0%A4%9E%E0%A5%8D%E0%A4%9A%E0%A4%95%E0%A4%AE%E0%A5%8D,,,,
darśanāni,kenopaniṣadbhāṣyam.txt,Kenopaniṣadbhāṣya,https://sa.wikisource.org/wiki/%E0%A4%95%E0%A5%87%E0%A4%A8%E0%A5%8B%E0%A4%AA%E0%A4%A8%E0%A4%BF%E0%A4%B7%E0%A4%A6%E0%A5%8D%E0%A4%AD%E0%A4%BE%E0%A4%B7%E0%A5%8D%E0%A4%AF%E0%A4%AE%E0%A5%8D,,,,
darśanāni,kriyāsāraḥ.txt,Kriyāsāra,https://sa.wikisource.org/wiki/%E0%A4%95%E0%A5%8D%E0%A4%B0%E0%A4%BF%E0%A4%AF%E0%A4%BE%E0%A4%B8%E0%A4%BE%E0%A4%B0%E0%A4%83,,,,
darśanāni,kārikāvali.txt,Kārikāvali,https://sa.wikisource.org/wiki/%E0%A4%95%E0%A4%BE%E0%A4%B0%E0%A4%BF%E0%A4%95%E0%A4%BE%E0%A4%B5%E0%A4%B2%E0%A4%BF,,,,
darśanāni,laghuvākyavṛttiḥ.txt,Laghuvākyavṛtti,https://sa.wikisource.org/wiki/%E0%A4%B2%E0%A4%98%E0%A5%81%E0%A4%B5%E0%A4%BE%E0%A4%95%E0%A5%8D%E0%A4%AF%E0%A4%B5%E0%A5%83%E0%A4%A4%E0%A5%8D%E0%A4%A4%E0%A4%BF%E0%A4%83,,,,
darśanāni,laghuyogavāsiṣṭhaḥ.txt,Laghuyogavāsiṣṭha,https://sa.wikisource.org/wiki/%E0%A4%B2%E0%A4%98%E0%A5%81%E0%A4%AF%E0%A5%8B%E0%A4%97%E0%A4%B5%E0%A4%BE%E0%A4%B8%E0%A4%BF%E0%A4%B7%E0%A5%8D%E0%A4%A0%E0%A4%83,,,,
darśanāni,manīṣāpañcakam.txt,Manīṣāpañcaka,https://sa.wikisource.org/wiki/%E0%A4%AE%E0%A4%A8%E0%A5%80%E0%A4%B7%E0%A4%BE%E0%A4%AA%E0%A4%9E%E0%A5%8D%E0%A4%9A%E0%A4%95%E0%A4%AE%E0%A5%8D,,,,
darśanāni,mokṣopāyaṭīkā.txt,Mokṣopāyaṭīkā,https://sa.wikisource.org/wiki/%E0%A4%AE%E0%A5%8B%E0%A4%95%E0%A5%8D%E0%A4%B7%E0%A5%8B%E0%A4%AA%E0%A4%BE%E0%A4%AF%E0%A4%9F%E0%A5%80%E0%A4%95%E0%A4%BE,,Bhāskarakaṇṭha,,
darśanāni,muṇḍakopaniṣadbhāṣyam.txt,Muṇḍakopaniṣadbhāṣya,https://sa.wikisource.org/wiki/%E0%A4%AE%E0%A5%81%E0%A4%A3%E0%A5%8D%E0%A4%A1%E0%A4%95%E0%A5%8B%E0%A4%AA%E0%A4%A8%E0%A4%BF%E0%A4%B7%E0%A4%A6%E0%A5%8D%E0%A4%AD%E0%A4%BE%E0%A4%B7%E0%A5%8D%E0%A4%AF%E0%A4%AE%E0%A5%8D,,,,
darśanāni,mānameyodayaḥ_nārāyaṇabhaṭṭaḥ.txt,Mānameyodaya,https://sa.wikisource.org/wiki/%E0%A4%AE%E0%A4%BE%E0%A4%A8%E0%A4%AE%E0%A5%87%E0%A4%AF%E0%A5%8B%E0%A4%A6%E0%A4%AF%E0%A4%83,,Nārāyaṇabhaṭṭa,,
darśanāni,māyāpañcakam.txt,Māyāpañcaka,https://sa.wikisource.org/wiki/%E0%A4%AE%E0%A4%BE%E0%A4%AF%E0%A4%BE%E0%A4%AA%E0%A4%9E%E0%A5%8D%E0%A4%9A%E0%A4%95%E0%A4%AE%E0%A5%8D,,,,
darśanāni,mīmāṃsānyāyaprakāśaḥ_āpadevaḥ.txt,Mīmāṃsānyāyaprakāśa,https://sa.wikisource.org/wiki/%E0%A4%AE%E0%A5%80%E0%A4%AE%E0%A4%BE%E0%A4%82%E0%A4%B8%E0%A4%BE%E0%A4%A8%E0%A5%8D%E0%A4%AF%E0%A4%BE%E0%A4%AF%E0%A4%AA%E0%A5%8D%E0%A4%B0%E0%A4%95%E0%A4%BE%E0%A4%B6%E0%A4%83,,Āpadeva,,
darśanāni,mīmāṃsāparibhāṣā_kṛṣṇayajvaḥ.txt,Mīmāṃsāparibhāṣā,https://sa.wikisource.org/wiki/%E0%A4%AE%E0%A5%80%E0%A4%AE%E0%A4%BE%E0%A4%82%E0%A4%B8%E0%A4%BE%E0%A4%AA%E0%A4%B0%E0%A4%BF%E0%A4%AD%E0%A4%BE%E0%A4%B7%E0%A4%BE,,Kṛṣṇayajva,,
darśanāni,naiṣkarmyasiddhiḥ.txt,Naiṣkarmyasiddhi,https://sa.wikisource.org/wiki/%E0%A4%A8%E0%A5%88%E0%A4%B7%E0%A5%8D%E0%A4%95%E0%A4%B0%E0%A5%8D%E0%A4%AE%E0%A5%8D%E0%A4%AF%E0%A4%B8%E0%A4%BF%E0%A4%A6%E0%A5%8D%E0%A4%A7%E0%A4%BF%E0%A4%83,,Sureśvara,,
darśanāni,nayamayūkhamālikā.txt,Nayamayūkhamālikā,https://sa.wikisource.org/wiki/%E0%A4%A8%E0%A4%AF%E0%A4%AE%E0%A4%AF%E0%A5%82%E0%A4%96%E0%A4%AE%E0%A4%BE%E0%A4%B2%E0%A4%BF%E0%A4%95%E0%A4%BE,,,,
darśanāni,nayasaṅgatimālikā.txt,Nayasaṅgatimālikā,https://sa.wikisource.org/wiki/%E0%A4%A8%E0%A4%AF%E0%A4%B8%E0%A4%99%E0%A5%8D%E0%A4%97%E0%A4%A4%E0%A4%BF%E0%A4%AE%E0%A4%BE%E0%A4%B2%E0%A4%BF%E0%A4%95%E0%A4%BE,,,,
darśanāni,nirguṇamānasapūjā.txt,Nirguṇamānasapūjā,https://sa.wikisource.org/wiki/%E0%A4%A8%E0%A4%BF%E0%A4%B0%E0%A5%8D%E0%A4%97%E0%A5%81%E0%A4%A3%E0%A4%AE%E0%A4%BE%E0%A4%A8%E0%A4%B8%E0%A4%AA%E0%A5%82%E0%A4%9C%E0%A4%BE,,,,
darśanāni,nirvāṇamañjarī.txt,Nirvāṇamañjarī,https://sa.wikisource.org/wiki/%E0%A4%A8%E0%A4%BF%E0%A4%B0%E0%A5%8D%E0%A4%B5%E0%A4%BE%E0%A4%A3%E0%A4%AE%E0%A4%9E%E0%A5%8D%E0%A4%9C%E0%A4%B0%E0%A5%80,,,,
darśanāni,nirvāṇaṣaṭkam.txt,Nirvāṇaṣaṭka,https://sa.wikisource.org/wiki/%E0%A4%A8%E0%A4%BF%E0%A4%B0%E0%A5%8D%E0%A4%B5%E0%A4%BE%E0%A4%A3%E0%A4%B7%E0%A4%9F%E0%A5%8D%E0%A4%95%E0%A4%AE%E0%A5%8D,,,,
darśanāni,nyāyadīpikā.txt,Nyāyadīpikā,https://sa.wikisource.org/wiki/%E0%A4%A8%E0%A5%8D%E0%A4%AF%E0%A4%BE%E0%A4%AF%E0%A4%A6%E0%A5%80%E0%A4%AA%E0%A4%BF%E0%A4%95%E0%A4%BE,,,,
darśanāni,nyāyakalāpasaṅgrahaḥ.txt,Nyāyakalāpasaṅgraha,https://sa.wikisource.org/wiki/%E0%A4%A8%E0%A5%8D%E0%A4%AF%E0%A4%BE%E0%A4%AF%E0%A4%95%E0%A4%B2%E0%A4%BE%E0%A4%AA%E0%A4%B8%E0%A4%99%E0%A5%8D%E0%A4%97%E0%A5%8D%E0%A4%B0%E0%A4%B9%E0%A4%83,,,,
darśanāni,nyāyamuktāvalī.txt,Nyāyamuktāvalī,https://sa.wikisource.org/wiki/%E0%A4%A8%E0%A5%8D%E0%A4%AF%E0%A4%BE%E0%A4%AF%E0%A4%AE%E0%A5%81%E0%A4%95%E0%A5%8D%E0%A4%A4%E0%A4%BE%E0%A4%B5%E0%A4%B2%E0%A5%80,,,,
darśanāni,nyāyasiddhāntamuktāvalī.txt,Nyāyasiddhāntamuktāvalī,https://sa.wikisource.org/wiki/%E0%A4%A8%E0%A5%8D%E0%A4%AF%E0%A4%BE%E0%A4%AF%E0%A4%B8%E0%A4%BF%E0%A4%A6%E0%A5%8D%E0%A4%A7%E0%A4%BE%E0%A4%A8%E0%A5%8D%E0%A4%A4%E0%A4%AE%E0%A5%81%E0%A4%95%E0%A5%8D%E0%A4%A4%E0%A4%BE%E0%A4%B5%E0%A4%B2%E0%A5%80,,Viśvanāthapañcānana,,
darśanāni,parāprāveśikā.txt,Parāprāveśikā,https://sa.wikisource.org/wiki/%E0%A4%AA%E0%A4%B0%E0%A4%BE%E0%A4%AA%E0%A5%8D%E0%A4%B0%E0%A4%BE%E0%A4%B5%E0%A5%87%E0%A4%B6%E0%A4%BF%E0%A4%95%E0%A4%BE,,,,
darśanāni,pañcadaśī.txt,Pañcadaśī,https://sa.wikisource.org/wiki/%E0%A4%AA%E0%A4%9E%E0%A5%8D%E0%A4%9A%E0%A4%A6%E0%A4%B6%E0%A5%80,,Vidyāraṇya,,
darśanāni,pañcapādikāvivaraṇam.txt,Pañcapādikāvivaraṇa,https://sa.wikisource.org/wiki/%E0%A4%AA%E0%A4%9E%E0%A5%8D%E0%A4%9A%E0%A4%AA%E0%A4%BE%E0%A4%A6%E0%A4%BF%E0%A4%95%E0%A4%BE%E0%A4%B5%E0%A4%BF%E0%A4%B5%E0%A4%B0%E0%A4%A3%E0%A4%AE%E0%A5%8D,,Śrīprakāśātmayati,,
darśanāni,pañcīkaraṇam.txt,Pañcīkaraṇa,https://sa.wikisource.org/wiki/%E0%A4%AA%E0%A4%9E%E0%A5%8D%E0%A4%9A%E0%A5%80%E0%A4%95%E0%A4%B0%E0%A4%A3%E0%A4%AE%E0%A5%8D,,,,
darśanāni,prabodhasudhākaraḥ.txt,Prabodhasudhākara,https://sa.wikisource.org/wiki/%E0%A4%AA%E0%A5%8D%E0%A4%B0%E0%A4%AC%E0%A5%8B%E0%A4%A7%E0%A4%B8%E0%A5%81%E0%A4%A7%E0%A4%BE%E0%A4%95%E0%A4%B0%E0%A4%83,,,,
darśanāni,pramāṇalakṣaṇam.txt,Pramāṇalakṣaṇa,https://sa.wikisource.org/wiki/%E0%A4%AA%E0%A5%8D%E0%A4%B0%E0%A4%AE%E0%A4%BE%E0%A4%A3%E0%A4%B2%E0%A4%95%E0%A5%8D%E0%A4%B7%E0%A4%A3%E0%A4%AE%E0%A5%8D,,,,
darśanāni,pramāṇapaddhatiḥ.txt,Pramāṇapaddhati,https://sa.wikisource.org/wiki/%E0%A4%AA%E0%A5%8D%E0%A4%B0%E0%A4%AE%E0%A4%BE%E0%A4%A3%E0%A4%AA%E0%A4%A6%E0%A5%8D%E0%A4%A7%E0%A4%A4%E0%A4%BF%E0%A4%83,,,,
darśanāni,prauḍhānubhūtiḥ_samūlam.txt,Prauḍhānubhūti,https://sa.wikisource.org/wiki/%E0%A4%AA%E0%A5%8D%E0%A4%B0%E0%A5%8C%E0%A4%A2%E0%A4%BE%E0%A4%A8%E0%A5%81%E0%A4%AD%E0%A5%82%E0%A4%A4%E0%A4%BF%E0%A4%83,,,,
darśanāni,prauḍhānubhūtiḥ.txt,Prauḍhānubhūti,https://sa.wikisource.org/wiki/%E0%A4%AA%E0%A5%8D%E0%A4%B0%E0%A5%8C%E0%A4%A2%E0%A4%BE%E0%A4%A8%E0%A5%81%E0%A4%AD%E0%A5%82%E0%A4%A4%E0%A4%BF%E0%A4%83,,,,
darśanāni,praśnottararatnamālikā.txt,Praśnottararatnamālikā,https://sa.wikisource.org/wiki/%E0%A4%AA%E0%A5%8D%E0%A4%B0%E0%A4%B6%E0%A5%8D%E0%A4%A8%E0%A5%8B%E0%A4%A4%E0%A5%8D%E0%A4%A4%E0%A4%B0%E0%A4%B0%E0%A4%A4%E0%A5%8D%E0%A4%A8%E0%A4%AE%E0%A4%BE%E0%A4%B2%E0%A4%BF%E0%A4%95%E0%A4%BE,,,,
darśanāni,praṇavakalpaḥ.txt,Praṇavakalpa,https://sa.wikisource.org/wiki/%E0%A4%AA%E0%A5%8D%E0%A4%B0%E0%A4%A3%E0%A4%B5%E0%A4%95%E0%A4%B2%E0%A5%8D%E0%A4%AA%E0%A4%83,,,,
darśanāni,pātañjalayogadarśanam_vyāsabhāṣyasametam.txt,Pātañjalayogadarśana (Vyāsabhāṣyasameta),https://sa.wikisource.org/wiki/%E0%A4%AA%E0%A4%BE%E0%A4%A4%E0%A4%9E%E0%A5%8D%E0%A4%9C%E0%A4%B2%E0%A4%AF%E0%A5%8B%E0%A4%97%E0%A4%A6%E0%A4%B0%E0%A5%8D%E0%A4%B6%E0%A4%A8%E0%A4%AE%E0%A5%8D_-_%E0%A4%B5%E0%A5%8D%E0%A4%AF%E0%A4%BE%E0%A4%B8%E0%A4%AD%E0%A4%BE%E0%A4%B7%E0%A5%8D%E0%A4%AF%E0%A4%B8%E0%A4%AE%E0%A5%87%E0%A4%A4%E0%A4%AE%E0%A5%8D,,,,
darśanāni,pūrvapakṣīyavyāptiḥ.txt,Pūrvapakṣīyavyāpti,https://sa.wikisource.org/wiki/%E0%A4%AA%E0%A5%82%E0%A4%B0%E0%A5%8D%E0%A4%B5%E0%A4%AA%E0%A4%95%E0%A5%8D%E0%A4%B7%E0%A5%80%E0%A4%AF%E0%A4%B5%E0%A5%8D%E0%A4%AF%E0%A4%BE%E0%A4%AA%E0%A5%8D%E0%A4%A4%E0%A4%BF%E0%A4%83,,,,
darśanāni,ratnāvadānam_1.txt,Ratnāvadānam-1,https://sa.wikisource.org/wiki/%E0%A4%B0%E0%A4%A4%E0%A5%8D%E0%A4%A8%E0%A4%BE%E0%A4%B5%E0%A4%A6%E0%A4%BE%E0%A4%A8%E0%A4%AE%E0%A5%8D-%E0%A5%A7,,,,
darśanāni,ratnāvadānam_2.txt,Ratnāvadānam-2,https://sa.wikisource.org/wiki/%E0%A4%B0%E0%A4%A4%E0%A5%8D%E0%A4%A8%E0%A4%BE%E0%A4%B5%E0%A4%A6%E0%A4%BE%E0%A4%A8%E0%A4%AE%E0%A5%8D-%E0%A5%A8,,,,
darśanāni,sadācārasmṛtiḥ.txt,Sadācārasmṛti,https://sa.wikisource.org/wiki/%E0%A4%B8%E0%A4%A6%E0%A4%BE%E0%A4%9A%E0%A4%BE%E0%A4%B0%E0%A4%B8%E0%A5%8D%E0%A4%AE%E0%A5%83%E0%A4%A4%E0%A4%BF%E0%A4%83,,,,
darśanāni,sadācārānusandhānam.txt,Sadācārānusandhāna,https://sa.wikisource.org/wiki/%E0%A4%B8%E0%A4%A6%E0%A4%BE%E0%A4%9A%E0%A4%BE%E0%A4%B0%E0%A4%BE%E0%A4%A8%E0%A5%81%E0%A4%B8%E0%A4%A8%E0%A5%8D%E0%A4%A7%E0%A4%BE%E0%A4%A8%E0%A4%AE%E0%A5%8D,,,,
darśanāni,sarvalakṣaṇapadārthalakṣaṇasaṃgrahaḥ.txt,Sarvalakṣaṇapadārthalakṣaṇasaṃgraha,https://sa.wikisource.org/wiki/%E0%A4%B8%E0%A4%B0%E0%A5%8D%E0%A4%B5%E0%A4%B2%E0%A4%95%E0%A5%8D%E0%A4%B7%E0%A4%A3%E0%A4%AA%E0%A4%A6%E0%A4%BE%E0%A4%B0%E0%A5%8D%E0%A4%A5%E0%A4%B2%E0%A4%95%E0%A5%8D%E0%A4%B7%E0%A4%A3%E0%A4%B8%E0%A4%82%E0%A4%97%E0%A5%8D%E0%A4%B0%E0%A4%B9%E0%A4%83,,,,
darśanāni,sarvavedāntasiddhāntasārasaṃgrahaḥ.txt,Sarvavedāntasiddhāntasārasaṃgraha,https://sa.wikisource.org/wiki/%E0%A4%B8%E0%A4%B0%E0%A5%8D%E0%A4%B5%E0%A4%B5%E0%A5%87%E0%A4%A6%E0%A4%BE%E0%A4%A8%E0%A5%8D%E0%A4%A4%E0%A4%B8%E0%A4%BF%E0%A4%A6%E0%A5%8D%E0%A4%A7%E0%A4%BE%E0%A4%A8%E0%A5%8D%E0%A4%A4%E0%A4%B8%E0%A4%BE%E0%A4%B0%E0%A4%B8%E0%A4%82%E0%A4%97%E0%A5%8D%E0%A4%B0%E0%A4%B9%E0%A4%83,,,,
darśanāni,siddhāntaleśasaṅgrahaḥ.txt,Siddhāntaleśasaṅgraha,https://sa.wikisource.org/wiki/%E0%A4%B8%E0%A4%BF%E0%A4%A6%E0%A5%8D%E0%A4%A7%E0%A4%BE%E0%A4%A8%E0%A5%8D%E0%A4%A4%E0%A4%B2%E0%A5%87%E0%A4%B6%E0%A4%B8%E0%A4%99%E0%A5%8D%E0%A4%97%E0%A5%8D%E0%A4%B0%E0%A4%B9%E0%A4%83,,Appayyadīkṣita,,
darśanāni,smṛtimuktāvaliḥ.txt,Smṛtimuktāvali,https://sa.wikisource.org/wiki/%E0%A4%B8%E0%A5%8D%E0%A4%AE%E0%A5%83%E0%A4%A4%E0%A4%BF%E0%A4%AE%E0%A5%81%E0%A4%95%E0%A5%8D%E0%A4%A4%E0%A4%BE%E0%A4%B5%E0%A4%B2%E0%A4%BF%E0%A4%83,,,,
darśanāni,sumadhvavijayaḥ.txt,Sumadhvavijaya,https://sa.wikisource.org/wiki/%E0%A4%B8%E0%A5%81%E0%A4%AE%E0%A4%A7%E0%A5%8D%E0%A4%B5%E0%A4%B5%E0%A4%BF%E0%A4%9C%E0%A4%AF%E0%A4%83,,,,
darśanāni,suvarṇasaptatiśāstram‌.txt,Suvarṇasaptatiśāstram‌,https://sa.wikisource.org/wiki/%E0%A4%B8%E0%A5%81%E0%A4%B5%E0%A4%B0%E0%A5%8D%E0%A4%A3%E0%A4%B8%E0%A4%AA%E0%A5%8D%E0%A4%A4%E0%A4%A4%E0%A4%BF%E0%A4%B6%E0%A4%BE%E0%A4%B8%E0%A5%8D%E0%A4%A4%E0%A5%8D%E0%A4%B0%E0%A4%AE%E0%A5%8D%E2%80%8C,,,,
darśanāni,svarājyasiddhiḥ.txt,Svarājyasiddhi,https://sa.wikisource.org/wiki/%E0%A4%B8%E0%A5%8D%E0%A4%B5%E0%A4%B0%E0%A4%BE%E0%A4%9C%E0%A5%8D%E0%A4%AF%E0%A4%B8%E0%A4%BF%E0%A4%A6%E0%A5%8D%E0%A4%A7%E0%A4%BF%E0%A4%83,,,,
darśanāni,svarūpānusandhānāṣṭakam.txt,Svarūpānusandhānāṣṭaka,https://sa.wikisource.org/wiki/%E0%A4%B8%E0%A5%8D%E0%A4%B5%E0%A4%B0%E0%A5%82%E0%A4%AA%E0%A4%BE%E0%A4%A8%E0%A5%81%E0%A4%B8%E0%A4%A8%E0%A5%8D%E0%A4%A7%E0%A4%BE%E0%A4%A8%E0%A4%BE%E0%A4%B7%E0%A5%8D%E0%A4%9F%E0%A4%95%E0%A4%AE%E0%A5%8D,,,,
darśanāni,svayambhūdharmadhātusamutpattiḥ.txt,Svayambhūdharmadhātusamutpatti,https://sa.wikisource.org/wiki/%E0%A4%B8%E0%A5%8D%E0%A4%B5%E0%A4%AF%E0%A4%AE%E0%A5%8D%E0%A4%AD%E0%A5%82%E0%A4%A7%E0%A4%B0%E0%A5%8D%E0%A4%AE%E0%A4%A7%E0%A4%BE%E0%A4%A4%E0%A5%81%E0%A4%B8%E0%A4%AE%E0%A5%81%E0%A4%A4%E0%A5%8D%E0%A4%AA%E0%A4%A4%E0%A5%8D%E0%A4%A4%E0%A4%BF%E0%A4%83,,,,
darśanāni,svātmanirūpaṇam.txt,Svātmanirūpaṇa,https://sa.wikisource.org/wiki/%E0%A4%B8%E0%A5%8D%E0%A4%B5%E0%A4%BE%E0%A4%A4%E0%A5%8D%E0%A4%AE%E0%A4%A8%E0%A4%BF%E0%A4%B0%E0%A5%82%E0%A4%AA%E0%A4%A3%E0%A4%AE%E0%A5%8D,,,,
darśanāni,svātmaprakāśikā.txt,Svātmaprakāśikā,https://sa.wikisource.org/wiki/%E0%A4%B8%E0%A5%8D%E0%A4%B5%E0%A4%BE%E0%A4%A4%E0%A5%8D%E0%A4%AE%E0%A4%AA%E0%A5%8D%E0%A4%B0%E0%A4%95%E0%A4%BE%E0%A4%B6%E0%A4%BF%E0%A4%95%E0%A4%BE,,,,
darśanāni,sādhanapañcakam.txt,Sādhanapañcaka,https://sa.wikisource.org/wiki/%E0%A4%B8%E0%A4%BE%E0%A4%A7%E0%A4%A8%E0%A4%AA%E0%A4%9E%E0%A5%8D%E0%A4%9A%E0%A4%95%E0%A4%AE%E0%A5%8D,,,,
darśanāni,sāṃkhyadarśanam_śrīmadvijñānabhikṣukṛtasāṃkhyapravacanabhāṣyasahitam.txt,Sāṃkhyadarśana,https://sa.wikisource.org/wiki/%E0%A4%B8%E0%A4%BE%E0%A4%82%E0%A4%96%E0%A5%8D%E0%A4%AF%E0%A4%A6%E0%A4%B0%E0%A5%8D%E0%A4%B6%E0%A4%A8%E0%A4%AE%E0%A5%8D,,,,
darśanāni,sāṃkhyadarśanam.txt,Sāṃkhyadarśana,https://sa.wikisource.org/wiki/%E0%A4%B8%E0%A4%BE%E0%A4%82%E0%A4%96%E0%A5%8D%E0%A4%AF%E0%A4%A6%E0%A4%B0%E0%A5%8D%E0%A4%B6%E0%A4%A8%E0%A4%AE%E0%A5%8D,,,,
darśanāni,sāṃkhyakośaḥ.txt,Sāṃkhyakośa,https://sa.wikisource.org/wiki/%E0%A4%B8%E0%A4%BE%E0%A4%82%E0%A4%96%E0%A5%8D%E0%A4%AF%E0%A4%95%E0%A5%8B%E0%A4%B6%E0%A4%83,,,,
darśanāni,sāṃkhyasaptatiḥ_jayamaṅgalāṭīkā_sahitā.txt,Sāṃkhyasaptati (Jayamaṅgalāṭīkāsahitā),https://sa.wikisource.org/wiki/%E0%A4%B8%E0%A4%BE%E0%A4%82%E0%A4%96%E0%A5%8D%E0%A4%AF%E0%A4%B8%E0%A4%AA%E0%A5%8D%E0%A4%A4%E0%A4%A4%E0%A4%BF%E0%A4%83_(%E0%A4%9C%E0%A4%AF%E0%A4%AE%E0%A4%99%E0%A5%8D%E0%A4%97%E0%A4%B2%E0%A4%BE%E0%A4%9F%E0%A5%80%E0%A4%95%E0%A4%BE_%E0%A4%B8%E0%A4%B9%E0%A4%BF%E0%A4%A4%E0%A4%BE),,,,
darśanāni,sāṃkhyatatvakaumudī.txt,Sāṃkhyatatvakaumudī,https://sa.wikisource.org/wiki/%E0%A4%B8%E0%A4%BE%E0%A4%82%E0%A4%96%E0%A5%8D%E0%A4%AF%E0%A4%A4%E0%A4%A4%E0%A5%8D%E0%A4%B5%E0%A4%95%E0%A5%8C%E0%A4%AE%E0%A5%81%E0%A4%A6%E0%A5%80,,,,
darśanāni,sūtradīpikā.txt,Sūtradīpikā,https://sa.wikisource.org/wiki/%E0%A4%B8%E0%A5%82%E0%A4%A4%E0%A5%8D%E0%A4%B0%E0%A4%A6%E0%A5%80%E0%A4%AA%E0%A4%BF%E0%A4%95%E0%A4%BE,,,,
darśanāni,sūtrārtharatnāvalī.txt,Sūtrārtharatnāvalī,https://sa.wikisource.org/wiki/%E0%A4%B8%E0%A5%82%E0%A4%A4%E0%A5%8D%E0%A4%B0%E0%A4%BE%E0%A4%B0%E0%A5%8D%E0%A4%A5%E0%A4%B0%E0%A4%A4%E0%A5%8D%E0%A4%A8%E0%A4%BE%E0%A4%B5%E0%A4%B2%E0%A5%80,,,,
darśanāni,tantrarahasyam.txt,Tantrarahasya,https://sa.wikisource.org/wiki/%E0%A4%A4%E0%A4%A8%E0%A5%8D%E0%A4%A4%E0%A5%8D%E0%A4%B0%E0%A4%B0%E0%A4%B9%E0%A4%B8%E0%A5%8D%E0%A4%AF%E0%A4%AE%E0%A5%8D,,,,
darśanāni,tantrasārasaṅgrahaḥ.txt,Tantrasārasaṅgraha,https://sa.wikisource.org/wiki/%E0%A4%A4%E0%A4%A8%E0%A5%8D%E0%A4%A4%E0%A5%8D%E0%A4%B0%E0%A4%B8%E0%A4%BE%E0%A4%B0%E0%A4%B8%E0%A4%99%E0%A5%8D%E0%A4%97%E0%A5%8D%E0%A4%B0%E0%A4%B9%E0%A4%83,,,,
darśanāni,taptacakrāṅkakavidhvaṃsanam.txt,Taptacakrāṅkakavidhvaṃsana,https://sa.wikisource.org/wiki/%E0%A4%A4%E0%A4%AA%E0%A5%8D%E0%A4%A4%E0%A4%9A%E0%A4%95%E0%A5%8D%E0%A4%B0%E0%A4%BE%E0%A4%99%E0%A5%8D%E0%A4%95%E0%A4%95%E0%A4%B5%E0%A4%BF%E0%A4%A7%E0%A5%8D%E0%A4%B5%E0%A4%82%E0%A4%B8%E0%A4%A8%E0%A4%AE%E0%A5%8D,,,,
darśanāni,tarkabhāṣā.txt,Tarkabhāṣā,https://sa.wikisource.org/wiki/%E0%A4%A4%E0%A4%B0%E0%A5%8D%E0%A4%95%E0%A4%AD%E0%A4%BE%E0%A4%B7%E0%A4%BE,included in gretil,,n,gretil_sa/sa_tarkabhASA.xml
darśanāni,tattvabodhaḥ.txt,Tattvabodha,https://sa.wikisource.org/wiki/%E0%A4%A4%E0%A4%A4%E0%A5%8D%E0%A4%A4%E0%A5%8D%E0%A4%B5%E0%A4%AC%E0%A5%8B%E0%A4%A7%E0%A4%83,,,,
darśanāni,tattvasāraḥ_ratnasāriṇīvyākhyāsahitaḥ.txt,Tattvasāra - Ratnasāriṇīvyākhyāsahita,https://sa.wikisource.org/wiki/%E0%A4%A4%E0%A4%A4%E0%A5%8D%E0%A4%A4%E0%A5%8D%E0%A4%B5%E0%A4%B8%E0%A4%BE%E0%A4%B0%E0%A4%83_(%E0%A4%B0%E0%A4%A4%E0%A5%8D%E0%A4%A8%E0%A4%B8%E0%A4%BE%E0%A4%B0%E0%A4%BF%E0%A4%A3%E0%A5%80%E0%A4%B5%E0%A5%8D%E0%A4%AF%E0%A4%BE%E0%A4%96%E0%A5%8D%E0%A4%AF%E0%A4%BE%E0%A4%B8%E0%A4%B9%E0%A4%BF%E0%A4%A4%E0%A4%83),,,,
darśanāni,tattvavaiśāradī.txt,Tattvavaiśāradī,https://sa.wikisource.org/wiki/%E0%A4%A4%E0%A4%A4%E0%A5%8D%E0%A4%A4%E0%A5%8D%E0%A4%B5%E0%A4%B5%E0%A5%88%E0%A4%B6%E0%A4%BE%E0%A4%B0%E0%A4%A6%E0%A5%80,,,,
darśanāni,tattvaṭīkā.txt,Tattvaṭīkā,https://sa.wikisource.org/wiki/%E0%A4%A4%E0%A4%A4%E0%A5%8D%E0%A4%A4%E0%A5%8D%E0%A4%B5%E0%A4%9F%E0%A5%80%E0%A4%95%E0%A4%BE,,,,
darśanāni,tattvopadeśaḥ.txt,Tattvopadeśa,https://sa.wikisource.org/wiki/%E0%A4%A4%E0%A4%A4%E0%A5%8D%E0%A4%A4%E0%A5%8D%E0%A4%B5%E0%A5%8B%E0%A4%AA%E0%A4%A6%E0%A5%87%E0%A4%B6%E0%A4%83,,,,
darśanāni,tattvopaplavamīmāṃsā.txt,Tattvopaplavamīmāṃsā,https://sa.wikisource.org/wiki/%E0%A4%A4%E0%A4%A4%E0%A5%8D%E0%A4%A4%E0%A5%8D%E0%A4%B5%E0%A5%8B%E0%A4%AA%E0%A4%AA%E0%A5%8D%E0%A4%B2%E0%A4%B5%E0%A4%AE%E0%A5%80%E0%A4%AE%E0%A4%BE%E0%A4%82%E0%A4%B8%E0%A4%BE,,,,
darśanāni,tattvārthasūtram.txt,Tattvārthasūtra,https://sa.wikisource.org/wiki/%E0%A4%B5%E0%A4%B0%E0%A5%8D%E0%A4%97%E0%A4%83:%E0%A4%A4%E0%A4%A4%E0%A5%8D%E0%A4%A4%E0%A5%8D%E0%A4%B5%E0%A4%BE%E0%A4%B0%E0%A5%8D%E0%A4%A5%E0%A4%B8%E0%A5%82%E0%A4%A4%E0%A5%8D%E0%A4%B0%E0%A4%AE%E0%A5%8D,,,,
darśanāni,tithinirṇayaḥ.txt,Tithinirṇaya,https://sa.wikisource.org/wiki/%E0%A4%A4%E0%A4%BF%E0%A4%A5%E0%A4%BF%E0%A4%A8%E0%A4%BF%E0%A4%B0%E0%A5%8D%E0%A4%A3%E0%A4%AF%E0%A4%83,,,,
darśanāni,triśikhibrāhmaṇopaniṣat.txt,Triśikhibrāhmaṇopaniṣat,https://sa.wikisource.org/wiki/%E0%A4%A4%E0%A5%8D%E0%A4%B0%E0%A4%BF%E0%A4%B6%E0%A4%BF%E0%A4%96%E0%A4%BF%E0%A4%AC%E0%A5%8D%E0%A4%B0%E0%A4%BE%E0%A4%B9%E0%A5%8D%E0%A4%AE%E0%A4%A3%E0%A5%8B%E0%A4%AA%E0%A4%A8%E0%A4%BF%E0%A4%B7%E0%A4%A4%E0%A5%8D,,,,
darśanāni,upadeśasāhasrī_gadyaprabandhaḥ.txt,Upadeśasāhasrī,https://sa.wikisource.org/wiki/%E0%A4%89%E0%A4%AA%E0%A4%A6%E0%A5%87%E0%A4%B6%E0%A4%B8%E0%A4%BE%E0%A4%B9%E0%A4%B8%E0%A5%8D%E0%A4%B0%E0%A5%80_(%E0%A4%97%E0%A4%A6%E0%A5%8D%E0%A4%AF%E0%A4%AA%E0%A5%8D%E0%A4%B0%E0%A4%AC%E0%A4%A8%E0%A5%8D%E0%A4%A7%E0%A4%83),,,,
darśanāni,vaiśeṣikasūtropaskāraḥ.txt,Vaiśeṣikasūtropaskāra,https://sa.wikisource.org/wiki/%E0%A4%B5%E0%A5%88%E0%A4%B6%E0%A5%87%E0%A4%B7%E0%A4%BF%E0%A4%95%E0%A4%B8%E0%A5%82%E0%A4%A4%E0%A5%8D%E0%A4%B0%E0%A5%8B%E0%A4%AA%E0%A4%B8%E0%A5%8D%E0%A4%95%E0%A4%BE%E0%A4%B0%E0%A4%83,,,,
darśanāni,vedāntadarśanam.txt,Vedāntadarśana,https://sa.wikisource.org/wiki/%E0%A4%B5%E0%A5%87%E0%A4%A6%E0%A4%BE%E0%A4%A8%E0%A5%8D%E0%A4%A4%E0%A4%A6%E0%A4%B0%E0%A5%8D%E0%A4%B6%E0%A4%A8%E0%A4%AE%E0%A5%8D,,,,
darśanāni,vedāntakārikāvalī.txt,Vedāntakārikāvalī,https://sa.wikisource.org/wiki/%E0%A4%89%E0%A4%A4%E0%A5%8D%E0%A4%A4%E0%A4%B0%E0%A4%AE%E0%A5%80%E0%A4%AE%E0%A4%BE%E0%A4%82%E0%A4%B8%E0%A4%BE%E0%A4%A6%E0%A4%B0%E0%A5%8D%E0%A4%B6%E0%A4%A8%E0%A4%AE%E0%A5%8D/%E0%A4%B5%E0%A4%BF%E0%A4%B6%E0%A4%BF%E0%A4%B7%E0%A5%8D%E0%A4%9F%E0%A4%BE%E0%A4%A6%E0%A5%8D%E0%A4%B5%E0%A5%88%E0%A4%A4%E0%A4%AE%E0%A5%8D,,,,
darśanāni,vedāntaparibhāṣā.txt,Vedāntaparibhāṣā,https://sa.wikisource.org/wiki/%E0%A4%B5%E0%A5%87%E0%A4%A6%E0%A4%BE%E0%A4%A8%E0%A5%8D%E0%A4%A4%E0%A4%AA%E0%A4%B0%E0%A4%BF%E0%A4%AD%E0%A4%BE%E0%A4%B7%E0%A4%BE,,Dharmarājādhvarīndra,,
darśanāni,vedāntasāraḥ.txt,Vedāntasāra,https://sa.wikisource.org/wiki/%E0%A4%B5%E0%A5%87%E0%A4%A6%E0%A4%BE%E0%A4%A8%E0%A5%8D%E0%A4%A4%E0%A4%B8%E0%A4%BE%E0%A4%B0%E0%A4%83_(%E0%A4%86%E0%A4%99%E0%A5%8D%E0%A4%97%E0%A5%8D%E0%A4%B2%E0%A4%BE%E0%A4%A8%E0%A5%81%E0%A4%B5%E0%A4%BE%E0%A4%A6%E0%A4%B8%E0%A4%B9%E0%A4%BF%E0%A4%A4%E0%A4%83),,Rāmānujācārya,,
darśanāni,vivaraṇaprameyasaṃgrahaḥ.txt,Vivaraṇaprameyasaṃgraha,https://sa.wikisource.org/wiki/%E0%A4%B5%E0%A4%BF%E0%A4%B5%E0%A4%B0%E0%A4%A3%E0%A4%AA%E0%A5%8D%E0%A4%B0%E0%A4%AE%E0%A5%87%E0%A4%AF%E0%A4%B8%E0%A4%82%E0%A4%97%E0%A5%8D%E0%A4%B0%E0%A4%B9%E0%A4%83,,,,
darśanāni,vivekkacūḍāmaṇi_bhāṣyām.txt,Vivekkacūḍāmaṇi Bhāṣyā,https://sa.wikisource.org/wiki/%E0%A4%B5%E0%A4%BF%E0%A4%B5%E0%A5%87%E0%A4%95%E0%A5%8D%E0%A4%95%E0%A4%9A%E0%A5%82%E0%A4%A1%E0%A4%BE%E0%A4%AE%E0%A4%A3%E0%A4%BF_%E0%A4%AD%E0%A4%BE%E0%A4%B7%E0%A5%8D%E0%A4%AF%E0%A4%BE%E0%A4%AE%E0%A5%8D,,,,
darśanāni,viṣṇutattvavinirṇaya.txt,Viṣṇutattvavinirṇaya,https://sa.wikisource.org/wiki/%E0%A4%B5%E0%A4%BF%E0%A4%B7%E0%A5%8D%E0%A4%A3%E0%A5%81%E0%A4%A4%E0%A4%A4%E0%A5%8D%E0%A4%A4%E0%A5%8D%E0%A4%B5%E0%A4%B5%E0%A4%BF%E0%A4%A8%E0%A4%BF%E0%A4%B0%E0%A5%8D%E0%A4%A3%E0%A4%AF:,,,,
darśanāni,vyomavatī.txt,Vyomavatī,https://sa.wikisource.org/wiki/%E0%A4%B5%E0%A5%8D%E0%A4%AF%E0%A5%8B%E0%A4%AE%E0%A4%B5%E0%A4%A4%E0%A5%80,,,,
darśanāni,vākyavṛttiḥ.txt,Vākyavṛtti,https://sa.wikisource.org/wiki/%E0%A4%B5%E0%A4%BE%E0%A4%95%E0%A5%8D%E0%A4%AF%E0%A4%B5%E0%A5%83%E0%A4%A4%E0%A5%8D%E0%A4%A4%E0%A4%BF%E0%A4%83,,,,
darśanāni,yatīndramatadīpikā.txt,Yatīndramatadīpikā,https://sa.wikisource.org/wiki/%E0%A4%AF%E0%A4%A4%E0%A5%80%E0%A4%A8%E0%A5%8D%E0%A4%A6%E0%A5%8D%E0%A4%B0%E0%A4%AE%E0%A4%A4%E0%A4%A6%E0%A5%80%E0%A4%AA%E0%A4%BF%E0%A4%95%E0%A4%BE,,Śrīnivāsācārya,,
darśanāni,yogacūḍāmaṇyupaniṣat.txt,Yogacūḍāmaṇyupaniṣat,https://sa.wikisource.org/wiki/%E0%A4%AF%E0%A5%8B%E0%A4%97%E0%A4%9A%E0%A5%82%E0%A4%A1%E0%A4%BE%E0%A4%AE%E0%A4%A3%E0%A5%8D%E0%A4%AF%E0%A5%81%E0%A4%AA%E0%A4%A8%E0%A4%BF%E0%A4%B7%E0%A4%A4%E0%A5%8D,,,,
darśanāni,yogadīpikā.txt,Yogadīpikā,https://sa.wikisource.org/wiki/%E0%A4%AF%E0%A5%8B%E0%A4%97%E0%A4%A6%E0%A5%80%E0%A4%AA%E0%A4%BF%E0%A4%95%E0%A4%BE,,,,
darśanāni,yogakuṇḍalyupaniṣat.txt,Yogakuṇḍalyupaniṣat,https://sa.wikisource.org/wiki/%E0%A4%AF%E0%A5%8B%E0%A4%97%E0%A4%95%E0%A5%81%E0%A4%A3%E0%A5%8D%E0%A4%A1%E0%A4%B2%E0%A5%8D%E0%A4%AF%E0%A5%81%E0%A4%AA%E0%A4%A8%E0%A4%BF%E0%A4%B7%E0%A4%A4%E0%A5%8D,,,,
darśanāni,yogasārasaṃgrahaḥ.txt,Yogasārasaṃgraha,https://sa.wikisource.org/wiki/%E0%A4%AF%E0%A5%8B%E0%A4%97%E0%A4%B8%E0%A4%BE%E0%A4%B0%E0%A4%B8%E0%A4%82%E0%A4%97%E0%A5%8D%E0%A4%B0%E0%A4%B9%E0%A4%83,,,,
darśanāni,yogasūtrasāraḥ.txt,Yogasūtrasāra,https://sa.wikisource.org/wiki/%E0%A4%AF%E0%A5%8B%E0%A4%97%E0%A4%B8%E0%A5%82%E0%A4%A4%E0%A5%8D%E0%A4%B0%E0%A4%B8%E0%A4%BE%E0%A4%B0%E0%A4%83,,Pennāmadhusūdana,,
darśanāni,yogatattvopaniṣad.txt,Yogatattvopaniṣad,https://sa.wikisource.org/wiki/%E0%A4%AF%E0%A5%8B%E0%A4%97%E0%A4%A4%E0%A4%A4%E0%A5%8D%E0%A4%A4%E0%A5%8D%E0%A4%B5%E0%A5%8B%E0%A4%AA%E0%A4%A8%E0%A4%BF%E0%A4%B7%E0%A4%A4%E0%A5%8D,,,,
darśanāni,yogatārāvalī.txt,Yogatārāvalī,https://sa.wikisource.org/wiki/%E0%A4%AF%E0%A5%8B%E0%A4%97%E0%A4%A4%E0%A4%BE%E0%A4%B0%E0%A4%BE%E0%A4%B5%E0%A4%B2%E0%A5%80,,,,
darśanāni,yogaśikhopaniṣad.txt,Yogaśikhopaniṣad,https://sa.wikisource.org/wiki/%E0%A4%AF%E0%A5%8B%E0%A4%97%E0%A4%B6%E0%A4%BF%E0%A4%96%E0%A5%8B%E0%A4%AA%E0%A4%A8%E0%A4%BF%E0%A4%B7%E0%A4%A4%E0%A5%8D,,,,
darśanāni,ātmabodhaḥ.txt,Ātmabodha,https://sa.wikisource.org/wiki/%E0%A4%86%E0%A4%A4%E0%A5%8D%E0%A4%AE%E0%A4%AC%E0%A5%8B%E0%A4%A7%E0%A4%83,,,,
darśanāni,īśvarapratyabhijñākārikāvṛttiḥ.txt,Īśvarapratyabhijñākārikāvṛtti,https://sa.wikisource.org/wiki/%E0%A4%88%E0%A4%B6%E0%A5%8D%E0%A4%B5%E0%A4%B0%E0%A4%AA%E0%A5%8D%E0%A4%B0%E0%A4%A4%E0%A5%8D%E0%A4%AF%E0%A4%AD%E0%A4%BF%E0%A4%9C%E0%A5%8D%E0%A4%9E%E0%A4%BE%E0%A4%95%E0%A4%BE%E0%A4%B0%E0%A4%BF%E0%A4%95%E0%A4%BE%E0%A4%B5%E0%A5%83%E0%A4%A4%E0%A5%8D%E0%A4%A4%E0%A4%BF%E0%A4%83,,Utpala,,
darśanāni,īśāvāsyopaniṣadbhāṣyam.txt,Īśāvāsyopaniṣadbhāṣya,https://sa.wikisource.org/wiki/%E0%A4%88%E0%A4%B6%E0%A4%BE%E0%A4%B5%E0%A4%BE%E0%A4%B8%E0%A5%8D%E0%A4%AF%E0%A5%8B%E0%A4%AA%E0%A4%A8%E0%A4%BF%E0%A4%B7%E0%A4%A6%E0%A5%8D%E0%A4%AD%E0%A4%BE%E0%A4%B7%E0%A5%8D%E0%A4%AF%E0%A4%AE%E0%A5%8D,,Śrīśaṅkara,,
darśanāni,śaktāvarthāpattipañcakam.txt,Śaktāvarthāpattipañcaka,https://sa.wikisource.org/wiki/%E0%A4%B6%E0%A4%95%E0%A5%8D%E0%A4%A4%E0%A4%BE%E0%A4%B5%E0%A4%B0%E0%A5%8D%E0%A4%A5%E0%A4%BE%E0%A4%AA%E0%A4%A4%E0%A5%8D%E0%A4%A4%E0%A4%BF%E0%A4%AA%E0%A4%9E%E0%A5%8D%E0%A4%9A%E0%A4%95%E0%A4%AE%E0%A5%8D,,,,
darśanāni,śarīravādaḥ.txt,Śarīravāda,https://sa.wikisource.org/wiki/%E0%A4%B6%E0%A4%B0%E0%A5%80%E0%A4%B0%E0%A4%B5%E0%A4%BE%E0%A4%A6%E0%A4%83,,,,
darśanāni,śataślokī.txt,Śataślokī,https://sa.wikisource.org/wiki/%E0%A4%B6%E0%A4%A4%E0%A4%B6%E0%A5%8D%E0%A4%B2%E0%A5%8B%E0%A4%95%E0%A5%80,,,,
darśanāni,śaṅkarapādabhūṣaṇam.txt,Śaṅkarapādabhūṣaṇa,https://sa.wikisource.org/wiki/%E0%A4%B6%E0%A4%99%E0%A5%8D%E0%A4%95%E0%A4%B0%E0%A4%AA%E0%A4%BE%E0%A4%A6%E0%A4%AD%E0%A5%82%E0%A4%B7%E0%A4%A3%E0%A4%AE%E0%A5%8D,,Śrīraghunāthasūri,,
darśanāni,śivasaṃhitā.txt,Śivasaṃhitā,https://sa.wikisource.org/wiki/%E0%A4%B6%E0%A4%BF%E0%A4%B5%E0%A4%B8%E0%A4%82%E0%A4%B9%E0%A4%BF%E0%A4%A4%E0%A4%BE,,,,
darśanāni,śrutapradīpikā.txt,Śrutapradīpikā,https://sa.wikisource.org/wiki/%E0%A4%B6%E0%A5%8D%E0%A4%B0%E0%A5%81%E0%A4%A4%E0%A4%AA%E0%A5%8D%E0%A4%B0%E0%A4%A6%E0%A5%80%E0%A4%AA%E0%A4%BF%E0%A4%95%E0%A4%BE,,,,
darśanāni,śrutaprakāśikā.txt,Śrutaprakāśikā,https://sa.wikisource.org/wiki/%E0%A4%B6%E0%A5%8D%E0%A4%B0%E0%A5%81%E0%A4%A4%E0%A4%AA%E0%A5%8D%E0%A4%B0%E0%A4%95%E0%A4%BE%E0%A4%B6%E0%A4%BF%E0%A4%95%E0%A4%BE,,,,
darśanāni,śrībhāgavatasandarbhaḥ.txt,Śrībhāgavatasandarbha,https://sa.wikisource.org/wiki/%E0%A4%B6%E0%A5%8D%E0%A4%B0%E0%A5%80%E0%A4%AD%E0%A4%BE%E0%A4%97%E0%A4%B5%E0%A4%A4%E0%A4%B8%E0%A4%A8%E0%A5%8D%E0%A4%A6%E0%A4%B0%E0%A5%8D%E0%A4%AD%E0%A4%83,,,,
darśanāni,śrībhāṣyam.txt,Śrībhāṣya,https://sa.wikisource.org/wiki/%E0%A4%B6%E0%A5%8D%E0%A4%B0%E0%A5%80%E0%A4%AD%E0%A4%BE%E0%A4%B7%E0%A5%8D%E0%A4%AF%E0%A4%AE%E0%A5%8D,,,,
darśanāni,śāntikamalākaraḥ.txt,Śāntikamalākara,https://sa.wikisource.org/wiki/%E0%A4%B6%E0%A4%BE%E0%A4%A8%E0%A5%8D%E0%A4%A4%E0%A4%BF%E0%A4%95%E0%A4%AE%E0%A4%B2%E0%A4%BE%E0%A4%95%E0%A4%B0%E0%A4%83,,,,
darśanāni,śārīrakakārikāvalī.txt,Śārīrakakārikāvalī,https://sa.wikisource.org/wiki/%E0%A4%B6%E0%A4%BE%E0%A4%B0%E0%A5%80%E0%A4%B0%E0%A4%95%E0%A4%95%E0%A4%BE%E0%A4%B0%E0%A4%BF%E0%A4%95%E0%A4%BE%E0%A4%B5%E0%A4%B2%E0%A5%80,,,,
darśanāni,śārīrakādhikaraṇaratnamālā.txt,Śārīrakādhikaraṇaratnamālā,https://sa.wikisource.org/wiki/%E0%A4%B6%E0%A4%BE%E0%A4%B0%E0%A5%80%E0%A4%B0%E0%A4%95%E0%A4%BE%E0%A4%A7%E0%A4%BF%E0%A4%95%E0%A4%B0%E0%A4%A3%E0%A4%B0%E0%A4%A4%E0%A5%8D%E0%A4%A8%E0%A4%AE%E0%A4%BE%E0%A4%B2%E0%A4%BE,,,,
darśanāni,ṣaḍ‌darśanasamuccayaḥ.txt,Ṣaḍ‌darśanasamuccaya,https://sa.wikisource.org/wiki/%E0%A4%B7%E0%A4%A1%E0%A5%8D%E2%80%8C%E0%A4%A6%E0%A4%B0%E0%A5%8D%E0%A4%B6%E0%A4%A8%E0%A4%B8%E0%A4%AE%E0%A5%81%E0%A4%9A%E0%A5%8D%E0%A4%9A%E0%A4%AF%E0%A4%83,,,,
other,amarakoṣaḥ_amaravivekavyākhyāsahitaḥ.txt,Amarakoṣa (Amaravivekavyākhyāsahita),https://sa.wikisource.org/wiki/%E0%A4%85%E0%A4%AE%E0%A4%B0%E0%A4%95%E0%A5%8B%E0%A4%B7%E0%A4%83_(%E0%A4%85%E0%A4%AE%E0%A4%B0%E0%A4%B5%E0%A4%BF%E0%A4%B5%E0%A5%87%E0%A4%95%E0%A4%B5%E0%A5%8D%E0%A4%AF%E0%A4%BE%E0%A4%96%E0%A5%8D%E0%A4%AF%E0%A4%BE%E0%A4%B8%E0%A4%B9%E0%A4%BF%E0%A4%A4%E0%A4%83),,,,
other,bismilasya_balidānakathā.txt,Bismilasya Balidānakathā,https://sa.wikisource.org/wiki/%E0%A4%AC%E0%A4%BF%E0%A4%B8%E0%A5%8D%E0%A4%AE%E0%A4%BF%E0%A4%B2%E0%A4%B8%E0%A5%8D%E0%A4%AF_%E0%A4%AC%E0%A4%B2%E0%A4%BF%E0%A4%A6%E0%A4%BE%E0%A4%A8-%E0%A4%95%E0%A4%A5%E0%A4%BE,,,,
other,ekārthanāmamālā.txt,Ekārthanāmamālā,https://sa.wikisource.org/wiki/%E0%A4%8F%E0%A4%95%E0%A4%BE%E0%A4%B0%E0%A5%8D%E0%A4%A5%E0%A4%A8%E0%A4%BE%E0%A4%AE%E0%A4%AE%E0%A4%BE%E0%A4%B2%E0%A4%BE,,,,
other,pākadarpaṇam.txt,Pākadarpaṇa,https://sa.wikisource.org/wiki/%E0%A4%AA%E0%A4%BE%E0%A4%95%E0%A4%A6%E0%A4%B0%E0%A5%8D%E0%A4%AA%E0%A4%A3%E0%A4%AE%E0%A5%8D,,,,
other,samarāṅgaṇasūtradhāra.txt,Samarāṅgaṇasūtradhāra,https://sa.wikisource.org/wiki/%E0%A4%B8%E0%A4%AE%E0%A4%B0%E0%A4%BE%E0%A4%99%E0%A5%8D%E0%A4%97%E0%A4%A3%E0%A4%B8%E0%A5%82%E0%A4%A4%E0%A5%8D%E0%A4%B0%E0%A4%A7%E0%A4%BE%E0%A4%B0,,,,
other,saṅgītaratnākaraḥ.txt,Saṅgītaratnākara,https://sa.wikisource.org/wiki/%E0%A4%B8%E0%A4%99%E0%A5%8D%E0%A4%97%E0%A5%80%E0%A4%A4%E0%A4%B0%E0%A4%A4%E0%A5%8D%E0%A4%A8%E0%A4%BE%E0%A4%95%E0%A4%B0%E0%A4%83,,,,
other,saṅgītasārasaṃgrahaḥ.txt,Saṅgītasārasaṃgraha,https://sa.wikisource.org/wiki/%E0%A4%B8%E0%A4%99%E0%A5%8D%E0%A4%97%E0%A5%80%E0%A4%A4%E0%A4%B8%E0%A4%BE%E0%A4%B0%E0%A4%B8%E0%A4%82%E0%A4%97%E0%A5%8D%E0%A4%B0%E0%A4%B9%E0%A4%83,,,,
purāṇa,bhaviṣyapurāṇa.txt,Bhaviṣyapurāṇa,https://sa.wikisource.org/wiki/%E0%A4%AD%E0%A4%B5%E0%A4%BF%E0%A4%B7%E0%A5%8D%E0%A4%AF%E0%A4%AA%E0%A5%81%E0%A4%B0%E0%A4%BE%E0%A4%A3%E0%A4%AE%E0%A5%8D,,,,
purāṇa,brahmavaivartapurāṇa.txt,Brahmavaivarapurāṇa,https://sa.wikisource.org/wiki/%E0%A4%AC%E0%A5%8D%E0%A4%B0%E0%A4%B9%E0%A5%8D%E0%A4%AE%E0%A4%B5%E0%A5%88%E0%A4%B5%E0%A4%B0%E0%A5%8D%E0%A4%A4%E0%A4%AA%E0%A5%81%E0%A4%B0%E0%A4%BE%E0%A4%A3%E0%A4%AE%E0%A5%8D,,,,
purāṇa,devībhāgavatapurāṇa.txt,Devībhāgavatapurāṇa,https://sa.wikisource.org/wiki/%E0%A4%A6%E0%A5%87%E0%A4%B5%E0%A5%80%E0%A4%AD%E0%A4%BE%E0%A4%97%E0%A4%B5%E0%A4%A4%E0%A4%AA%E0%A5%81%E0%A4%B0%E0%A4%BE%E0%A4%A3%E0%A4%AE%E0%A5%8D,,,,
purāṇa,gargasaṃhitā.txt,Gargasaṃhitā,https://sa.wikisource.org/wiki/%E0%A4%97%E0%A4%B0%E0%A5%8D%E0%A4%97%E0%A4%B8%E0%A4%82%E0%A4%B9%E0%A4%BF%E0%A4%A4%E0%A4%BE,,Gargamuni,,
purāṇa,harivaṃśapurāṇa.txt,Harivaṃśapurāṇa,https://sa.wikisource.org/wiki/%E0%A4%B9%E0%A4%B0%E0%A4%BF%E0%A4%B5%E0%A4%82%E0%A4%B6%E0%A4%AA%E0%A5%81%E0%A4%B0%E0%A4%BE%E0%A4%A3%E0%A4%AE%E0%A5%8D,,,,
purāṇa,jaiminīyāśvamedhaparva_incomplete.txt,Jaiminīyāśvamedhaparva,https://sa.wikisource.org/wiki/%E0%A4%9C%E0%A5%88%E0%A4%AE%E0%A4%BF%E0%A4%A8%E0%A5%80%E0%A4%AF%E0%A4%BE%E0%A4%B6%E0%A5%8D%E0%A4%B5%E0%A4%AE%E0%A5%87%E0%A4%A7%E0%A4%AA%E0%A4%B0%E0%A5%8D%E0%A4%B5,,,,
purāṇa,kalkipurāṇa_incomplete.txt,Kalkipurāṇa,https://sa.wikisource.org/wiki/%E0%A4%95%E0%A4%B2%E0%A5%8D%E0%A4%95%E0%A4%BF%E0%A4%AA%E0%A5%81%E0%A4%B0%E0%A4%BE%E0%A4%A3%E0%A4%AE%E0%A5%8D,,,,
purāṇa,kapilapurāṇa.txt,Kapilapurāṇa,,,,,
purāṇa,kālikāpurāṇa_incomplete.txt,Kālikāpurāṇa,https://sa.wikisource.org/wiki/%E0%A4%95%E0%A4%BE%E0%A4%B2%E0%A4%BF%E0%A4%95%E0%A4%BE%E0%A4%AA%E0%A5%81%E0%A4%B0%E0%A4%BE%E0%A4%A3%E0%A4%AE%E0%A5%8D,,,,
purāṇa,matsyapurāṇa_176-292.txt,Matsyapurāṇa,https://sa.wikisource.org/wiki/%E0%A4%AE%E0%A4%A4%E0%A5%8D%E0%A4%B8%E0%A5%8D%E0%A4%AF%E0%A4%AA%E0%A5%81%E0%A4%B0%E0%A4%BE%E0%A4%A3%E0%A4%AE%E0%A5%8D,,,,
purāṇa,nāradapurāṇa_2.44-2.82.txt,Nāradapurāṇam ,https://sa.wikisource.org/wiki/%E0%A4%A8%E0%A4%BE%E0%A4%B0%E0%A4%A6%E0%A4%AA%E0%A5%81%E0%A4%B0%E0%A4%BE%E0%A4%A3%E0%A4%AE%E0%A5%8D,,,,
purāṇa,varāhapurāṇa.txt,Varāhapurāṇa,https://sa.wikisource.org/wiki/%E0%A4%B5%E0%A4%B0%E0%A4%BE%E0%A4%B9%E0%A4%AA%E0%A5%81%E0%A4%B0%E0%A4%BE%E0%A4%A3%E0%A4%AE%E0%A5%8D,,,,
purāṇa,vāyupurāṇa.txt,Vāyupurāṇa,https://sa.wikisource.org/wiki/%E0%A4%B5%E0%A4%BE%E0%A4%AF%E0%A5%81%E0%A4%AA%E0%A5%81%E0%A4%B0%E0%A4%BE%E0%A4%A3%E0%A4%AE%E0%A5%8D,,,,
purāṇa/gaṇeśapurāṇa,gaṇeśapurāṇam_1.txt,Gaṇeśapurāṇa,https://sa.wikisource.org/wiki/%E0%A4%97%E0%A4%A3%E0%A5%87%E0%A4%B6%E0%A4%AA%E0%A5%81%E0%A4%B0%E0%A4%BE%E0%A4%A3%E0%A4%AE%E0%A5%8D,,,,
purāṇa/gaṇeśapurāṇa,gaṇeśapurāṇam_2.txt,Gaṇeśapurāṇa,https://sa.wikisource.org/wiki/%E0%A4%97%E0%A4%A3%E0%A5%87%E0%A4%B6%E0%A4%AA%E0%A5%81%E0%A4%B0%E0%A4%BE%E0%A4%A3%E0%A4%AE%E0%A5%8D,,,,
purāṇa/lakṣmīnārāyaṇasaṃhitā,lakṣmīnārāyaṇasaṃhitā.txt,lakṣmīnārāyaṇasaṃhitā,https://sa.wikisource.org/wiki/%E0%A4%B2%E0%A4%95%E0%A5%8D%E0%A4%B7%E0%A5%8D%E0%A4%AE%E0%A5%80%E0%A4%A8%E0%A4%BE%E0%A4%B0%E0%A4%BE%E0%A4%AF%E0%A4%A3%E0%A4%B8%E0%A4%82%E0%A4%B9%E0%A4%BF%E0%A4%A4%E0%A4%BE,,,,
purāṇa/padmapurāṇa,padmapurāṇa_1.txt,Padmapurāṇa 1,https://sa.wikisource.org/wiki/%E0%A4%AA%E0%A4%A6%E0%A5%8D%E0%A4%AE%E0%A4%AA%E0%A5%81%E0%A4%B0%E0%A4%BE%E0%A4%A3%E0%A4%AE%E0%A5%8D,,,,
purāṇa/padmapurāṇa,padmapurāṇa_2.txt,Padmapurāṇa 2,https://sa.wikisource.org/wiki/%E0%A4%AA%E0%A4%A6%E0%A5%8D%E0%A4%AE%E0%A4%AA%E0%A5%81%E0%A4%B0%E0%A4%BE%E0%A4%A3%E0%A4%AE%E0%A5%8D,,,,
purāṇa/padmapurāṇa,padmapurāṇa_3.txt,Padmapurāṇa 3,https://sa.wikisource.org/wiki/%E0%A4%AA%E0%A4%A6%E0%A5%8D%E0%A4%AE%E0%A4%AA%E0%A5%81%E0%A4%B0%E0%A4%BE%E0%A4%A3%E0%A4%AE%E0%A5%8D,,,,
purāṇa/skandapurāṇa,skandapurāṇa_1.txt,Skandapurāṇa 1,https://sa.wikisource.org/wiki/%E0%A4%B8%E0%A5%8D%E0%A4%95%E0%A4%A8%E0%A5%8D%E0%A4%A6%E0%A4%AA%E0%A5%81%E0%A4%B0%E0%A4%BE%E0%A4%A3%E0%A4%AE%E0%A5%8D,,,,
purāṇa/skandapurāṇa,skandapurāṇa_2.txt,Skandapurāṇa 2,https://sa.wikisource.org/wiki/%E0%A4%B8%E0%A5%8D%E0%A4%95%E0%A4%A8%E0%A5%8D%E0%A4%A6%E0%A4%AA%E0%A5%81%E0%A4%B0%E0%A4%BE%E0%A4%A3%E0%A4%AE%E0%A5%8D,,,,
purāṇa/skandapurāṇa,skandapurāṇa_3.txt,Skandapurāṇa 3,https://sa.wikisource.org/wiki/%E0%A4%B8%E0%A5%8D%E0%A4%95%E0%A4%A8%E0%A5%8D%E0%A4%A6%E0%A4%AA%E0%A5%81%E0%A4%B0%E0%A4%BE%E0%A4%A3%E0%A4%AE%E0%A5%8D,,,,
purāṇa/skandapurāṇa,skandapurāṇa_4.txt,Skandapurāṇa 4,https://sa.wikisource.org/wiki/%E0%A4%B8%E0%A5%8D%E0%A4%95%E0%A4%A8%E0%A5%8D%E0%A4%A6%E0%A4%AA%E0%A5%81%E0%A4%B0%E0%A4%BE%E0%A4%A3%E0%A4%AE%E0%A5%8D,,,,
purāṇa/skandapurāṇa,skandapurāṇa_5.txt,Skandapurāṇa 5,https://sa.wikisource.org/wiki/%E0%A4%B8%E0%A5%8D%E0%A4%95%E0%A4%A8%E0%A5%8D%E0%A4%A6%E0%A4%AA%E0%A5%81%E0%A4%B0%E0%A4%BE%E0%A4%A3%E0%A4%AE%E0%A5%8D,,,,
purāṇa/skandapurāṇa,skandapurāṇa_6.txt,Skandapurāṇa 6,https://sa.wikisource.org/wiki/%E0%A4%B8%E0%A5%8D%E0%A4%95%E0%A4%A8%E0%A5%8D%E0%A4%A6%E0%A4%AA%E0%A5%81%E0%A4%B0%E0%A4%BE%E0%A4%A3%E0%A4%AE%E0%A5%8D,,,,
purāṇa/skandapurāṇa,skandapurāṇa_7.txt,Skandapurāṇa 7,https://sa.wikisource.org/wiki/%E0%A4%B8%E0%A5%8D%E0%A4%95%E0%A4%A8%E0%A5%8D%E0%A4%A6%E0%A4%AA%E0%A5%81%E0%A4%B0%E0%A4%BE%E0%A4%A3%E0%A4%AE%E0%A5%8D,,,,
purāṇa/skandapurāṇa,skandapurāṇa_8.txt,Skandapurāṇa 8,https://sa.wikisource.org/wiki/%E0%A4%B8%E0%A5%8D%E0%A4%95%E0%A4%A8%E0%A5%8D%E0%A4%A6%E0%A4%AA%E0%A5%81%E0%A4%B0%E0%A4%BE%E0%A4%A3%E0%A4%AE%E0%A5%8D,,,,
purāṇa/viṣṇudharmottarapurāṇa,viṣṇudharmottarapurāṇa_1.txt,Viṣṇudharmottarapurāṇa 1,https://sa.wikisource.org/wiki/%E0%A4%B5%E0%A4%BF%E0%A4%B7%E0%A5%8D%E0%A4%A3%E0%A5%81%E0%A4%A7%E0%A4%B0%E0%A5%8D%E0%A4%AE%E0%A5%8B%E0%A4%A4%E0%A5%8D%E0%A4%A4%E0%A4%B0%E0%A4%AA%E0%A5%81%E0%A4%B0%E0%A4%BE%E0%A4%A3%E0%A4%AE%E0%A5%8D,,,,
purāṇa/viṣṇudharmottarapurāṇa,viṣṇudharmottarapurāṇa_2.txt,Viṣṇudharmottarapurāṇa 2,https://sa.wikisource.org/wiki/%E0%A4%B5%E0%A4%BF%E0%A4%B7%E0%A5%8D%E0%A4%A3%E0%A5%81%E0%A4%A7%E0%A4%B0%E0%A5%8D%E0%A4%AE%E0%A5%8B%E0%A4%A4%E0%A5%8D%E0%A4%A4%E0%A4%B0%E0%A4%AA%E0%A5%81%E0%A4%B0%E0%A4%BE%E0%A4%A3%E0%A4%AE%E0%A5%8D,,,,
purāṇa/viṣṇudharmottarapurāṇa,viṣṇudharmottarapurāṇa_3.txt,Viṣṇudharmottarapurāṇa 3,https://sa.wikisource.org/wiki/%E0%A4%B5%E0%A4%BF%E0%A4%B7%E0%A5%8D%E0%A4%A3%E0%A5%81%E0%A4%A7%E0%A4%B0%E0%A5%8D%E0%A4%AE%E0%A5%8B%E0%A4%A4%E0%A5%8D%E0%A4%A4%E0%A4%B0%E0%A4%AA%E0%A5%81%E0%A4%B0%E0%A4%BE%E0%A4%A3%E0%A4%AE%E0%A5%8D,,,,
smṛti,agniveśyagṛhyasūtram.txt,Agniveśyagṛhyasūtra,https://sa.wikisource.org/wiki/%E0%A4%86%E0%A4%97%E0%A5%8D%E0%A4%A8%E0%A4%BF%E0%A4%B5%E0%A5%87%E0%A4%B6%E0%A5%8D%E0%A4%AF%E0%A4%97%E0%A5%83%E0%A4%B9%E0%A5%8D%E0%A4%AF%E0%A4%B8%E0%A5%82%E0%A4%A4%E0%A5%8D%E0%A4%B0%E0%A4%AE%E0%A5%8D,,,,
smṛti,bṛhadyamasmṛti.txt,Bṛhadyamasmṛti,https://sa.wikisource.org/wiki/%E0%A4%AC%E0%A5%83%E0%A4%B9%E0%A4%A6%E0%A5%8D%E0%A4%AF%E0%A4%AE%E0%A4%B8%E0%A5%8D%E0%A4%AE%E0%A5%83%E0%A4%A4%E0%A4%BF%E0%A4%83,,,,
smṛti,devalasmṛti.txt,Devalasmṛti,https://sa.wikisource.org/wiki/%E0%A4%A6%E0%A5%87%E0%A4%B5%E0%A4%B2%E0%A4%B8%E0%A5%8D%E0%A4%AE%E0%A5%83%E0%A4%A4%E0%A4%BF%E0%A4%83,,,,
smṛti,kaśyapasmṛti.txt,Kaśyapasmṛti,https://sa.wikisource.org/wiki/%E0%A4%95%E0%A4%B6%E0%A5%8D%E0%A4%AF%E0%A4%AA%E0%A4%B8%E0%A5%8D%E0%A4%AE%E0%A5%83%E0%A4%A4%E0%A4%BF%E0%A4%83,,,,
smṛti,pulastyasmṛti.txt,Pulastyasmṛti,https://sa.wikisource.org/wiki/%E0%A4%AA%E0%A5%81%E0%A4%B2%E0%A4%B8%E0%A5%8D%E0%A4%A4%E0%A5%8D%E0%A4%AF%E0%A4%B8%E0%A5%8D%E0%A4%AE%E0%A5%83%E0%A4%A4%E0%A4%BF%E0%A4%83,,,,
smṛti,viśvāmitrasmṛti.txt,Viśvāmitrasmṛti,https://sa.wikisource.org/wiki/%E0%A4%B5%E0%A4%BF%E0%A4%B6%E0%A5%8D%E0%A4%B5%E0%A4%BE%E0%A4%AE%E0%A4%BF%E0%A4%A4%E0%A5%8D%E0%A4%B0%E0%A4%B8%E0%A5%8D%E0%A4%AE%E0%A5%83%E0%A4%A4%E0%A4%BF%E0%A4%83,,,,
sāhitya,a_collection_of_six_dramas_of_vatsaraja.txt,A Collection Of Six Dramas Of Vatsaraja,https://sa.wikisource.org/wiki/A_Collection_of_six_Dramas_of_Vatsaraja,,Vatsarāja,,
sāhitya,abhaṅgapadyam.txt,Abhaṅgapadya,https://sa.wikisource.org/wiki/%E0%A4%B5%E0%A4%B0%E0%A5%8D%E0%A4%97%E0%A4%83:%E0%A4%9C%E0%A5%8D%E0%A4%9E%E0%A4%BE%E0%A4%A8%E0%A5%87%E0%A4%B6%E0%A5%8D%E0%A4%B5%E0%A4%B0%E0%A4%B8%E0%A5%8D%E0%A4%AF_%E0%A4%85%E0%A4%AD%E0%A4%99%E0%A5%8D%E0%A4%97%E0%A4%AA%E0%A4%A6%E0%A5%8D%E0%A4%AF%E0%A4%BE%E0%A4%A8%E0%A4%BF,,,,
sāhitya,abhilāṣāṣṭakam.txt,Abhilāṣāṣṭaka,https://sa.wikisource.org/wiki/%E0%A4%85%E0%A4%AD%E0%A4%BF%E0%A4%B2%E0%A4%BE%E0%A4%B7%E0%A4%BE%E0%A4%B7%E0%A5%8D%E0%A4%9F%E0%A4%95%E0%A4%AE%E0%A5%8D,,,,
sāhitya,abhiṣekanāṭakam.txt,Abhiṣekanāṭaka,https://sa.wikisource.org/wiki/%E0%A4%85%E0%A4%AD%E0%A4%BF%E0%A4%B7%E0%A5%87%E0%A4%95%E0%A4%A8%E0%A4%BE%E0%A4%9F%E0%A4%95%E0%A4%AE%E0%A5%8D,,Bhāsa,,
sāhitya,acyutāṣṭakam_śrīdharaveṅkaṭeśakṛtam.txt,Acyutāṣṭaka,https://sa.wikisource.org/wiki/%E0%A4%85%E0%A4%9A%E0%A5%8D%E0%A4%AF%E0%A5%81%E0%A4%A4%E0%A4%BE%E0%A4%B7%E0%A5%8D%E0%A4%9F%E0%A4%95%E0%A4%AE%E0%A5%8D,,Śaṅkarācārya,,
sāhitya,acyutāṣṭakam.txt,Acyutāṣṭaka,https://sa.wikisource.org/wiki/%E0%A4%85%E0%A4%9A%E0%A5%8D%E0%A4%AF%E0%A5%81%E0%A4%A4%E0%A4%BE%E0%A4%B7%E0%A5%8D%E0%A4%9F%E0%A4%95%E0%A4%AE%E0%A5%8D,,Śaṅkarācārya,,
sāhitya,advaitaśatakam.txt,Advaitaśataka,https://sa.wikisource.org/wiki/%E0%A4%85%E0%A4%A6%E0%A5%8D%E0%A4%B5%E0%A5%88%E0%A4%A4%E0%A4%B6%E0%A4%A4%E0%A4%95%E0%A4%AE%E0%A5%8D,,,,
sāhitya,agastyāṣṭakam.txt,Agastyāṣṭaka,https://sa.wikisource.org/wiki/%E0%A4%85%E0%A4%97%E0%A4%B8%E0%A5%8D%E0%A4%A4%E0%A5%8D%E0%A4%AF%E0%A4%BE%E0%A4%B7%E0%A5%8D%E0%A4%9F%E0%A4%95%E0%A4%AE%E0%A5%8D,,,,
sāhitya,aghanāśakagāyatrīstotram.txt,Aghanāśakagāyatrīstotra,https://sa.wikisource.org/wiki/%E0%A4%85%E0%A4%98%E0%A4%A8%E0%A4%BE%E0%A4%B6%E0%A4%95%E0%A4%97%E0%A4%BE%E0%A4%AF%E0%A4%A4%E0%A5%8D%E0%A4%B0%E0%A5%80%E0%A4%B8%E0%A5%8D%E0%A4%A4%E0%A5%8B%E0%A4%A4%E0%A5%8D%E0%A4%B0%E0%A4%AE%E0%A5%8D,,,,
sāhitya,aghorakaṣṭoddhāraṇastotram.txt,Aghorakaṣṭoddhāraṇastotra,https://sa.wikisource.org/wiki/%E0%A4%85%E0%A4%98%E0%A5%8B%E0%A4%B0%E0%A4%95%E0%A4%B7%E0%A5%8D%E0%A4%9F%E0%A5%8B%E0%A4%A6%E0%A5%8D%E0%A4%A7%E0%A4%BE%E0%A4%B0%E0%A4%A3%E0%A4%B8%E0%A5%8D%E0%A4%A4%E0%A5%8B%E0%A4%A4%E0%A5%8D%E0%A4%B0%E0%A4%AE%E0%A5%8D,,,,
sāhitya,ahalyākṛtarāmastotram.txt,Ahalyākṛtarāmastotra,https://sa.wikisource.org/wiki/%E0%A4%85%E0%A4%B9%E0%A4%B2%E0%A5%8D%E0%A4%AF%E0%A4%BE%E0%A4%95%E0%A5%83%E0%A4%A4%E0%A4%B0%E0%A4%BE%E0%A4%AE%E0%A4%B8%E0%A5%8D%E0%A4%A4%E0%A5%8B%E0%A4%A4%E0%A5%8D%E0%A4%B0%E0%A4%AE%E0%A5%8D,,,,
sāhitya,alaṅkāramaṇihāraḥ1.txt,Alaṅkāramaṇihāra 1,https://sa.wikisource.org/wiki/%E0%A4%85%E0%A4%B2%E0%A4%99%E0%A5%8D%E0%A4%95%E0%A4%BE%E0%A4%B0%E0%A4%AE%E0%A4%A3%E0%A4%BF%E0%A4%B9%E0%A4%BE%E0%A4%B0%E0%A4%83_(%E0%A4%AD%E0%A4%BE%E0%A4%97%E0%A4%83_%E0%A5%A7),,Śrīkṛṣṇabrahmatantraparakālasaṃyamīndra,,
sāhitya,alaṅkāramaṇihāraḥ2.txt,Alaṅkāramaṇihāra 2,https://sa.wikisource.org/wiki/%E0%A4%85%E0%A4%B2%E0%A4%99%E0%A5%8D%E0%A4%95%E0%A4%BE%E0%A4%B0%E0%A4%AE%E0%A4%A3%E0%A4%BF%E0%A4%B9%E0%A4%BE%E0%A4%B0%E0%A4%83_(%E0%A4%AD%E0%A4%BE%E0%A4%97%E0%A4%83_%E0%A5%A8),,Śrīkṛṣṇabrahmatantraparakālasaṃyamīndra,,
sāhitya,alaṅkāramaṇihāraḥ3.txt,Alaṅkāramaṇihāra 3,https://sa.wikisource.org/wiki/%E0%A4%85%E0%A4%B2%E0%A4%99%E0%A5%8D%E0%A4%95%E0%A4%BE%E0%A4%B0%E0%A4%AE%E0%A4%A3%E0%A4%BF%E0%A4%B9%E0%A4%BE%E0%A4%B0%E0%A4%83_(%E0%A4%AD%E0%A4%BE%E0%A4%97%E0%A4%83_%E0%A5%A9),,Śrīkṛṣṇabrahmatantraparakālasaṃyamīndra,,
sāhitya,alaṅkāramaṇihāraḥ4.txt,Alaṅkāramaṇihāra 4,https://sa.wikisource.org/wiki/%E0%A4%85%E0%A4%B2%E0%A4%99%E0%A5%8D%E0%A4%95%E0%A4%BE%E0%A4%B0%E0%A4%AE%E0%A4%A3%E0%A4%BF%E0%A4%B9%E0%A4%BE%E0%A4%B0%E0%A4%83_(%E0%A4%AD%E0%A4%BE%E0%A4%97%E0%A4%83_%E0%A5%AA),,Śrīkṛṣṇabrahmatantraparakālasaṃyamīndra,,
sāhitya,alaṅkārasaṅgrahaḥ.txt,Alaṅkārasaṅgraha,https://sa.wikisource.org/wiki/%E0%A4%85%E0%A4%B2%E0%A4%99%E0%A5%8D%E0%A4%95%E0%A4%BE%E0%A4%B0%E0%A4%B8%E0%A4%99%E0%A5%8D%E0%A4%97%E0%A5%8D%E0%A4%B0%E0%A4%B9%E0%A4%83,,Amṛtānandayogīndra,,
sāhitya,amarakaviviracitaikākṣarīkośaḥ.txt,Amarakaviviracitaikākṣarīkośa,https://sa.wikisource.org/wiki/%E0%A4%85%E0%A4%AE%E0%A4%B0%E0%A4%95%E0%A4%B5%E0%A4%BF%E0%A4%B5%E0%A4%BF%E0%A4%B0%E0%A4%9A%E0%A4%BF%E0%A4%A4_%E0%A4%8F%E0%A4%95%E0%A4%BE%E0%A4%95%E0%A5%8D%E0%A4%B7%E0%A4%B0%E0%A5%80-%E0%A4%95%E0%A5%8B%E0%A4%B6%E0%A4%83,,,,
sāhitya,ambāstotram_svāmī_vivekānanda.txt,Ambāstotra,https://sa.wikisource.org/wiki/%E0%A4%85%E0%A4%AE%E0%A5%8D%E0%A4%AC%E0%A4%BE%E0%A4%B8%E0%A5%8D%E0%A4%A4%E0%A5%8B%E0%A4%A4%E0%A5%8D%E0%A4%B0%E0%A4%AE%E0%A5%8D_-_%E0%A4%B8%E0%A5%8D%E0%A4%B5%E0%A4%BE%E0%A4%AE%E0%A5%80_%E0%A4%B5%E0%A4%BF%E0%A4%B5%E0%A5%87%E0%A4%95%E0%A4%BE%E0%A4%A8%E0%A4%A8%E0%A5%8D%E0%A4%A6,,Svāmī Vivekānanda,,
sāhitya,amoghaśivakavacam.txt,Amoghaśivakavaca,https://sa.wikisource.org/wiki/%E0%A4%85%E0%A4%AE%E0%A5%8B%E0%A4%98%E0%A4%B6%E0%A4%BF%E0%A4%B5%E0%A4%95%E0%A4%B5%E0%A4%9A%E0%A4%AE%E0%A5%8D,,,,
sāhitya,anasūyāstotram.txt,Anasūyāstotra,https://sa.wikisource.org/wiki/%E0%A4%85%E0%A4%A8%E0%A4%B8%E0%A5%82%E0%A4%AF%E0%A4%BE%E0%A4%B8%E0%A5%8D%E0%A4%A4%E0%A5%8B%E0%A4%A4%E0%A5%8D%E0%A4%B0%E0%A4%AE%E0%A5%8D,,Śrīvāsudevānandasarasvatī,,
sāhitya,annapūrṇāstotram.txt,Annapūrṇāstotra,https://sa.wikisource.org/wiki/%E0%A4%85%E0%A4%A8%E0%A5%8D%E0%A4%A8%E0%A4%AA%E0%A5%82%E0%A4%B0%E0%A5%8D%E0%A4%A3%E0%A4%BE%E0%A4%B8%E0%A5%8D%E0%A4%A4%E0%A5%8B%E0%A4%A4%E0%A5%8D%E0%A4%B0%E0%A4%AE%E0%A5%8D,,,,
sāhitya,aparādhakṣamāpanastotra.txt,Aparādhakṣamāpanastotra,https://sa.wikisource.org/wiki/%E0%A4%85%E0%A4%AA%E0%A4%B0%E0%A4%BE%E0%A4%A7%E0%A4%95%E0%A5%8D%E0%A4%B7%E0%A4%AE%E0%A4%BE%E0%A4%AA%E0%A4%A8%E0%A4%B8%E0%A5%8D%E0%A4%A4%E0%A5%8B%E0%A4%A4%E0%A5%8D%E0%A4%B0%E0%A4%AE%E0%A5%8D,,Vāsudevānandasarasvatī,,
sāhitya,aparādhakṣamāpaṇastotram.txt,Aparādhakṣamāpaṇastotra,https://sa.wikisource.org/wiki/%E0%A4%85%E0%A4%AA%E0%A4%B0%E0%A4%BE%E0%A4%A7%E0%A4%95%E0%A5%8D%E0%A4%B7%E0%A4%AE%E0%A4%BE%E0%A4%AA%E0%A4%A3%E0%A4%B8%E0%A5%8D%E0%A4%A4%E0%A5%8B%E0%A4%A4%E0%A5%8D%E0%A4%B0%E0%A4%AE%E0%A5%8D,,,,
sāhitya,aparājitāstotram.txt,Aparājitāstotra,https://sa.wikisource.org/wiki/%E0%A4%85%E0%A4%AA%E0%A4%B0%E0%A4%BE%E0%A4%9C%E0%A4%BF%E0%A4%A4%E0%A4%BE%E0%A4%B8%E0%A5%8D%E0%A4%A4%E0%A5%8B%E0%A4%A4%E0%A5%8D%E0%A4%B0%E0%A4%AE%E0%A5%8D,,,,
sāhitya,ardhanārīnaṭeśvarastotram.txt,Ardhanārīnaṭeśvarastotra,https://sa.wikisource.org/wiki/%E0%A4%85%E0%A4%B0%E0%A5%8D%E0%A4%A7%E0%A4%A8%E0%A4%BE%E0%A4%B0%E0%A5%80_%E0%A4%A8%E0%A4%9F%E0%A5%87%E0%A4%B6%E0%A5%8D%E0%A4%B5%E0%A4%B0_%E0%A4%B8%E0%A5%8D%E0%A4%A4%E0%A5%8B%E0%A4%A4%E0%A5%8D%E0%A4%B0%E0%A4%AE,,,,
sāhitya,ardhanārīśvarastotra.txt,Ardhanārīśvarastotra,https://sa.wikisource.org/wiki/%E0%A4%85%E0%A4%B0%E0%A5%8D%E0%A4%A7%E0%A4%A8%E0%A4%BE%E0%A4%B0%E0%A5%80%E0%A4%B6%E0%A5%8D%E0%A4%B5%E0%A4%B0%E0%A4%B8%E0%A5%8D%E0%A4%A4%E0%A5%8B%E0%A4%A4%E0%A5%8D%E0%A4%B0%E0%A4%AE%E0%A5%8D,,Śaṅkara,,
sāhitya,ardhanārīśvarastotram_bṛhatstotraratnākarāntargatam.txt,Ardhanārīśvarastotra (Bṛhatstotraratnākarāntargata),https://sa.wikisource.org/wiki/%E0%A4%85%E0%A4%B0%E0%A5%8D%E0%A4%A7%E0%A4%A8%E0%A4%BE%E0%A4%B0%E0%A5%80%E0%A4%B6%E0%A5%8D%E0%A4%B5%E0%A4%B0%E0%A4%B8%E0%A5%8D%E0%A4%A4%E0%A5%8B%E0%A4%A4%E0%A5%8D%E0%A4%B0%E0%A4%AE%E0%A5%8D_(%E0%A4%AC%E0%A5%83%E0%A4%B9%E0%A4%A4%E0%A5%8D%E0%A4%B8%E0%A5%8D%E0%A4%A4%E0%A5%8B%E0%A4%A4%E0%A5%8D%E0%A4%B0%E0%A4%B0%E0%A4%A4%E0%A5%8D%E0%A4%A8%E0%A4%BE%E0%A4%95%E0%A4%B0%E0%A4%BE%E0%A4%A8%E0%A5%8D%E0%A4%A4%E0%A4%B0%E0%A5%8D%E0%A4%97%E0%A4%A4%E0%A4%AE%E0%A5%8D),,Śaṅkarācārya,,
sāhitya,ardhanārīśvarāṣṭaka.txt,Ardhanārīśvarāṣṭaka,https://sa.wikisource.org/wiki/%E0%A4%85%E0%A4%B0%E0%A5%8D%E0%A4%A7%E0%A4%A8%E0%A4%BE%E0%A4%B0%E0%A5%80%E0%A4%B6%E0%A5%8D%E0%A4%B5%E0%A4%B0%E0%A4%BE%E0%A4%B7%E0%A5%8D%E0%A4%9F%E0%A4%95%E0%A4%AE%E0%A5%8D,,,,
sāhitya,ardhanārīśvarāṣṭottaraśatanāmastotram.txt,Ardhanārīśvarāṣṭottaraśatanāmastotra,https://sa.wikisource.org/wiki/%E0%A4%85%E0%A4%B0%E0%A5%8D%E0%A4%A7%E0%A4%A8%E0%A4%BE%E0%A4%B0%E0%A5%80%E0%A4%B6%E0%A5%8D%E0%A4%B5%E0%A4%B0%E0%A4%BE%E0%A4%B7%E0%A5%8D%E0%A4%9F%E0%A5%8B%E0%A4%A4%E0%A5%8D%E0%A4%A4%E0%A4%B0%E0%A4%B6%E0%A4%A4%E0%A4%A8%E0%A4%BE%E0%A4%AE%E0%A4%B8%E0%A5%8D%E0%A4%A4%E0%A5%8B%E0%A4%A4%E0%A5%8D%E0%A4%B0%E0%A4%AE%E0%A5%8D,,,,
sāhitya,argalāstotram.txt,Argalāstotra,https://sa.wikisource.org/wiki/%E0%A4%85%E0%A4%B0%E0%A5%8D%E0%A4%97%E0%A4%B2%E0%A4%BE%E0%A4%B8%E0%A5%8D%E0%A4%A4%E0%A5%8B%E0%A4%A4%E0%A5%8D%E0%A4%B0%E0%A4%AE%E0%A5%8D,,,,
sāhitya,asādhāraṇavyavahāramātṛkāprakaraṇam.txt,Asādhāraṇavyavahāramātṛkāprakaraṇa,https://sa.wikisource.org/wiki/%E0%A4%85%E0%A4%B8%E0%A4%BE%E0%A4%A7%E0%A4%BE%E0%A4%B0%E0%A4%A3%E0%A4%B5%E0%A5%8D%E0%A4%AF%E0%A4%B5%E0%A4%B9%E0%A4%BE%E0%A4%B0%E0%A4%AE%E0%A4%BE%E0%A4%A4%E0%A5%83%E0%A4%95%E0%A4%BE%E0%A4%AA%E0%A5%8D%E0%A4%B0%E0%A4%95%E0%A4%B0%E0%A4%A3%E0%A4%AE%E0%A5%8D,,,,
sāhitya,aucityavicāracarcā.txt,Aucityavicāracarcā,https://sa.wikisource.org/wiki/%E0%A4%94%E0%A4%9A%E0%A4%BF%E0%A4%A4%E0%A5%8D%E0%A4%AF%E0%A4%B5%E0%A4%BF%E0%A4%9A%E0%A4%BE%E0%A4%B0%E0%A4%9A%E0%A4%B0%E0%A5%8D%E0%A4%9A%E0%A4%BE,,Kṣemendra,,
sāhitya,avadhūtagītā.txt,Avadhūtagītā,https://sa.wikisource.org/wiki/%E0%A4%85%E0%A4%B5%E0%A4%A7%E0%A5%82%E0%A4%A4%E0%A4%97%E0%A5%80%E0%A4%A4%E0%A4%BE,,,,
sāhitya,avadhūtāṣṭakam.txt,Avadhūtāṣṭaka,https://sa.wikisource.org/wiki/%E0%A4%85%E0%A4%B5%E0%A4%A7%E0%A5%82%E0%A4%A4%E0%A4%BE%E0%A4%B7%E0%A5%8D%E0%A4%9F%E0%A4%95%E0%A4%AE%E0%A5%8D,,,,
sāhitya,avimārakam.txt,Avimāraka,https://sa.wikisource.org/wiki/%E0%A4%85%E0%A4%B5%E0%A4%BF%E0%A4%AE%E0%A4%BE%E0%A4%B0%E0%A4%95%E0%A4%AE%E0%A5%8D,,Bhāsa,,
sāhitya,añjanaśailanāthastotram.txt,Añjanaśailanāthastotra,https://sa.wikisource.org/wiki/%E0%A4%85%E0%A4%9E%E0%A5%8D%E0%A4%9C%E0%A4%A8%E0%A4%B6%E0%A5%88%E0%A4%B2%E0%A4%A8%E0%A4%BE%E0%A4%A5%E0%A4%B8%E0%A5%8D%E0%A4%A4%E0%A5%8B%E0%A4%A4%E0%A5%8D%E0%A4%B0%E0%A4%AE%E0%A5%8D,,,,
sāhitya,aśvatthastotram.txt,Aśvatthastotra,https://sa.wikisource.org/wiki/%E0%A4%85%E0%A4%B6%E0%A5%8D%E0%A4%B5%E0%A4%A4%E0%A5%8D%E0%A4%A5%E0%A4%B8%E0%A5%8D%E0%A4%A4%E0%A5%8B%E0%A4%A4%E0%A5%8D%E0%A4%B0%E0%A4%AE%E0%A5%8D,,,,
sāhitya,aṅgārakastotram.txt,Aṅgārakastotra,https://sa.wikisource.org/wiki/%E0%A4%85%E0%A4%99%E0%A5%8D%E0%A4%97%E0%A4%BE%E0%A4%B0%E0%A4%95%E0%A4%B8%E0%A5%8D%E0%A4%A4%E0%A5%8B%E0%A4%A4%E0%A5%8D%E0%A4%B0%E0%A4%AE%E0%A5%8D,,,,
sāhitya,aṅgārakāṣṭottaraśatanāmāvali.txt,Aṅgārakāṣṭottaraśatanāmāvali,https://sa.wikisource.org/wiki/%E0%A4%85%E0%A4%99%E0%A5%8D%E0%A4%97%E0%A4%BE%E0%A4%B0%E0%A4%95%E0%A4%BE%E0%A4%B7%E0%A5%8D%E0%A4%9F%E0%A5%8B%E0%A4%A4%E0%A5%8D%E0%A4%A4%E0%A4%B0%E0%A4%B6%E0%A4%A4%E0%A4%A8%E0%A4%BE%E0%A4%AE%E0%A4%BE%E0%A4%B5%E0%A4%B2%E0%A4%BF%E0%A4%83,,,,
sāhitya,aṣṭalakṣmīstotram.txt,Aṣṭalakṣmīstotra,https://sa.wikisource.org/wiki/%E0%A4%85%E0%A4%B7%E0%A5%8D%E0%A4%9F%E0%A4%B2%E0%A4%95%E0%A5%8D%E0%A4%B7%E0%A5%8D%E0%A4%AE%E0%A5%80_%E0%A4%B8%E0%A5%8D%E0%A4%A4%E0%A5%8B%E0%A4%A4%E0%A5%8D%E0%A4%B0%E0%A4%AE%E0%A5%8D,,,,
sāhitya,aṣṭamūrtyaṣṭakam.txt,Aṣṭamūrtyaṣṭaka,https://sa.wikisource.org/wiki/%E0%A4%85%E0%A4%B7%E0%A5%8D%E0%A4%9F%E0%A4%AE%E0%A5%82%E0%A4%B0%E0%A5%8D%E0%A4%A4%E0%A5%8D%E0%A4%AF%E0%A4%B7%E0%A5%8D%E0%A4%9F%E0%A4%95%E0%A4%AE%E0%A5%8D,,Śukrācārya,,
sāhitya,aṣṭādaśaśaktipīṭhastotram.txt,Aṣṭādaśaśaktipīṭhastotra,https://sa.wikisource.org/wiki/%E0%A4%85%E0%A4%B7%E0%A5%8D%E0%A4%9F%E0%A4%BE%E0%A4%A6%E0%A4%B6%E0%A4%B6%E0%A4%95%E0%A5%8D%E0%A4%A4%E0%A4%BF%E0%A4%AA%E0%A5%80%E0%A4%A0%E0%A4%B8%E0%A5%8D%E0%A4%A4%E0%A5%8B%E0%A4%A4%E0%A5%8D%E0%A4%B0%E0%A4%AE%E0%A5%8D,,,,
sāhitya,aṣṭāvakragītā.txt,Aṣṭāvakragītā,https://sa.wikisource.org/wiki/%E0%A4%85%E0%A4%B7%E0%A5%8D%E0%A4%9F%E0%A4%BE%E0%A4%B5%E0%A4%95%E0%A5%8D%E0%A4%B0%E0%A4%97%E0%A5%80%E0%A4%A4%E0%A4%BE,,,,
sāhitya,aṭṭālasundarāṣṭakam.txt,Aṭṭālasundarāṣṭaka,https://sa.wikisource.org/wiki/%E0%A4%85%E0%A4%9F%E0%A5%8D%E0%A4%9F%E0%A4%BE%E0%A4%B2%E0%A4%B8%E0%A5%81%E0%A4%A8%E0%A5%8D%E0%A4%A6%E0%A4%B0%E0%A4%BE%E0%A4%B7%E0%A5%8D%E0%A4%9F%E0%A4%95%E0%A4%AE%E0%A5%8D,,,,
sāhitya,bhajagovindam.txt,Bhajagovinda,https://sa.wikisource.org/wiki/%E0%A4%AD%E0%A4%9C%E0%A4%97%E0%A5%8B%E0%A4%B5%E0%A4%BF%E0%A4%A8%E0%A5%8D%E0%A4%A6%E0%A4%AE%E0%A5%8D,,Śaṅkarācārya,,
sāhitya,bharatakavacam.txt,Bharatakavaca,https://sa.wikisource.org/wiki/%E0%A4%AD%E0%A4%B0%E0%A4%A4%E0%A4%95%E0%A4%B5%E0%A4%9A%E0%A4%AE%E0%A5%8D,,,,
sāhitya,bhartṛhariśatakatrayī.txt,Bhartṛhariśatakatrayī,https://sa.wikisource.org/wiki/%E0%A4%AD%E0%A4%B0%E0%A5%8D%E0%A4%A4%E0%A5%83%E0%A4%B9%E0%A4%B0%E0%A4%BF%E0%A4%B6%E0%A4%A4%E0%A4%95%E0%A4%A4%E0%A5%8D%E0%A4%B0%E0%A4%AF%E0%A5%80,,Bhartṛhari,,
sāhitya,bhavānyaṣṭakam.txt,Bhavānyaṣṭaka,https://sa.wikisource.org/wiki/%E0%A4%AD%E0%A4%B5%E0%A4%BE%E0%A4%A8%E0%A5%8D%E0%A4%AF%E0%A4%B7%E0%A5%8D%E0%A4%9F%E0%A4%95%E0%A4%AE%E0%A5%8D,,Śrīśaṃkarācārya,,
sāhitya,bhojaprabandhaḥ.txt,Bhojaprabandha,https://sa.wikisource.org/wiki/%E0%A4%AD%E0%A5%8B%E0%A4%9C%E0%A4%AA%E0%A5%8D%E0%A4%B0%E0%A4%AC%E0%A4%A8%E0%A5%8D%E0%A4%A7%E0%A4%83,,Ballāla,,
sāhitya,bhāvanāsārasaṅgraha.txt,Bhāvanāsārasaṅgraha,https://sa.wikisource.org/wiki/%E0%A4%AD%E0%A4%BE%E0%A4%B5%E0%A4%A8%E0%A4%BE%E0%A4%B8%E0%A4%BE%E0%A4%B0%E0%A4%B8%E0%A4%99%E0%A5%8D%E0%A4%97%E0%A5%8D%E0%A4%B0%E0%A4%B9,,,,
sāhitya,bhāvaprakāśaḥ_śāradātanayaḥ.txt,Bhāvaprakāśa,https://sa.wikisource.org/wiki/%E0%A4%AD%E0%A4%BE%E0%A4%B5%E0%A4%AA%E0%A5%8D%E0%A4%B0%E0%A4%95%E0%A4%BE%E0%A4%B6%E0%A4%83,,Śāradātanaya,,
sāhitya,bhūmivandanam.txt,Bhūmivandana,https://sa.wikisource.org/wiki/%E0%A4%AD%E0%A5%82%E0%A4%AE%E0%A4%BF%E0%A4%B5%E0%A4%A8%E0%A5%8D%E0%A4%A6%E0%A4%A8%E0%A4%AE%E0%A5%8D,,,,
sāhitya,bhṛgusaṃhitā.txt,Bhṛgusaṃhitā,https://sa.wikisource.org/wiki/%E0%A4%AD%E0%A5%83%E0%A4%97%E0%A5%81%E0%A4%B8%E0%A4%82%E0%A4%B9%E0%A4%BF%E0%A4%A4%E0%A4%BE,fully included in gretil,,,
sāhitya,bilvāṣṭakam.txt,Bilvāṣṭaka,https://sa.wikisource.org/wiki/%E0%A4%AC%E0%A4%BF%E0%A4%B2%E0%A5%8D%E0%A4%B5%E0%A4%BE%E0%A4%B7%E0%A5%8D%E0%A4%9F%E0%A4%95%E0%A4%AE%E0%A5%8D,,,,
sāhitya,bodhyagīta_incomplete.txt,Bodhyagīta,https://sa.wikisource.org/wiki/%E0%A4%AC%E0%A5%8B%E0%A4%A7%E0%A5%8D%E0%A4%AF%E0%A4%97%E0%A5%80%E0%A4%A4%E0%A4%BE,,,,
sāhitya,brahmadevakṛtarāmastutiḥ.txt,Brahmadevakṛtarāmastuti,https://sa.wikisource.org/wiki/%E0%A4%AC%E0%A5%8D%E0%A4%B0%E0%A4%B9%E0%A5%8D%E0%A4%AE%E0%A4%A6%E0%A5%87%E0%A4%B5%E0%A4%95%E0%A5%83%E0%A4%A4%E0%A4%B0%E0%A4%BE%E0%A4%AE%E0%A4%B8%E0%A5%8D%E0%A4%A4%E0%A5%81%E0%A4%A4%E0%A4%BF%E0%A4%83,,,,
sāhitya,brahmagītā_incomplete.txt,Brahmagītā,https://sa.wikisource.org/wiki/%E0%A4%AC%E0%A5%8D%E0%A4%B0%E0%A4%B9%E0%A5%8D%E0%A4%AE%E0%A4%97%E0%A5%80%E0%A4%A4%E0%A4%BE,,,,
sāhitya,brahmajñānāvalī.txt,Brahmajñānāvalī,https://sa.wikisource.org/wiki/%E0%A4%AC%E0%A5%8D%E0%A4%B0%E0%A4%B9%E0%A5%8D%E0%A4%AE%E0%A4%9C%E0%A5%8D%E0%A4%9E%E0%A4%BE%E0%A4%A8%E0%A4%BE%E0%A4%B5%E0%A4%B2%E0%A5%80,included in gretil,,,
sāhitya,brahmānucintanam.txt,Brahmānucintana,https://sa.wikisource.org/wiki/%E0%A4%AC%E0%A5%8D%E0%A4%B0%E0%A4%B9%E0%A5%8D%E0%A4%AE%E0%A4%BE%E0%A4%A8%E0%A5%81%E0%A4%9A%E0%A4%BF%E0%A4%A8%E0%A5%8D%E0%A4%A4%E0%A4%A8%E0%A4%AE%E0%A5%8D,,,,
sāhitya,brāhmaṇagītā.txt,Brāhmaṇagītā,https://sa.wikisource.org/wiki/%E0%A4%AC%E0%A5%8D%E0%A4%B0%E0%A4%BE%E0%A4%B9%E0%A5%8D%E0%A4%AE%E0%A4%A3%E0%A4%97%E0%A5%80%E0%A4%A4%E0%A4%BE,,,,
sāhitya,bālacaritam.txt,Bālacarita,https://sa.wikisource.org/wiki/%E0%A4%AC%E0%A4%BE%E0%A4%B2%E0%A4%9A%E0%A4%B0%E0%A4%BF%E0%A4%A4%E0%A4%AE%E0%A5%8D,,Bhāsa,,
sāhitya,bālamukundāṣṭakam.txt,Bālamukundāṣṭaka,https://sa.wikisource.org/wiki/%E0%A4%AC%E0%A4%BE%E0%A4%B2%E0%A4%AE%E0%A5%81%E0%A4%95%E0%A5%81%E0%A4%A8%E0%A5%8D%E0%A4%A6%E0%A4%BE%E0%A4%B7%E0%A5%8D%E0%A4%9F%E0%A4%95%E0%A4%AE%E0%A5%8D,,Śrī-bilvamaṃgala Ṭhākura,,
sāhitya,campakāṣṭakam.txt,Campakāṣṭaka,https://sa.wikisource.org/wiki/%E0%A4%9A%E0%A4%AE%E0%A5%8D%E0%A4%AA%E0%A4%95%E0%A4%BE%E0%A4%B7%E0%A5%8D%E0%A4%9F%E0%A4%95%E0%A4%AE%E0%A5%8D,,Kambham-cokkaṇṇa,,
sāhitya,campūbhāratam.txt,Campūbhārata,https://sa.wikisource.org/wiki/%E0%A4%9A%E0%A4%AE%E0%A5%8D%E0%A4%AA%E0%A5%82%E0%A4%AD%E0%A4%BE%E0%A4%B0%E0%A4%A4%E0%A4%AE%E0%A5%8D,,Śrīmadantakavi,,
sāhitya,campūrāmāyaṇam.txt,Campūrāmāyaṇa,https://sa.wikisource.org/wiki/%E0%A4%9A%E0%A4%AE%E0%A5%8D%E0%A4%AA%E0%A5%82%E0%A4%B0%E0%A4%BE%E0%A4%AE%E0%A4%BE%E0%A4%AF%E0%A4%A3%E0%A4%AE%E0%A5%8D,,Śrībhojarāja,,
sāhitya,candramaulīśvarabhujaṅgastotram.txt,Candramaulīśvarabhujaṅgastotra,https://sa.wikisource.org/wiki/%E0%A4%9A%E0%A4%A8%E0%A5%8D%E0%A4%A6%E0%A5%8D%E0%A4%B0%E0%A4%AE%E0%A5%8C%E0%A4%B3%E0%A5%80%E0%A4%B6%E0%A5%8D%E0%A4%B5%E0%A4%B0%E0%A4%AD%E0%A5%81%E0%A4%9C%E0%A4%99%E0%A5%8D%E0%A4%97%E0%A4%B8%E0%A5%8D%E0%A4%A4%E0%A5%8B%E0%A4%A4%E0%A5%8D%E0%A4%B0%E0%A4%AE%E0%A5%8D,,,,
sāhitya,caturviṃśatināmapratipādakacūrṇikā.txt,Caturviṃśatināmapratipādakacūrṇikā,https://sa.wikisource.org/wiki/%E0%A4%9A%E0%A4%A4%E0%A5%81%E0%A4%B0%E0%A5%8D%E0%A4%B5%E0%A4%BF%E0%A4%82%E0%A4%B6%E0%A4%A4%E0%A4%BF%E0%A4%A8%E0%A4%BE%E0%A4%AE%E0%A4%AA%E0%A5%8D%E0%A4%B0%E0%A4%A4%E0%A4%BF%E0%A4%AA%E0%A4%BE%E0%A4%A6%E0%A4%95%E0%A4%9A%E0%A5%82%E0%A4%B0%E0%A5%8D%E0%A4%A3%E0%A4%BF%E0%A4%95%E0%A4%BE,,,,
sāhitya,caṇḍikāṣṭakam.txt,Caṇḍikāṣṭaka,https://sa.wikisource.org/wiki/%E0%A4%9A%E0%A4%A3%E0%A5%8D%E0%A4%A1%E0%A4%BF%E0%A4%95%E0%A4%BE%E0%A4%B7%E0%A5%8D%E0%A4%9F%E0%A4%95%E0%A4%AE%E0%A5%8D,,,,
sāhitya,caṇḍīkavacam.txt,Caṇḍīkavaca,https://sa.wikisource.org/wiki/%E0%A4%9A%E0%A4%A3%E0%A5%8D%E0%A4%A1%E0%A5%80%E0%A4%95%E0%A4%B5%E0%A4%9A%E0%A4%AE%E0%A5%8D,,,,
sāhitya,caṇḍīpāṭha.txt,Caṇḍīpāṭha,https://sa.wikisource.org/wiki/%E0%A4%9A%E0%A4%A3%E0%A5%8D%E0%A4%A1%E0%A5%80%E0%A4%AA%E0%A4%BE%E0%A4%A0%E0%A4%83,,,,
sāhitya,chinnamastāsahasranāmastotram.txt,Chinnamastāsahasranāmastotra,https://sa.wikisource.org/wiki/%E0%A4%9B%E0%A4%BF%E0%A4%A8%E0%A5%8D%E0%A4%A8%E0%A4%AE%E0%A4%B8%E0%A5%8D%E0%A4%A4%E0%A4%BE%E0%A4%B8%E0%A4%B9%E0%A4%B8%E0%A5%8D%E0%A4%B0%E0%A4%A8%E0%A4%BE%E0%A4%AE%E0%A4%B8%E0%A5%8D%E0%A4%A4%E0%A5%8B%E0%A4%A4%E0%A5%8D%E0%A4%B0%E0%A4%AE%E0%A5%8D,,,,
sāhitya,cidambaraṃ_śrīnaṭarājastutī.txt,Cidambara Śrīnaṭarājastutī,https://sa.wikisource.org/wiki/%E0%A4%9A%E0%A4%BF%E0%A4%A6%E0%A4%AE%E0%A5%8D%E0%A4%AC%E0%A4%B0%E0%A4%82_%E0%A4%B6%E0%A5%8D%E0%A4%B0%E0%A5%80%E0%A4%A8%E0%A4%9F%E0%A4%B0%E0%A4%BE%E0%A4%9C%E0%A4%B8%E0%A5%8D%E0%A4%A4%E0%A5%81%E0%A4%A4%E0%A5%80,,,,
sāhitya,citramīmāṃsā.txt,Citramīmāṃsā,https://sa.wikisource.org/wiki/%E0%A4%9A%E0%A4%BF%E0%A4%A4%E0%A5%8D%E0%A4%B0%E0%A4%AE%E0%A5%80%E0%A4%AE%E0%A4%BE%E0%A4%82%E0%A4%B8%E0%A4%BE,,,,
sāhitya,cārudattam.txt,Cārudatta,https://sa.wikisource.org/wiki/%E0%A4%9A%E0%A4%BE%E0%A4%B0%E0%A5%81%E0%A4%A6%E0%A4%A4%E0%A5%8D%E0%A4%A4%E0%A4%AE%E0%A5%8D,,Bhāsa,,
sāhitya,cāṇakyanītidarpaṇaḥ.txt,Cāṇakyanītidarpaṇa,https://sa.wikisource.org/wiki/%E0%A4%9A%E0%A4%BE%E0%A4%A3%E0%A4%95%E0%A5%8D%E0%A4%AF%E0%A4%A8%E0%A5%80%E0%A4%A4%E0%A4%BF%E0%A4%A6%E0%A4%B0%E0%A5%8D%E0%A4%AA%E0%A4%A3%E0%A4%83,,,,
sāhitya,cāṇakyanītiḥ.txt,Cāṇakyanīti,https://sa.wikisource.org/wiki/%E0%A4%9A%E0%A4%BE%E0%A4%A3%E0%A4%95%E0%A5%8D%E0%A4%AF%E0%A4%A8%E0%A5%80%E0%A4%A4%E0%A4%BF%E0%A4%83,,,,
sāhitya,dakārādidattasahasranāmastotram.txt,Dakārādidattasahasranāmastotra,https://sa.wikisource.org/wiki/%E0%A4%A6%E0%A4%95%E0%A4%BE%E0%A4%B0%E0%A4%BE%E0%A4%A6%E0%A4%BF%E0%A4%A6%E0%A4%A4%E0%A5%8D%E0%A4%A4%E0%A4%B8%E0%A4%B9%E0%A4%B8%E0%A5%8D%E0%A4%B0%E0%A4%A8%E0%A4%BE%E0%A4%AE%E0%A4%B8%E0%A5%8D%E0%A4%A4%E0%A5%8B%E0%A4%A4%E0%A5%8D%E0%A4%B0%E0%A4%AE%E0%A5%8D,,Madvāsudevānandasarasvatī,,
sāhitya,dakṣiṇāmūrticaturviṃśativarṇamālāstotram.txt,Dakṣiṇāmūrticaturviṃśativarṇamālāstotra,https://sa.wikisource.org/wiki/%E0%A4%A6%E0%A4%95%E0%A5%8D%E0%A4%B7%E0%A4%BF%E0%A4%A3%E0%A4%BE%E0%A4%AE%E0%A5%82%E0%A4%B0%E0%A5%8D%E0%A4%A4%E0%A4%BF%E0%A4%9A%E0%A4%A4%E0%A5%81%E0%A4%B0%E0%A5%8D%E0%A4%B5%E0%A4%BF%E0%A4%82%E0%A4%B6%E0%A4%A4%E0%A4%BF%E0%A4%B5%E0%A4%B0%E0%A5%8D%E0%A4%A3%E0%A4%AE%E0%A4%BE%E0%A4%B2%E0%A4%BE%E0%A4%B8%E0%A5%8D%E0%A4%A4%E0%A5%8B%E0%A4%A4%E0%A5%8D%E0%A4%B0%E0%A4%AE%E0%A5%8D,,Śaṅkarācārya,,
sāhitya,dakṣiṇāmūrtimānasikapūjāstotram.txt,Dakṣiṇāmūrtimānasikapūjāstotra,https://sa.wikisource.org/wiki/%E0%A4%A6%E0%A4%95%E0%A5%8D%E0%A4%B7%E0%A4%BF%E0%A4%A3%E0%A4%BE%E0%A4%AE%E0%A5%82%E0%A4%B0%E0%A5%8D%E0%A4%A4%E0%A4%BF%E0%A4%AE%E0%A4%BE%E0%A4%A8%E0%A4%B8%E0%A4%BF%E0%A4%95%E0%A4%AA%E0%A5%82%E0%A4%9C%E0%A4%BE%E0%A4%B8%E0%A5%8D%E0%A4%A4%E0%A5%8B%E0%A4%A4%E0%A5%8D%E0%A4%B0%E0%A4%AE%E0%A5%8D,,Vijñānendra,,
sāhitya,dakṣiṇāmūrtinavaratnamālikāstotram.txt,Dakṣiṇāmūrtinavaratnamālikāstotra,https://sa.wikisource.org/wiki/%E0%A4%A6%E0%A4%95%E0%A5%8D%E0%A4%B7%E0%A4%BF%E0%A4%A3%E0%A4%BE%E0%A4%AE%E0%A5%82%E0%A4%B0%E0%A5%8D%E0%A4%A4%E0%A4%BF%E0%A4%A8%E0%A4%B5%E0%A4%B0%E0%A4%A4%E0%A5%8D%E0%A4%A8%E0%A4%AE%E0%A4%BE%E0%A4%B2%E0%A4%BF%E0%A4%95%E0%A4%BE%E0%A4%B8%E0%A5%8D%E0%A4%A4%E0%A5%8B%E0%A4%A4%E0%A5%8D%E0%A4%B0%E0%A4%AE%E0%A5%8D,,,,
sāhitya,dakṣiṇāmūrtinavaratnamālāstotram.txt,Dakṣiṇāmūrtinavaratnamālāstotra,https://sa.wikisource.org/wiki/%E0%A4%A6%E0%A4%95%E0%A5%8D%E0%A4%B7%E0%A4%BF%E0%A4%A3%E0%A4%BE%E0%A4%AE%E0%A5%82%E0%A4%B0%E0%A5%8D%E0%A4%A4%E0%A4%BF%E0%A4%A8%E0%A4%B5%E0%A4%B0%E0%A4%A4%E0%A5%8D%E0%A4%A8%E0%A4%AE%E0%A4%BE%E0%A4%B2%E0%A4%BE%E0%A4%B8%E0%A5%8D%E0%A4%A4%E0%A4%BE%E0%A4%A4%E0%A5%8D%E0%A4%B0%E0%A4%AE%E0%A5%8D,,,,
sāhitya,dakṣiṇāmūrtistotram_bṛhatstotraratnākarāntargatam_1.txt,Dakṣiṇāmūrtistotra (Bṛhatstotraratnākarāntargata) 1,https://sa.wikisource.org/wiki/%E0%A4%A6%E0%A4%95%E0%A5%8D%E0%A4%B7%E0%A4%BF%E0%A4%A3%E0%A4%BE%E0%A4%AE%E0%A5%82%E0%A4%B0%E0%A5%8D%E0%A4%A4%E0%A4%BF%E0%A4%B8%E0%A5%8D%E0%A4%A4%E0%A5%8B%E0%A4%A4%E0%A5%8D%E0%A4%B0%E0%A4%AE%E0%A5%8D_(%E0%A4%AC%E0%A5%83%E0%A4%B9%E0%A4%A4%E0%A5%8D%E0%A4%B8%E0%A5%8D%E0%A4%A4%E0%A5%8B%E0%A4%A4%E0%A5%8D%E0%A4%B0%E0%A4%B0%E0%A4%A4%E0%A5%8D%E0%A4%A8%E0%A4%BE%E0%A4%95%E0%A4%B0%E0%A4%BE%E0%A4%A8%E0%A5%8D%E0%A4%A4%E0%A4%B0%E0%A5%8D%E0%A4%97%E0%A4%A4%E0%A4%AE%E0%A5%8D),,,,
sāhitya,dakṣiṇāmūrtistotram_bṛhatstotraratnākarāntargatam_2.txt,Dakṣiṇāmūrtistotra (Bṛhatstotraratnākarāntargata) 2,https://sa.wikisource.org/wiki/%E0%A4%A6%E0%A4%95%E0%A5%8D%E0%A4%B7%E0%A4%BF%E0%A4%A3%E0%A4%BE%E0%A4%AE%E0%A5%82%E0%A4%B0%E0%A5%8D%E0%A4%A4%E0%A4%BF%E0%A4%B8%E0%A5%8D%E0%A4%A4%E0%A5%8B%E0%A4%A4%E0%A5%8D%E0%A4%B0%E0%A4%AE%E0%A5%8D_(%E0%A4%AC%E0%A5%83%E0%A4%B9%E0%A4%A4%E0%A5%8D%E0%A4%B8%E0%A5%8D%E0%A4%A4%E0%A5%8B%E0%A4%A4%E0%A5%8D%E0%A4%B0%E0%A4%B0%E0%A4%A4%E0%A5%8D%E0%A4%A8%E0%A4%BE%E0%A4%95%E0%A4%B0%E0%A4%BE%E0%A4%A8%E0%A5%8D%E0%A4%A4%E0%A4%B0%E0%A5%8D%E0%A4%97%E0%A4%A4%E0%A4%AE%E0%A5%8D),,,,
sāhitya,dakṣiṇāmūrtistotram.txt,Dakṣiṇāmūrtistotra,https://sa.wikisource.org/wiki/%E0%A4%A6%E0%A4%95%E0%A5%8D%E0%A4%B7%E0%A4%BF%E0%A4%A3%E0%A4%BE%E0%A4%AE%E0%A5%82%E0%A4%B0%E0%A5%8D%E0%A4%A4%E0%A4%BF%E0%A4%B8%E0%A5%8D%E0%A4%A4%E0%A5%8B%E0%A4%A4%E0%A5%8D%E0%A4%B0%E0%A4%AE%E0%A5%8D_(%E0%A4%AC%E0%A5%83%E0%A4%B9%E0%A4%A4%E0%A5%8D%E0%A4%B8%E0%A5%8D%E0%A4%A4%E0%A5%8B%E0%A4%A4%E0%A5%8D%E0%A4%B0%E0%A4%B0%E0%A4%A4%E0%A5%8D%E0%A4%A8%E0%A4%BE%E0%A4%95%E0%A4%B0%E0%A4%BE%E0%A4%A8%E0%A5%8D%E0%A4%A4%E0%A4%B0%E0%A5%8D%E0%A4%97%E0%A4%A4%E0%A4%AE%E0%A5%8D),,,,
sāhitya,dakṣiṇāmūrtyaṣṭakam_bṛhatstotraratnākarāntargatam.txt,Dakṣiṇāmūrtyaṣṭaka (Bṛhatstotraratnākarāntargata),https://sa.wikisource.org/wiki/%E0%A4%A6%E0%A4%95%E0%A5%8D%E0%A4%B7%E0%A4%BF%E0%A4%A3%E0%A4%BE%E0%A4%AE%E0%A5%82%E0%A4%B0%E0%A5%8D%E0%A4%A4%E0%A5%8D%E0%A4%AF%E0%A4%B7%E0%A5%8D%E0%A4%9F%E0%A4%95%E0%A4%AE%E0%A5%8D_(%E0%A4%AC%E0%A5%83%E0%A4%B9%E0%A4%A4%E0%A5%8D%E0%A4%B8%E0%A5%8D%E0%A4%A4%E0%A5%8B%E0%A4%A4%E0%A5%8D%E0%A4%B0%E0%A4%B0%E0%A4%A4%E0%A5%8D%E0%A4%A8%E0%A4%BE%E0%A4%95%E0%A4%B0%E0%A4%BE%E0%A4%A8%E0%A5%8D%E0%A4%A4%E0%A4%B0%E0%A5%8D%E0%A4%97%E0%A4%A4%E0%A4%AE%E0%A5%8D),,Śaṅkarācārya,,
sāhitya,dattalīlāmaṃtra.txt,Dattalīlāmaṃtra,https://sa.wikisource.org/wiki/%E0%A4%A6%E0%A4%A4%E0%A5%8D%E0%A4%A4%E0%A4%B2%E0%A5%80%E0%A4%B2%E0%A4%BE_%E0%A4%AE%E0%A4%82%E0%A4%A4%E0%A5%8D%E0%A4%B0,,,,
sāhitya,dattamālāmantram.txt,Dattamālāmantra,https://sa.wikisource.org/wiki/%E0%A4%A6%E0%A4%A4%E0%A5%8D%E0%A4%A4%E0%A4%AE%E0%A4%BE%E0%A4%B2%E0%A4%BE%E0%A4%AE%E0%A4%A8%E0%A5%8D%E0%A4%A4%E0%A5%8D%E0%A4%B0%E0%A4%AE%E0%A5%8D,,Vāsudevānaṃdasarasvatī,,
sāhitya,dattastavastrotram.txt,Dattastavastrotra,https://sa.wikisource.org/wiki/%E0%A4%A6%E0%A4%A4%E0%A5%8D%E0%A4%A4%E0%A4%B8%E0%A5%8D%E0%A4%A4%E0%A4%B5%E0%A4%B8%E0%A5%8D%E0%A4%A4%E0%A5%8D%E0%A4%B0%E0%A5%8B%E0%A4%A4%E0%A5%8D%E0%A4%B0%E0%A4%AE,,,,
sāhitya,dattāparādhakṣamāpanastotram.txt,Dattāparādhakṣamāpanastotra,https://sa.wikisource.org/wiki/%E0%A4%A6%E0%A4%A4%E0%A5%8D%E0%A4%A4%E0%A4%BE%E0%A4%AA%E0%A4%B0%E0%A4%BE%E0%A4%A7%E0%A4%95%E0%A5%8D%E0%A4%B7%E0%A4%AE%E0%A4%BE%E0%A4%AA%E0%A4%A8%E0%A4%B8%E0%A5%8D%E0%A4%A4%E0%A5%8B%E0%A4%A4%E0%A5%8D%E0%A4%B0%E0%A4%AE%E0%A5%8D,,Vāsudevānandasarasvatī,,
sāhitya,dattātharvaśīrṣam.txt,Dattātharvaśīrṣa,https://sa.wikisource.org/wiki/%E0%A4%A6%E0%A4%A4%E0%A5%8D%E0%A4%A4%E0%A4%BE%E0%A4%A5%E0%A4%B0%E0%A5%8D%E0%A4%B5%E0%A4%B6%E0%A5%80%E0%A4%B0%E0%A5%8D%E0%A4%B7%E0%A4%AE%E0%A5%8D,,,,
sāhitya,dattātreyadvādaśaḥ_nāma_stotram.txt,Dattātreyadvādaśa-stotra,https://sa.wikisource.org/wiki/%E0%A4%A6%E0%A4%A4%E0%A5%8D%E0%A4%A4%E0%A4%BE%E0%A4%A4%E0%A5%8D%E0%A4%B0%E0%A5%87%E0%A4%AF_%E0%A4%A6%E0%A5%8D%E0%A4%B5%E0%A4%BE%E0%A4%A6%E0%A4%B6%E0%A4%83_%E0%A4%A8%E0%A4%BE%E0%A4%AE_%E0%A4%B8%E0%A5%8D%E0%A4%A4%E0%A5%8B%E0%A4%A4%E0%A5%8D%E0%A4%B0%E0%A4%AE%E0%A5%8D,,,,
sāhitya,dattātreyaopaniṣat.txt,Dattātreyaopaniṣat,https://sa.wikisource.org/wiki/%E0%A4%A6%E0%A4%A4%E0%A5%8D%E0%A4%A4%E0%A4%BE%E0%A4%A4%E0%A5%8D%E0%A4%B0%E0%A5%87%E0%A4%AF%E0%A5%8B%E0%A4%AA%E0%A4%A8%E0%A4%BF%E0%A4%B7%E0%A4%A4%E0%A5%8D,,,,
sāhitya,dattātreyasahasranāmāvalī.txt,Dattātreyasahasranāmāvalī,https://sa.wikisource.org/wiki/%E0%A4%A6%E0%A4%A4%E0%A5%8D%E0%A4%A4%E0%A4%BE%E0%A4%A4%E0%A5%8D%E0%A4%B0%E0%A5%87%E0%A4%AF%E0%A4%B8%E0%A4%B9%E0%A4%B8%E0%A5%8D%E0%A4%B0%E0%A4%A8%E0%A4%BE%E0%A4%AE%E0%A4%BE%E0%A4%B5%E0%A4%B2%E0%A5%80,,,,
sāhitya,dattātreyastotram_nāradapurāṇa.txt,Dattātreyastotra (Nāradapurāṇa),https://sa.wikisource.org/wiki/%E0%A4%A6%E0%A4%A4%E0%A5%8D%E0%A4%A4%E0%A4%BE%E0%A4%A4%E0%A5%8D%E0%A4%B0%E0%A5%87%E0%A4%AF%E0%A4%B8%E0%A5%8D%E0%A4%A4%E0%A5%8B%E0%A4%A4%E0%A5%8D%E0%A4%B0%E0%A4%AE%E0%A5%8D_(%E0%A4%A8%E0%A4%BE%E0%A4%B0%E0%A4%A6%E0%A4%AA%E0%A5%81%E0%A4%B0%E0%A4%BE%E0%A4%A3%E0%A4%AE%E0%A5%8D),,,,
sāhitya,dattātreyavajrakavacam.txt,Dattātreyavajrakavaca,https://sa.wikisource.org/wiki/%E0%A4%A6%E0%A4%A4%E0%A5%8D%E0%A4%A4%E0%A4%BE%E0%A4%A4%E0%A5%8D%E0%A4%B0%E0%A5%87%E0%A4%AF%E0%A4%B5%E0%A4%9C%E0%A5%8D%E0%A4%B0%E0%A4%95%E0%A4%B5%E0%A4%9A%E0%A4%AE%E0%A5%8D,,,,
sāhitya,dattātreyayogaśāstram.txt,Dattātreyayogaśāstra,https://sa.wikisource.org/wiki/%E0%A4%A6%E0%A4%A4%E0%A5%8D%E0%A4%A4%E0%A4%BE%E0%A4%A4%E0%A5%8D%E0%A4%B0%E0%A5%87%E0%A4%AF%E0%A4%AF%E0%A5%8B%E0%A4%97%E0%A4%B6%E0%A4%BE%E0%A4%B8%E0%A5%8D%E0%A4%A4%E0%A5%8D%E0%A4%B0%E0%A4%AE%E0%A5%8D,,,,
sāhitya,dattātreyāṣṭacakrabījastotram.txt,Dattātreyāṣṭacakrabījastotra,https://sa.wikisource.org/wiki/%E0%A4%A6%E0%A4%A4%E0%A5%8D%E0%A4%A4%E0%A4%BE%E0%A4%A4%E0%A5%8D%E0%A4%B0%E0%A5%87%E0%A4%AF%E0%A4%BE%E0%A4%B7%E0%A5%8D%E0%A4%9F%E0%A4%9A%E0%A4%95%E0%A5%8D%E0%A4%B0%E0%A4%AC%E0%A5%80%E0%A4%9C%E0%A4%B8%E0%A5%8D%E0%A4%A4%E0%A5%8B%E0%A4%A4%E0%A5%8D%E0%A4%B0%E0%A4%AE%E0%A5%8D,,,,
sāhitya,daśaślokī_bṛhatstotraratnākarāntargatā.txt,Daśaślokī,https://sa.wikisource.org/wiki/%E0%A4%A6%E0%A4%B6%E0%A4%B6%E0%A5%8D%E0%A4%B2%E0%A5%8B%E0%A4%95%E0%A5%80,,,,
sāhitya,daśaślokīstutiḥ_bṛhatstotraratnākarāntargatā.txt,Daśaślokīstuti (Bṛhatstotraratnākarāntargatā),https://sa.wikisource.org/wiki/%E0%A4%A6%E0%A4%B6%E0%A4%B6%E0%A5%8D%E0%A4%B2%E0%A5%8B%E0%A4%95%E0%A5%80%E0%A4%B8%E0%A5%8D%E0%A4%A4%E0%A5%81%E0%A4%A4%E0%A4%BF%E0%A4%83_(%E0%A4%AC%E0%A5%83%E0%A4%B9%E0%A4%A4%E0%A5%8D%E0%A4%B8%E0%A5%8D%E0%A4%A4%E0%A5%8B%E0%A4%A4%E0%A5%8D%E0%A4%B0%E0%A4%B0%E0%A4%A4%E0%A5%8D%E0%A4%A8%E0%A4%BE%E0%A4%95%E0%A4%B0%E0%A4%BE%E0%A4%A8%E0%A5%8D%E0%A4%A4%E0%A4%B0%E0%A5%8D%E0%A4%97%E0%A4%A4%E0%A4%BE),,Śaṅkarācārya,,
sāhitya,daśāvatārastotram.txt,Daśāvatārastotra,https://sa.wikisource.org/wiki/%E0%A4%A6%E0%A4%B6%E0%A4%BE%E0%A4%B5%E0%A4%A4%E0%A4%BE%E0%A4%B0%E0%A4%B8%E0%A5%8D%E0%A4%A4%E0%A5%8B%E0%A4%A4%E0%A5%8D%E0%A4%B0%E0%A4%AE%E0%A5%8D,,,,
sāhitya,daśāvatārastuti.txt,Daśāvatārastuti,https://sa.wikisource.org/wiki/%E0%A4%A6%E0%A4%B6%E0%A4%BE%E0%A4%B5%E0%A4%A4%E0%A4%BE%E0%A4%B0%E0%A4%B8%E0%A5%8D%E0%A4%A4%E0%A5%81%E0%A4%A4%E0%A4%BF%E0%A4%83,,,,
sāhitya,devyaparādhakṣamāpanastotram.txt,Devyaparādhakṣamāpanastotra,https://sa.wikisource.org/wiki/%E0%A4%A6%E0%A5%87%E0%A4%B5%E0%A5%8D%E0%A4%AF%E0%A4%AA%E0%A4%B0%E0%A4%BE%E0%A4%A7%E0%A4%95%E0%A5%8D%E0%A4%B7%E0%A4%AE%E0%A4%BE%E0%A4%AA%E0%A4%A8%E0%A4%B8%E0%A5%8D%E0%A4%A4%E0%A5%8B%E0%A4%A4%E0%A5%8D%E0%A4%B0%E0%A4%AE%E0%A5%8D,,Śrīśaṅkarācārya,,
sāhitya,devībhujaṅgam.txt,Devībhujaṅga,https://sa.wikisource.org/wiki/%E0%A4%A6%E0%A5%87%E0%A4%B5%E0%A5%80%E0%A4%AD%E0%A5%81%E0%A4%9C%E0%A4%99%E0%A5%8D%E0%A4%97%E0%A4%AE%E0%A5%8D,,,,
sāhitya,devīkhaḍgamālāstotram.txt,Devīkhaḍgamālāstotra,https://sa.wikisource.org/wiki/%E0%A4%A6%E0%A5%87%E0%A4%B5%E0%A5%80_%E0%A4%96%E0%A4%A1%E0%A5%8D%E0%A4%97%E0%A4%AE%E0%A4%BE%E0%A4%B2%E0%A4%BE_%E0%A4%B8%E0%A5%8D%E0%A4%A4%E0%A5%8B%E0%A4%A4%E0%A5%8D%E0%A4%B0%E0%A4%AE%E0%A5%8D,,,,
sāhitya,dhanalakṣmīstotram.txt,Dhanalakṣmīstotra,https://sa.wikisource.org/wiki/%E0%A4%A7%E0%A4%A8%E0%A4%B2%E0%A4%95%E0%A5%8D%E0%A4%B7%E0%A5%8D%E0%A4%AE%E0%A5%80%E0%A4%B8%E0%A5%8D%E0%A4%A4%E0%A5%8B%E0%A4%A4%E0%A5%8D%E0%A4%B0%E0%A4%AE%E0%A5%8D,,,,
sāhitya,dhanyāṣṭaka.txt,Dhanyāṣṭaka,https://sa.wikisource.org/wiki/%E0%A4%A7%E0%A4%A8%E0%A5%8D%E0%A4%AF%E0%A4%BE%E0%A4%B7%E0%A5%8D%E0%A4%9F%E0%A4%95%E0%A4%AE%E0%A5%8D,,Śaṅkarācārya,,
sāhitya,dhvanitatvasamīkṣā.txt,Dhvanitatvasamīkṣā,https://sa.wikisource.org/wiki/%E0%A4%A7%E0%A5%8D%E0%A4%B5%E0%A4%A8%E0%A4%BF%E0%A4%A4%E0%A4%A4%E0%A5%8D%E0%A4%B5%E0%A4%B8%E0%A4%AE%E0%A5%80%E0%A4%95%E0%A5%8D%E0%A4%B7%E0%A4%BE,,,,
sāhitya,dhūrtasamāgamaḥ.txt,Dhūrtasamāgama,https://sa.wikisource.org/wiki/%E0%A4%A7%E0%A5%82%E0%A4%B0%E0%A5%8D%E0%A4%A4%E0%A4%B8%E0%A4%AE%E0%A4%BE%E0%A4%97%E0%A4%AE%E0%A4%83,,Kavīśvara,,
sāhitya,durgāstutiḥ.txt,Durgāstuti,https://sa.wikisource.org/wiki/%E0%A4%A6%E0%A5%81%E0%A4%B0%E0%A5%8D%E0%A4%97%E0%A4%BE%E0%A4%B8%E0%A5%8D%E0%A4%A4%E0%A5%81%E0%A4%A4%E0%A4%BF%E0%A4%83,,,,
sāhitya,dvādaśajyotirliṅgastotram.txt,Dvādaśajyotirliṅgastotra,https://sa.wikisource.org/wiki/%E0%A4%A6%E0%A5%8D%E0%A4%B5%E0%A4%BE%E0%A4%A6%E0%A4%B6%E0%A4%9C%E0%A5%8D%E0%A4%AF%E0%A5%8B%E0%A4%A4%E0%A4%BF%E0%A4%B0%E0%A5%8D%E0%A4%B2%E0%A4%BF%E0%A4%99%E0%A5%8D%E0%A4%97%E0%A4%B8%E0%A5%8D%E0%A4%A4%E0%A5%8B%E0%A4%A4%E0%A5%8D%E0%A4%B0%E0%A4%AE%E0%A5%8D,,,,
sāhitya,dvātriṃśatputtalikāsiṃhāsanam_incomplete.txt,Dvātriṃśatputtalikāsiṃhāsana,https://sa.wikisource.org/wiki/%E0%A4%A6%E0%A5%8D%E0%A4%B5%E0%A4%BE%E0%A4%A4%E0%A5%8D%E0%A4%B0%E0%A4%BF%E0%A4%82%E0%A4%B6%E0%A4%A4%E0%A5%8D%E0%A4%AA%E0%A5%81%E0%A4%A4%E0%A5%8D%E0%A4%A4%E0%A4%B2%E0%A4%BF%E0%A4%95%E0%A4%BE%E0%A4%B8%E0%A4%BF%E0%A4%82%E0%A4%B9%E0%A4%BE%E0%A4%B8%E0%A4%A8%E0%A4%AE%E0%A5%8D,,,,
sāhitya,dāridryadahanaśivastotram.txt,Dāridryadahanaśivastotra,https://sa.wikisource.org/wiki/%E0%A4%A6%E0%A4%BE%E0%A4%B0%E0%A4%BF%E0%A4%A6%E0%A5%8D%E0%A4%B0%E0%A5%8D%E0%A4%AF%E0%A4%A6%E0%A4%B9%E0%A4%A8%E0%A4%B6%E0%A4%BF%E0%A4%B5%E0%A4%B8%E0%A5%8D%E0%A4%A4%E0%A5%8B%E0%A4%A4%E0%A5%8D%E0%A4%B0%E0%A4%AE%E0%A5%8D,,Vasiṣṭha,,
sāhitya,dāsabodhaḥ.txt,Dāsabodha,https://sa.wikisource.org/wiki/%E0%A4%A6%E0%A4%BE%E0%A4%B8%E0%A4%AC%E0%A5%8B%E0%A4%A7%E0%A4%83,,,,
sāhitya,dūtaghaṭotkacam.txt,Dūtaghaṭotkaca,https://sa.wikisource.org/wiki/%E0%A4%A6%E0%A5%82%E0%A4%A4%E0%A4%98%E0%A4%9F%E0%A5%8B%E0%A4%A4%E0%A5%8D%E0%A4%95%E0%A4%9A%E0%A4%AE%E0%A5%8D,,Bhāsa,,
sāhitya,ekaślokirāmāyaṇam.txt,Ekaślokirāmāyaṇa,https://sa.wikisource.org/wiki/%E0%A4%8F%E0%A4%95%E0%A4%B6%E0%A5%8D%E0%A4%B2%E0%A5%8B%E0%A4%95%E0%A4%BF%E0%A4%B0%E0%A4%BE%E0%A4%AE%E0%A4%BE%E0%A4%AF%E0%A4%A3%E0%A4%AE%E0%A5%8D,,,,
sāhitya,ekādaśamukhahanumatkavacam.txt,Ekādaśamukhahanumatkavaca,https://sa.wikisource.org/wiki/%E0%A4%8F%E0%A4%95%E0%A4%BE%E0%A4%A4%E0%A5%8D%E0%A4%AE%E0%A4%A4%E0%A4%BE%E0%A4%B8%E0%A5%8D%E0%A4%A4%E0%A5%8B%E0%A4%A4%E0%A5%8D%E0%A4%B0%E0%A4%AE%E0%A5%8D,,,,
sāhitya,ekātmatāstotram.txt,Ekātmatāstotra,https://sa.wikisource.org/wiki/%E0%A4%8F%E0%A4%95%E0%A4%BE%E0%A4%A4%E0%A5%8D%E0%A4%AE%E0%A4%A4%E0%A4%BE%E0%A4%B8%E0%A5%8D%E0%A4%A4%E0%A5%8B%E0%A4%A4%E0%A5%8D%E0%A4%B0%E0%A4%AE%E0%A5%8D,,,,
sāhitya,gajeṃdramokṣaḥ.txt,Gajeṃdramokṣa,https://sa.wikisource.org/wiki/%E0%A4%97%E0%A4%9C%E0%A5%87%E0%A4%A8%E0%A5%8D%E0%A4%A6%E0%A5%8D%E0%A4%B0%E0%A4%AE%E0%A5%8B%E0%A4%95%E0%A5%8D%E0%A4%B7%E0%A4%83,,,,
sāhitya,gauragaṇoddeśa_dīpikā.txt,Gauragaṇoddeśadīpikā,https://sa.wikisource.org/wiki/%E0%A4%97%E0%A5%8C%E0%A4%B0%E0%A4%97%E0%A4%A3%E0%A5%8B%E0%A4%A6%E0%A5%8D%E0%A4%A6%E0%A5%87%E0%A4%B6%E0%A4%A6%E0%A5%80%E0%A4%AA%E0%A4%BF%E0%A4%95%E0%A4%BE,,,,
sāhitya,gauragaṇoddeśadīpikā.txt,Gauragaṇoddeśadīpikā,https://sa.wikisource.org/wiki/%E0%A4%97%E0%A5%8C%E0%A4%B0%E0%A4%97%E0%A4%A3%E0%A5%8B%E0%A4%A6%E0%A5%8D%E0%A4%A6%E0%A5%87%E0%A4%B6%E0%A4%A6%E0%A5%80%E0%A4%AA%E0%A4%BF%E0%A4%95%E0%A4%BE,,,,
sāhitya,gauryaṣṭottaraśatanāmāvaliḥ.txt,Gauryaṣṭottaraśatanāmāvali,https://sa.wikisource.org/wiki/%E0%A4%97%E0%A5%8C%E0%A4%B0%E0%A5%8D%E0%A4%AF%E0%A4%B7%E0%A5%8D%E0%A4%9F%E0%A5%8B%E0%A4%A4%E0%A5%8D%E0%A4%A4%E0%A4%B0%E0%A4%B6%E0%A4%A4_%E0%A4%A8%E0%A4%BE%E0%A4%AE%E0%A4%BE%E0%A4%B5%E0%A4%B2%E0%A4%BF%E0%A4%83,,,,
sāhitya,gauryāṣṭottaraśatanāmastotram.txt,Gauryāṣṭottaraśatanāmastotra,https://sa.wikisource.org/wiki/%E0%A4%97%E0%A5%8C%E0%A4%B0%E0%A5%8D%E0%A4%AF%E0%A4%BE%E0%A4%B7%E0%A5%8D%E0%A4%9F%E0%A5%8B%E0%A4%A4%E0%A5%8D%E0%A4%A4%E0%A4%B0%E0%A4%B6%E0%A4%A4%E0%A4%A8%E0%A4%BE%E0%A4%AE%E0%A4%B8%E0%A5%8D%E0%A4%A4%E0%A5%8B%E0%A4%A4%E0%A5%8D%E0%A4%B0%E0%A4%AE%E0%A5%8D,,,,
sāhitya,gaurīdaśakam.txt,Gaurīdaśaka,https://sa.wikisource.org/wiki/%E0%A4%97%E0%A5%8C%E0%A4%B0%E0%A5%80%E0%A4%A6%E0%A4%B6%E0%A4%95%E0%A4%AE%E0%A5%8D,,,,
sāhitya,gaṃgāsahasranāmastotra.txt,Gaṃgāsahasranāmastotra,https://sa.wikisource.org/wiki/%E0%A4%97%E0%A4%99%E0%A5%8D%E0%A4%97%E0%A4%BE%E0%A4%B8%E0%A4%B9%E0%A4%B8%E0%A5%8D%E0%A4%B0%E0%A4%A8%E0%A4%BE%E0%A4%AE%E0%A4%B8%E0%A5%8D%E0%A4%A4%E0%A5%8B%E0%A4%A4%E0%A5%8D%E0%A4%B0%E0%A4%AE%E0%A5%8D,,,,
sāhitya,gaṃgāṣṭakam_śaṃkarabhagavatakṛtam.txt,Gaṃgāṣṭaka,https://sa.wikisource.org/wiki/%E0%A4%97%E0%A4%82%E0%A4%97%E0%A4%BE%E0%A4%B7%E0%A5%8D%E0%A4%9F%E0%A4%95%E0%A4%AE%E0%A5%8D_(%E0%A4%B6%E0%A4%82%E0%A4%95%E0%A4%B0%E0%A4%AD%E0%A4%97%E0%A4%B5%E0%A4%A4%E0%A4%95%E0%A5%83%E0%A4%A4%E0%A4%AE%E0%A5%8D),,Śaṃkarabhagavata,,
sāhitya,gaṃgāṣṭakam.txt,Gaṃgāṣṭaka,https://sa.wikisource.org/wiki/%E0%A4%97%E0%A4%82%E0%A4%97%E0%A4%BE%E0%A4%B7%E0%A5%8D%E0%A4%9F%E0%A4%95%E0%A4%AE%E0%A5%8D_(%E0%A4%B6%E0%A4%82%E0%A4%95%E0%A4%B0%E0%A4%AD%E0%A4%97%E0%A4%B5%E0%A4%A4%E0%A4%95%E0%A5%83%E0%A4%A4%E0%A4%AE%E0%A5%8D),,Śaṃkarabhagavata,,
sāhitya,gaṅgādharastotram.txt,Gaṅgādharastotra,https://sa.wikisource.org/wiki/%E0%A4%97%E0%A4%99%E0%A5%8D%E0%A4%97%E0%A4%BE%E0%A4%A7%E0%A4%B0%E0%A4%B8%E0%A5%8D%E0%A4%A4%E0%A5%8B%E0%A4%A4%E0%A5%8D%E0%A4%B0%E0%A4%AE%E0%A5%8D,,Appayyadīkṣita,,
sāhitya,gaṅgāstotra.txt,Gaṅgāstotra,https://sa.wikisource.org/wiki/%E0%A4%97%E0%A4%99%E0%A5%8D%E0%A4%97%E0%A4%BE%E0%A4%B8%E0%A5%8D%E0%A4%A4%E0%A5%8B%E0%A4%A4%E0%A5%8D%E0%A4%B0%E0%A4%AE%E0%A5%8D,,,,
sāhitya,gaṅgāṣṭakam_kālidāsakṛtam.txt,Gaṅgāṣṭaka,https://sa.wikisource.org/wiki/%E0%A4%97%E0%A4%99%E0%A5%8D%E0%A4%97%E0%A4%BE%E0%A4%B7%E0%A5%8D%E0%A4%9F%E0%A4%95%E0%A4%AE%E0%A5%8D_(%E0%A4%95%E0%A4%BE%E0%A4%B2%E0%A4%BF%E0%A4%A6%E0%A4%BE%E0%A4%B8%E0%A4%95%E0%A5%83%E0%A4%A4%E0%A4%AE%E0%A5%8D),,Kālidāsa,,
sāhitya,gaṅgāṣṭakam_vālmīkikṛtam.txt,Gaṅgāṣṭakam,https://sa.wikisource.org/wiki/%E0%A4%97%E0%A4%99%E0%A5%8D%E0%A4%97%E0%A4%BE%E0%A4%B7%E0%A5%8D%E0%A4%9F%E0%A4%95%E0%A4%AE%E0%A5%8D_(%E0%A4%95%E0%A4%BE%E0%A4%B2%E0%A4%BF%E0%A4%A6%E0%A4%BE%E0%A4%B8%E0%A4%95%E0%A5%83%E0%A4%A4%E0%A4%AE%E0%A5%8D),,Vālmīki,,
sāhitya,gaṇapatyatharvaśīrṣam.txt,Gaṇapatyatharvaśīrṣa,https://sa.wikisource.org/wiki/%E0%A4%97%E0%A4%A3%E0%A4%AA%E0%A4%A4%E0%A5%8D%E0%A4%AF%E0%A4%A5%E0%A4%B0%E0%A5%8D%E0%A4%B5%E0%A4%B6%E0%A5%80%E0%A4%B0%E0%A5%8D%E0%A4%B7%E0%A4%AE%E0%A5%8D,,,,
sāhitya,gaṇeśabhujaṃgam.txt,Gaṇeśabhujaṃga,https://sa.wikisource.org/wiki/%E0%A4%97%E0%A4%A3%E0%A5%87%E0%A4%B6%E0%A4%AD%E0%A5%81%E0%A4%9C%E0%A4%99%E0%A5%8D%E0%A4%97%E0%A4%AE%E0%A5%8D,,,,
sāhitya,gaṇeśamaṃtra.txt,Gaṇeśamaṃtra,https://sa.wikisource.org/wiki/%E0%A4%97%E0%A4%A3%E0%A5%87%E0%A4%B6%E0%A4%AE%E0%A4%A8%E0%A5%8D%E0%A4%A4%E0%A5%8D%E0%A4%B0%E0%A4%83,,,,
sāhitya,gaṇeśapañcaratnam.txt,Gaṇeśapañcaratna,https://sa.wikisource.org/wiki/%E0%A4%97%E0%A4%A3%E0%A5%87%E0%A4%B6%E0%A4%AA%E0%A4%9E%E0%A5%8D%E0%A4%9A%E0%A4%B0%E0%A4%A4%E0%A5%8D%E0%A4%A8%E0%A4%AE%E0%A5%8D,,,,
sāhitya,gaṇeśapaṃcaratnastotram.txt,Gaṇeśapaṃcaratnastotra,https://sa.wikisource.org/wiki/%E0%A4%97%E0%A4%A3%E0%A5%87%E0%A4%B6%E0%A4%AA%E0%A4%82%E0%A4%9A%E0%A4%B0%E0%A4%A4%E0%A5%8D%E0%A4%A8_%E0%A4%B8%E0%A5%8D%E0%A4%A4%E0%A5%8B%E0%A4%A4%E0%A5%8D%E0%A4%B0%E0%A4%AE%E0%A5%8D,,,,
sāhitya,gaṇeśastotram.txt,Gaṇeśastotra,https://sa.wikisource.org/wiki/%E0%A4%97%E0%A4%A3%E0%A5%87%E0%A4%B6%E0%A4%B8%E0%A5%8D%E0%A4%A4%E0%A5%8B%E0%A4%A4%E0%A5%8D%E0%A4%B0%E0%A4%AE%E0%A5%8D,,,,
sāhitya,gaṇeśātharvaśīrṣam.txt,Gaṇeśātharvaśīrṣa,https://sa.wikisource.org/wiki/%E0%A4%97%E0%A4%A3%E0%A4%AA%E0%A4%A4%E0%A5%8D%E0%A4%AF%E0%A4%A5%E0%A4%B0%E0%A5%8D%E0%A4%B5%E0%A4%B6%E0%A5%80%E0%A4%B0%E0%A5%8D%E0%A4%B7%E0%A4%AE%E0%A5%8D,,,,
sāhitya,gaṇeśāṣṭakam.txt,Gaṇeśāṣṭaka,https://sa.wikisource.org/wiki/%E0%A4%97%E0%A4%A3%E0%A5%87%E0%A4%B6%E0%A4%BE%E0%A4%B7%E0%A5%8D%E0%A4%9F%E0%A4%95%E0%A4%AE%E0%A5%8D,,,,
sāhitya,godāvarīstotram.txt,Godāvarīstotra,https://sa.wikisource.org/wiki/%E0%A4%97%E0%A5%8B%E0%A4%A6%E0%A4%BE%E0%A4%B5%E0%A4%B0%E0%A5%80%E0%A4%B8%E0%A5%8D%E0%A4%A4%E0%A5%8B%E0%A4%A4%E0%A5%8D%E0%A4%B0%E0%A4%AE%E0%A5%8D,,Śrīvāsudevānandasarasvatī,,
sāhitya,gopālahṛdayastotram.txt,Gopālahṛdayastotra,https://sa.wikisource.org/wiki/%E0%A4%97%E0%A5%8B%E0%A4%AA%E0%A4%BE%E0%A4%B2%E0%A4%B9%E0%A5%83%E0%A4%A6%E0%A4%AF%E0%A4%B8%E0%A5%8D%E0%A4%A4%E0%A5%8B%E0%A4%A4%E0%A5%8D%E0%A4%B0%E0%A4%AE%E0%A5%8D,,,,
sāhitya,gopālasahasranāmastotram.txt,Gopālasahasranāmastotra,https://sa.wikisource.org/wiki/%E0%A4%97%E0%A5%8B%E0%A4%AA%E0%A4%BE%E0%A4%B2%E0%A4%B8%E0%A4%B9%E0%A4%B8%E0%A5%8D%E0%A4%B0%E0%A4%A8%E0%A4%BE%E0%A4%AE%E0%A4%B8%E0%A5%8D%E0%A4%A4%E0%A5%8B%E0%A4%A4%E0%A5%8D%E0%A4%B0%E0%A4%AE%E0%A5%8D,,,,
sāhitya,gopālastotram.txt,Gopālastotra,https://sa.wikisource.org/wiki/%E0%A4%97%E0%A5%8B%E0%A4%AA%E0%A4%BE%E0%A4%B2%E0%A4%B8%E0%A5%8D%E0%A4%A4%E0%A5%8B%E0%A4%A4%E0%A5%8D%E0%A4%B0%E0%A4%AE%E0%A5%8D,,,,
sāhitya,gopālastutiḥ.txt,Gopālastuti,https://sa.wikisource.org/wiki/%E0%A4%97%E0%A5%8B%E0%A4%AA%E0%A4%BE%E0%A4%B2%E0%A4%B8%E0%A5%8D%E0%A4%A4%E0%A5%81%E0%A4%A4%E0%A4%BF%E0%A4%83,,,,
sāhitya,gopālaviṃśatistotram.txt,Gopālaviṃśatistotra,https://sa.wikisource.org/wiki/%E0%A4%97%E0%A5%8B%E0%A4%AA%E0%A4%BE%E0%A4%B2%E0%A4%B8%E0%A5%8D%E0%A4%A4%E0%A5%81%E0%A4%A4%E0%A4%BF%E0%A4%83,,,,
sāhitya,gopālākṣayakavacam.txt,Gopālākṣayakavaca,https://sa.wikisource.org/wiki/%E0%A4%97%E0%A5%8B%E0%A4%AA%E0%A4%BE%E0%A4%B2%E0%A4%BE%E0%A4%95%E0%A5%8D%E0%A4%B7%E0%A4%AF%E0%A4%95%E0%A4%B5%E0%A4%9A%E0%A4%AE%E0%A5%8D,,,,
sāhitya,gopālāṣṭakam_paramahaṃsasvāmibrahmānandakṛtam.txt,Gopālāṣṭaka,https://sa.wikisource.org/wiki/%E0%A4%97%E0%A5%8B%E0%A4%AA%E0%A4%BE%E0%A4%B2%E0%A4%BE%E0%A4%B7%E0%A5%8D%E0%A4%9F%E0%A4%95%E0%A4%AE%E0%A5%8D_(%E0%A4%AA%E0%A4%B0%E0%A4%AE%E0%A4%B9%E0%A4%82%E0%A4%B8%E0%A4%B8%E0%A5%8D%E0%A4%B5%E0%A4%BE%E0%A4%AE%E0%A4%BF%E0%A4%AC%E0%A5%8D%E0%A4%B0%E0%A4%B9%E0%A5%8D%E0%A4%AE%E0%A4%BE%E0%A4%A8%E0%A4%A8%E0%A5%8D%E0%A4%A6%E0%A4%95%E0%A5%83%E0%A4%A4%E0%A4%AE%E0%A5%8D),,Brahmānanda,,
sāhitya,gorakṣaśatakam.txt,Gorakṣaśataka,https://sa.wikisource.org/wiki/%E0%A4%97%E0%A5%8B%E0%A4%B0%E0%A4%95%E0%A5%8D%E0%A4%B7%E0%A4%B6%E0%A4%A4%E0%A4%95%E0%A4%AE%E0%A5%8D,fully included in gretil,,,
sāhitya,govindadāmodarastotra.txt,Govindadāmodarastotra,https://sa.wikisource.org/wiki/%E0%A4%97%E0%A5%8B%E0%A4%B5%E0%A4%BF%E0%A4%A8%E0%A5%8D%E0%A4%A6_%E0%A4%A6%E0%A4%BE%E0%A4%AE%E0%A5%8B%E0%A4%A6%E0%A4%B0_%E0%A4%B8%E0%A5%8D%E0%A4%A4%E0%A5%8B%E0%A4%A4%E0%A5%8D%E0%A4%B0,,,,
sāhitya,govindastotram.txt,Govindastotra,https://sa.wikisource.org/wiki/%E0%A4%97%E0%A5%8B%E0%A4%B5%E0%A4%BF%E0%A4%A8%E0%A5%8D%E0%A4%A6%E0%A4%B8%E0%A5%8D%E0%A4%A4%E0%A5%8B%E0%A4%A4%E0%A5%8D%E0%A4%B0%E0%A4%AE%E0%A5%8D,,,,
sāhitya,govindāṣṭakam.txt,Govindāṣṭaka,https://sa.wikisource.org/wiki/%E0%A4%97%E0%A5%8B%E0%A4%B5%E0%A4%BF%E0%A4%A8%E0%A5%8D%E0%A4%A6%E0%A4%BE%E0%A4%B7%E0%A5%8D%E0%A4%9F%E0%A4%95%E0%A4%AE%E0%A5%8D,,,,
sāhitya,gurugītā.txt,Gurugītā,https://sa.wikisource.org/wiki/%E0%A4%97%E0%A5%81%E0%A4%B0%E0%A5%81%E0%A4%97%E0%A5%80%E0%A4%A4%E0%A4%BE,,,,
sāhitya,gāhāsattasaī.txt,Gāhāsattasaī,https://sa.wikisource.org/wiki/%E0%A4%97%E0%A4%BE%E0%A4%B9%E0%A4%BE%E0%A4%B8%E0%A4%A4%E0%A5%8D%E0%A4%A4%E0%A4%B8%E0%A4%88,,,,
sāhitya,gāyatryaṣṭakam_śaṅkarācāryakṛtam.txt,Gāyatryaṣṭaka,https://sa.wikisource.org/wiki/%E0%A4%97%E0%A4%BE%E0%A4%AF%E0%A4%A4%E0%A5%8D%E0%A4%B0%E0%A5%8D%E0%A4%AF%E0%A4%B7%E0%A5%8D%E0%A4%9F%E0%A4%95%E0%A4%AE%E0%A5%8D_(%E0%A4%B6%E0%A4%99%E0%A5%8D%E0%A4%95%E0%A4%B0%E0%A4%BE%E0%A4%9A%E0%A4%BE%E0%A4%B0%E0%A5%8D%E0%A4%AF%E0%A4%95%E0%A5%83%E0%A4%A4%E0%A4%AE%E0%A5%8D),,,,
sāhitya,gāyatryaṣṭakam.txt,Gāyatryaṣṭaka,https://sa.wikisource.org/wiki/%E0%A4%97%E0%A4%BE%E0%A4%AF%E0%A4%A4%E0%A5%8D%E0%A4%B0%E0%A5%8D%E0%A4%AF%E0%A4%B7%E0%A5%8D%E0%A4%9F%E0%A4%95%E0%A4%AE%E0%A5%8D_(%E0%A4%B6%E0%A4%99%E0%A5%8D%E0%A4%95%E0%A4%B0%E0%A4%BE%E0%A4%9A%E0%A4%BE%E0%A4%B0%E0%A5%8D%E0%A4%AF%E0%A4%95%E0%A5%83%E0%A4%A4%E0%A4%AE%E0%A5%8D),,,,
sāhitya,gāyatrīmantraḥ.txt,Gāyatrīmantra,https://sa.wikisource.org/wiki/%E0%A4%97%E0%A4%BE%E0%A4%AF%E0%A4%A4%E0%A5%8D%E0%A4%B0%E0%A5%80%E0%A4%AE%E0%A4%A8%E0%A5%8D%E0%A4%A4%E0%A5%8D%E0%A4%B0%E0%A4%83,,,,
sāhitya,gāyatrīsahasranāmastotram_devībhāgavatam.txt,Gāyatrīsahasranāmastotra,https://sa.wikisource.org/wiki/%E0%A4%97%E0%A4%BE%E0%A4%AF%E0%A4%A4%E0%A5%8D%E0%A4%B0%E0%A5%80%E0%A4%B8%E0%A4%B9%E0%A4%B8%E0%A5%8D%E0%A4%B0%E0%A4%A8%E0%A4%BE%E0%A4%AE%E0%A4%B8%E0%A5%8D%E0%A4%A4%E0%A5%8B%E0%A4%A4%E0%A5%8D%E0%A4%B0%E0%A4%AE%E0%A5%8D_(%E0%A4%A6%E0%A5%87%E0%A4%B5%E0%A5%80%E0%A4%AD%E0%A4%BE%E0%A4%97%E0%A4%B5%E0%A4%A4%E0%A4%AE%E0%A5%8D),,,,
sāhitya,gāyatrīsahasranāmāvalī.txt,Gāyatrīsahasranāmāvalī,https://sa.wikisource.org/wiki/%E0%A4%97%E0%A4%BE%E0%A4%AF%E0%A4%A4%E0%A5%8D%E0%A4%B0%E0%A5%80_%E0%A4%B8%E0%A4%B9%E0%A4%B8%E0%A5%8D%E0%A4%B0%E0%A4%A8%E0%A4%BE%E0%A4%AE%E0%A4%BE%E0%A4%B5%E0%A4%B2%E0%A5%80,,,,
sāhitya,gāyatrīstotram.txt,Gāyatrīstotra,https://sa.wikisource.org/wiki/%E0%A4%97%E0%A4%BE%E0%A4%AF%E0%A4%A4%E0%A5%8D%E0%A4%B0%E0%A5%80%E0%A4%B8%E0%A5%8D%E0%A4%A4%E0%A5%8B%E0%A4%A4%E0%A5%8D%E0%A4%B0%E0%A4%AE%E0%A5%8D,,,,
sāhitya,hammīramahākāvyam.txt,Hammīramahākāvya,https://sa.wikisource.org/wiki/%E0%A4%B9%E0%A4%AE%E0%A5%8D%E0%A4%AE%E0%A5%80%E0%A4%B0%E0%A4%AE%E0%A4%B9%E0%A4%BE%E0%A4%95%E0%A4%BE%E0%A4%B5%E0%A5%8D%E0%A4%AF%E0%A4%AE%E0%A5%8D,,Nayacandrasūri,,
sāhitya,hanūmatkṛtasītārāmastotram.txt,Hanūmatkṛtasītārāmastotra,https://sa.wikisource.org/wiki/%E0%A4%B9%E0%A4%A8%E0%A5%82%E0%A4%AE%E0%A4%A4%E0%A5%8D%E0%A4%95%E0%A5%83%E0%A4%A4%E0%A4%B8%E0%A5%80%E0%A4%A4%E0%A4%BE%E0%A4%B0%E0%A4%BE%E0%A4%AE%E0%A4%B8%E0%A5%8D%E0%A4%A4%E0%A5%8B%E0%A4%A4%E0%A5%8D%E0%A4%B0%E0%A4%AE%E0%A5%8D,,,,
sāhitya,haribhaktivilāsa.txt,Haribhaktivilāsa,https://sa.wikisource.org/wiki/%E0%A4%B9%E0%A4%B0%E0%A4%BF%E0%A4%AD%E0%A4%95%E0%A5%8D%E0%A4%A4%E0%A4%BF%E0%A4%B5%E0%A4%BF%E0%A4%B2%E0%A4%BE%E0%A4%B8%E0%A4%83,,,,
sāhitya,haristotram.txt,Haristotra,https://sa.wikisource.org/wiki/%E0%A4%B9%E0%A4%B0%E0%A4%BF%E0%A4%B8%E0%A5%8D%E0%A4%A4%E0%A5%8B%E0%A4%A4%E0%A5%8D%E0%A4%B0%E0%A4%AE%E0%A5%8D,,,,
sāhitya,hastāmalakastotram.txt,Hastāmalakastotra,https://sa.wikisource.org/wiki/%E0%A4%B9%E0%A4%B8%E0%A5%8D%E0%A4%A4%E0%A4%BE%E0%A4%AE%E0%A4%B2%E0%A4%95%E0%A4%B8%E0%A5%8D%E0%A4%A4%E0%A5%8B%E0%A4%A4%E0%A5%8D%E0%A4%B0%E0%A4%AE%E0%A5%8D,,,,
sāhitya,haṃsagītā.txt,Haṃsagītā,https://sa.wikisource.org/wiki/%E0%A4%B9%E0%A4%82%E0%A4%B8%E0%A4%97%E0%A5%80%E0%A4%A4%E0%A4%BE,,,,
sāhitya,haṃsopaniṣad.txt,Haṃsopaniṣad,https://sa.wikisource.org/wiki/%E0%A4%B9%E0%A4%82%E0%A4%B8%E0%A5%8B%E0%A4%AA%E0%A4%A8%E0%A4%BF%E0%A4%B7%E0%A4%A6%E0%A5%8D,,,,
sāhitya,hemakāmākṣīdaṇḍakam.txt,Hemakāmākṣīdaṇḍaka,https://sa.wikisource.org/wiki/%E0%A4%B9%E0%A5%87%E0%A4%AE%E0%A4%95%E0%A4%BE%E0%A4%AE%E0%A4%BE%E0%A4%95%E0%A5%8D%E0%A4%B7%E0%A5%80%E0%A4%A6%E0%A4%A3%E0%A5%8D%E0%A4%A1%E0%A4%95%E0%A4%AE%E0%A5%8D,,,,
sāhitya,herambastotraṃ_gaurikṛtam.txt,Herambastotraṃ Gaurikṛta,https://sa.wikisource.org/wiki/%E0%A4%B9%E0%A5%87%E0%A4%B0%E0%A4%AE%E0%A5%8D%E0%A4%AC%E0%A4%B8%E0%A5%8D%E0%A4%A4%E0%A5%8B%E0%A4%A4%E0%A5%8D%E0%A4%B0%E0%A4%82_%E0%A4%97%E0%A5%8C%E0%A4%B0%E0%A4%BF%E0%A4%95%E0%A5%83%E0%A4%A4%E0%A4%AE%E0%A5%8D,,,,
sāhitya,herambopasthānam.txt,Herambopasthāna,https://sa.wikisource.org/wiki/%E0%A4%B9%E0%A5%87%E0%A4%B0%E0%A4%AE%E0%A5%8D%E0%A4%AC%E0%A5%8B%E0%A4%AA%E0%A4%B8%E0%A5%8D%E0%A4%A5%E0%A4%BE%E0%A4%A8%E0%A4%AE%E0%A5%8D,,,,
sāhitya,hārītagītā.txt,Hārītagītā,https://sa.wikisource.org/wiki/%E0%A4%B9%E0%A4%BE%E0%A4%B0%E0%A5%80%E0%A4%A4%E0%A4%97%E0%A5%80%E0%A4%A4%E0%A4%BE,,,,
sāhitya,indrakṛtaśrīrāmastotram.txt,Indrakṛtaśrīrāmastotra,https://sa.wikisource.org/wiki/%E0%A4%87%E0%A4%A8%E0%A5%8D%E0%A4%A6%E0%A5%8D%E0%A4%B0%E0%A4%95%E0%A5%83%E0%A4%A4%E0%A4%B6%E0%A5%8D%E0%A4%B0%E0%A5%80%E0%A4%B0%E0%A4%BE%E0%A4%AE%E0%A4%B8%E0%A5%8D%E0%A4%A4%E0%A5%8B%E0%A4%A4%E0%A5%8D%E0%A4%B0%E0%A4%AE%E0%A5%8D,,,,
sāhitya,indrasahasranāmastotram.txt,Indrasahasranāmastotra,https://sa.wikisource.org/wiki/%E0%A4%87%E0%A4%A8%E0%A5%8D%E0%A4%A6%E0%A5%8D%E0%A4%B0%E0%A4%B8%E0%A4%B9%E0%A4%B8%E0%A5%8D%E0%A4%B0%E0%A4%A8%E0%A4%BE%E0%A4%AE%E0%A4%B8%E0%A5%8D%E0%A4%A4%E0%A5%8B%E0%A4%A4%E0%A5%8D%E0%A4%B0%E0%A4%AE%E0%A5%8D,,,,
sāhitya,jagannāthasahasranāmastotram.txt,Jagannāthasahasranāmastotra,https://sa.wikisource.org/wiki/%E0%A4%9C%E0%A4%97%E0%A4%A8%E0%A5%8D%E0%A4%A8%E0%A4%BE%E0%A4%A5%E0%A4%B8%E0%A4%B9%E0%A4%B8%E0%A5%8D%E0%A4%B0%E0%A4%A8%E0%A4%BE%E0%A4%AE%E0%A4%B8%E0%A5%8D%E0%A4%A4%E0%A5%8B%E0%A4%A4%E0%A5%8D%E0%A4%B0%E0%A4%AE%E0%A5%8D,,,,
sāhitya,jaṭāyukṛtarāmastotram.txt,Jaṭāyukṛtarāmastotra,https://sa.wikisource.org/wiki/%E0%A4%9C%E0%A4%9F%E0%A4%BE%E0%A4%AF%E0%A5%81%E0%A4%95%E0%A5%83%E0%A4%A4%E0%A4%B0%E0%A4%BE%E0%A4%AE%E0%A4%B8%E0%A5%8D%E0%A4%A4%E0%A5%8B%E0%A4%A4%E0%A5%8D%E0%A4%B0%E0%A4%AE%E0%A5%8D,,,,
sāhitya,jyotirliṅgam.txt,Jyotirliṅga,https://sa.wikisource.org/wiki/%E0%A4%9C%E0%A5%8D%E0%A4%AF%E0%A5%8B%E0%A4%A4%E0%A4%BF%E0%A4%B0%E0%A5%8D%E0%A4%B2%E0%A4%BF%E0%A4%99%E0%A5%8D%E0%A4%97%E0%A4%AE%E0%A5%8D,,,,
sāhitya,kakārādikālīsahasranāmastotram.txt,Kakārādikālīsahasranāmastotra,https://sa.wikisource.org/wiki/%E0%A4%95%E0%A4%95%E0%A4%BE%E0%A4%B0%E0%A4%BE%E0%A4%A6%E0%A4%BF_%E0%A4%95%E0%A4%BE%E0%A4%B2%E0%A5%80%E0%A4%B8%E0%A4%B9%E0%A4%B8%E0%A5%8D%E0%A4%B0%E0%A4%A8%E0%A4%BE%E0%A4%AE%E0%A4%B8%E0%A5%8D%E0%A4%A4%E0%A5%8B%E0%A4%A4%E0%A5%8D%E0%A4%B0%E0%A4%AE%E0%A5%8D,,,,
sāhitya,kakārādikālīśatanāmastotram.txt,Kakārādikālīśatanāmastotra,https://sa.wikisource.org/wiki/%E0%A4%95%E0%A4%95%E0%A4%BE%E0%A4%B0%E0%A4%BE%E0%A4%A6%E0%A4%BF%E0%A4%95%E0%A4%BE%E0%A4%B2%E0%A5%80%E0%A4%B6%E0%A4%A4%E0%A4%A8%E0%A4%BE%E0%A4%AE%E0%A4%B8%E0%A5%8D%E0%A4%A4%E0%A5%8B%E0%A4%A4%E0%A5%8D%E0%A4%B0%E0%A4%AE%E0%A5%8D,,,,
sāhitya,kalyāṇavṛṣṭistavaḥ.txt,Kalyāṇavṛṣṭistava,https://sa.wikisource.org/wiki/%E0%A4%95%E0%A4%B2%E0%A5%8D%E0%A4%AF%E0%A4%BE%E0%A4%A3%E0%A4%B5%E0%A5%83%E0%A4%B7%E0%A5%8D%E0%A4%9F%E0%A4%BF%E0%A4%B8%E0%A5%8D%E0%A4%A4%E0%A4%B5%E0%A4%83,,,,
sāhitya,kamalāpatyaṣṭakam.txt,Kamalāpatyaṣṭaka,https://sa.wikisource.org/wiki/%E0%A4%95%E0%A4%AE%E0%A4%B2%E0%A4%BE%E0%A4%AA%E0%A4%A4%E0%A5%8D%E0%A4%AF%E0%A4%B7%E0%A5%8D%E0%A4%9F%E0%A4%95%E0%A4%AE%E0%A5%8D,,,,
sāhitya,kanakadhārāstotra.txt,Kanakadhārāstotra,https://sa.wikisource.org/wiki/%E0%A4%95%E0%A4%A8%E0%A4%95%E0%A4%A7%E0%A4%BE%E0%A4%B0%E0%A4%BE%E0%A4%B8%E0%A5%8D%E0%A4%A4%E0%A5%8B%E0%A4%A4%E0%A5%8D%E0%A4%B0%E0%A4%AE%E0%A5%8D,,Śaṃkarācārya,,
sāhitya,kapīnāmupavāsaḥ.txt,Kapīnāmupavāsa,https://sa.wikisource.org/wiki/%E0%A4%95%E0%A4%AA%E0%A5%80%E0%A4%A8%E0%A4%BE%E0%A4%AE%E0%A5%81%E0%A4%AA%E0%A4%B5%E0%A4%BE%E0%A4%B8%E0%A4%83,,ḍi ṭi tātācāriyar,,
sāhitya,karadarśanam.txt,Karadarśana,https://sa.wikisource.org/wiki/%E0%A4%95%E0%A4%B0%E0%A4%A6%E0%A4%B0%E0%A5%8D%E0%A4%B6%E0%A4%A8%E0%A4%AE%E0%A5%8D,,,,
sāhitya,karpūrādistotram.txt,Karpūrādistotra,https://sa.wikisource.org/wiki/%E0%A4%95%E0%A4%B0%E0%A5%8D%E0%A4%AA%E0%A5%82%E0%A4%B0%E0%A4%BE%E0%A4%A6%E0%A4%BF%E0%A4%B8%E0%A5%8D%E0%A4%A4%E0%A5%8B%E0%A4%A4%E0%A5%8D%E0%A4%B0%E0%A4%AE%E0%A5%8D,,,,
sāhitya,karṇabhāram.txt,Karṇabhāra,https://sa.wikisource.org/wiki/%E0%A4%95%E0%A4%B0%E0%A5%8D%E0%A4%A3%E0%A4%AD%E0%A4%BE%E0%A4%B0%E0%A4%AE%E0%A5%8D,,Bhāsa,,
sāhitya,kaupīnapañcakam.txt,Kaupīnapañcaka,https://sa.wikisource.org/wiki/%E0%A4%95%E0%A5%8C%E0%A4%AA%E0%A5%80%E0%A4%A8%E0%A4%AA%E0%A4%9E%E0%A5%8D%E0%A4%9A%E0%A4%95%E0%A4%AE%E0%A5%8D,,,,
sāhitya,keralodayaḥ.txt,Keralodaya,https://sa.wikisource.org/wiki/%E0%A4%95%E0%A5%87%E0%A4%B0%E0%A4%B2%E0%A5%8B%E0%A4%A6%E0%A4%AF%E0%A4%83,,K N Eluttacchan,,
sāhitya,ketvaṣṭottaraśatanāmāvaliḥ.txt,Ketvaṣṭottaraśatanāmāvali,https://sa.wikisource.org/wiki/%E0%A4%95%E0%A5%87%E0%A4%A4%E0%A5%8D%E0%A4%B5%E0%A4%B7%E0%A5%8D%E0%A4%9F%E0%A5%8B%E0%A4%A4%E0%A5%8D%E0%A4%A4%E0%A4%B0%E0%A4%B6%E0%A4%A4%E0%A4%A8%E0%A4%BE%E0%A4%AE%E0%A4%BE%E0%A4%B5%E0%A4%B2%E0%A4%BF%E0%A4%83,,,,
sāhitya,kirātāṣṭakam.txt,Kirātāṣṭaka,https://sa.wikisource.org/wiki/%E0%A4%95%E0%A4%BF%E0%A4%B0%E0%A4%BE%E0%A4%A4%E0%A4%BE%E0%A4%B7%E0%A5%8D%E0%A4%9F%E0%A4%95%E0%A4%AE%E0%A5%8D,,,,
sāhitya,kramadīpikā.txt,Kramadīpikā,https://sa.wikisource.org/wiki/%E0%A4%95%E0%A5%8D%E0%A4%B0%E0%A4%AE%E0%A4%A6%E0%A5%80%E0%A4%AA%E0%A4%BF%E0%A4%95%E0%A4%BE,,,,
sāhitya,kumārīsahasranāmastotram.txt,Kumārīsahasranāmastotra,https://sa.wikisource.org/wiki/%E0%A4%95%E0%A5%81%E0%A4%AE%E0%A4%BE%E0%A4%B0%E0%A5%80%E0%A4%B8%E0%A4%B9%E0%A4%B8%E0%A5%8D%E0%A4%B0%E0%A4%A8%E0%A4%BE%E0%A4%AE%E0%A4%B8%E0%A5%8D%E0%A4%A4%E0%A5%8B%E0%A4%A4%E0%A5%8D%E0%A4%B0%E0%A4%AE%E0%A5%8D,,,,
sāhitya,kuvalayānanda.txt,Kuvalayānanda,https://sa.wikisource.org/wiki/%E0%A4%95%E0%A5%81%E0%A4%B5%E0%A4%B2%E0%A4%AF%E0%A4%BE%E0%A4%A8%E0%A4%A8%E0%A5%8D%E0%A4%A6%E0%A4%83,,,,
sāhitya,kuvalayānandaḥ_sodāharaṇam.txt,Kuvalayānanda (sodāharaṇa),https://sa.wikisource.org/wiki/%E0%A4%95%E0%A5%81%E0%A4%B5%E0%A4%B2%E0%A4%AF%E0%A4%BE%E0%A4%A8%E0%A4%A8%E0%A5%8D%E0%A4%A6%E0%A4%83_%E0%A4%B8%E0%A5%8B%E0%A4%A6%E0%A4%BE%E0%A4%B9%E0%A4%B0%E0%A4%A3%E0%A4%AE%E0%A5%8D,,Appadikṣita,,
sāhitya,kuṇḍalinīsahasranāmastotram.txt,Kuṇḍalinīsahasranāmastotra,https://sa.wikisource.org/wiki/%E0%A4%95%E0%A5%81%E0%A4%A3%E0%A5%8D%E0%A4%A1%E0%A4%B2%E0%A4%BF%E0%A4%A8%E0%A5%80%E0%A4%B8%E0%A4%B9%E0%A4%B8%E0%A5%8D%E0%A4%B0%E0%A4%A8%E0%A4%BE%E0%A4%AE%E0%A4%B8%E0%A5%8D%E0%A4%A4%E0%A5%8B%E0%A4%A4%E0%A5%8D%E0%A4%B0%E0%A4%AE%E0%A5%8D,,,,
sāhitya,kākinyaṣṭottarasahasranāmastotram.txt,Kākinyaṣṭottarasahasranāmastotra,https://sa.wikisource.org/wiki/%E0%A4%95%E0%A4%BE%E0%A4%95%E0%A4%BF%E0%A4%A8%E0%A5%8D%E0%A4%AF%E0%A4%B7%E0%A5%8D%E0%A4%9F%E0%A5%8B%E0%A4%A4%E0%A5%8D%E0%A4%A4%E0%A4%B0%E0%A4%B8%E0%A4%B9%E0%A4%B8%E0%A5%8D%E0%A4%B0%E0%A4%A8%E0%A4%BE%E0%A4%AE%E0%A4%B8%E0%A5%8D%E0%A4%A4%E0%A5%8B%E0%A4%A4%E0%A5%8D%E0%A4%B0%E0%A4%AE%E0%A5%8D,,,,
sāhitya,kālabhairavāṣṭakam_bṛhatstotraratnākarāntargatam.txt,Kālabhairavāṣṭaka (Bṛhatstotraratnākarāntargata),https://sa.wikisource.org/wiki/%E0%A4%95%E0%A4%BE%E0%A4%B2%E0%A4%AD%E0%A5%88%E0%A4%B0%E0%A4%B5%E0%A4%BE%E0%A4%B7%E0%A5%8D%E0%A4%9F%E0%A4%95%E0%A4%AE%E0%A5%8D_(%E0%A4%AC%E0%A5%83%E0%A4%B9%E0%A4%A4%E0%A5%8D%E0%A4%B8%E0%A5%8D%E0%A4%A4%E0%A5%8B%E0%A4%A4%E0%A5%8D%E0%A4%B0%E0%A4%B0%E0%A4%A4%E0%A5%8D%E0%A4%A8%E0%A4%BE%E0%A4%95%E0%A4%B0%E0%A4%BE%E0%A4%A8%E0%A5%8D%E0%A4%A4%E0%A4%B0%E0%A5%8D%E0%A4%97%E0%A4%A4%E0%A4%AE%E0%A5%8D),,Śaṅkarācārya,,
sāhitya,kālabhairavāṣṭakam.txt,Kālabhairavāṣṭaka (Bṛhatstotraratnākarāntargata),https://sa.wikisource.org/wiki/%E0%A4%95%E0%A4%BE%E0%A4%B2%E0%A4%AD%E0%A5%88%E0%A4%B0%E0%A4%B5%E0%A4%BE%E0%A4%B7%E0%A5%8D%E0%A4%9F%E0%A4%95%E0%A4%AE%E0%A5%8D_(%E0%A4%AC%E0%A5%83%E0%A4%B9%E0%A4%A4%E0%A5%8D%E0%A4%B8%E0%A5%8D%E0%A4%A4%E0%A5%8B%E0%A4%A4%E0%A5%8D%E0%A4%B0%E0%A4%B0%E0%A4%A4%E0%A5%8D%E0%A4%A8%E0%A4%BE%E0%A4%95%E0%A4%B0%E0%A4%BE%E0%A4%A8%E0%A5%8D%E0%A4%A4%E0%A4%B0%E0%A5%8D%E0%A4%97%E0%A4%A4%E0%A4%AE%E0%A5%8D),,Śaṅkarācārya,,
sāhitya,kālīsahasranāmastotram_bṛhannīlatantram.txt,Kālīsahasranāmastotra,https://sa.wikisource.org/wiki/%E0%A4%95%E0%A4%BE%E0%A4%B2%E0%A5%80%E0%A4%B8%E0%A4%B9%E0%A4%B8%E0%A5%8D%E0%A4%B0%E0%A4%A8%E0%A4%BE%E0%A4%AE%E0%A4%B8%E0%A5%8D%E0%A4%A4%E0%A5%8B%E0%A4%A4%E0%A5%8D%E0%A4%B0%E0%A4%AE%E0%A5%8D,,,,
sāhitya,kālīsahasranāmastotram.txt,Kālīsahasranāmastotra,https://sa.wikisource.org/wiki/%E0%A4%95%E0%A4%BE%E0%A4%B2%E0%A5%80%E0%A4%B8%E0%A4%B9%E0%A4%B8%E0%A5%8D%E0%A4%B0%E0%A4%A8%E0%A4%BE%E0%A4%AE%E0%A4%B8%E0%A5%8D%E0%A4%A4%E0%A5%8B%E0%A4%A4%E0%A5%8D%E0%A4%B0%E0%A4%AE%E0%A5%8D,,,,
sāhitya,kārtikeyastotram.txt,Kārtikeyastotra,https://sa.wikisource.org/wiki/%E0%A4%95%E0%A4%BE%E0%A4%B0%E0%A5%8D%E0%A4%A4%E0%A4%BF%E0%A4%95%E0%A5%87%E0%A4%AF%E0%A4%B8%E0%A5%8D%E0%A4%A4%E0%A5%8B%E0%A4%A4%E0%A5%8D%E0%A4%B0%E0%A4%AE%E0%A5%8D,,,,
sāhitya,kātyāyanyaṣṭakam.txt,Kātyāyanyaṣṭaka,https://sa.wikisource.org/wiki/%E0%A4%95%E0%A4%BE%E0%A4%A4%E0%A5%8D%E0%A4%AF%E0%A4%BE%E0%A4%AF%E0%A4%A8%E0%A5%8D%E0%A4%AF%E0%A4%B7%E0%A5%8D%E0%A4%9F%E0%A4%95%E0%A4%AE%E0%A5%8D,,,,
sāhitya,kāvyādarśavyākhyā_hṛdayaṅgamā.txt,Kāvyādarśavyākhyā Hṛdayaṅgamā,https://sa.wikisource.org/wiki/%E0%A4%95%E0%A4%BE%E0%A4%B5%E0%A5%8D%E0%A4%AF%E0%A4%BE%E0%A4%A6%E0%A4%B0%E0%A5%8D%E0%A4%B6%E0%A4%B5%E0%A5%8D%E0%A4%AF%E0%A4%BE%E0%A4%96%E0%A5%8D%E0%A4%AF%E0%A4%BE_%E0%A4%B9%E0%A5%83%E0%A4%A6%E0%A4%AF%E0%A4%99%E0%A5%8D%E0%A4%97%E0%A4%AE%E0%A4%BE,,Śrīmajjīvānandavidyāsāgarabhaṭṭācārya,,
sāhitya,kāśyaṣṭakam.txt,Kāśyaṣṭaka,https://sa.wikisource.org/wiki/%E0%A4%95%E0%A4%BE%E0%A4%B6%E0%A5%8D%E0%A4%AF%E0%A4%B7%E0%A5%8D%E0%A4%9F%E0%A4%95%E0%A4%AE%E0%A5%8D,,,,
sāhitya,kāśīviśveśvarastotram.txt,Kāśīviśveśvarastotra,https://sa.wikisource.org/wiki/%E0%A4%95%E0%A4%BE%E0%A4%B6%E0%A5%80%E0%A4%B5%E0%A4%BF%E0%A4%B6%E0%A5%8D%E0%A4%B5%E0%A5%87%E0%A4%B6%E0%A5%8D%E0%A4%B5%E0%A4%B0%E0%A4%B8%E0%A5%8D%E0%A4%A4%E0%A5%8B%E0%A4%A4%E0%A5%8D%E0%A4%B0%E0%A4%AE%E0%A5%8D,,Śrīvāsudevānandasarasvatī,,
sāhitya,kīlakastotram.txt,Kīlakastotra,https://sa.wikisource.org/wiki/%E0%A4%95%E0%A5%80%E0%A4%B2%E0%A4%95%E0%A4%B8%E0%A5%8D%E0%A4%A4%E0%A5%8B%E0%A4%A4%E0%A5%8D%E0%A4%B0%E0%A4%AE%E0%A5%8D,,,,
sāhitya,kṛṣṇasahasranāmastotram_gargasaṃhitā.txt,Kṛṣṇasahasranāmastotra,https://sa.wikisource.org/wiki/%E0%A4%95%E0%A5%83%E0%A4%B7%E0%A5%8D%E0%A4%A3%E0%A4%B8%E0%A4%B9%E0%A4%B8%E0%A5%8D%E0%A4%B0%E0%A4%A8%E0%A4%BE%E0%A4%AE%E0%A4%B8%E0%A5%8D%E0%A4%A4%E0%A5%8B%E0%A4%A4%E0%A5%8D%E0%A4%B0%E0%A4%AE%E0%A5%8D,,,,
sāhitya,kṛṣṇasahasranāmastotram_sātvatatantram.txt,Kṛṣṇasahasranāmastotra,https://sa.wikisource.org/wiki/%E0%A4%95%E0%A5%83%E0%A4%B7%E0%A5%8D%E0%A4%A3%E0%A4%B8%E0%A4%B9%E0%A4%B8%E0%A5%8D%E0%A4%B0%E0%A4%A8%E0%A4%BE%E0%A4%AE%E0%A4%B8%E0%A5%8D%E0%A4%A4%E0%A5%8B%E0%A4%A4%E0%A5%8D%E0%A4%B0%E0%A4%AE%E0%A5%8D,,,,
sāhitya,kṛṣṇasahasranāmastotram.txt,Kṛṣṇasahasranāmastotra,https://sa.wikisource.org/wiki/%E0%A4%95%E0%A5%83%E0%A4%B7%E0%A5%8D%E0%A4%A3%E0%A4%B8%E0%A4%B9%E0%A4%B8%E0%A5%8D%E0%A4%B0%E0%A4%A8%E0%A4%BE%E0%A4%AE%E0%A4%B8%E0%A5%8D%E0%A4%A4%E0%A5%8B%E0%A4%A4%E0%A5%8D%E0%A4%B0%E0%A4%AE%E0%A5%8D,,,,
sāhitya,kṣamāprārthanā.txt,Kṣamāprārthanā,https://sa.wikisource.org/wiki/%E0%A4%95%E0%A5%8D%E0%A4%B7%E0%A4%AE%E0%A4%BE%E0%A4%AA%E0%A5%8D%E0%A4%B0%E0%A4%BE%E0%A4%B0%E0%A5%8D%E0%A4%A5%E0%A4%A8%E0%A4%BE,,,,
sāhitya,lakṣmīnarasiṃhasuprabhātastotram.txt,Lakṣmīnarasiṃhasuprabhātastotra,https://sa.wikisource.org/wiki/%E0%A4%B2%E0%A4%95%E0%A5%8D%E0%A4%B7%E0%A5%8D%E0%A4%AE%E0%A5%80%E0%A4%A8%E0%A4%B0%E0%A4%B8%E0%A4%BF%E0%A4%82%E0%A4%B9%E0%A4%B8%E0%A5%81%E0%A4%AA%E0%A5%8D%E0%A4%B0%E0%A4%AD%E0%A4%BE%E0%A4%A4%E0%A4%B8%E0%A5%8D%E0%A4%A4%E0%A5%8B%E0%A4%A4%E0%A5%8D%E0%A4%B0%E0%A4%AE%E0%A5%8D,,,,
sāhitya,lakṣmīnārāyaṇakavacam.txt,Lakṣmīnārāyaṇakavaca,https://sa.wikisource.org/wiki/%E0%A4%B2%E0%A4%95%E0%A5%8D%E0%A4%B7%E0%A5%8D%E0%A4%AE%E0%A5%80%E0%A4%A8%E0%A4%BE%E0%A4%B0%E0%A4%BE%E0%A4%AF%E0%A4%A3%E0%A4%95%E0%A4%B5%E0%A4%9A%E0%A4%AE%E0%A5%8D,,,,
sāhitya,lakṣmīnārāyaṇastotram.txt,Lakṣmīnārāyaṇastotra,https://sa.wikisource.org/wiki/%E0%A4%B2%E0%A4%95%E0%A5%8D%E0%A4%B7%E0%A5%8D%E0%A4%AE%E0%A5%80%E0%A4%A8%E0%A4%BE%E0%A4%B0%E0%A4%BE%E0%A4%AF%E0%A4%A3%E0%A4%B8%E0%A5%8D%E0%A4%A4%E0%A5%8B%E0%A4%A4%E0%A5%8D%E0%A4%B0%E0%A4%AE%E0%A5%8D,,Śrīvāsudevānandasarasvatī,,
sāhitya,lakṣmīnṛsiṃhakaruṇārasastotra.txt,Lakṣmīnṛsiṃhakaruṇārasastotra,https://sa.wikisource.org/wiki/%E0%A4%B2%E0%A4%95%E0%A5%8D%E0%A4%B7%E0%A5%8D%E0%A4%AE%E0%A5%80%E0%A4%A8%E0%A5%83%E0%A4%B8%E0%A4%BF%E0%A4%82%E0%A4%B9%E0%A4%95%E0%A4%B0%E0%A5%81%E0%A4%A3%E0%A4%BE%E0%A4%B0%E0%A4%B8%E0%A4%B8%E0%A5%8D%E0%A4%A4%E0%A5%8B%E0%A4%A4%E0%A5%8D%E0%A4%B0,,,,
sāhitya,lakṣmīnṛsiṃhamaṅgaḻāśāsanam.txt,Lakṣmīnṛsiṃhamaṅgaḻāśāsana,https://sa.wikisource.org/wiki/%E0%A4%B2%E0%A4%95%E0%A5%8D%E0%A4%B7%E0%A5%8D%E0%A4%AE%E0%A5%80%E0%A4%A8%E0%A5%83%E0%A4%B8%E0%A4%BF%E0%A4%82%E0%A4%B9%E0%A4%AE%E0%A4%99%E0%A5%8D%E0%A4%97%E0%A4%B3%E0%A4%BE%E0%A4%B6%E0%A4%BE%E0%A4%B8%E0%A4%A8%E0%A4%AE%E0%A5%8D,,,,
sāhitya,lakṣmīnṛsiṃhapañcaratna.txt,Lakṣmīnṛsiṃhapañcaratna,https://sa.wikisource.org/wiki/%E0%A4%B2%E0%A4%95%E0%A5%8D%E0%A4%B7%E0%A5%8D%E0%A4%AE%E0%A5%80%E0%A4%A8%E0%A5%83%E0%A4%B8%E0%A4%BF%E0%A4%82%E0%A4%B9%E0%A4%AA%E0%A4%9E%E0%A5%8D%E0%A4%9A%E0%A4%B0%E0%A4%A4%E0%A5%8D%E0%A4%A8,,,,
sāhitya,lakṣmīnṛsiṃhaprapatti.txt,Lakṣmīnṛsiṃhaprapatti,https://sa.wikisource.org/wiki/%E0%A4%B2%E0%A4%95%E0%A5%8D%E0%A4%B7%E0%A5%8D%E0%A4%AE%E0%A5%80%E0%A4%A8%E0%A5%83%E0%A4%B8%E0%A4%BF%E0%A4%82%E0%A4%B9%E0%A4%AA%E0%A5%8D%E0%A4%B0%E0%A4%AA%E0%A4%A4%E0%A5%8D%E0%A4%A4%E0%A4%BF,,,,
sāhitya,lakṣmīnṛsiṃhasahasranāmāvali.txt,Lakṣmīnṛsiṃhasahasranāmāvali,https://sa.wikisource.org/wiki/%E0%A4%B2%E0%A4%95%E0%A5%8D%E0%A4%B7%E0%A5%8D%E0%A4%AE%E0%A5%80%E0%A4%A8%E0%A5%83%E0%A4%B8%E0%A4%BF%E0%A4%82%E0%A4%B9%E0%A4%B8%E0%A4%B9%E0%A4%B8%E0%A5%8D%E0%A4%B0%E0%A4%A8%E0%A4%BE%E0%A4%AE%E0%A4%BE%E0%A4%B5%E0%A4%B2%E0%A4%BF,,,,
sāhitya,lakṣmīnṛsiṃhastotram.txt,Lakṣmīnṛsiṃhastotra,https://sa.wikisource.org/wiki/%E0%A4%B2%E0%A4%95%E0%A5%8D%E0%A4%B7%E0%A5%8D%E0%A4%AE%E0%A5%80%E0%A4%A8%E0%A5%83%E0%A4%B8%E0%A4%BF%E0%A4%82%E0%A4%B9%E0%A4%B8%E0%A5%8D%E0%A4%A4%E0%A5%8B%E0%A4%A4%E0%A5%8D%E0%A4%B0%E0%A4%AE%E0%A5%8D,,,,
sāhitya,lakṣmīślokaḥ.txt,Lakṣmīśloka,https://sa.wikisource.org/wiki/%E0%A4%B2%E0%A4%95%E0%A5%8D%E0%A4%B7%E0%A5%8D%E0%A4%AE%E0%A5%80_%E0%A4%B6%E0%A5%8D%E0%A4%B2%E0%A5%8B%E0%A4%95%E0%A4%83,,,,
sāhitya,lalitāpañcaratnam.txt,Lalitāpañcaratna,https://sa.wikisource.org/wiki/%E0%A4%B2%E0%A4%B2%E0%A4%BF%E0%A4%A4%E0%A4%BE%E0%A4%AA%E0%A4%9E%E0%A5%8D%E0%A4%9A%E0%A4%B0%E0%A4%A4%E0%A5%8D%E0%A4%A8%E0%A4%AE%E0%A5%8D,,,,
sāhitya,madhurāṣṭakam.txt,Madhurāṣṭaka,https://sa.wikisource.org/wiki/%E0%A4%AE%E0%A4%A7%E0%A5%81%E0%A4%B0%E0%A4%BE%E0%A4%B7%E0%A5%8D%E0%A4%9F%E0%A4%95%E0%A4%AE%E0%A5%8D,,Vallabhācārya,,
sāhitya,madhusūdanastotram.txt,Madhusūdanastotra,https://sa.wikisource.org/wiki/%E0%A4%AE%E0%A4%A7%E0%A5%81%E0%A4%B8%E0%A5%82%E0%A4%A6%E0%A4%A8%E0%A4%B8%E0%A5%8D%E0%A4%A4%E0%A5%8B%E0%A4%A4%E0%A5%8D%E0%A4%B0%E0%A4%AE%E0%A5%8D,,,,
sāhitya,madhyamavyāyogaḥ.txt,Madhyamavyāyoga,https://sa.wikisource.org/wiki/%E0%A4%AE%E0%A4%A7%E0%A5%8D%E0%A4%AF%E0%A4%AE%E0%A4%B5%E0%A5%8D%E0%A4%AF%E0%A4%BE%E0%A4%AF%E0%A5%8B%E0%A4%97%E0%A4%83,,Bhāsa,,
sāhitya,mahāmahimānvitaṃ_ādityastotram.txt,Mahāmahimānvita Ādityastotra,https://sa.wikisource.org/wiki/%E0%A4%AE%E0%A4%B9%E0%A4%BE%E0%A4%AE%E0%A4%B9%E0%A4%BF%E0%A4%AE%E0%A4%BE%E0%A4%A8%E0%A5%8D%E0%A4%B5%E0%A4%BF%E0%A4%A4%E0%A4%82_%E0%A4%86%E0%A4%A6%E0%A4%BF%E0%A4%A4%E0%A5%8D%E0%A4%AF%E0%A4%B8%E0%A5%8D%E0%A4%A4%E0%A5%8B%E0%A4%A4%E0%A5%8D%E0%A4%B0%E0%A4%AE%E0%A5%8D,,Appayyadīkṣita,,
sāhitya,mahānandīśvarasujaṅgastotram.txt,Mahānandīśvarasujaṅgastotra,https://sa.wikisource.org/wiki/%E0%A4%AE%E0%A4%B9%E0%A4%BE%E0%A4%A8%E0%A4%A8%E0%A5%8D%E0%A4%A6%E0%A5%80%E0%A4%B6%E0%A5%8D%E0%A4%B5%E0%A4%B0%E0%A4%B8%E0%A5%81%E0%A4%9C%E0%A4%99%E0%A5%8D%E0%A4%97%E0%A4%B8%E0%A5%8D%E0%A4%A4%E0%A5%8B%E0%A4%A4%E0%A5%8D%E0%A4%B0%E0%A4%AE%E0%A5%8D,,,,
sāhitya,malhārīkavacam.txt,Malhārīkavaca,https://sa.wikisource.org/wiki/%E0%A4%AE%E0%A4%B2%E0%A5%8D%E0%A4%B9%E0%A4%BE%E0%A4%B0%E0%A5%80%E0%A4%95%E0%A4%B5%E0%A4%9A%E0%A4%AE%E0%A5%8D,,,,
sāhitya,manobodhaḥ.txt,Manobodha,https://sa.wikisource.org/wiki/%E0%A4%AE%E0%A4%A8%E0%A5%8B%E0%A4%AC%E0%A5%8B%E0%A4%A7%E0%A4%83,,,,
sāhitya,mantragarbhaśrīdattātreyāṣṭottaraśatanāmastotram.txt,Mantragarbhaśrīdattātreyāṣṭottaraśatanāmastotra,https://sa.wikisource.org/wiki/%E0%A4%AE%E0%A4%A8%E0%A5%8D%E0%A4%A4%E0%A5%8D%E0%A4%B0%E0%A4%97%E0%A4%B0%E0%A5%8D%E0%A4%AD%E0%A4%B6%E0%A5%8D%E0%A4%B0%E0%A5%80%E0%A4%A6%E0%A4%A4%E0%A5%8D%E0%A4%A4%E0%A4%BE%E0%A4%A4%E0%A5%8D%E0%A4%B0%E0%A5%87%E0%A4%AF%E0%A4%BE%E0%A4%B7%E0%A5%8D%E0%A4%9F%E0%A5%8B%E0%A4%A4%E0%A5%8D%E0%A4%A4%E0%A4%B0%E0%A4%B6%E0%A4%A4%E0%A4%A8%E0%A4%BE%E0%A4%AE%E0%A4%B8%E0%A5%8D%E0%A4%A4%E0%A5%8B%E0%A4%A4%E0%A5%8D%E0%A4%B0%E0%A4%AE%E0%A5%8D,,,,
sāhitya,manīṣāpañcakam.txt,Manīṣāpañcaka,https://sa.wikisource.org/wiki/%E0%A4%AE%E0%A4%A8%E0%A5%80%E0%A4%B7%E0%A4%BE%E0%A4%AA%E0%A4%9E%E0%A5%8D%E0%A4%9A%E0%A4%95%E0%A4%AE%E0%A5%8D,,,,
sāhitya,maṅkigītā.txt,Maṅkigītā,https://sa.wikisource.org/wiki/%E0%A4%AE%E0%A4%99%E0%A5%8D%E0%A4%95%E0%A4%BF%E0%A4%97%E0%A5%80%E0%A4%A4%E0%A4%BE,,,,
sāhitya,medhādakṣiṇāmūrtimantravarṇapadastutiḥ.txt,Medhādakṣiṇāmūrtimantravarṇapadastuti,https://sa.wikisource.org/wiki/%E0%A4%AE%E0%A5%87%E0%A4%A7%E0%A4%BE%E0%A4%A6%E0%A4%95%E0%A5%8D%E0%A4%B7%E0%A4%BF%E0%A4%A3%E0%A4%BE%E0%A4%AE%E0%A5%82%E0%A4%B0%E0%A5%8D%E0%A4%A4%E0%A4%BF%E0%A4%AE%E0%A4%A8%E0%A5%8D%E0%A4%A4%E0%A5%8D%E0%A4%B0%E0%A4%B5%E0%A4%B0%E0%A5%8D%E0%A4%A3%E0%A4%AA%E0%A4%A6%E0%A4%B8%E0%A5%8D%E0%A4%A4%E0%A5%81%E0%A4%A4%E0%A4%BF%E0%A4%83,,,,
sāhitya,meghasandeśaḥ.txt,Meghasandeśa (Dakṣiṇāvartanātha),https://sa.wikisource.org/wiki/%E0%A4%AE%E0%A5%87%E0%A4%98%E0%A4%B8%E0%A4%A8%E0%A5%8D%E0%A4%A6%E0%A5%87%E0%A4%B6%E0%A4%83_-_%E0%A4%A6%E0%A4%95%E0%A5%8D%E0%A4%B7%E0%A4%BF%E0%A4%A3%E0%A4%BE%E0%A4%B5%E0%A4%B0%E0%A5%8D%E0%A4%A4%E0%A4%A8%E0%A4%BE%E0%A4%A5%E0%A4%83_-%E0%A5%A7%E0%A5%AF%E0%A5%A7%E0%A5%AF,,Kālidāsa,,
sāhitya,murukāṣṭakam.txt,Murukāṣṭaka,https://sa.wikisource.org/wiki/%E0%A4%AE%E0%A5%81%E0%A4%B0%E0%A5%81%E0%A4%95%E0%A4%BE%E0%A4%B7%E0%A5%8D%E0%A4%9F%E0%A4%95%E0%A4%AE%E0%A5%8D,,,,
sāhitya,mānasollāsaḥ.txt,Mānasollāsa,https://sa.wikisource.org/wiki/%E0%A4%AE%E0%A4%BE%E0%A4%A8%E0%A4%B8%E0%A5%8B%E0%A4%B2%E0%A5%8D%E0%A4%B2%E0%A4%BE%E0%A4%B8%E0%A4%83,,,,
sāhitya,mārkaṇḍeyaśivāṣṭakam.txt,Mārkaṇḍeyaśivāṣṭaka,https://sa.wikisource.org/wiki/%E0%A4%AE%E0%A4%BE%E0%A4%B0%E0%A5%8D%E0%A4%95%E0%A4%A3%E0%A5%8D%E0%A4%A1%E0%A5%87%E0%A4%AF%E0%A4%B6%E0%A4%BF%E0%A4%B5%E0%A4%BE%E0%A4%B7%E0%A5%8D%E0%A4%9F%E0%A4%95%E0%A4%AE%E0%A5%8D,,Mārkaṇḍeya,,
sāhitya,māṃgalyastavaḥ.txt,Māṃgalyastava,https://sa.wikisource.org/wiki/%E0%A4%AE%E0%A4%BE%E0%A4%99%E0%A5%8D%E0%A4%97%E0%A4%B2%E0%A5%8D%E0%A4%AF%E0%A4%B8%E0%A5%8D%E0%A4%A4%E0%A4%B5%E0%A4%83,,,,
sāhitya,mīnākṣīstrotram.txt,Mīnākṣīstrotra,https://sa.wikisource.org/wiki/%E0%A4%AE%E0%A5%80%E0%A4%A8%E0%A4%BE%E0%A4%95%E0%A5%8D%E0%A4%B7%E0%A5%80%E0%A4%B8%E0%A5%8D%E0%A4%A4%E0%A5%8D%E0%A4%B0%E0%A5%8B%E0%A4%A4%E0%A5%8D%E0%A4%B0%E0%A4%AE%E0%A5%8D,,,,
sāhitya,mṛtyuñjayamānasikapūjāstotram_bṛhatstotraratnākarāntargatam.txt,Mṛtyuñjayamānasikapūjāstotra (Bṛhatstotraratnākarāntargata),https://sa.wikisource.org/wiki/%E0%A4%AE%E0%A5%83%E0%A4%A4%E0%A5%8D%E0%A4%AF%E0%A5%81%E0%A4%9E%E0%A5%8D%E0%A4%9C%E0%A4%AF%E0%A4%AE%E0%A4%BE%E0%A4%A8%E0%A4%B8%E0%A4%BF%E0%A4%95%E0%A4%AA%E0%A5%82%E0%A4%9C%E0%A4%BE%E0%A4%B8%E0%A5%8D%E0%A4%A4%E0%A5%8B%E0%A4%A4%E0%A5%8D%E0%A4%B0%E0%A4%AE%E0%A5%8D_(%E0%A4%AC%E0%A5%83%E0%A4%B9%E0%A4%A4%E0%A5%8D%E0%A4%B8%E0%A5%8D%E0%A4%A4%E0%A5%8B%E0%A4%A4%E0%A5%8D%E0%A4%B0%E0%A4%B0%E0%A4%A4%E0%A5%8D%E0%A4%A8%E0%A4%BE%E0%A4%95%E0%A4%B0%E0%A4%BE%E0%A4%A8%E0%A5%8D%E0%A4%A4%E0%A4%B0%E0%A5%8D%E0%A4%97%E0%A4%A4%E0%A4%AE%E0%A5%8D),,Śaṅkarācārya,,
sāhitya,naiṣadhīyacaritam.txt,Naiṣadhīyacarita,https://sa.wikisource.org/wiki/%E0%A4%A8%E0%A5%88%E0%A4%B7%E0%A4%A7%E0%A5%80%E0%A4%AF%E0%A4%9A%E0%A4%B0%E0%A4%BF%E0%A4%A4%E0%A4%AE%E0%A5%8D_%E0%A4%B8%E0%A4%AE%E0%A5%8D%E0%A4%AA%E0%A5%82%E0%A4%B0%E0%A5%8D%E0%A4%A3%E0%A4%AE%E0%A5%8D,,,,
sāhitya,nakhastutiḥ.txt,Nakhastuti,https://sa.wikisource.org/wiki/%E0%A4%A8%E0%A4%96%E0%A4%B8%E0%A5%8D%E0%A4%A4%E0%A5%81%E0%A4%A4%E0%A4%BF%E0%A4%83,,Śrīmadānandatīrthā,,
sāhitya,nalacampū.txt,Nalacampū,https://sa.wikisource.org/wiki/%E0%A4%A8%E0%A4%B2%E0%A4%9A%E0%A4%AE%E0%A5%8D%E0%A4%AA%E0%A5%82,,,,
sāhitya,narmadāṣṭakam.txt,Narmadāṣṭaka,https://sa.wikisource.org/wiki/%E0%A4%A8%E0%A4%B0%E0%A5%8D%E0%A4%AE%E0%A4%A6%E0%A4%BE%E0%A4%B7%E0%A5%8D%E0%A4%9F%E0%A4%95%E0%A4%AE%E0%A5%8D,,,,
sāhitya,navagrahastotram.txt,Navagrahastotra,https://sa.wikisource.org/wiki/%E0%A4%A8%E0%A4%B5%E0%A4%97%E0%A5%8D%E0%A4%B0%E0%A4%B9%E0%A4%B8%E0%A5%8D%E0%A4%A4%E0%A5%8B%E0%A4%A4%E0%A5%8D%E0%A4%B0%E0%A4%AE%E0%A5%8D,,Vedavyāsa,,
sāhitya,navanāgastotram.txt,Navanāgastotra,https://sa.wikisource.org/wiki/%E0%A4%A8%E0%A4%B5%E0%A4%A8%E0%A4%BE%E0%A4%97%E0%A4%B8%E0%A5%8D%E0%A4%A4%E0%A5%8B%E0%A4%A4%E0%A5%8D%E0%A4%B0%E0%A4%AE%E0%A5%8D,,,,
sāhitya,naṭeśapañcaratnam.txt,Naṭeśapañcaratna,https://sa.wikisource.org/wiki/%E0%A4%A8%E0%A4%9F%E0%A5%87%E0%A4%B6%E0%A4%AA%E0%A4%9E%E0%A5%8D%E0%A4%9A%E0%A4%B0%E0%A4%A4%E0%A5%8D%E0%A4%A8%E0%A4%AE%E0%A5%8D,,,,
sāhitya,naṭeśasahasranāmastotram.txt,Naṭeśasahasranāmastotra,https://sa.wikisource.org/wiki/%E0%A4%A8%E0%A4%9F%E0%A5%87%E0%A4%B6%E0%A4%B8%E0%A4%B9%E0%A4%B8%E0%A5%8D%E0%A4%B0%E0%A4%A8%E0%A4%BE%E0%A4%AE%E0%A4%B8%E0%A5%8D%E0%A4%A4%E0%A5%8B%E0%A4%A4%E0%A5%8D%E0%A4%B0%E0%A4%AE%E0%A5%8D,,,,
sāhitya,nirvāṇadaśakam.txt,Nirvāṇadaśaka,https://sa.wikisource.org/wiki/%E0%A4%A8%E0%A4%BF%E0%A4%B0%E0%A5%8D%E0%A4%B5%E0%A4%BE%E0%A4%A3%E0%A4%A6%E0%A4%B6%E0%A4%95%E0%A4%AE%E0%A5%8D,,Śaṅkarācārya,,
sāhitya,nirvāṇamañjarī.txt,Nirvāṇamañjarī,https://sa.wikisource.org/wiki/%E0%A4%A8%E0%A4%BF%E0%A4%B0%E0%A5%8D%E0%A4%B5%E0%A4%BE%E0%A4%A3%E0%A4%AE%E0%A4%9E%E0%A5%8D%E0%A4%9C%E0%A4%B0%E0%A5%80,,,,
sāhitya,nirvāṇaṣaṭkam_bṛhatstotraratnākarāntargatam.txt,Nirvāṇaṣaṭka,https://sa.wikisource.org/wiki/%E0%A4%A8%E0%A4%BF%E0%A4%B0%E0%A5%8D%E0%A4%B5%E0%A4%BE%E0%A4%A3%E0%A4%B7%E0%A4%9F%E0%A5%8D%E0%A4%95%E0%A4%AE%E0%A5%8D,,,,
sāhitya,nirvāṇaṣaṭkam.txt,Nirvāṇaṣaṭka,https://sa.wikisource.org/wiki/%E0%A4%A8%E0%A4%BF%E0%A4%B0%E0%A5%8D%E0%A4%B5%E0%A4%BE%E0%A4%A3%E0%A4%B7%E0%A4%9F%E0%A5%8D%E0%A4%95%E0%A4%AE%E0%A5%8D,,,,
sāhitya,nāmarāmāyaṇam.txt,Nāmarāmāyaṇa,https://sa.wikisource.org/wiki/%E0%A4%A8%E0%A4%BE%E0%A4%AE%E0%A4%B0%E0%A4%BE%E0%A4%AE%E0%A4%BE%E0%A4%AF%E0%A4%A3%E0%A4%AE%E0%A5%8D,,,,
sāhitya,nāradabhaktisūtram.txt,Nāradabhaktisūtra,https://sa.wikisource.org/wiki/%E0%A4%A8%E0%A4%BE%E0%A4%B0%E0%A4%A6%E0%A4%AD%E0%A4%95%E0%A5%8D%E0%A4%A4%E0%A4%BF%E0%A4%B8%E0%A5%82%E0%A4%A4%E0%A5%8D%E0%A4%B0%E0%A4%AE%E0%A5%8D,,,,
sāhitya,nāradapañcarātram‌.txt,Nāradapañcarātram,https://sa.wikisource.org/wiki/%E0%A4%A8%E0%A4%BE%E0%A4%B0%E0%A4%A6%E0%A4%AA%E0%A4%9E%E0%A5%8D%E0%A4%9A%E0%A4%B0%E0%A4%BE%E0%A4%A4%E0%A5%8D%E0%A4%B0%E0%A4%AE%E0%A5%8D%E2%80%8C,,,,
sāhitya,nārāyaṇakavacam.txt,Nārāyaṇakavaca,https://sa.wikisource.org/wiki/%E0%A4%A8%E0%A4%BE%E0%A4%B0%E0%A4%BE%E0%A4%AF%E0%A4%A3%E0%A4%95%E0%A4%B5%E0%A4%9A%E0%A4%AE%E0%A5%8D,,,,
sāhitya,nārāyaṇastotram.txt,Nārāyaṇastotra,https://sa.wikisource.org/wiki/%E0%A4%A8%E0%A4%BE%E0%A4%B0%E0%A4%BE%E0%A4%AF%E0%A4%A3%E0%A4%B8%E0%A5%8D%E0%A4%A4%E0%A5%8B%E0%A4%A4%E0%A5%8D%E0%A4%B0%E0%A4%AE%E0%A5%8D,,,,
sāhitya,nārāyaṇāṣṭakam.txt,Nārāyaṇāṣṭaka,https://sa.wikisource.org/wiki/%E0%A4%A8%E0%A4%BE%E0%A4%B0%E0%A4%BE%E0%A4%AF%E0%A4%A3%E0%A4%BE%E0%A4%B7%E0%A5%8D%E0%A4%9F%E0%A4%95%E0%A4%AE%E0%A5%8D,,,,
sāhitya,nārāyaṇīyam_bhaktapriyavyākhyāsahitam.txt,Nārāyaṇīya (Bhaktapriyavyākhyāsahita),https://sa.wikisource.org/wiki/%E0%A4%A8%E0%A4%BE%E0%A4%B0%E0%A4%BE%E0%A4%AF%E0%A4%A3%E0%A5%80%E0%A4%AF%E0%A4%AE%E0%A5%8D_(%E0%A4%AD%E0%A4%95%E0%A5%8D%E0%A4%A4%E0%A4%AA%E0%A5%8D%E0%A4%B0%E0%A4%BF%E0%A4%AF%E0%A4%B5%E0%A5%8D%E0%A4%AF%E0%A4%BE%E0%A4%96%E0%A5%8D%E0%A4%AF%E0%A4%BE%E0%A4%B8%E0%A4%B9%E0%A4%BF%E0%A4%A4%E0%A4%AE%E0%A5%8D),,Nārāyaṇabhaṭṭa,,
sāhitya,nārāyaṇīyam.txt,Nārāyaṇīya (Bhaktapriyavyākhyāsahita),https://sa.wikisource.org/wiki/%E0%A4%A8%E0%A4%BE%E0%A4%B0%E0%A4%BE%E0%A4%AF%E0%A4%A3%E0%A5%80%E0%A4%AF%E0%A4%AE%E0%A5%8D_(%E0%A4%AD%E0%A4%95%E0%A5%8D%E0%A4%A4%E0%A4%AA%E0%A5%8D%E0%A4%B0%E0%A4%BF%E0%A4%AF%E0%A4%B5%E0%A5%8D%E0%A4%AF%E0%A4%BE%E0%A4%96%E0%A5%8D%E0%A4%AF%E0%A4%BE%E0%A4%B8%E0%A4%B9%E0%A4%BF%E0%A4%A4%E0%A4%AE%E0%A5%8D),,Nārāyaṇabhaṭṭa,,
sāhitya,nāṭyaśāstravyākhyā_abhinavabhāratī.txt,Nāṭyaśāstravyākhyā Abhinavabhāratī,https://sa.wikisource.org/wiki/%E0%A4%A8%E0%A4%BE%E0%A4%9F%E0%A5%8D%E0%A4%AF%E0%A4%B6%E0%A4%BE%E0%A4%B8%E0%A5%8D%E0%A4%A4%E0%A5%8D%E0%A4%B0%E0%A4%B5%E0%A5%8D%E0%A4%AF%E0%A4%BE%E0%A4%96%E0%A5%8D%E0%A4%AF%E0%A4%BE_%E0%A4%85%E0%A4%AD%E0%A4%BF%E0%A4%A8%E0%A4%B5%E0%A4%AD%E0%A4%BE%E0%A4%B0%E0%A4%A4%E0%A5%80,,Abhinavagupta,,
sāhitya,nīlakaṇṭhanamaśśivāyāṣṭakam.txt,Nīlakaṇṭhanamaśśivāyāṣṭaka,https://sa.wikisource.org/wiki/%E0%A4%A8%E0%A5%80%E0%A4%B2%E0%A4%95%E0%A4%A3%E0%A5%8D%E0%A4%A0%E0%A4%A8%E0%A4%AE%E0%A4%B6%E0%A5%8D%E0%A4%B6%E0%A4%BF%E0%A4%B5%E0%A4%BE%E0%A4%AF%E0%A4%BE%E0%A4%B7%E0%A5%8D%E0%A4%9F%E0%A4%95%E0%A4%AE%E0%A5%8D,,,,
sāhitya,nītiprakāśikā.txt,Nītiprakāśikā,https://sa.wikisource.org/wiki/%E0%A4%A8%E0%A5%80%E0%A4%A4%E0%A4%BF%E0%A4%AA%E0%A5%8D%E0%A4%B0%E0%A4%95%E0%A4%BE%E0%A4%B6%E0%A4%BF%E0%A4%95%E0%A4%BE,,,,
sāhitya,nṛsiṃhasarasvatyaṣṭakam.txt,Nṛsiṃhasarasvatyaṣṭaka,https://sa.wikisource.org/wiki/%E0%A4%A8%E0%A5%83%E0%A4%B8%E0%A4%BF%E0%A4%82%E0%A4%B9%E0%A4%B8%E0%A4%B0%E0%A4%B8%E0%A5%8D%E0%A4%B5%E0%A4%A4%E0%A5%8D%E0%A4%AF%E0%A4%B7%E0%A5%8D%E0%A4%9F%E0%A4%95%E0%A4%AE%E0%A5%8D,,,,
sāhitya,nṛsiṃhastotram.txt,Nṛsiṃhastotra,https://sa.wikisource.org/wiki/%E0%A4%A8%E0%A5%83%E0%A4%B8%E0%A4%BF%E0%A4%82%E0%A4%B9%E0%A4%B8%E0%A5%8D%E0%A4%A4%E0%A5%8B%E0%A4%A4%E0%A5%8D%E0%A4%B0%E0%A4%AE%E0%A5%8D,,,,
sāhitya,padminīpariṇayaḥ.txt,Padminīpariṇaya,https://sa.wikisource.org/wiki/%E0%A4%AA%E0%A4%A6%E0%A5%8D%E0%A4%AE%E0%A4%BF%E0%A4%A8%E0%A5%80%E0%A4%AA%E0%A4%B0%E0%A4%BF%E0%A4%A3%E0%A4%AF%E0%A4%83,,Elattūr Sundararāja Bhaṭṭācārya,,
sāhitya,paraśurāmastotram.txt,Paraśurāmastotra,https://sa.wikisource.org/wiki/%E0%A4%AA%E0%A4%B0%E0%A4%B6%E0%A5%81%E0%A4%B0%E0%A4%BE%E0%A4%AE%E0%A4%B8%E0%A5%8D%E0%A4%A4%E0%A5%8B%E0%A4%A4%E0%A5%8D%E0%A4%B0%E0%A4%AE%E0%A5%8D,,Śrīvāsudevānandasarasvatī,,
sāhitya,pañcamukhihanumatkavacam.txt,Pañcamukhihanumatkavaca,https://sa.wikisource.org/wiki/%E0%A4%AA%E0%A4%9E%E0%A5%8D%E0%A4%9A%E0%A4%AE%E0%A5%81%E0%A4%96%E0%A4%BF%E0%A4%B9%E0%A4%A8%E0%A5%81%E0%A4%AE%E0%A4%A4%E0%A5%8D%E0%A4%95%E0%A4%B5%E0%A4%9A%E0%A4%AE%E0%A5%8D,,,,
sāhitya,pañcarātram.txt,Pañcarātra,https://sa.wikisource.org/wiki/%E0%A4%AA%E0%A4%9E%E0%A5%8D%E0%A4%9A%E0%A4%B0%E0%A4%BE%E0%A4%A4%E0%A5%8D%E0%A4%B0%E0%A4%AE%E0%A5%8D,,Bhāsa,,
sāhitya,prabodhasudhākaraḥ.txt,Prabodhasudhākara,https://sa.wikisource.org/wiki/%E0%A4%AA%E0%A5%8D%E0%A4%B0%E0%A4%AC%E0%A5%8B%E0%A4%A7%E0%A4%B8%E0%A5%81%E0%A4%A7%E0%A4%BE%E0%A4%95%E0%A4%B0%E0%A4%83,,,,
sāhitya,prajñāvivardhanastotra.txt,Prajñāvivardhanastotra,https://sa.wikisource.org/wiki/%E0%A4%AA%E0%A5%8D%E0%A4%B0%E0%A4%9C%E0%A5%8D%E0%A4%9E%E0%A4%BE%E0%A4%B5%E0%A4%BF%E0%A4%B5%E0%A4%B0%E0%A5%8D%E0%A4%A7%E0%A4%A8_%E0%A4%B8%E0%A5%8D%E0%A4%A4%E0%A5%8B%E0%A4%A4%E0%A5%8D%E0%A4%B0,,,,
sāhitya,prakāśasaṃhitā.txt,Prakāśasaṃhitā,https://sa.wikisource.org/wiki/%E0%A4%AA%E0%A5%8D%E0%A4%B0%E0%A4%95%E0%A4%BE%E0%A4%B6%E0%A4%B8%E0%A4%82%E0%A4%B9%E0%A4%BF%E0%A4%A4%E0%A4%BE,fully included in gretil,,,
sāhitya,prameyaratnāvalī.txt,Prameyaratnāvalī,https://sa.wikisource.org/wiki/%E0%A4%AA%E0%A5%8D%E0%A4%B0%E0%A4%AE%E0%A5%87%E0%A4%AF%E0%A4%B0%E0%A4%A4%E0%A5%8D%E0%A4%A8%E0%A4%BE%E0%A4%B5%E0%A4%B2%E0%A5%80,,,,
sāhitya,pratijñāyaugandharāyaṇam.txt,Pratijñāyaugandharāyaṇa,https://sa.wikisource.org/wiki/%E0%A4%AA%E0%A5%8D%E0%A4%B0%E0%A4%A4%E0%A4%BF%E0%A4%9C%E0%A5%8D%E0%A4%9E%E0%A4%BE%E0%A4%AF%E0%A5%8C%E0%A4%97%E0%A4%A8%E0%A5%8D%E0%A4%A7%E0%A4%B0%E0%A4%BE%E0%A4%AF%E0%A4%A3%E0%A4%AE%E0%A5%8D,,Bhāsa,,
sāhitya,pratimānāṭakam.txt,Pratimānāṭaka,https://sa.wikisource.org/wiki/%E0%A4%AA%E0%A5%8D%E0%A4%B0%E0%A4%A4%E0%A4%BF%E0%A4%AE%E0%A4%BE%E0%A4%A8%E0%A4%BE%E0%A4%9F%E0%A4%95%E0%A4%AE%E0%A5%8D,,Bhāsa,,
sāhitya,prātaḥsmaraṇam.txt,Prātaḥsmaraṇa,https://sa.wikisource.org/wiki/%E0%A4%AA%E0%A5%8D%E0%A4%B0%E0%A4%BE%E0%A4%A4:%E0%A4%B8%E0%A5%8D%E0%A4%AE%E0%A4%B0%E0%A4%A3%E0%A4%AE%E0%A5%8D,,,,
sāhitya,puruṣasūktam.txt,Puruṣasūkta,https://sa.wikisource.org/wiki/%E0%A4%AA%E0%A5%81%E0%A4%B0%E0%A5%81%E0%A4%B7%E0%A4%B8%E0%A5%82%E0%A4%95%E0%A5%8D%E0%A4%A4%E0%A4%AE%E0%A5%8D,,Manish joshi,,
sāhitya,pārvatīśaṅkarāvalambastotram.txt,Pārvatīśaṅkarāvalambastotra,https://sa.wikisource.org/wiki/%E0%A4%AA%E0%A4%BE%E0%A4%B0%E0%A5%8D%E0%A4%B5%E0%A4%A4%E0%A5%80%E0%A4%B6%E0%A4%99%E0%A5%8D%E0%A4%95%E0%A4%B0%E0%A4%BE%E0%A4%B5%E0%A4%B2%E0%A4%AE%E0%A5%8D%E0%A4%AC%E0%A4%B8%E0%A5%8D%E0%A4%A4%E0%A5%8B%E0%A4%A4%E0%A5%8D%E0%A4%B0%E0%A4%AE%E0%A5%8D,,Śarabhāratīsvāmī,,
sāhitya,pāṃḍuraṃgāṣṭakam.txt,Pāṃḍuraṃgāṣṭaka,https://sa.wikisource.org/wiki/%E0%A4%AA%E0%A4%BE%E0%A4%A3%E0%A5%8D%E0%A4%A1%E0%A5%81%E0%A4%B0%E0%A4%99%E0%A5%8D%E0%A4%97%E0%A4%BE%E0%A4%B7%E0%A5%8D%E0%A4%9F%E0%A4%95%E0%A4%AE%E0%A5%8D,,,,
sāhitya,pāṇḍavagītā.txt,Pāṇḍavagītā,https://sa.wikisource.org/wiki/%E0%A4%AA%E0%A4%BE%E0%A4%A3%E0%A5%8D%E0%A4%A1%E0%A4%B5%E0%A4%97%E0%A5%80%E0%A4%A4%E0%A4%BE,,,,
sāhitya,raghuvīragadyam.txt,Raghuvīragadya,https://sa.wikisource.org/wiki/%E0%A4%B0%E0%A4%98%E0%A5%81%E0%A4%B5%E0%A5%80%E0%A4%B0%E0%A4%97%E0%A4%A6%E0%A5%8D%E0%A4%AF%E0%A4%AE%E0%A5%8D,,Vedāntadeśika,,
sāhitya,rudrāṣṭakam.txt,Rudrāṣṭaka,https://sa.wikisource.org/wiki/%E0%A4%B0%E0%A5%81%E0%A4%A6%E0%A5%8D%E0%A4%B0%E0%A4%BE%E0%A4%B7%E0%A5%8D%E0%A4%9F%E0%A4%95%E0%A4%AE%E0%A5%8D,,,,
sāhitya,rāghavayādavīyam.txt,Rāghavayādavīya,https://sa.wikisource.org/wiki/%E0%A4%B0%E0%A4%BE%E0%A4%98%E0%A4%B5%E0%A4%AF%E0%A4%BE%E0%A4%A6%E0%A4%B5%E0%A5%80%E0%A4%AF%E0%A4%AE%E0%A5%8D,,,,
sāhitya,rāghavāṣṭakam.txt,Rāghavāṣṭaka,https://sa.wikisource.org/wiki/%E0%A4%B0%E0%A4%BE%E0%A4%98%E0%A4%B5%E0%A4%BE%E0%A4%B7%E0%A5%8D%E0%A4%9F%E0%A4%95%E0%A4%AE%E0%A5%8D,,,,
sāhitya,rājendrakarṇapūraḥ.txt,Rājendrakarṇapūra,https://sa.wikisource.org/wiki/%E0%A4%B0%E0%A4%BE%E0%A4%9C%E0%A5%87%E0%A4%A8%E0%A5%8D%E0%A4%A6%E0%A5%8D%E0%A4%B0%E0%A4%95%E0%A4%B0%E0%A5%8D%E0%A4%A3%E0%A4%AA%E0%A5%82%E0%A4%B0%E0%A4%83,,Śrīśambhu,,
sāhitya,rāmakavacam.txt,Rāmakavaca,https://sa.wikisource.org/wiki/%E0%A4%B0%E0%A4%BE%E0%A4%AE%E0%A4%95%E0%A4%B5%E0%A4%9A%E0%A4%AE%E0%A5%8D,,,,
sāhitya,rāmarakṣāstotram.txt,Rāmarakṣāstotra,https://sa.wikisource.org/wiki/%E0%A4%B0%E0%A4%BE%E0%A4%AE%E0%A4%B0%E0%A4%95%E0%A5%8D%E0%A4%B7%E0%A4%BE%E0%A4%B8%E0%A5%8D%E0%A4%A4%E0%A5%8B%E0%A4%A4%E0%A5%8D%E0%A4%B0%E0%A4%AE%E0%A5%8D,,Śrībudhakauśika,,
sāhitya,rāmaṣaṭpadī.txt,Rāmaṣaṭpadī,https://sa.wikisource.org/wiki/%E0%A4%B0%E0%A4%BE%E0%A4%AE%E0%A4%B7%E0%A4%9F%E0%A5%8D%E0%A4%AA%E0%A4%A6%E0%A5%80,,,,
sāhitya,rāmāṣṭakam.txt,Rāmāṣṭaka,https://sa.wikisource.org/wiki/%E0%A4%B0%E0%A4%BE%E0%A4%AE%E0%A4%BE%E0%A4%B7%E0%A5%8D%E0%A4%9F%E0%A4%95%E0%A4%AE%E0%A5%8D,,,,
sāhitya,samanvayā_vyākhyā.txt,Samanvayā Vyākhyā,https://sa.wikisource.org/wiki/%E0%A4%B8%E0%A4%AE%E0%A4%A8%E0%A5%8D%E0%A4%B5%E0%A4%AF%E0%A4%BE_%E0%A4%B5%E0%A5%8D%E0%A4%AF%E0%A4%BE%E0%A4%96%E0%A5%8D%E0%A4%AF%E0%A4%BE,,,,
sāhitya,sampradāyamīmāṃsāpātram.txt,Sampradāyamīmāṃsāpātra,https://sa.wikisource.org/wiki/%E0%A4%B8%E0%A4%AE%E0%A5%8D%E0%A4%AA%E0%A5%8D%E0%A4%B0%E0%A4%A6%E0%A4%BE%E0%A4%AF%E0%A4%AE%E0%A5%80%E0%A4%AE%E0%A4%BE%E0%A4%82%E0%A4%B8%E0%A4%BE%E0%A4%AA%E0%A4%BE%E0%A4%A4%E0%A5%8D%E0%A4%B0%E0%A4%AE%E0%A5%8D,,,,
sāhitya,santānagopālastotram.txt,Santānagopālastotra,https://sa.wikisource.org/wiki/%E0%A4%B8%E0%A4%A8%E0%A5%8D%E0%A4%A4%E0%A4%BE%E0%A4%A8%E0%A4%97%E0%A5%8B%E0%A4%AA%E0%A4%BE%E0%A4%B2%E0%A4%B8%E0%A5%8D%E0%A4%A4%E0%A5%8B%E0%A4%A4%E0%A5%8D%E0%A4%B0%E0%A4%AE%E0%A5%8D,,,,
sāhitya,sanātanadevīsūktam.txt,Sanātanadevīsūkta,https://sa.wikisource.org/wiki/%E0%A4%B8%E0%A4%A8%E0%A4%BE%E0%A4%A4%E0%A4%A8%E0%A4%A6%E0%A5%87%E0%A4%B5%E0%A5%80%E0%A4%B8%E0%A5%82%E0%A4%95%E0%A5%8D%E0%A4%A4%E0%A4%AE%E0%A5%8D,,,,
sāhitya,sarasvatistotram.txt,Sarasvatistotra,https://sa.wikisource.org/wiki/%E0%A4%B8%E0%A4%B0%E0%A4%B8%E0%A5%8D%E0%A4%B5%E0%A4%A4%E0%A4%BF_%E0%A4%B8%E0%A5%8D%E0%A4%A4%E0%A5%8B%E0%A4%A4%E0%A5%8D%E0%A4%B0%E0%A4%AE%E0%A5%8D,,,,
sāhitya,siddhamaṃgalastotra.txt,Siddhamaṃgalastotra,https://sa.wikisource.org/wiki/%E0%A4%B8%E0%A4%BF%E0%A4%A6%E0%A5%8D%E0%A4%A7%E0%A4%AE%E0%A4%82%E0%A4%97%E0%A4%B2%E0%A4%B8%E0%A5%8D%E0%A4%A4%E0%A5%8B%E0%A4%A4%E0%A5%8D%E0%A4%B0,,,,
sāhitya,siddhamaṅgalastotram.txt,Siddhamaṅgalastotra,https://sa.wikisource.org/wiki/%E0%A4%B8%E0%A4%BF%E0%A4%A6%E0%A5%8D%E0%A4%A7%E0%A4%AE%E0%A4%99%E0%A5%8D%E0%A4%97%E0%A4%B2%E0%A4%B8%E0%A5%8D%E0%A4%A4%E0%A5%8B%E0%A4%A4%E0%A5%8D%E0%A4%B0%E0%A4%AE%E0%A5%8D,,,,
sāhitya,stavacintāmaṇiḥ.txt,Stavacintāmaṇi,https://sa.wikisource.org/wiki/%E0%A4%B8%E0%A5%8D%E0%A4%A4%E0%A4%B5%E0%A4%9A%E0%A4%BF%E0%A4%A8%E0%A5%8D%E0%A4%A4%E0%A4%BE%E0%A4%AE%E0%A4%A3%E0%A4%BF%E0%A4%83,,,,
sāhitya,subrahmaṇyabhujaṅgam.txt,Subrahmaṇyabhujaṅga,https://sa.wikisource.org/wiki/%E0%A4%B8%E0%A5%81%E0%A4%AC%E0%A5%8D%E0%A4%B0%E0%A4%B9%E0%A5%8D%E0%A4%AE%E0%A4%A3%E0%A5%8D%E0%A4%AF%E0%A4%AD%E0%A5%81%E0%A4%9C%E0%A4%99%E0%A5%8D%E0%A4%97%E0%A4%AE%E0%A5%8D,,,,
sāhitya,suvarṇamālāstutiḥ_bṛhatstotraratnākarāntargatā.txt,Suvarṇamālāstuti (Bṛhatstotraratnākarāntargatā),https://sa.wikisource.org/wiki/%E0%A4%B8%E0%A5%81%E0%A4%B5%E0%A4%B0%E0%A5%8D%E0%A4%A3%E0%A4%AE%E0%A4%BE%E0%A4%B2%E0%A4%BE%E0%A4%B8%E0%A5%8D%E0%A4%A4%E0%A5%81%E0%A4%A4%E0%A4%BF%E0%A4%83_(%E0%A4%AC%E0%A5%83%E0%A4%B9%E0%A4%A4%E0%A5%8D%E0%A4%B8%E0%A5%8D%E0%A4%A4%E0%A5%8B%E0%A4%A4%E0%A5%8D%E0%A4%B0%E0%A4%B0%E0%A4%A4%E0%A5%8D%E0%A4%A8%E0%A4%BE%E0%A4%95%E0%A4%B0%E0%A4%BE%E0%A4%A8%E0%A5%8D%E0%A4%A4%E0%A4%B0%E0%A5%8D%E0%A4%97%E0%A4%A4%E0%A4%BE),,Śaṅkarācārya,,
sāhitya,svarūpānusandhānāṣṭakam.txt,Svarūpānusandhānāṣṭaka,https://sa.wikisource.org/wiki/%E0%A4%B8%E0%A5%8D%E0%A4%B5%E0%A4%B0%E0%A5%82%E0%A4%AA%E0%A4%BE%E0%A4%A8%E0%A5%81%E0%A4%B8%E0%A4%A8%E0%A5%8D%E0%A4%A7%E0%A4%BE%E0%A4%A8%E0%A4%BE%E0%A4%B7%E0%A5%8D%E0%A4%9F%E0%A4%95%E0%A4%AE%E0%A5%8D,,,,
sāhitya,sādhakapañcakam.txt,Sādhakapañcaka,https://sa.wikisource.org/wiki/%E0%A4%B8%E0%A4%BE%E0%A4%A7%E0%A4%95%E0%A4%AA%E0%A4%9E%E0%A5%8D%E0%A4%9A%E0%A4%95%E0%A4%AE%E0%A5%8D,,,,
sāhitya,sārasamuccayaḥ.txt,Sārasamuccaya,https://sa.wikisource.org/wiki/%E0%A4%B8%E0%A4%BE%E0%A4%B0%E0%A4%B8%E0%A4%AE%E0%A5%81%E0%A4%9A%E0%A5%8D%E0%A4%9A%E0%A4%AF%E0%A4%83,,,,
sāhitya,sītārāmāṣṭakam.txt,Sītārāmāṣṭaka,https://sa.wikisource.org/wiki/%E0%A4%B8%E0%A5%80%E0%A4%A4%E0%A4%BE%E0%A4%B0%E0%A4%BE%E0%A4%AE%E0%A4%BE%E0%A4%B7%E0%A5%8D%E0%A4%9F%E0%A4%95%E0%A4%AE%E0%A5%8D,,,,
sāhitya,sītāṣṭottaraśatanāmāvaliḥ.txt,Sītāṣṭottaraśatanāmāvali,https://sa.wikisource.org/wiki/%E0%A4%B8%E0%A5%80%E0%A4%A4%E0%A4%BE%E0%A4%B7%E0%A5%8D%E0%A4%9F%E0%A5%8B%E0%A4%A4%E0%A5%8D%E0%A4%A4%E0%A4%B0%E0%A4%B6%E0%A4%A4%E0%A4%A8%E0%A4%BE%E0%A4%AE%E0%A4%BE%E0%A4%B5%E0%A4%B2%E0%A4%BF%E0%A4%83,,,,
sāhitya,tripurasundaryaṣṭakam.txt,Tripurasundaryaṣṭaka,https://sa.wikisource.org/wiki/%E0%A4%A4%E0%A5%8D%E0%A4%B0%E0%A4%BF%E0%A4%AA%E0%A5%81%E0%A4%B0%E0%A4%B8%E0%A5%81%E0%A4%A8%E0%A5%8D%E0%A4%A6%E0%A4%B0%E0%A5%80%E0%A4%85%E0%A4%B7%E0%A5%8D%E0%A4%9F%E0%A4%95%E0%A4%AE%E0%A5%8D,,,,
sāhitya,tripurasundarīmānasapūjāstotram.txt,Tripurasundarīmānasapūjāstotra,https://sa.wikisource.org/wiki/%E0%A4%A4%E0%A5%8D%E0%A4%B0%E0%A4%BF%E0%A4%AA%E0%A5%81%E0%A4%B0%E0%A4%B8%E0%A5%81%E0%A4%A8%E0%A5%8D%E0%A4%A6%E0%A4%B0%E0%A5%80%E0%A4%AE%E0%A4%BE%E0%A4%A8%E0%A4%B8%E0%A4%AA%E0%A5%82%E0%A4%9C%E0%A4%BE%E0%A4%B8%E0%A5%8D%E0%A4%A4%E0%A5%8B%E0%A4%A4%E0%A5%8D%E0%A4%B0%E0%A4%AE%E0%A5%8D,,,,
sāhitya,tulajāṣṭakam.txt,Tulajāṣṭaka,https://sa.wikisource.org/wiki/%E0%A4%A4%E0%A5%81%E0%A4%B2%E0%A4%9C%E0%A4%BE%E0%A4%B7%E0%A5%8D%E0%A4%9F%E0%A4%95%E0%A4%AE%E0%A5%8D,,,,
sāhitya,tvamevabrūhistotram.txt,Tvamevabrūhistotra,https://sa.wikisource.org/wiki/%E0%A4%A4%E0%A5%8D%E0%A4%B5%E0%A4%AE%E0%A5%87%E0%A4%B5%E0%A4%AC%E0%A5%8D%E0%A4%B0%E0%A5%82%E0%A4%B9%E0%A4%BF%E0%A4%B8%E0%A5%8D%E0%A4%A4%E0%A5%8B%E0%A4%A4%E0%A5%8D%E0%A4%B0%E0%A4%AE%E0%A5%8D,,,,
sāhitya,tārāsahasranāmastotram.txt,Tārāsahasranāmastotra,https://sa.wikisource.org/wiki/%E0%A4%A4%E0%A4%BE%E0%A4%B0%E0%A4%BE%E0%A4%B8%E0%A4%B9%E0%A4%B8%E0%A5%8D%E0%A4%B0%E0%A4%A8%E0%A4%BE%E0%A4%AE%E0%A4%B8%E0%A5%8D%E0%A4%A4%E0%A5%8B%E0%A4%A4%E0%A5%8D%E0%A4%B0%E0%A4%AE%E0%A5%8D,,,,
sāhitya,tāṃ_vidyāmiha_labhemahi.txt,Tāṃ Vidyāmiha Labhemahi|,https://sa.wikisource.org/wiki/%E0%A4%A4%E0%A4%BE%E0%A4%82_%E0%A4%B5%E0%A4%BF%E0%A4%A6%E0%A5%8D%E0%A4%AF%E0%A4%BE%E0%A4%AE%E0%A4%BF%E0%A4%B9_%E0%A4%B2%E0%A4%AD%E0%A5%87%E0%A4%AE%E0%A4%B9%E0%A4%BF%E0%A5%A4,,,,
sāhitya,tāṇḍavāṣṭakam.txt,Tāṇḍavāṣṭaka,https://sa.wikisource.org/wiki/%E0%A4%A4%E0%A4%BE%E0%A4%A3%E0%A5%8D%E0%A4%A1%E0%A4%B5%E0%A4%BE%E0%A4%B7%E0%A5%8D%E0%A4%9F%E0%A4%95%E0%A4%AE%E0%A5%8D,,Patañjali,,
sāhitya,uddhavagītā.txt,Uddhavagītā,https://sa.wikisource.org/wiki/%E0%A4%89%E0%A4%A6%E0%A5%8D%E0%A4%A7%E0%A4%B5%E0%A4%97%E0%A5%80%E0%A4%A4%E0%A4%BE,,,,
sāhitya,udāra_jagadādhāra.txt,Udāra Jagadādhāra,https://sa.wikisource.org/wiki/%E0%A4%89%E0%A4%A6%E0%A4%BE%E0%A4%B0_%E0%A4%9C%E0%A4%97%E0%A4%A6%E0%A4%BE%E0%A4%A7%E0%A4%BE%E0%A4%B0,,,,
sāhitya,ujvalanīlamaṇi.txt,ujvalanīlamaṇi,https://sa.wikisource.org/wiki/%E0%A4%89%E0%A4%9C%E0%A5%8D%E0%A4%B5%E0%A4%B2%E0%A4%A8%E0%A5%80%E0%A4%B2%E0%A4%AE%E0%A4%A3%E0%A4%BF%E0%A4%83,,,,
sāhitya,umāmaheśvarastotram.txt,Umāmaheśvarastotra,https://sa.wikisource.org/wiki/%E0%A4%89%E0%A4%AE%E0%A4%BE%E0%A4%AE%E0%A4%B9%E0%A5%87%E0%A4%B6%E0%A5%8D%E0%A4%B5%E0%A4%B0%E0%A4%B8%E0%A5%8D%E0%A4%A4%E0%A5%8B%E0%A4%A4%E0%A5%8D%E0%A4%B0%E0%A4%AE%E0%A5%8D,,,,
sāhitya,umāsahasranāmastotram.txt,Umāsahasranāmastotra,https://sa.wikisource.org/wiki/%E0%A4%89%E0%A4%AE%E0%A4%BE%E0%A4%B8%E0%A4%B9%E0%A4%B8%E0%A5%8D%E0%A4%B0%E0%A4%A8%E0%A4%BE%E0%A4%AE%E0%A4%B8%E0%A5%8D%E0%A4%A4%E0%A5%8B%E0%A4%A4%E0%A5%8D%E0%A4%B0%E0%A4%AE%E0%A5%8D,,,,
sāhitya,uttararāmacaritam.txt,Uttararāmacarita,https://sa.wikisource.org/wiki/%E0%A4%89%E0%A4%A4%E0%A5%8D%E0%A4%A4%E0%A4%B0%E0%A4%B0%E0%A4%BE%E0%A4%AE%E0%A4%9A%E0%A4%B0%E0%A4%BF%E0%A4%A4%E0%A4%AE%E0%A5%8D,,Bhavabhūti,,
sāhitya,vairāgyapañcakam.txt,Vairāgyapañcaka,https://sa.wikisource.org/wiki/%E0%A4%B5%E0%A5%88%E0%A4%B0%E0%A4%BE%E0%A4%97%E0%A5%8D%E0%A4%AF%E0%A4%AA%E0%A4%9E%E0%A5%8D%E0%A4%9A%E0%A4%95%E0%A4%AE%E0%A5%8D,,,,
sāhitya,varāhapañcaka.txt,Varāhapañcaka,https://sa.wikisource.org/wiki/%E0%A4%B5%E0%A4%B0%E0%A4%BE%E0%A4%B9%E0%A4%AA%E0%A4%9E%E0%A5%8D%E0%A4%9A%E0%A4%95,,,,
sāhitya,vaṭukabhairavasahasranāmastotram.txt,Vaṭukabhairavasahasranāmastotra,https://sa.wikisource.org/wiki/%E0%A4%B5%E0%A4%9F%E0%A5%81%E0%A4%95%E0%A4%AD%E0%A5%88%E0%A4%B0%E0%A4%B5%E0%A4%B8%E0%A4%B9%E0%A4%B8%E0%A5%8D%E0%A4%B0%E0%A4%A8%E0%A4%BE%E0%A4%AE%E0%A4%B8%E0%A5%8D%E0%A4%A4%E0%A5%8B%E0%A4%A4%E0%A5%8D%E0%A4%B0%E0%A4%AE%E0%A5%8D,,Bhairavatantra,,
sāhitya,vedapādastavaḥ.txt,Vedapādastava,https://sa.wikisource.org/wiki/%E0%A4%B5%E0%A5%87%E0%A4%A6%E0%A4%AA%E0%A4%BE%E0%A4%A6%E0%A4%B8%E0%A5%8D%E0%A4%A4%E0%A4%B5%E0%A4%83,,Jaiminiḥ,,
sāhitya,vedasāraśivastavaḥ.txt,Vedasāraśivastava,https://sa.wikisource.org/wiki/%E0%A4%B5%E0%A5%87%E0%A4%A6%E0%A4%B8%E0%A4%BE%E0%A4%B0%E0%A4%B6%E0%A4%BF%E0%A4%B5%E0%A4%B8%E0%A5%8D%E0%A4%A4%E0%A4%B5%E0%A4%83,,Śaṅkarācārya,,
sāhitya,vedasāraśivastotram.txt,Vedasāraśivastotra,https://sa.wikisource.org/wiki/%E0%A4%B5%E0%A5%87%E0%A4%A6%E0%A4%B8%E0%A4%BE%E0%A4%B0%E0%A4%B6%E0%A4%BF%E0%A4%B5%E0%A4%B8%E0%A5%8D%E0%A4%A4%E0%A5%8B%E0%A4%A4%E0%A5%8D%E0%A4%B0%E0%A4%AE%E0%A5%8D,,,,
sāhitya,veṅkaṭeśakarāvalambastotra.txt,Veṅkaṭeśakarāvalambastotra,https://sa.wikisource.org/wiki/%E0%A4%B5%E0%A5%87%E0%A4%99%E0%A5%8D%E0%A4%95%E0%A4%9F%E0%A5%87%E0%A4%B6%E0%A4%95%E0%A4%B0%E0%A4%BE%E0%A4%B5%E0%A4%B2%E0%A4%AE%E0%A5%8D%E0%A4%AC%E0%A4%B8%E0%A5%8D%E0%A4%A4%E0%A5%8B%E0%A4%A4%E0%A5%8D%E0%A4%B0,,,,
sāhitya,veṅkaṭeśastotram.txt,Veṅkaṭeśastotra,https://sa.wikisource.org/wiki/%E0%A4%B5%E0%A5%87%E0%A4%99%E0%A5%8D%E0%A4%95%E0%A4%9F%E0%A5%87%E0%A4%B6%E0%A4%B8%E0%A5%8D%E0%A4%A4%E0%A5%8B%E0%A4%A4%E0%A5%8D%E0%A4%B0%E0%A4%AE%E0%A5%8D,,,,
sāhitya,veṅkaṭeśvarasahasranāmāvali.txt,Veṅkaṭeśvarasahasranāmāvali,https://sa.wikisource.org/wiki/%E0%A4%B5%E0%A5%87%E0%A4%99%E0%A5%8D%E0%A4%95%E0%A4%9F%E0%A5%87%E0%A4%B6%E0%A5%8D%E0%A4%B5%E0%A4%B0%E0%A4%B8%E0%A4%B9%E0%A4%B8%E0%A5%8D%E0%A4%B0%E0%A4%A8%E0%A4%BE%E0%A4%AE%E0%A4%BE%E0%A4%B5%E0%A4%B2%E0%A4%BF,,,,
sāhitya,vicakhnugītā.txt,Vicakhnugītā,https://sa.wikisource.org/wiki/%E0%A4%B5%E0%A4%BF%E0%A4%9A%E0%A4%96%E0%A5%8D%E0%A4%A8%E0%A5%81%E0%A4%97%E0%A5%80%E0%A4%A4%E0%A4%BE,,,,
sāhitya,viduranītiḥ.txt,Viduranīti,https://sa.wikisource.org/wiki/%E0%A4%B5%E0%A4%BF%E0%A4%A6%E0%A5%81%E0%A4%B0%E0%A4%A8%E0%A5%80%E0%A4%A4%E0%A4%BF%E0%A4%83,,,,
sāhitya,vidyāraṇyāṣṭottaraśatanāmastotram.txt,Vidyāraṇyāṣṭottaraśatanāmastotra,https://sa.wikisource.org/wiki/%E0%A4%B5%E0%A4%BF%E0%A4%A6%E0%A5%8D%E0%A4%AF%E0%A4%BE%E0%A4%B0%E0%A4%A3%E0%A5%8D%E0%A4%AF%E0%A4%BE%E0%A4%B7%E0%A5%8D%E0%A4%9F%E0%A5%8B%E0%A4%A4%E0%A5%8D%E0%A4%A4%E0%A4%B0%E0%A4%B6%E0%A4%A4%E0%A4%A8%E0%A4%BE%E0%A4%AE%E0%A4%B8%E0%A5%8D%E0%A4%A4%E0%A5%8B%E0%A4%A4%E0%A5%8D%E0%A4%B0%E0%A4%AE%E0%A5%8D,,,,
sāhitya,vikramorvaśīyam_incomplete.txt,Vikramorvaśīya,https://sa.wikisource.org/wiki/%E0%A4%B5%E0%A4%BF%E0%A4%95%E0%A5%8D%E0%A4%B0%E0%A4%AE%E0%A5%8B%E0%A4%B0%E0%A5%8D%E0%A4%B5%E0%A4%B6%E0%A5%80%E0%A4%AF%E0%A4%AE%E0%A5%8D,,,,
sāhitya,vilomākṣararāmakṛṣṇakāvyam.txt,Vilomākṣararāmakṛṣṇakāvya,https://sa.wikisource.org/wiki/%E0%A4%B5%E0%A4%BF%E0%A4%B2%E0%A5%8B%E0%A4%AE%E0%A4%BE%E0%A4%95%E0%A5%8D%E0%A4%B7%E0%A4%B0%E0%A4%B0%E0%A4%BE%E0%A4%AE%E0%A4%95%E0%A5%83%E0%A4%B7%E0%A5%8D%E0%A4%A3%E0%A4%95%E0%A4%BE%E0%A4%B5%E0%A5%8D%E0%A4%AF%E0%A4%AE%E0%A5%8D,,Sūryakavi,,
sāhitya,vināyakastotra.txt,Vināyakastotra,https://sa.wikisource.org/wiki/%E0%A4%B5%E0%A4%BF%E0%A4%A8%E0%A4%BE%E0%A4%AF%E0%A4%95%E0%A4%B8%E0%A5%8D%E0%A4%A4%E0%A5%8B%E0%A4%A4%E0%A5%8D%E0%A4%B0%E0%A4%AE%E0%A5%8D,,,,
sāhitya,viśveśvarāṣṭakam.txt,Viśveśvarāṣṭaka,https://sa.wikisource.org/wiki/%E0%A4%B5%E0%A4%BF%E0%A4%B6%E0%A5%8D%E0%A4%B5%E0%A5%87%E0%A4%B6%E0%A5%8D%E0%A4%B5%E0%A4%B0%E0%A4%BE%E0%A4%B7%E0%A5%8D%E0%A4%9F%E0%A4%95%E0%A4%AE%E0%A5%8D,,,,
sāhitya,viṣṇoḥ_śatanāmastotram.txt,Viṣṇuśatanāmastotra,https://sa.wikisource.org/wiki/%E0%A4%B5%E0%A4%BF%E0%A4%B7%E0%A5%8D%E0%A4%A3%E0%A5%8B%E0%A4%83_%E0%A4%B6%E0%A4%A4%E0%A4%A8%E0%A4%BE%E0%A4%AE%E0%A4%B8%E0%A5%8D%E0%A4%A4%E0%A5%8B%E0%A4%A4%E0%A5%8D%E0%A4%B0%E0%A4%AE%E0%A5%8D,,,,
sāhitya,viṣṇumahimnastotram.txt,Viṣṇumahimnastotra,https://sa.wikisource.org/wiki/%E0%A4%B5%E0%A4%BF%E0%A4%B7%E0%A5%8D%E0%A4%A3%E0%A5%81%E0%A4%AE%E0%A4%B9%E0%A4%BF%E0%A4%AE%E0%A5%8D%E0%A4%A8%E0%A4%B8%E0%A5%8D%E0%A4%A4%E0%A5%8B%E0%A4%A4%E0%A5%8D%E0%A4%B0%E0%A4%AE%E0%A5%8D,,,,
sāhitya,viṣṇusahasranāmastotram‌.txt,Viṣṇusahasranāmastotram‌,https://sa.wikisource.org/wiki/%E0%A4%B5%E0%A4%BF%E0%A4%B7%E0%A5%8D%E0%A4%A3%E0%A5%81%E0%A4%B8%E0%A4%B9%E0%A4%B8%E0%A5%8D%E0%A4%B0%E0%A4%A8%E0%A4%BE%E0%A4%AE%E0%A4%B8%E0%A5%8D%E0%A4%A4%E0%A5%8B%E0%A4%A4%E0%A5%8D%E0%A4%B0%E0%A4%AE%E0%A5%8D%E2%80%8C,,,,
sāhitya,viṣṇusahasranāmāvaliḥ.txt,Viṣṇusahasranāmāvali,https://sa.wikisource.org/wiki/%E0%A4%B6%E0%A5%8D%E0%A4%B0%E0%A5%80%E0%A4%B5%E0%A4%BF%E0%A4%B7%E0%A5%8D%E0%A4%A3%E0%A5%81%E0%A4%B8%E0%A4%B9%E0%A4%B8%E0%A5%8D%E0%A4%B0%E0%A4%A8%E0%A4%BE%E0%A4%AE%E0%A4%BE%E0%A4%B5%E0%A4%B2%E0%A4%BF%E0%A4%83,,,,
sāhitya,viṣṇustavarājaḥ.txt,Viṣṇustavarāja,https://sa.wikisource.org/wiki/%E0%A4%B5%E0%A4%BF%E0%A4%B7%E0%A5%8D%E0%A4%A3%E0%A5%81%E0%A4%B8%E0%A5%8D%E0%A4%A4%E0%A4%B5%E0%A4%B0%E0%A4%BE%E0%A4%9C%E0%A4%83,,,,
sāhitya,viṣṇuśatanāmastotram.txt,Viṣṇuśatanāmastotra,https://sa.wikisource.org/wiki/%E0%A4%B5%E0%A4%BF%E0%A4%B7%E0%A5%8D%E0%A4%A3%E0%A5%81%E0%A4%B6%E0%A4%A4%E0%A4%A8%E0%A4%BE%E0%A4%AE%E0%A4%B8%E0%A5%8D%E0%A4%A4%E0%A5%8B%E0%A4%A4%E0%A5%8D%E0%A4%B0%E0%A4%AE%E0%A5%8D,,,,
sāhitya,viṣṇuṣaṭpadī.txt,Viṣṇuṣaṭpadī,https://sa.wikisource.org/wiki/%E0%A4%B5%E0%A4%BF%E0%A4%B7%E0%A5%8D%E0%A4%A3%E0%A5%81%E0%A4%B7%E0%A4%9F%E0%A5%8D%E0%A4%AA%E0%A4%A6%E0%A5%80,,,,
sāhitya,vyaktivivekaḥ.txt,Vyaktiviveka,https://sa.wikisource.org/wiki/%E0%A4%B5%E0%A4%B0%E0%A5%8D%E0%A4%97%E0%A4%83:%E0%A4%B5%E0%A5%8D%E0%A4%AF%E0%A4%95%E0%A5%8D%E0%A4%A4%E0%A4%BF%E0%A4%B5%E0%A4%BF%E0%A4%B5%E0%A5%87%E0%A4%95%E0%A4%83,,Mahimabhaṭṭa,,
sāhitya,vāmadevagītā.txt,Vāmadevagītā,https://sa.wikisource.org/wiki/%E0%A4%B5%E0%A4%BE%E0%A4%AE%E0%A4%A6%E0%A5%87%E0%A4%B5%E0%A4%97%E0%A5%80%E0%A4%A4%E0%A4%BE,,,,
sāhitya,vāsudevāṣṭakam.txt,Vāsudevāṣṭaka,https://sa.wikisource.org/wiki/%E0%A4%B5%E0%A4%BE%E0%A4%B8%E0%A5%81%E0%A4%A6%E0%A5%87%E0%A4%B5%E0%A4%BE%E0%A4%B7%E0%A5%8D%E0%A4%9F%E0%A4%95%E0%A4%AE%E0%A5%8D,,,,
sāhitya,vṛtragītā.txt,Vṛtragītā,https://sa.wikisource.org/wiki/%E0%A4%B5%E0%A5%83%E0%A4%A4%E0%A5%8D%E0%A4%B0%E0%A4%97%E0%A5%80%E0%A4%A4%E0%A4%BE,,,,
sāhitya,yamunāstotraratnam.txt,Yamunāstotraratna,https://sa.wikisource.org/wiki/%E0%A4%AF%E0%A4%AE%E0%A5%81%E0%A4%A8%E0%A4%BE%E0%A4%B8%E0%A5%8D%E0%A4%A4%E0%A5%8B%E0%A4%A4%E0%A5%8D%E0%A4%B0%E0%A4%B0%E0%A4%A4%E0%A5%8D%E0%A4%A8%E0%A4%AE%E0%A5%8D,included in gretil,,,
sāhitya,ādityahṛdayam.txt,Ādityahṛdaya,https://sa.wikisource.org/wiki/%E0%A4%86%E0%A4%A6%E0%A4%BF%E0%A4%A4%E0%A5%8D%E0%A4%AF%E0%A4%B9%E0%A5%83%E0%A4%A6%E0%A4%AF%E0%A4%AE%E0%A5%8D,,,,
sāhitya,ādityanāmāvaliḥ.txt,Ādityanāmāvali,https://sa.wikisource.org/wiki/%E0%A4%86%E0%A4%A6%E0%A4%BF%E0%A4%A4%E0%A5%8D%E0%A4%AF%E0%A4%A8%E0%A4%BE%E0%A4%AE%E0%A4%BE%E0%A4%B5%E0%A4%B2%E0%A4%BF%E0%A4%83,,,,
sāhitya,ādyāstotram.txt,Ādyāstotra,https://sa.wikisource.org/wiki/%E0%A4%86%E0%A4%A6%E0%A5%8D%E0%A4%AF%E0%A4%BE%E0%A4%B8%E0%A5%8D%E0%A4%A4%E0%A5%8B%E0%A4%A4%E0%A5%8D%E0%A4%B0%E0%A4%AE%E0%A5%8D,,,,
sāhitya,āmnāyastotram.txt,Āmnāyastotra,https://sa.wikisource.org/wiki/%E0%A4%86%E0%A4%AE%E0%A5%8D%E0%A4%A8%E0%A4%BE%E0%A4%AF%E0%A4%B8%E0%A5%8D%E0%A4%A4%E0%A5%8B%E0%A4%A4%E0%A5%8D%E0%A4%B0%E0%A4%AE%E0%A5%8D,,,,
sāhitya,ānandalaharī.txt,Ānandalaharī,https://sa.wikisource.org/wiki/%E0%A4%86%E0%A4%A8%E0%A4%A8%E0%A5%8D%E0%A4%A6%E0%A4%B2%E0%A4%B9%E0%A4%B0%E0%A5%80,,,,
sāhitya,ānandasāgarastavaḥ.txt,Ānandasāgarastava,https://sa.wikisource.org/wiki/%E0%A4%86%E0%A4%A8%E0%A4%A8%E0%A5%8D%E0%A4%A6%E0%A4%B8%E0%A4%BE%E0%A4%97%E0%A4%B0%E0%A4%B8%E0%A5%8D%E0%A4%A4%E0%A4%B5%E0%A4%83,,Nīlakaṇṭhadīkṣita,,
sāhitya,ānaṃdarāmāyaṇarāmarakṣā.txt,Ānaṃdarāmāyaṇarāmarakṣā,https://sa.wikisource.org/wiki/%E0%A4%86%E0%A4%A8%E0%A4%82%E0%A4%A6%E0%A4%B0%E0%A4%BE%E0%A4%AE%E0%A4%BE%E0%A4%AF%E0%A4%A3%E0%A4%B0%E0%A4%BE%E0%A4%AE%E0%A4%B0%E0%A4%95%E0%A5%8D%E0%A4%B7%E0%A4%BE,,,,
sāhitya,ārttatrāṇastotram.txt,Ārttatrāṇastotra,https://sa.wikisource.org/wiki/%E0%A4%86%E0%A4%B0%E0%A5%8D%E0%A4%A4%E0%A5%8D%E0%A4%A4%E0%A4%A4%E0%A5%8D%E0%A4%B0%E0%A4%BE%E0%A4%A3%E0%A4%B8%E0%A5%8D%E0%A4%A4%E0%A5%8B%E0%A4%A4%E0%A5%8D%E0%A4%B0%E0%A4%AE%E0%A5%8D,,Pppayyadīkṣita,,
sāhitya,āryāpañcadaśīstotram.txt,Āryāpañcadaśīstotra,https://sa.wikisource.org/wiki/%E0%A4%86%E0%A4%B0%E0%A5%8D%E0%A4%AF%E0%A4%BE%E0%A4%AA%E0%A4%9E%E0%A5%8D%E0%A4%9A%E0%A4%A6%E0%A4%B6%E0%A5%80%E0%A4%B8%E0%A5%8D%E0%A4%A4%E0%A5%8B%E0%A4%A4%E0%A5%8D%E0%A4%B0%E0%A4%AE%E0%A5%8D,,Tyāgarājanāmnā,,
sāhitya,āñjaneyasahasranāmastotram.txt,Āñjaneyasahasranāmastotra,https://sa.wikisource.org/wiki/%E0%A4%86%E0%A4%9E%E0%A5%8D%E0%A4%9C%E0%A4%A8%E0%A5%87%E0%A4%AF%E0%A4%B8%E0%A4%B9%E0%A4%B8%E0%A5%8D%E0%A4%B0%E0%A4%A8%E0%A4%BE%E0%A4%AE%E0%A4%B8%E0%A5%8D%E0%A4%A4%E0%A5%8B%E0%A4%A4%E0%A5%8D%E0%A4%B0%E0%A4%AE%E0%A5%8D,,,,
sāhitya,āñjaneyasahasranāmāvaliḥ.txt,Āñjaneyasahasranāmāvali,https://sa.wikisource.org/wiki/%E0%A4%86%E0%A4%9E%E0%A5%8D%E0%A4%9C%E0%A4%A8%E0%A5%87%E0%A4%AF%E0%A4%B8%E0%A4%B9%E0%A4%B8%E0%A5%8D%E0%A4%B0%E0%A4%A8%E0%A4%BE%E0%A4%AE%E0%A4%BE%E0%A4%B5%E0%A4%B2%E0%A4%BF%E0%A4%83,,,,
sāhitya,āśrayāṣṭakam.txt,Āśrayāṣṭaka,https://sa.wikisource.org/wiki/%E0%A4%86%E0%A4%B6%E0%A5%8D%E0%A4%B0%E0%A4%AF%E0%A4%BE%E0%A4%B7%E0%A5%8D%E0%A4%9F%E0%A4%95%E0%A4%AE%E0%A5%8D,,,,
sāhitya,āṃjaneyadvādaśanāmastotram.txt,Āṃjaneyadvādaśanāmastotra,https://sa.wikisource.org/wiki/%E0%A4%86%E0%A4%82%E0%A4%9C%E0%A4%A8%E0%A5%87%E0%A4%AF_%E0%A4%A6%E0%A5%8D%E0%A4%B5%E0%A4%BE%E0%A4%A6%E0%A4%B6%E0%A4%A8%E0%A4%BE%E0%A4%AE%E0%A4%B8%E0%A5%8D%E0%A4%A4%E0%A5%8B%E0%A4%A4%E0%A5%8D%E0%A4%B0%E0%A4%AE%E0%A5%8D,,,,
sāhitya,śakrādayastuti.txt,Śakrādayastuti,https://sa.wikisource.org/wiki/%E0%A4%B6%E0%A4%95%E0%A5%8D%E0%A4%B0%E0%A4%BE%E0%A4%A6%E0%A4%AF_%E0%A4%B8%E0%A5%8D%E0%A4%A4%E0%A5%81%E0%A4%A4%E0%A4%BF,,,,
sāhitya,śanimaṃtra.txt,Śanimaṃtra,https://sa.wikisource.org/wiki/%E0%A4%B6%E0%A4%A8%E0%A4%BF_%E0%A4%AE%E0%A4%82%E0%A4%A4%E0%A5%8D%E0%A4%B0,,,,
sāhitya,śanistotram.txt,Śanistotra,https://sa.wikisource.org/wiki/%E0%A4%B6%E0%A4%A8%E0%A4%BF%E0%A4%B8%E0%A5%8D%E0%A4%A4%E0%A5%8B%E0%A4%A4%E0%A5%8D%E0%A4%B0%E0%A4%AE%E0%A5%8D,,Daśaratha,,
sāhitya,śanivajrapaṃjarakavacam.txt,Śanivajrapaṃjarakavaca,https://sa.wikisource.org/wiki/%E0%A4%B6%E0%A4%A8%E0%A4%BF%E0%A4%B5%E0%A4%9C%E0%A5%8D%E0%A4%B0%E0%A4%AA%E0%A4%82%E0%A4%9C%E0%A4%B0%E0%A4%95%E0%A4%B5%E0%A4%9A%E0%A4%AE%E0%A5%8D,,,,
sāhitya,śaraṇāgatigadyam.txt,Śaraṇāgatigadya,https://sa.wikisource.org/wiki/%E0%A4%B6%E0%A4%B0%E0%A4%A3%E0%A4%BE%E0%A4%97%E0%A4%A4%E0%A4%BF%E0%A4%97%E0%A4%A6%E0%A5%8D%E0%A4%AF%E0%A4%AE%E0%A5%8D,,,,
sāhitya,śaṃkarastotram.txt,Śaṃkarastotra,https://sa.wikisource.org/wiki/%E0%A4%B6%E0%A4%82%E0%A4%95%E0%A4%B0%E0%A4%B8%E0%A5%8D%E0%A4%A4%E0%A5%8B%E0%A4%A4%E0%A5%8D%E0%A4%B0%E0%A4%AE%E0%A5%8D,,Śrīvāsudevānandasarasvatī,,
sāhitya,śaṃpākagītā_incomplete.txt,Śaṃpākagītā,https://sa.wikisource.org/wiki/%E0%A4%B6%E0%A4%82%E0%A4%AA%E0%A4%BE%E0%A4%95%E0%A4%97%E0%A5%80%E0%A4%A4%E0%A4%BE,,,,
sāhitya,śaṅkarabhagavaccaraṇastutyaṣṭakam.txt,Śaṅkarabhagavaccaraṇastutyaṣṭaka,https://sa.wikisource.org/wiki/%E0%A4%B6%E0%A4%99%E0%A5%8D%E0%A4%95%E0%A4%B0%E0%A4%AD%E0%A4%97%E0%A4%B5%E0%A4%9A%E0%A5%8D%E0%A4%9A%E0%A4%B0%E0%A4%A3%E0%A4%B8%E0%A5%8D%E0%A4%A4%E0%A5%81%E0%A4%A4%E0%A5%8D%E0%A4%AF%E0%A4%B7%E0%A5%8D%E0%A4%9F%E0%A4%95%E0%A4%AE%E0%A5%8D,,,,
sāhitya,śaṅkaracāryāṣṭottarasahasranāmāvaliḥ.txt,Śaṅkaracāryāṣṭottarasahasranāmāvali,https://sa.wikisource.org/wiki/%E0%A4%B6%E0%A4%99%E0%A5%8D%E0%A4%95%E0%A4%B0%E0%A4%9A%E0%A4%BE%E0%A4%B0%E0%A5%8D%E0%A4%AF_%E0%A4%85%E0%A4%B7%E0%A5%8D%E0%A4%9F%E0%A5%8B%E0%A4%A4%E0%A5%8D%E0%A4%A4%E0%A4%B0%E0%A4%B8%E0%A4%B9%E0%A4%B8%E0%A5%8D%E0%A4%B0%E0%A4%A8%E0%A4%BE%E0%A4%AE%E0%A4%BE%E0%A4%B5%E0%A4%B2%E0%A4%BF%E0%A4%83,,,,
sāhitya,śaṅkarācāryāṣṭottaraśatanāmastotram.txt,Śaṅkarācāryāṣṭottaraśatanāmastotram (bṛhatstotraratnākarāntargata),https://sa.wikisource.org/wiki/%E0%A4%B6%E0%A4%99%E0%A5%8D%E0%A4%95%E0%A4%B0%E0%A4%BE%E0%A4%9A%E0%A4%BE%E0%A4%B0%E0%A5%8D%E0%A4%AF%E0%A4%BE%E0%A4%B7%E0%A5%8D%E0%A4%9F%E0%A5%8B%E0%A4%A4%E0%A5%8D%E0%A4%A4%E0%A4%B0%E0%A4%B6%E0%A4%A4%E0%A4%A8%E0%A4%BE%E0%A4%AE%E0%A4%B8%E0%A5%8D%E0%A4%A4%E0%A5%8B%E0%A4%A4%E0%A5%8D%E0%A4%B0%E0%A4%AE%E0%A5%8D_(%E0%A4%AC%E0%A5%83%E0%A4%B9%E0%A4%A4%E0%A5%8D%E0%A4%B8%E0%A5%8D%E0%A4%A4%E0%A5%8B%E0%A4%A4%E0%A5%8D%E0%A4%B0%E0%A4%B0%E0%A4%A4%E0%A5%8D%E0%A4%A8%E0%A4%BE%E0%A4%95%E0%A4%B0%E0%A4%BE%E0%A4%A8%E0%A5%8D%E0%A4%A4%E0%A4%B0%E0%A5%8D%E0%A4%97%E0%A4%A4%E0%A4%AE%E0%A5%8D),,,,
sāhitya,śaṅkarāṣṭakam.txt,Śaṅkarāṣṭaka,https://sa.wikisource.org/wiki/%E0%A4%B6%E0%A4%99%E0%A5%8D%E0%A4%95%E0%A4%B0%E0%A4%BE%E0%A4%B7%E0%A5%8D%E0%A4%9F%E0%A4%95%E0%A4%AE%E0%A5%8D,,Brahmānandaḥ,,
sāhitya,śikṣāṣṭakam.txt,Śikṣāṣṭaka,https://sa.wikisource.org/wiki/%E0%A4%B6%E0%A4%BF%E0%A4%95%E0%A5%8D%E0%A4%B7%E0%A4%BE%E0%A4%B7%E0%A5%8D%E0%A4%9F%E0%A4%95%E0%A4%AE%E0%A5%8D,,,,
sāhitya,śivabhujaṅgam.txt,Śivabhujaṅga (Bṛhatstotraratnākarāntargata),https://sa.wikisource.org/wiki/%E0%A4%B6%E0%A4%BF%E0%A4%B5%E0%A4%AD%E0%A5%81%E0%A4%9C%E0%A4%99%E0%A5%8D%E0%A4%97%E0%A4%AE%E0%A5%8D_(%E0%A4%AC%E0%A5%83%E0%A4%B9%E0%A4%A4%E0%A5%8D%E0%A4%B8%E0%A5%8D%E0%A4%A4%E0%A5%8B%E0%A4%A4%E0%A5%8D%E0%A4%B0%E0%A4%B0%E0%A4%A4%E0%A5%8D%E0%A4%A8%E0%A4%BE%E0%A4%95%E0%A4%B0%E0%A4%BE%E0%A4%A8%E0%A5%8D%E0%A4%A4%E0%A4%B0%E0%A5%8D%E0%A4%97%E0%A4%A4%E0%A4%AE%E0%A5%8D),,,,
sāhitya,śivakeśādipādāntavarṇanastotram_bṛhatstotraratnamālāntargatam.txt,Śivakeśādipādāntavarṇanastotra (Bṛhatstotraratnamālāntargata),https://sa.wikisource.org/wiki/%E0%A4%B6%E0%A4%BF%E0%A4%B5%E0%A4%95%E0%A5%87%E0%A4%B6%E0%A4%BE%E0%A4%A6%E0%A4%BF%E0%A4%AA%E0%A4%BE%E0%A4%A6%E0%A4%BE%E0%A4%A8%E0%A5%8D%E0%A4%A4%E0%A4%B5%E0%A4%B0%E0%A5%8D%E0%A4%A3%E0%A4%A8%E0%A4%B8%E0%A5%8D%E0%A4%A4%E0%A5%8B%E0%A4%A4%E0%A5%8D%E0%A4%B0%E0%A4%AE%E0%A5%8D_(%E0%A4%AC%E0%A5%83%E0%A4%B9%E0%A4%A4%E0%A5%8D%E0%A4%B8%E0%A5%8D%E0%A4%A4%E0%A5%8B%E0%A4%A4%E0%A5%8D%E0%A4%B0%E0%A4%B0%E0%A4%A4%E0%A5%8D%E0%A4%A8%E0%A4%AE%E0%A4%BE%E0%A4%B2%E0%A4%BE%E0%A4%A8%E0%A5%8D%E0%A4%A4%E0%A4%B0%E0%A5%8D%E0%A4%97%E0%A4%A4%E0%A4%AE%E0%A5%8D),,Śaṅkarācāryaḥ,,
sāhitya,śivamaṅgalāṣṭakam.txt,Śivamaṅgalāṣṭaka,https://sa.wikisource.org/wiki/%E0%A4%B6%E0%A4%BF%E0%A4%B5%E0%A4%AE%E0%A4%99%E0%A5%8D%E0%A4%97%E0%A4%B2%E0%A4%BE%E0%A4%B7%E0%A5%8D%E0%A4%9F%E0%A4%95%E0%A4%AE%E0%A5%8D,,,,
sāhitya,śivamānasapūjā.txt,Śivamānasapūjā,https://sa.wikisource.org/wiki/%E0%A4%B6%E0%A4%BF%E0%A4%B5%E0%A4%AE%E0%A4%BE%E0%A4%A8%E0%A4%B8%E0%A4%AA%E0%A5%82%E0%A4%9C%E0%A4%BE,,,,
sāhitya,śivamānasikapūjāstotram.txt,Śivamānasikapūjāstotra,https://sa.wikisource.org/wiki/%E0%A4%B6%E0%A4%BF%E0%A4%B5%E0%A4%AE%E0%A4%BE%E0%A4%A8%E0%A4%B8%E0%A4%BF%E0%A4%95%E0%A4%AA%E0%A5%82%E0%A4%9C%E0%A4%BE%E0%A4%B8%E0%A5%8D%E0%A4%A4%E0%A5%8B%E0%A4%A4%E0%A5%8D%E0%A4%B0%E0%A4%AE%E0%A5%8D,,Śivānandāvadhūtaḥ,,
sāhitya,śivamātṛkāvarṇamālāstotram.txt,Śivamātṛkāvarṇamālāstotra,https://sa.wikisource.org/wiki/%E0%A4%B6%E0%A4%BF%E0%A4%B5%E0%A4%AE%E0%A4%BE%E0%A4%A4%E0%A5%83%E0%A4%95%E0%A4%BE%E0%A4%B5%E0%A4%B0%E0%A5%8D%E0%A4%A3%E0%A4%AE%E0%A4%BE%E0%A4%B2%E0%A4%BE%E0%A4%B8%E0%A5%8D%E0%A4%A4%E0%A5%8B%E0%A4%A4%E0%A5%8D%E0%A4%B0%E0%A4%AE%E0%A5%8D,,Viṣṇuḥ,,
sāhitya,śivanakṣatramālikāstotram.txt,Śivanakṣatramālikāstotra,https://sa.wikisource.org/wiki/%E0%A4%B6%E0%A4%BF%E0%A4%B5%E0%A4%A8%E0%A4%95%E0%A5%8D%E0%A4%B7%E0%A4%A4%E0%A5%8D%E0%A4%B0%E0%A4%AE%E0%A4%BE%E0%A4%B2%E0%A4%BF%E0%A4%95%E0%A4%BE%E0%A4%B8%E0%A5%8D%E0%A4%A4%E0%A5%8B%E0%A4%A4%E0%A5%8D%E0%A4%B0%E0%A4%AE%E0%A5%8D,,,,
sāhitya,śivanavaratnastavaḥ.txt,Śivanavaratnastava,https://sa.wikisource.org/wiki/%E0%A4%B6%E0%A4%BF%E0%A4%B5%E0%A4%A8%E0%A4%B5%E0%A4%B0%E0%A4%A4%E0%A5%8D%E0%A4%A8%E0%A4%B8%E0%A5%8D%E0%A4%A4%E0%A4%B5%E0%A4%83,,Bṛhaspatiḥ,,
sāhitya,śivanāmāvalyaṣṭakam_bṛhatstotraratnākarāntargatam.txt,Śivanāmāvalyaṣṭaka (Bṛhatstotraratnākarāntargata),https://sa.wikisource.org/wiki/%E0%A4%B6%E0%A4%BF%E0%A4%B5%E0%A4%A8%E0%A4%BE%E0%A4%AE%E0%A4%BE%E0%A4%B5%E0%A4%B2%E0%A5%8D%E0%A4%AF%E0%A4%B7%E0%A5%8D%E0%A4%9F%E0%A4%95%E0%A4%AE%E0%A5%8D_(%E0%A4%AC%E0%A5%83%E0%A4%B9%E0%A4%A4%E0%A5%8D%E0%A4%B8%E0%A5%8D%E0%A4%A4%E0%A5%8B%E0%A4%A4%E0%A5%8D%E0%A4%B0%E0%A4%B0%E0%A4%A4%E0%A5%8D%E0%A4%A8%E0%A4%BE%E0%A4%95%E0%A4%B0%E0%A4%BE%E0%A4%A8%E0%A5%8D%E0%A4%A4%E0%A4%B0%E0%A5%8D%E0%A4%97%E0%A4%A4%E0%A4%AE%E0%A5%8D),,Śaṅkarācāryaḥ,,
sāhitya,śivapañcākṣarastotram_bṛhatstotraratnākarāntargatam.txt,Śivapañcākṣarastotra (Bṛhatstotraratnākarāntargata),https://sa.wikisource.org/wiki/%E0%A4%B6%E0%A4%BF%E0%A4%B5%E0%A4%AA%E0%A4%9E%E0%A5%8D%E0%A4%9A%E0%A4%BE%E0%A4%95%E0%A5%8D%E0%A4%B7%E0%A4%B0%E0%A4%B8%E0%A5%8D%E0%A4%A4%E0%A5%8B%E0%A4%A4%E0%A5%8D%E0%A4%B0%E0%A4%AE%E0%A5%8D_(%E0%A4%AC%E0%A5%83%E0%A4%B9%E0%A4%A4%E0%A5%8D%E0%A4%B8%E0%A5%8D%E0%A4%A4%E0%A5%8B%E0%A4%A4%E0%A5%8D%E0%A4%B0%E0%A4%B0%E0%A4%A4%E0%A5%8D%E0%A4%A8%E0%A4%BE%E0%A4%95%E0%A4%B0%E0%A4%BE%E0%A4%A8%E0%A5%8D%E0%A4%A4%E0%A4%B0%E0%A5%8D%E0%A4%97%E0%A4%A4%E0%A4%AE%E0%A5%8D)),,Śaṅkarācāryaḥ,,
sāhitya,śivapañcākṣarīstotram_bṛhatstotraratnākarāntargatam.txt,Śivapañcākṣarīstotra (Bṛhatstotraratnākarāntargata),https://sa.wikisource.org/wiki/%E0%A4%B6%E0%A4%BF%E0%A4%B5%E0%A4%AA%E0%A4%9E%E0%A5%8D%E0%A4%9A%E0%A4%BE%E0%A4%95%E0%A5%8D%E0%A4%B7%E0%A4%B0%E0%A5%80%E0%A4%B8%E0%A5%8D%E0%A4%A4%E0%A5%8B%E0%A4%A4%E0%A5%8D%E0%A4%B0%E0%A4%AE%E0%A5%8D_(%E0%A4%AC%E0%A5%83%E0%A4%B9%E0%A4%A4%E0%A5%8D%E0%A4%B8%E0%A5%8D%E0%A4%A4%E0%A5%8B%E0%A4%A4%E0%A5%8D%E0%A4%B0%E0%A4%B0%E0%A4%A4%E0%A5%8D%E0%A4%A8%E0%A4%BE%E0%A4%95%E0%A4%B0%E0%A4%BE%E0%A4%A8%E0%A5%8D%E0%A4%A4%E0%A4%B0%E0%A5%8D%E0%A4%97%E0%A4%A4%E0%A4%AE%E0%A5%8D),,,,
sāhitya,śivapratipādanastotram.txt,Śivapratipādanastotra,https://sa.wikisource.org/wiki/%E0%A4%B6%E0%A4%BF%E0%A4%B5%E0%A4%AA%E0%A5%8D%E0%A4%B0%E0%A4%A4%E0%A4%BF%E0%A4%AA%E0%A4%BE%E0%A4%A6%E0%A4%A8%E0%A4%B8%E0%A5%8D%E0%A4%A4%E0%A5%8B%E0%A4%A4%E0%A5%8D%E0%A4%B0%E0%A4%AE%E0%A5%8D,,,,
sāhitya,śivapādādikeśāntastutiḥ.txt,Śivapādādikeśāntastuti,https://sa.wikisource.org/wiki/%E0%A4%B6%E0%A4%BF%E0%A4%B5%E0%A4%AA%E0%A4%BE%E0%A4%A6%E0%A4%BE%E0%A4%A6%E0%A4%BF%E0%A4%95%E0%A5%87%E0%A4%B6%E0%A4%BE%E0%A4%A8%E0%A5%8D%E0%A4%A4%E0%A4%B8%E0%A5%8D%E0%A4%A4%E0%A5%81%E0%A4%A4%E0%A4%BF%E0%A4%83,,Śaṅkarācāryaḥ,,
sāhitya,śivarakṣāstotram.txt,Śivarakṣāstotra,https://sa.wikisource.org/wiki/%E0%A4%B6%E0%A4%BF%E0%A4%B5%E0%A4%B0%E0%A4%95%E0%A5%8D%E0%A4%B7%E0%A4%BE%E0%A4%B8%E0%A5%8D%E0%A4%A4%E0%A5%8B%E0%A4%A4%E0%A5%8D%E0%A4%B0%E0%A4%AE%E0%A5%8D,,Yājñavalyaḥ,,
sāhitya,śivasahasranāmastotram.txt,Śivasahasranāmastotra,https://sa.wikisource.org/wiki/%E0%A4%B6%E0%A4%BF%E0%A4%B5%E0%A4%B8%E0%A4%B9%E0%A4%B8%E0%A5%8D%E0%A4%B0%E0%A4%A8%E0%A4%BE%E0%A4%AE%E0%A4%B8%E0%A5%8D%E0%A4%A4%E0%A5%8B%E0%A4%A4%E0%A5%8D%E0%A4%B0%E0%A4%AE%E0%A5%8D,,,,
sāhitya,śivastotram.txt,Śivastotra,https://sa.wikisource.org/wiki/%E0%A4%B6%E0%A4%BF%E0%A4%B5%E0%A4%B8%E0%A5%8D%E0%A4%A4%E0%A5%8B%E0%A4%A4%E0%A5%8D%E0%A4%B0%E0%A4%AE%E0%A5%8D,,Upamanyuḥ,,
sāhitya,śivatāṇḍavastotram_bṛhatstotraratnāgarāntargatam.txt,Śivatāṇḍavastotram (Bṛhatstotraratnāgarāntargata),https://sa.wikisource.org/wiki/%E0%A4%B6%E0%A4%BF%E0%A4%B5%E0%A4%A4%E0%A4%BE%E0%A4%A3%E0%A5%8D%E0%A4%A1%E0%A4%B5%E0%A4%B8%E0%A5%8D%E0%A4%A4%E0%A5%8B%E0%A4%A4%E0%A5%8D%E0%A4%B0%E0%A4%AE%E0%A5%8D_(%E0%A4%AC%E0%A5%83%E0%A4%B9%E0%A4%A4%E0%A5%8D%E0%A4%B8%E0%A5%8D%E0%A4%A4%E0%A5%8B%E0%A4%A4%E0%A5%8D%E0%A4%B0%E0%A4%B0%E0%A4%A4%E0%A5%8D%E0%A4%A8%E0%A4%BE%E0%A4%97%E0%A4%B0%E0%A4%BE%E0%A4%A8%E0%A5%8D%E0%A4%A4%E0%A4%B0%E0%A5%8D%E0%A4%97%E0%A4%A4%E0%A4%AE%E0%A5%8D),,Rāvaṇaḥ,,
sāhitya,śivatāṇḍavastotram.txt,Śivatāṇḍavastotram (Bṛhatstotraratnāgarāntargata),https://sa.wikisource.org/wiki/%E0%A4%B6%E0%A4%BF%E0%A4%B5%E0%A4%A4%E0%A4%BE%E0%A4%A3%E0%A5%8D%E0%A4%A1%E0%A4%B5%E0%A4%B8%E0%A5%8D%E0%A4%A4%E0%A5%8B%E0%A4%A4%E0%A5%8D%E0%A4%B0%E0%A4%AE%E0%A5%8D_(%E0%A4%AC%E0%A5%83%E0%A4%B9%E0%A4%A4%E0%A5%8D%E0%A4%B8%E0%A5%8D%E0%A4%A4%E0%A5%8B%E0%A4%A4%E0%A5%8D%E0%A4%B0%E0%A4%B0%E0%A4%A4%E0%A5%8D%E0%A4%A8%E0%A4%BE%E0%A4%97%E0%A4%B0%E0%A4%BE%E0%A4%A8%E0%A5%8D%E0%A4%A4%E0%A4%B0%E0%A5%8D%E0%A4%97%E0%A4%A4%E0%A4%AE%E0%A5%8D),,Rāvaṇaḥ,,
sāhitya,śivaśaṅkarāṣṭakam.txt,Śivaśaṅkarāṣṭaka,https://sa.wikisource.org/wiki/%E0%A4%B6%E0%A4%BF%E0%A4%B5%E0%A4%B6%E0%A4%99%E0%A5%8D%E0%A4%95%E0%A4%B0%E0%A4%BE%E0%A4%B7%E0%A5%8D%E0%A4%9F%E0%A4%95%E0%A4%AE%E0%A5%8D,,,,
sāhitya,śivaṣaḍākṣarastotram.txt,Śivaṣaḍākṣarastotra,https://sa.wikisource.org/wiki/%E0%A4%B6%E0%A4%BF%E0%A4%B5%E0%A4%B7%E0%A4%A1%E0%A4%BE%E0%A4%95%E0%A5%8D%E0%A4%B7%E0%A4%B0%E0%A4%B8%E0%A5%8D%E0%A4%A4%E0%A5%8B%E0%A4%A4%E0%A5%8D%E0%A4%B0%E0%A4%AE%E0%A5%8D,,,,
sāhitya,śivānandalaharī_bṛhatstotraratnākarāntargatā.txt,Śivānandalaharī (Bṛhatstotraratnākarāntargatā),https://sa.wikisource.org/wiki/%E0%A4%B6%E0%A4%BF%E0%A4%B5%E0%A4%BE%E0%A4%A8%E0%A4%A8%E0%A5%8D%E0%A4%A6%E0%A4%B2%E0%A4%B9%E0%A4%B0%E0%A5%80_(%E0%A4%AC%E0%A5%83%E0%A4%B9%E0%A4%A4%E0%A5%8D%E0%A4%B8%E0%A5%8D%E0%A4%A4%E0%A5%8B%E0%A4%A4%E0%A5%8D%E0%A4%B0%E0%A4%B0%E0%A4%A4%E0%A5%8D%E0%A4%A8%E0%A4%BE%E0%A4%95%E0%A4%B0%E0%A4%BE%E0%A4%A8%E0%A5%8D%E0%A4%A4%E0%A4%B0%E0%A5%8D%E0%A4%97%E0%A4%A4%E0%A4%BE),,Śaṅkarācārya,,
sāhitya,śivāpadānadaṇḍakastotram.txt,Śivāpadānadaṇḍakastotra,https://sa.wikisource.org/wiki/%E0%A4%B6%E0%A4%BF%E0%A4%B5%E0%A4%BE%E0%A4%AA%E0%A4%A6%E0%A4%BE%E0%A4%A8%E0%A4%A6%E0%A4%A3%E0%A5%8D%E0%A4%A1%E0%A4%95%E0%A4%B8%E0%A5%8D%E0%A4%A4%E0%A5%8B%E0%A4%A4%E0%A5%8D%E0%A4%B0%E0%A4%AE%E0%A5%8D,,Nīlakaṇṭhamakhīndra,,
sāhitya,śivāparādhakṣamāpaṇastotram_bṛhatstotraratnākarāntargatam.txt,Śivāparādhakṣamāpaṇastotram (Bṛhatstotraratnākarāntargata),https://sa.wikisource.org/wiki/%E0%A4%B6%E0%A4%BF%E0%A4%B5%E0%A4%BE%E0%A4%AA%E0%A4%B0%E0%A4%BE%E0%A4%A7%E0%A4%95%E0%A5%8D%E0%A4%B7%E0%A4%AE%E0%A4%BE%E0%A4%AA%E0%A4%A3%E0%A4%B8%E0%A5%8D%E0%A4%A4%E0%A5%8B%E0%A4%A4%E0%A5%8D%E0%A4%B0%E0%A4%AE%E0%A5%8D_(%E0%A4%AC%E0%A5%83%E0%A4%B9%E0%A4%A4%E0%A5%8D%E0%A4%B8%E0%A5%8D%E0%A4%A4%E0%A5%8B%E0%A4%A4%E0%A5%8D%E0%A4%B0%E0%A4%B0%E0%A4%A4%E0%A5%8D%E0%A4%A8%E0%A4%BE%E0%A4%95%E0%A4%B0%E0%A4%BE%E0%A4%A8%E0%A5%8D%E0%A4%A4%E0%A4%B0%E0%A5%8D%E0%A4%97%E0%A4%A4%E0%A4%AE%E0%A5%8D)),,Śaṅkarācāryaḥ,,
sāhitya,śivāratī.txt,Śivāratī,https://sa.wikisource.org/wiki/%E0%A4%B6%E0%A4%BF%E0%A4%B5_%E0%A4%86%E0%A4%B0%E0%A4%A4%E0%A5%80,,,,
sāhitya,śivāṣṭottaraśatanāmastotram.txt,Śivāṣṭottaraśatanāmastotra,https://sa.wikisource.org/wiki/%E0%A4%B6%E0%A4%BF%E0%A4%B5%E0%A4%BE%E0%A4%B7%E0%A5%8D%E0%A4%9F%E0%A5%8B%E0%A4%A4%E0%A5%8D%E0%A4%A4%E0%A4%B0%E0%A4%B6%E0%A4%A4%E0%A4%A8%E0%A4%BE%E0%A4%AE%E0%A4%B8%E0%A5%8D%E0%A4%A4%E0%A5%8B%E0%A4%A4%E0%A5%8D%E0%A4%B0%E0%A4%AE%E0%A5%8D,,,,
sāhitya,śrutigītā.txt,Śrutigītā,https://sa.wikisource.org/wiki/%E0%A4%B6%E0%A5%8D%E0%A4%B0%E0%A5%81%E0%A4%A4%E0%A4%BF%E0%A4%97%E0%A5%80%E0%A4%A4%E0%A4%BE,,,,
sāhitya,śryagastyakṛtaśrīśivāṣṭakam.txt,Śryagastyakṛtaśrīśivāṣṭaka,https://sa.wikisource.org/wiki/%E0%A4%B6%E0%A5%8D%E0%A4%B0%E0%A5%80%E0%A4%85%E0%A4%97%E0%A4%B8%E0%A5%8D%E0%A4%A4%E0%A5%8D%E0%A4%AF%E0%A4%95%E0%A5%83%E0%A4%A4_%E0%A4%B6%E0%A5%8D%E0%A4%B0%E0%A5%80%E0%A4%B6%E0%A4%BF%E0%A4%B5%E0%A4%BE%E0%A4%B7%E0%A5%8D%E0%A4%9F%E0%A4%95%E0%A4%AE%E0%A5%8D,,,,
sāhitya,śryaṅgārakāṣṭottaraśatanāmastotram.txt,Śryaṅgārakāṣṭottaraśatanāmastotra,https://sa.wikisource.org/wiki/%E0%A4%B6%E0%A5%8D%E0%A4%B0%E0%A5%80%E0%A4%85%E0%A4%99%E0%A5%8D%E0%A4%97%E0%A4%BE%E0%A4%B0%E0%A4%95%E0%A4%BE%E0%A4%B7%E0%A5%8D%E0%A4%9F%E0%A5%8B%E0%A4%A4%E0%A5%8D%E0%A4%A4%E0%A4%B0%E0%A4%B6%E0%A4%A4%E0%A4%A8%E0%A4%BE%E0%A4%AE%E0%A4%B8%E0%A5%8D%E0%A4%A4%E0%A5%8B%E0%A4%A4%E0%A5%8D%E0%A4%B0%E0%A4%AE%E0%A5%8D,,Śaṃkara,,
sāhitya,śryaṣṭalakṣmyaṣṭottaraśatanāmāvaliḥ.txt,Śryaṣṭalakṣmyaṣṭottaraśatanāmāvali,https://sa.wikisource.org/wiki/%E0%A4%85%E0%A4%B7%E0%A5%8D%E0%A4%9F%E0%A4%B2%E0%A4%95%E0%A5%8D%E0%A4%B7%E0%A5%8D%E0%A4%AE%E0%A5%8D%E0%A4%AF%E0%A4%B7%E0%A5%8D%E0%A4%9F%E0%A5%8B%E0%A4%A4%E0%A5%8D%E0%A4%A4%E0%A4%B0%E0%A4%B6%E0%A4%A4%E0%A4%A8%E0%A4%BE%E0%A4%AE%E0%A4%BE%E0%A4%B5%E0%A4%B2%E0%A4%BF%E0%A4%83,,,,
sāhitya,śryādimātāśubhanāśinīstavanam.txt,Śryādimātāśubhanāśinīstavana,https://sa.wikisource.org/wiki/%E0%A4%B6%E0%A5%8D%E0%A4%B0%E0%A5%80_%E0%A4%86%E0%A4%A6%E0%A4%BF%E0%A4%AE%E0%A4%BE%E0%A4%A4%E0%A4%BE_%E0%A4%85%E0%A4%B6%E0%A5%81%E0%A4%AD%E0%A4%A8%E0%A4%BE%E0%A4%B6%E0%A4%BF%E0%A4%A8%E0%A5%80_%E0%A4%B8%E0%A5%8D%E0%A4%A4%E0%A4%B5%E0%A4%A8%E0%A4%AE%E0%A5%8D,,,,
sāhitya,śryādimātāśubhaṃkarāstavanam.txt,Śryādimātāśubhaṃkarāstavana,https://sa.wikisource.org/wiki/%E0%A4%B6%E0%A5%8D%E0%A4%B0%E0%A5%80_%E0%A4%86%E0%A4%A6%E0%A4%BF%E0%A4%AE%E0%A4%BE%E0%A4%A4%E0%A4%BE_%E0%A4%B6%E0%A5%81%E0%A4%AD%E0%A4%82%E0%A4%95%E0%A4%B0%E0%A4%BE_%E0%A4%B8%E0%A5%8D%E0%A4%A4%E0%A4%B5%E0%A4%A8%E0%A4%AE%E0%A5%8D,,,,
sāhitya,śryāñjaneyasahasranāmastotram.txt,Śryāñjaneyasahasranāmastotra,https://sa.wikisource.org/wiki/%E0%A4%B6%E0%A5%8D%E0%A4%B0%E0%A5%80_%E0%A4%86%E0%A4%9E%E0%A5%8D%E0%A4%9C%E0%A4%A8%E0%A5%87%E0%A4%AF_%E0%A4%B8%E0%A4%B9%E0%A4%B8%E0%A5%8D%E0%A4%B0%E0%A4%A8%E0%A4%BE%E0%A4%AE%E0%A4%B8%E0%A5%8D%E0%A4%A4%E0%A5%8B%E0%A4%A4%E0%A5%8D%E0%A4%B0%E0%A4%AE%E0%A5%8D,,,,
sāhitya,śrībhakticandrikā.txt,Śrībhakticandrikā,https://sa.wikisource.org/wiki/%E0%A4%B6%E0%A5%8D%E0%A4%B0%E0%A5%80%E0%A4%AD%E0%A4%95%E0%A5%8D%E0%A4%A4%E0%A4%BF%E0%A4%9A%E0%A4%A8%E0%A5%8D%E0%A4%A6%E0%A5%8D%E0%A4%B0%E0%A4%BF%E0%A4%95%E0%A4%BE,,,,
sāhitya,śrībhavānyaṣṭakam.txt,Śrībhavānyaṣṭaka,https://sa.wikisource.org/wiki/%E0%A4%B6%E0%A5%8D%E0%A4%B0%E0%A5%80%E0%A4%AD%E0%A4%B5%E0%A4%BE%E0%A4%A8%E0%A5%8D%E0%A4%AF%E0%A4%B7%E0%A5%8D%E0%A4%9F%E0%A4%95%E0%A4%AE%E0%A5%8D,,,,
sāhitya,śrībilvaṣṭakam.txt,Śrībilvaṣṭaka,https://sa.wikisource.org/wiki/%E0%A4%B6%E0%A5%8D%E0%A4%B0%E0%A5%80%E0%A4%AC%E0%A4%BF%E0%A4%B2%E0%A5%8D%E0%A4%B5%E0%A4%BE%E0%A4%B7%E0%A5%8D%E0%A4%9F%E0%A4%95%E0%A4%AE%E0%A5%8D,,,,
sāhitya,śrībilvāṣṭakam.txt,Śrībilvāṣṭaka,https://sa.wikisource.org/wiki/%E0%A4%B6%E0%A5%8D%E0%A4%B0%E0%A5%80%E0%A4%AC%E0%A4%BF%E0%A4%B2%E0%A5%8D%E0%A4%B5%E0%A4%BE%E0%A4%B7%E0%A5%8D%E0%A4%9F%E0%A4%95%E0%A4%AE%E0%A5%8D,,,,
sāhitya,śrīcandraśekharāṣṭakam.txt,Śrīcandraśekharāṣṭaka,https://sa.wikisource.org/wiki/%E0%A4%9A%E0%A4%A8%E0%A5%8D%E0%A4%A6%E0%A5%8D%E0%A4%B0%E0%A4%B6%E0%A5%87%E0%A4%96%E0%A4%B0%E0%A4%BE%E0%A4%B7%E0%A5%8D%E0%A4%9F%E0%A4%95%E0%A4%AE%E0%A5%8D,,,,
sāhitya,śrīdattabhāvasudhārasastotram.txt,Śrīdattabhāvasudhārasastotra,https://sa.wikisource.org/wiki/%E0%A4%B6%E0%A5%8D%E0%A4%B0%E0%A5%80%E0%A4%A6%E0%A4%A4%E0%A5%8D%E0%A4%A4%E0%A4%AD%E0%A4%BE%E0%A4%B5%E0%A4%B8%E0%A5%81%E0%A4%A7%E0%A4%BE%E0%A4%B0%E0%A4%B8%E0%A4%B8%E0%A5%8D%E0%A4%A4%E0%A5%8B%E0%A4%A4%E0%A5%8D%E0%A4%B0%E0%A4%AE%E0%A5%8D,,Vāsudevānandasarasvatī,,
sāhitya,śrīdattātreyaprārthanāstotra.txt,Śrīdattātreyaprārthanāstotra,https://sa.wikisource.org/wiki/%E0%A4%B6%E0%A5%8D%E0%A4%B0%E0%A5%80%E0%A4%A6%E0%A4%A4%E0%A5%8D%E0%A4%A4%E0%A4%BE%E0%A4%A4%E0%A5%8D%E0%A4%B0%E0%A5%87%E0%A4%AF%E0%A4%AA%E0%A5%8D%E0%A4%B0%E0%A4%BE%E0%A4%B0%E0%A5%8D%E0%A4%A5%E0%A4%A8%E0%A4%BE%E0%A4%B8%E0%A5%8D%E0%A4%A4%E0%A5%8B%E0%A4%A4%E0%A5%8D%E0%A4%B0%E0%A4%AE%E0%A5%8D,,Vāsudevānandasarasvatī,,
sāhitya,śrīdattātreyastotram.txt,Śrīdattātreyastotra,https://sa.wikisource.org/wiki/%E0%A4%B6%E0%A5%8D%E0%A4%B0%E0%A5%80%E0%A4%A6%E0%A4%A4%E0%A5%8D%E0%A4%A4%E0%A4%BE%E0%A4%A4%E0%A5%8D%E0%A4%B0%E0%A5%87%E0%A4%AF%E0%A4%B8%E0%A5%8D%E0%A4%A4%E0%A5%8B%E0%A4%A4%E0%A5%8D%E0%A4%B0%E0%A4%AE%E0%A5%8D,,Bhṛgu,,
sāhitya,śrīdattātreyastutiḥ.txt,Śrīdattātreyastuti,https://sa.wikisource.org/wiki/%E0%A4%B6%E0%A5%8D%E0%A4%B0%E0%A5%80%E0%A4%A6%E0%A4%A4%E0%A5%8D%E0%A4%A4%E0%A4%BE%E0%A4%A4%E0%A5%8D%E0%A4%B0%E0%A5%87%E0%A4%AF%E0%A4%B8%E0%A5%8D%E0%A4%A4%E0%A5%81%E0%A4%A4%E0%A4%BF%E0%A4%83,,,,
sāhitya,śrīdevyatharvaśīrṣam.txt,Śrīdevyatharvaśīrṣa,https://sa.wikisource.org/wiki/%E0%A4%B6%E0%A5%8D%E0%A4%B0%E0%A5%80%E0%A4%A6%E0%A5%87%E0%A4%B5%E0%A5%8D%E0%A4%AF%E0%A4%A5%E0%A4%B0%E0%A5%8D%E0%A4%B5%E0%A4%B6%E0%A5%80%E0%A4%B0%E0%A5%8D%E0%A4%B7%E0%A4%AE%E0%A5%8D,,,,
sāhitya,śrīdineśastavaḥ.txt,Śrīdineśastava,https://sa.wikisource.org/wiki/%E0%A4%B6%E0%A5%8D%E0%A4%B0%E0%A5%80%E0%A4%A6%E0%A4%BF%E0%A4%A8%E0%A5%87%E0%A4%B6%E0%A4%B8%E0%A5%8D%E0%A4%A4%E0%A4%B5%E0%A4%83,,,,
sāhitya,śrīdurgāsaptaśatīsāra.txt,Śrīdurgāsaptaśatīsāra,https://sa.wikisource.org/wiki/%E0%A4%B6%E0%A5%8D%E0%A4%B0%E0%A5%80_%E0%A4%A6%E0%A5%81%E0%A4%B0%E0%A5%8D%E0%A4%97%E0%A4%BE%E0%A4%B8%E0%A4%AA%E0%A5%8D%E0%A4%A4%E0%A4%B6%E0%A4%A4%E0%A5%80_%E0%A4%B8%E0%A4%BE%E0%A4%B0,,,,
sāhitya,śrīgaṇapatisahasranāmāvali.txt,Śrīgaṇapatisahasranāmāvali,https://sa.wikisource.org/wiki/%E0%A4%B6%E0%A5%8D%E0%A4%B0%E0%A5%80%E0%A4%97%E0%A4%A3%E0%A4%AA%E0%A4%A4%E0%A4%BF%E0%A4%B8%E0%A4%B9%E0%A4%B8%E0%A5%8D%E0%A4%B0%E0%A4%A8%E0%A4%BE%E0%A4%AE%E0%A4%BE%E0%A4%B5%E0%A4%B2%E0%A4%BF%E0%A4%83,,,,
sāhitya,śrīgaṇapatistotram.txt,Śrīgaṇapatistotra,https://sa.wikisource.org/wiki/%E0%A4%B6%E0%A5%8D%E0%A4%B0%E0%A5%80%E0%A4%97%E0%A4%A3%E0%A4%AA%E0%A4%A4%E0%A4%BF%E0%A4%B8%E0%A5%8D%E0%A4%A4%E0%A5%8B%E0%A4%A4%E0%A5%8D%E0%A4%B0%E0%A4%AE%E0%A5%8D,,Śrīvāsudevānandasarasvatī,,
sāhitya,śrīgaṇeśabhajanāvaliḥ.txt,Śrīgaṇeśabhajanāvali,https://sa.wikisource.org/wiki/%E0%A4%B6%E0%A5%8D%E0%A4%B0%E0%A5%80%E0%A4%97%E0%A4%A3%E0%A5%87%E0%A4%B6%E0%A4%AD%E0%A4%9C%E0%A4%A8%E0%A4%BE%E0%A4%B5%E0%A4%B2%E0%A4%BF%E0%A4%83,,,,
sāhitya,śrīgaṇeśakavacam.txt,Śrīgaṇeśakavaca,https://sa.wikisource.org/wiki/%E0%A4%B6%E0%A5%8D%E0%A4%B0%E0%A5%80%E0%A4%97%E0%A4%A3%E0%A5%87%E0%A4%B6%E0%A4%95%E0%A4%B5%E0%A4%9A%E0%A4%AE%E0%A5%8D,,,,
sāhitya,śrīgaṇeśastuti.txt,Śrīgaṇeśastuti,https://sa.wikisource.org/wiki/%E0%A4%B6%E0%A5%8D%E0%A4%B0%E0%A5%80_%E0%A4%97%E0%A4%A3%E0%A5%87%E0%A4%B6_%E0%A4%B8%E0%A5%8D%E0%A4%A4%E0%A5%81%E0%A4%A4%E0%A4%BF,,,,
sāhitya,śrīgaṇeśāṣṭotaranāmāvali.txt,Śrīgaṇeśāṣṭotaranāmāvali,https://sa.wikisource.org/wiki/%E0%A4%B6%E0%A5%8D%E0%A4%B0%E0%A5%80%E0%A4%97%E0%A4%A3%E0%A5%87%E0%A4%B6-%E0%A4%85%E0%A4%B7%E0%A5%8D%E0%A4%9F%E0%A5%8B%E0%A4%A4%E0%A4%B0%E0%A4%A8%E0%A4%BE%E0%A4%AE%E0%A4%BE%E0%A4%B5%E0%A4%B2%E0%A5%80,,,,
sāhitya,śrīgaṇeśāṣṭotaranāmāvalī.txt,Śrīgaṇeśāṣṭotaranāmāvalī,https://sa.wikisource.org/wiki/%E0%A4%B6%E0%A5%8D%E0%A4%B0%E0%A5%80%E0%A4%97%E0%A4%A3%E0%A5%87%E0%A4%B6-%E0%A4%85%E0%A4%B7%E0%A5%8D%E0%A4%9F%E0%A5%8B%E0%A4%A4%E0%A4%B0%E0%A4%A8%E0%A4%BE%E0%A4%AE%E0%A4%BE%E0%A4%B5%E0%A4%B2%E0%A5%80,,,,
sāhitya,śrīgurupādukāstrotram.txt,Śrīgurupādukāstrotra,https://sa.wikisource.org/wiki/%E0%A4%B6%E0%A5%8D%E0%A4%B0%E0%A5%80%E0%A4%97%E0%A5%81%E0%A4%B0%E0%A5%81%E0%A4%AA%E0%A4%BE%E0%A4%A6%E0%A5%81%E0%A4%95%E0%A4%BE%E0%A4%B8%E0%A5%8D%E0%A4%A4%E0%A5%8D%E0%A4%B0%E0%A5%8B%E0%A4%A4%E0%A5%8D%E0%A4%B0%E0%A4%AE%E0%A5%8D,,,,
sāhitya,śrīgurvaṣṭakam.txt,Śrīgurvaṣṭaka,https://sa.wikisource.org/wiki/%E0%A4%B6%E0%A5%8D%E0%A4%B0%E0%A5%80%E0%A4%97%E0%A5%81%E0%A4%B0%E0%A5%8D%E0%A4%B5%E0%A4%B7%E0%A5%8D%E0%A4%9F%E0%A4%95%E0%A4%AE%E0%A5%8D,,,,
sāhitya,śrīgāyatrīsahasranāmastotra.txt,Śrīgāyatrīsahasranāmastotra,https://sa.wikisource.org/wiki/%E0%A4%B6%E0%A5%8D%E0%A4%B0%E0%A5%80%E0%A4%97%E0%A4%BE%E0%A4%AF%E0%A4%A4%E0%A5%8D%E0%A4%B0%E0%A5%80%E0%A4%B8%E0%A4%B9%E0%A4%B8%E0%A5%8D%E0%A4%B0%E0%A4%A8%E0%A4%BE%E0%A4%AE%E0%A4%B8%E0%A5%8D%E0%A4%A4%E0%A5%8B%E0%A4%A4%E0%A5%8D%E0%A4%B0%E0%A4%AE%E0%A5%8D,,,,
sāhitya,śrīgāyatrīsahasranāmastotram.txt,Śrīgāyatrīsahasranāmastotra,https://sa.wikisource.org/wiki/%E0%A4%B6%E0%A5%8D%E0%A4%B0%E0%A5%80%E0%A4%97%E0%A4%BE%E0%A4%AF%E0%A4%A4%E0%A5%8D%E0%A4%B0%E0%A5%80%E0%A4%B8%E0%A4%B9%E0%A4%B8%E0%A5%8D%E0%A4%B0%E0%A4%A8%E0%A4%BE%E0%A4%AE%E0%A4%B8%E0%A5%8D%E0%A4%A4%E0%A5%8B%E0%A4%A4%E0%A5%8D%E0%A4%B0%E0%A4%AE%E0%A5%8D,,,,
sāhitya,śrīgāyatrīśāpavimocana.txt,Śrīgāyatrīśāpavimocana,https://sa.wikisource.org/wiki/%E0%A4%B6%E0%A5%8D%E0%A4%B0%E0%A5%80%E0%A4%97%E0%A4%BE%E0%A4%AF%E0%A4%A4%E0%A5%8D%E0%A4%B0%E0%A5%80%E0%A4%B6%E0%A4%BE%E0%A4%AA%E0%A4%B5%E0%A4%BF%E0%A4%AE%E0%A5%8B%E0%A4%9A%E0%A4%A8%E0%A4%AE%E0%A5%8D,,,,
sāhitya,śrīgāyatrīśāpavimocanam.txt,Śrīgāyatrīśāpavimocana,https://sa.wikisource.org/wiki/%E0%A4%B6%E0%A5%8D%E0%A4%B0%E0%A5%80%E0%A4%97%E0%A4%BE%E0%A4%AF%E0%A4%A4%E0%A5%8D%E0%A4%B0%E0%A5%80%E0%A4%B6%E0%A4%BE%E0%A4%AA%E0%A4%B5%E0%A4%BF%E0%A4%AE%E0%A5%8B%E0%A4%9A%E0%A4%A8%E0%A4%AE%E0%A5%8D,,,,
sāhitya,śrīharyaṣṭakam.txt,Śrīharyaṣṭaka,https://sa.wikisource.org/wiki/%E0%A4%B6%E0%A5%8D%E0%A4%B0%E0%A5%80%E0%A4%B9%E0%A4%B0%E0%A5%8D%E0%A4%AF%E0%A4%B7%E0%A5%8D%E0%A4%9F%E0%A4%95%E0%A4%AE%E0%A5%8D,,,,
sāhitya,śrījagadambikāstotram.txt,Śrījagadambikāstotra,https://sa.wikisource.org/wiki/%E0%A4%B6%E0%A5%8D%E0%A4%B0%E0%A5%80%E0%A4%9C%E0%A4%97%E0%A4%A6%E0%A4%AE%E0%A5%8D%E0%A4%AC%E0%A4%BF%E0%A4%95%E0%A4%BE%E0%A4%B8%E0%A5%8D%E0%A4%A4%E0%A5%8B%E0%A4%A4%E0%A5%8D%E0%A4%B0%E0%A4%AE%E0%A5%8D,,Śrīvāsudevānandasarasvatī,,
sāhitya,śrījñāneśvarastotram.txt,Śrījñāneśvarastotra,https://sa.wikisource.org/wiki/%E0%A4%B6%E0%A5%8D%E0%A4%B0%E0%A5%80%E0%A4%9C%E0%A5%8D%E0%A4%9E%E0%A4%BE%E0%A4%A8%E0%A5%87%E0%A4%B6%E0%A5%8D%E0%A4%B5%E0%A4%B0%E0%A4%B8%E0%A5%8D%E0%A4%A4%E0%A5%8B%E0%A4%A4%E0%A5%8D%E0%A4%B0%E0%A4%AE%E0%A5%8D,,Anaṃtarāva āṭhavale,,
sāhitya,śrīkamalajadayitāṣṭakam.txt,Śrīkamalajadayitāṣṭaka,https://sa.wikisource.org/wiki/%E0%A4%B6%E0%A5%8D%E0%A4%B0%E0%A5%80%E0%A4%95%E0%A4%AE%E0%A4%B2%E0%A4%9C%E0%A4%A6%E0%A4%AF%E0%A4%BF%E0%A4%A4%E0%A4%BE%E0%A4%B7%E0%A5%8D%E0%A4%9F%E0%A4%95%E0%A4%AE%E0%A5%8D,,Śrīśivābhinavanṛsiṃhabhāratīsvāmi,,
sāhitya,śrīkamalākavacam.txt,Śrīkamalākavaca,https://sa.wikisource.org/wiki/%E0%A4%B6%E0%A5%8D%E0%A4%B0%E0%A5%80%E0%A4%95%E0%A4%AE%E0%A4%B2%E0%A4%BE%E0%A4%95%E0%A4%B5%E0%A4%9A%E0%A4%AE%E0%A5%8D,,,,
sāhitya,śrīkāmākṣistotram.txt,Śrīkāmākṣistotra,https://sa.wikisource.org/wiki/%E0%A4%B6%E0%A5%8D%E0%A4%B0%E0%A5%80%E0%A4%95%E0%A4%BE%E0%A4%AE%E0%A4%BE%E0%A4%95%E0%A5%8D%E0%A4%B7%E0%A4%BF%E0%A4%B8%E0%A5%8D%E0%A4%A4%E0%A5%8B%E0%A4%A4%E0%A5%8D%E0%A4%B0%E0%A4%AE%E0%A5%8D,,,,
sāhitya,śrīkāmākṣīsuprabhātam.txt,Śrīkāmākṣīsuprabhāta,https://sa.wikisource.org/wiki/%E0%A4%B6%E0%A5%8D%E0%A4%B0%E0%A5%80%E0%A4%95%E0%A4%BE%E0%A4%AE%E0%A4%BE%E0%A4%95%E0%A5%8D%E0%A4%B7%E0%A5%80%E0%A4%B8%E0%A5%81%E0%A4%AA%E0%A5%8D%E0%A4%B0%E0%A4%AD%E0%A4%BE%E0%A4%A4%E0%A4%AE%E0%A5%8D,,,,
sāhitya,śrīkāśīviśvanāthasuprabhātam.txt,Śrīkāśīviśvanāthasuprabhāta,https://sa.wikisource.org/wiki/%E0%A4%B6%E0%A5%8D%E0%A4%B0%E0%A5%80%E0%A4%95%E0%A4%BE%E0%A4%B6%E0%A5%80%E0%A4%B5%E0%A4%BF%E0%A4%B6%E0%A5%8D%E0%A4%B5%E0%A4%A8%E0%A4%BE%E0%A4%A5%E0%A4%B8%E0%A5%81%E0%A4%AA%E0%A5%8D%E0%A4%B0%E0%A4%AD%E0%A4%BE%E0%A4%A4%E0%A4%AE%E0%A5%8D,,,,
sāhitya,śrīkṛṣṇacaitanyasahasranāmastotram.txt,Śrīkṛṣṇacaitanyasahasranāmastotra,https://sa.wikisource.org/wiki/%E0%A4%B6%E0%A5%8D%E0%A4%B0%E0%A5%80%E0%A4%95%E0%A5%83%E0%A4%B7%E0%A5%8D%E0%A4%A3%E0%A4%9A%E0%A5%88%E0%A4%A4%E0%A4%A8%E0%A5%8D%E0%A4%AF%E0%A4%B8%E0%A4%B9%E0%A4%B8%E0%A5%8D%E0%A4%B0%E0%A4%A8%E0%A4%BE%E0%A4%AE%E0%A4%B8%E0%A5%8D%E0%A4%A4%E0%A5%8B%E0%A4%A4%E0%A5%8D%E0%A4%B0%E0%A4%AE%E0%A5%8D,,,,
sāhitya,śrīkṛṣṇakarṇāmṛtam.txt,Śrīkṛṣṇakarṇāmṛta,https://sa.wikisource.org/wiki/%E0%A4%B6%E0%A5%8D%E0%A4%B0%E0%A5%80%E0%A4%95%E0%A5%83%E0%A4%B7%E0%A5%8D%E0%A4%A3%E0%A4%95%E0%A4%B0%E0%A5%8D%E0%A4%A3%E0%A4%BE%E0%A4%AE%E0%A5%83%E0%A4%A4%E0%A4%AE%E0%A5%8D,,,,
sāhitya,śrīkṛṣṇalīlāmṛtam.txt,Śrīkṛṣṇalīlāmṛta,https://sa.wikisource.org/wiki/%E0%A4%B6%E0%A5%8D%E0%A4%B0%E0%A5%80%E0%A4%95%E0%A5%83%E0%A4%B7%E0%A5%8D%E0%A4%A3%E0%A4%B2%E0%A5%80%E0%A4%B2%E0%A4%BE%E0%A4%AE%E0%A5%83%E0%A4%A4%E0%A4%AE%E0%A5%8D,,,,
sāhitya,śrīkṛṣṇavilāsam.txt,Śrīkṛṣṇavilāsa,https://sa.wikisource.org/wiki/%E0%A4%B6%E0%A5%8D%E0%A4%B0%E0%A5%80%E0%A4%95%E0%A5%83%E0%A4%B7%E0%A5%8D%E0%A4%A3%E0%A4%B5%E0%A4%BF%E0%A4%B2%E0%A4%BE%E0%A4%B8%E0%A4%AE%E0%A5%8D,,Sukumārakaviḥ,,
sāhitya,śrīkṛṣṇāṣṭaka.txt,Śrīkṛṣṇāṣṭaka,https://sa.wikisource.org/wiki/%E0%A4%B6%E0%A5%8D%E0%A4%B0%E0%A5%80%E0%A4%AE%E0%A4%9A%E0%A5%8D%E0%A4%9B%E0%A4%99%E0%A5%8D%E0%A4%95%E0%A4%B0%E0%A4%BE%E0%A4%9A%E0%A4%BE%E0%A4%B0%E0%A5%8D%E0%A4%AF%E0%A4%95%E0%A5%83%E0%A4%A4%E0%A4%82_%E0%A4%B6%E0%A5%8D%E0%A4%B0%E0%A5%80%E0%A4%95%E0%A5%83%E0%A4%B7%E0%A5%8D%E0%A4%A3%E0%A4%BE%E0%A4%B7%E0%A5%8D%E0%A4%9F%E0%A4%95%E0%A4%AE%E0%A5%8D,,Śaṅkara,,
sāhitya,śrīkṛṣṇāṣṭakaṃ.txt,Śrīkṛṣṇāṣṭaka,https://sa.wikisource.org/wiki/%E0%A4%B6%E0%A5%8D%E0%A4%B0%E0%A5%80%E0%A4%95%E0%A5%83%E0%A4%B7%E0%A5%8D%E0%A4%A3%E0%A4%BE%E0%A4%B7%E0%A5%8D%E0%A4%9F%E0%A4%95%E0%A4%82,,,,
sāhitya,śrīlakṣmaṇakavacam.txt,Śrīlakṣmaṇakavaca,https://sa.wikisource.org/wiki/%E0%A4%B6%E0%A5%8D%E0%A4%B0%E0%A5%80%E0%A4%B2%E0%A4%95%E0%A5%8D%E0%A4%B7%E0%A5%8D%E0%A4%AE%E0%A4%A3%E0%A4%95%E0%A4%B5%E0%A4%9A%E0%A4%AE%E0%A5%8D,,,,
sāhitya,śrīlalitāsahasranāmastotram.txt,Śrīlalitāsahasranāmastotra,https://sa.wikisource.org/wiki/%E0%A4%B6%E0%A5%8D%E0%A4%B0%E0%A5%80%E0%A4%B2%E0%A4%B2%E0%A4%BF%E0%A4%A4%E0%A4%BE%E0%A4%B8%E0%A4%B9%E0%A4%B8%E0%A5%8D%E0%A4%B0%E0%A4%A8%E0%A4%BE%E0%A4%AE%E0%A4%B8%E0%A5%8D%E0%A4%A4%E0%A5%8B%E0%A4%A4%E0%A5%8D%E0%A4%B0%E0%A4%AE%E0%A5%8D,,,,
sāhitya,śrīliṅgāṣṭakam.txt,Śrīliṅgāṣṭaka,https://sa.wikisource.org/wiki/%E0%A4%B6%E0%A5%8D%E0%A4%B0%E0%A5%80%E0%A4%B2%E0%A4%BF%E0%A4%99%E0%A5%8D%E0%A4%97%E0%A4%BE%E0%A4%B7%E0%A5%8D%E0%A4%9F%E0%A4%95%E0%A4%AE%E0%A5%8D,,,,
sāhitya,śrīmacchaṅkarācāryakṛtaṃ_śrīkṛṣṇāṣṭakam.txt,Śrīmacchaṅkarācāryakṛtaṃ Śrīkṛṣṇāṣṭaka,https://sa.wikisource.org/wiki/%E0%A4%B6%E0%A5%8D%E0%A4%B0%E0%A5%80%E0%A4%AE%E0%A4%9A%E0%A5%8D%E0%A4%9B%E0%A4%99%E0%A5%8D%E0%A4%95%E0%A4%B0%E0%A4%BE%E0%A4%9A%E0%A4%BE%E0%A4%B0%E0%A5%8D%E0%A4%AF%E0%A4%95%E0%A5%83%E0%A4%A4%E0%A4%82_%E0%A4%B6%E0%A5%8D%E0%A4%B0%E0%A5%80%E0%A4%95%E0%A5%83%E0%A4%B7%E0%A5%8D%E0%A4%A3%E0%A4%BE%E0%A4%B7%E0%A5%8D%E0%A4%9F%E0%A4%95%E0%A4%AE%E0%A5%8D,,,,
sāhitya,śrīmadānandarāmāyaṇāntargatarāmāṣṭottaraśatanāmāvaliḥ.txt,Śrīmadānandarāmāyaṇāntargatarāmāṣṭottaraśatanāmāvali,https://sa.wikisource.org/wiki/%E0%A4%B6%E0%A5%8D%E0%A4%B0%E0%A5%80%E0%A4%AE%E0%A4%A6%E0%A4%BE%E0%A4%A8%E0%A4%A8%E0%A5%8D%E0%A4%A6%E0%A4%B0%E0%A4%BE%E0%A4%AE%E0%A4%BE%E0%A4%AF%E0%A4%A3%E0%A4%BE%E0%A4%A8%E0%A5%8D%E0%A4%A4%E0%A4%B0%E0%A5%8D%E0%A4%97%E0%A4%A4%E0%A4%B0%E0%A4%BE%E0%A4%AE%E0%A4%BE%E0%A4%B7%E0%A5%8D%E0%A4%9F%E0%A5%8B%E0%A4%A4%E0%A5%8D%E0%A4%A4%E0%A4%B0%E0%A4%B6%E0%A4%A4%E0%A4%A8%E0%A4%BE%E0%A4%AE%E0%A4%BE%E0%A4%B5%E0%A4%B2%E0%A4%BF%E0%A4%83,,,,
sāhitya,śrīmadāñjaneyāṣṭottaraśatanāmastotram_kālikārahasyataḥ.txt,Śrīmadāñjaneyāṣṭottaraśatanāmastotram Kālikārahasyata,https://sa.wikisource.org/wiki/%E0%A4%B6%E0%A5%8D%E0%A4%B0%E0%A5%80%E0%A4%AE%E0%A4%A6%E0%A4%BE%E0%A4%9E%E0%A5%8D%E0%A4%9C%E0%A4%A8%E0%A5%87%E0%A4%AF%E0%A4%BE%E0%A4%B7%E0%A5%8D%E0%A4%9F%E0%A5%8B%E0%A4%A4%E0%A5%8D%E0%A4%A4%E0%A4%B0%E0%A4%B6%E0%A4%A4%E0%A4%A8%E0%A4%BE%E0%A4%AE%E0%A4%B8%E0%A5%8D%E0%A4%A4%E0%A5%8B%E0%A4%A4%E0%A5%8D%E0%A4%B0%E0%A4%AE%E0%A5%8D_%E0%A4%95%E0%A4%BE%E0%A4%B2%E0%A4%BF%E0%A4%95%E0%A4%BE%E0%A4%B0%E0%A4%B9%E0%A4%B8%E0%A5%8D%E0%A4%AF%E0%A4%A4%E0%A4%83,,,,
sāhitya,śrīmahādevakṛtarāmastotram.txt,Śrīmahādevakṛtarāmastotra,https://sa.wikisource.org/wiki/%E0%A4%B6%E0%A5%8D%E0%A4%B0%E0%A5%80%E0%A4%AE%E0%A4%B9%E0%A4%BE%E0%A4%A6%E0%A5%87%E0%A4%B5%E0%A4%95%E0%A5%83%E0%A4%A4%E0%A4%B0%E0%A4%BE%E0%A4%AE%E0%A4%B8%E0%A5%8D%E0%A4%A4%E0%A5%8B%E0%A4%A4%E0%A5%8D%E0%A4%B0%E0%A4%AE%E0%A5%8D,,,,
sāhitya,śrīmahāgaṇeśapañcaratnaṃ.txt,Śrīmahāgaṇeśapañcaratna,https://sa.wikisource.org/wiki/%E0%A4%B6%E0%A5%8D%E0%A4%B0%E0%A5%80%E0%A4%AE%E0%A4%B9%E0%A4%BE%E0%A4%97%E0%A4%A3%E0%A5%87%E0%A4%B6%E0%A4%AA%E0%A4%9E%E0%A5%8D%E0%A4%9A%E0%A4%B0%E0%A4%A4%E0%A5%8D%E0%A4%A8%E0%A4%AE%E0%A5%8D,,,,
sāhitya,śrīmahālakṣmyaṣṭakaṃ.txt,Śrīmahālakṣmyaṣṭaka,https://sa.wikisource.org/wiki/%E0%A4%B6%E0%A5%8D%E0%A4%B0%E0%A5%80%E0%A4%AE%E0%A4%B9%E0%A4%BE%E0%A4%B2%E0%A4%95%E0%A5%8D%E0%A4%B7%E0%A5%8D%E0%A4%AE%E0%A5%80_%E0%A4%85%E0%A4%B7%E0%A5%8D%E0%A4%9F%E0%A4%95%E0%A4%82,,,,
sāhitya,śrīnandakumārāṣṭakam.txt,Śrīnandakumārāṣṭaka,https://sa.wikisource.org/wiki/%E0%A4%B6%E0%A5%8D%E0%A4%B0%E0%A5%80%E0%A4%A8%E0%A4%A8%E0%A5%8D%E0%A4%A6%E0%A4%95%E0%A5%81%E0%A4%AE%E0%A4%BE%E0%A4%B0%E0%A4%BE%E0%A4%B7%E0%A5%8D%E0%A4%9F%E0%A4%95%E0%A4%AE%E0%A5%8D,,,,
sāhitya,śrīnṛsiṃhasarasvatīprārthanāṣṭakam.txt,Śrīnṛsiṃhasarasvatīprārthanāṣṭaka,https://sa.wikisource.org/wiki/%E0%A4%B6%E0%A5%8D%E0%A4%B0%E0%A5%80%E0%A4%A8%E0%A5%83%E0%A4%B8%E0%A4%BF%E0%A4%82%E0%A4%B9%E0%A4%B8%E0%A4%B0%E0%A4%B8%E0%A5%8D%E0%A4%B5%E0%A4%A4%E0%A5%80%E0%A4%AA%E0%A5%8D%E0%A4%B0%E0%A4%BE%E0%A4%B0%E0%A5%8D%E0%A4%A5%E0%A4%A8%E0%A4%BE%E0%A4%B7%E0%A5%8D%E0%A4%9F%E0%A4%95%E0%A4%AE%E0%A5%8D,,Śrīvāsudevānandasarasvatī,,
sāhitya,śrīraghunāthāṣṭakam.txt,Śrīraghunāthāṣṭaka,https://sa.wikisource.org/wiki/%E0%A4%B6%E0%A5%8D%E0%A4%B0%E0%A5%80%E0%A4%B0%E0%A4%98%E0%A5%81%E0%A4%A8%E0%A4%BE%E0%A4%A5%E0%A4%BE%E0%A4%B7%E0%A5%8D%E0%A4%9F%E0%A4%95%E0%A4%AE%E0%A5%8D,,,,
sāhitya,śrīraṅgastotra.txt,Śrīraṅgastotra,https://sa.wikisource.org/wiki/%E0%A4%B6%E0%A5%8D%E0%A4%B0%E0%A5%80%E0%A4%B0%E0%A4%99%E0%A5%8D%E0%A4%97%E0%A4%B8%E0%A5%8D%E0%A4%A4%E0%A5%8B%E0%A4%A4%E0%A5%8D%E0%A4%B0,,,,
sāhitya,śrīreṇukāstotram.txt,Śrīreṇukāstotra,https://sa.wikisource.org/wiki/%E0%A4%B6%E0%A5%8D%E0%A4%B0%E0%A5%80%E0%A4%B0%E0%A5%87%E0%A4%A3%E0%A5%81%E0%A4%95%E0%A4%BE%E0%A4%B8%E0%A5%8D%E0%A4%A4%E0%A5%8B%E0%A4%A4%E0%A5%8D%E0%A4%B0%E0%A4%AE%E0%A5%8D,,,,
sāhitya,śrīrādhākavacam.txt,Śrīrādhākavaca,https://sa.wikisource.org/wiki/%E0%A4%B6%E0%A5%8D%E0%A4%B0%E0%A5%80%E0%A4%B0%E0%A4%BE%E0%A4%A7%E0%A4%BE%E0%A4%95%E0%A4%B5%E0%A4%9A%E0%A4%AE%E0%A5%8D,,,,
sāhitya,śrīrādhākṛṣṇasahasranāmastotram.txt,Śrīrādhākṛṣṇasahasranāmastotra,https://sa.wikisource.org/wiki/%E0%A4%B6%E0%A5%8D%E0%A4%B0%E0%A5%80%E0%A4%B0%E0%A4%BE%E0%A4%A7%E0%A4%BE%E0%A4%95%E0%A5%83%E0%A4%B7%E0%A5%8D%E0%A4%A3%E0%A4%B8%E0%A4%B9%E0%A4%B8%E0%A5%8D%E0%A4%B0%E0%A4%A8%E0%A4%BE%E0%A4%AE%E0%A4%B8%E0%A5%8D%E0%A4%A4%E0%A5%8B%E0%A4%A4%E0%A5%8D%E0%A4%B0%E0%A4%AE%E0%A5%8D,,,,
sāhitya,śrīrāmabhujaṅgaprayātastotram.txt,Śrīrāmabhujaṅgaprayātastotra,https://sa.wikisource.org/wiki/%E0%A4%B6%E0%A5%8D%E0%A4%B0%E0%A5%80%E0%A4%B0%E0%A4%BE%E0%A4%AE%E0%A4%AD%E0%A5%81%E0%A4%9C%E0%A4%99%E0%A5%8D%E0%A4%97%E0%A4%AA%E0%A5%8D%E0%A4%B0%E0%A4%AF%E0%A4%BE%E0%A4%A4%E0%A4%B8%E0%A5%8D%E0%A4%A4%E0%A5%8B%E0%A4%A4%E0%A5%8D%E0%A4%B0%E0%A4%AE%E0%A5%8D,,,,
sāhitya,śrīrāmacandrāṣṭakam.txt,Śrīrāmacandrāṣṭaka,https://sa.wikisource.org/wiki/%E0%A4%B6%E0%A5%8D%E0%A4%B0%E0%A5%80%E0%A4%B0%E0%A4%BE%E0%A4%AE%E0%A4%9A%E0%A4%A8%E0%A5%8D%E0%A4%A6%E0%A5%8D%E0%A4%B0%E0%A4%BE%E0%A4%B7%E0%A5%8D%E0%A4%9F%E0%A4%95%E0%A4%AE%E0%A5%8D,,,,
sāhitya,śrīrāmacaṃdrastotram.txt,Śrīrāmacaṃdrastotra,https://sa.wikisource.org/wiki/%E0%A4%B6%E0%A5%8D%E0%A4%B0%E0%A5%80%E0%A4%B0%E0%A4%BE%E0%A4%AE%E0%A4%9A%E0%A4%82%E0%A4%A6%E0%A5%8D%E0%A4%B0%E0%A4%B8%E0%A5%8D%E0%A4%A4%E0%A5%8B%E0%A4%A4%E0%A5%8D%E0%A4%B0%E0%A4%AE%E0%A5%8D,,Śrīvāsudevānandasarasvatī,,
sāhitya,śrīrāmagītā.txt,Śrīrāmagītā,https://sa.wikisource.org/wiki/%E0%A4%B6%E0%A5%8D%E0%A4%B0%E0%A5%80%E0%A4%B0%E0%A4%BE%E0%A4%AE%E0%A4%97%E0%A5%80%E0%A4%A4%E0%A4%BE,,,,
sāhitya,śrīrāmahṛdayam.txt,Śrīrāmahṛdaya,https://sa.wikisource.org/wiki/%E0%A4%B6%E0%A5%8D%E0%A4%B0%E0%A5%80%E0%A4%B0%E0%A4%BE%E0%A4%AE%E0%A4%B9%E0%A5%83%E0%A4%A6%E0%A4%AF%E0%A4%AE%E0%A5%8D,,,,
sāhitya,śrīrāmanāmasaṃkīrtanam.txt,Śrīrāmanāmasaṃkīrtana,https://sa.wikisource.org/wiki/%E0%A4%B6%E0%A5%8D%E0%A4%B0%E0%A5%80%E0%A4%B0%E0%A4%BE%E0%A4%AE%E0%A4%A8%E0%A4%BE%E0%A4%AE%E0%A4%B8%E0%A4%82%E0%A4%95%E0%A5%80%E0%A4%B0%E0%A5%8D%E0%A4%A4%E0%A4%A8%E0%A4%AE%E0%A5%8D,,,,
sāhitya,śrīrāmaprātaḥsmaraṇam.txt,Śrīrāmaprātaḥsmaraṇa,https://sa.wikisource.org/wiki/%E0%A4%B6%E0%A5%8D%E0%A4%B0%E0%A5%80%E0%A4%B0%E0%A4%BE%E0%A4%AE%E0%A4%AA%E0%A5%8D%E0%A4%B0%E0%A4%BE%E0%A4%A4%E0%A4%83%E0%A4%B8%E0%A5%8D%E0%A4%AE%E0%A4%B0%E0%A4%A3%E0%A4%AE%E0%A5%8D,,,,
sāhitya,śrīrāmarakṣāstotram.txt,Śrīrāmarakṣāstotra,https://sa.wikisource.org/wiki/%E0%A4%B6%E0%A5%8D%E0%A4%B0%E0%A5%80%E0%A4%B0%E0%A4%BE%E0%A4%AE%E0%A4%B0%E0%A4%95%E0%A5%8D%E0%A4%B7%E0%A4%BE%E0%A4%B8%E0%A5%8D%E0%A4%A4%E0%A5%8B%E0%A4%A4%E0%A5%8D%E0%A4%B0%E0%A4%AE%E0%A5%8D,,,,
sāhitya,śrīrāmasahasranāmastotram.txt,Śrīrāmasahasranāmastotra,https://sa.wikisource.org/wiki/%E0%A4%B6%E0%A5%8D%E0%A4%B0%E0%A5%80%E0%A4%B0%E0%A4%BE%E0%A4%AE%E0%A4%B8%E0%A4%B9%E0%A4%B8%E0%A5%8D%E0%A4%B0%E0%A4%A8%E0%A4%BE%E0%A4%AE%E0%A4%B8%E0%A5%8D%E0%A4%A4%E0%A5%8B%E0%A4%A4%E0%A5%8D%E0%A4%B0%E0%A4%AE%E0%A5%8D,,,,
sāhitya,śrīrāmāṣṭakam.txt,Śrīrāmāṣṭaka,https://sa.wikisource.org/wiki/%E0%A4%B6%E0%A5%8D%E0%A4%B0%E0%A5%80%E0%A4%B0%E0%A4%BE%E0%A4%AE%E0%A4%BE%E0%A4%B7%E0%A5%8D%E0%A4%9F%E0%A4%95%E0%A4%AE%E0%A5%8D,,,,
sāhitya,śrīrāmāṣṭottaraśatanāmastotram.txt,Śrīrāmāṣṭottaraśatanāmastotra,https://sa.wikisource.org/wiki/%E0%A4%B6%E0%A5%8D%E0%A4%B0%E0%A5%80%E0%A4%B0%E0%A4%BE%E0%A4%AE%E0%A4%BE%E0%A4%B7%E0%A5%8D%E0%A4%9F%E0%A5%8B%E0%A4%A4%E0%A5%8D%E0%A4%A4%E0%A4%B0%E0%A4%B6%E0%A4%A4%E0%A4%A8%E0%A4%BE%E0%A4%AE%E0%A4%B8%E0%A5%8D%E0%A4%A4%E0%A5%8B%E0%A4%A4%E0%A5%8D%E0%A4%B0%E0%A4%AE%E0%A5%8D,,,,
sāhitya,śrīrāmāṣṭottaraśatanāmāvali.txt,Śrīrāmāṣṭottaraśatanāmāvali,https://sa.wikisource.org/wiki/%E0%A4%B6%E0%A5%8D%E0%A4%B0%E0%A5%80%E0%A4%B0%E0%A4%BE%E0%A4%AE%E0%A4%BE%E0%A4%B7%E0%A5%8D%E0%A4%9F%E0%A5%8B%E0%A4%A4%E0%A5%8D%E0%A4%A4%E0%A4%B0%E0%A4%B6%E0%A4%A4%E0%A4%A8%E0%A4%BE%E0%A4%AE%E0%A4%BE%E0%A4%B5%E0%A4%B2%E0%A4%BF,,,,
sāhitya,śrīsadāśivendrastavaḥ.txt,Śrīsadāśivendrastava,https://sa.wikisource.org/wiki/%E0%A4%B6%E0%A5%8D%E0%A4%B0%E0%A5%80%E0%A4%B8%E0%A4%A6%E0%A4%BE%E0%A4%B6%E0%A4%BF%E0%A4%B5%E0%A5%87%E0%A4%A8%E0%A5%8D%E0%A4%A6%E0%A5%8D%E0%A4%B0%E0%A4%B8%E0%A5%8D%E0%A4%A4%E0%A4%B5%E0%A4%83,,,,
sāhitya,śrīsiddhivināyakanāmāvali.txt,Śrīsiddhivināyakanāmāvali,https://sa.wikisource.org/wiki/%E0%A4%B6%E0%A5%8D%E0%A4%B0%E0%A5%80%E0%A4%B8%E0%A4%BF%E0%A4%A6%E0%A5%8D%E0%A4%A7%E0%A4%BF%E0%A4%B5%E0%A4%BF%E0%A4%A8%E0%A4%BE%E0%A4%AF%E0%A4%95%E0%A4%A8%E0%A4%BE%E0%A4%AE%E0%A4%BE%E0%A4%B5%E0%A4%B2%E0%A4%BF%E0%A4%83,,,,
sāhitya,śrīsiddhivināyakastotram.txt,Śrīsiddhivināyakastotra,https://sa.wikisource.org/wiki/%E0%A4%B6%E0%A5%8D%E0%A4%B0%E0%A5%80%E0%A4%B8%E0%A4%BF%E0%A4%A6%E0%A5%8D%E0%A4%A7%E0%A4%BF%E0%A4%B5%E0%A4%BF%E0%A4%A8%E0%A4%BE%E0%A4%AF%E0%A4%95%E0%A4%B8%E0%A5%8D%E0%A4%A4%E0%A5%8B%E0%A4%A4%E0%A5%8D%E0%A4%B0%E0%A4%AE%E0%A5%8D,,,,
sāhitya,śrīsubrahmaṇyapañcaratnam.txt,Śrīsubrahmaṇyapañcaratna,https://sa.wikisource.org/wiki/%E0%A4%B6%E0%A5%8D%E0%A4%B0%E0%A5%80_%E0%A4%B8%E0%A5%81%E0%A4%AC%E0%A5%8D%E0%A4%B0%E0%A4%B9%E0%A5%8D%E0%A4%AE%E0%A4%A3%E0%A5%8D%E0%A4%AF%E0%A4%AA%E0%A4%9E%E0%A5%8D%E0%A4%9A%E0%A4%B0%E0%A4%A4%E0%A5%8D%E0%A4%A8%E0%A4%AE%E0%A5%8D,,,,
sāhitya,śrīsubrahmaṇyasahasranāmastotram.txt,Śrīsubrahmaṇyasahasranāmastotra,https://sa.wikisource.org/wiki/%E0%A4%B6%E0%A5%8D%E0%A4%B0%E0%A5%80_%E0%A4%B8%E0%A5%81%E0%A4%AC%E0%A5%8D%E0%A4%B0%E0%A4%B9%E0%A5%8D%E0%A4%AE%E0%A4%A3%E0%A5%8D%E0%A4%AF_%E0%A4%AD%E0%A5%81%E0%A4%9C%E0%A4%99%E0%A5%8D%E0%A4%97%E0%A4%AE%E0%A5%8D,,,,
sāhitya,śrīsubrahmaṇyastotram.txt,Śrīsubrahmaṇyastotra,https://sa.wikisource.org/wiki/%E0%A4%B6%E0%A5%8D%E0%A4%B0%E0%A5%80_%E0%A4%B8%E0%A5%81%E0%A4%AC%E0%A5%8D%E0%A4%B0%E0%A4%B9%E0%A5%8D%E0%A4%AE%E0%A4%A3%E0%A5%8D%E0%A4%AF_%E0%A4%B8%E0%A5%8D%E0%A4%A4%E0%A5%8B%E0%A4%A4%E0%A5%8D%E0%A4%B0%E0%A4%AE%E0%A5%8D,,,,
sāhitya,śrīsvāmīsamarthāṣṭottaraśatanāmāvalī.txt,Śrīsvāmīsamarthāṣṭottaraśatanāmāvalī,https://sa.wikisource.org/wiki/%E0%A4%B6%E0%A5%8D%E0%A4%B0%E0%A5%80%E0%A4%B8%E0%A5%8D%E0%A4%B5%E0%A4%BE%E0%A4%AE%E0%A5%80%E0%A4%B8%E0%A4%AE%E0%A4%B0%E0%A5%8D%E0%A4%A5%E0%A4%85%E0%A4%B7%E0%A5%8D%E0%A4%9F%E0%A5%8B%E0%A4%A4%E0%A5%8D%E0%A4%A4%E0%A4%B0%E0%A4%B6%E0%A4%A4%E0%A4%A8%E0%A4%BE%E0%A4%AE%E0%A4%BE%E0%A4%B5%E0%A4%B2%E0%A5%80,,,,
sāhitya,śrīsītākavacam.txt,Śrīsītākavaca,https://sa.wikisource.org/wiki/%E0%A4%B6%E0%A5%8D%E0%A4%B0%E0%A5%80%E0%A4%B8%E0%A5%80%E0%A4%A4%E0%A4%BE%E0%A4%95%E0%A4%B5%E0%A4%9A%E0%A4%AE%E0%A5%8D,,,,
sāhitya,śrīsītārāmagītam.txt,Śrīsītārāmagīta,https://sa.wikisource.org/wiki/%E0%A4%B6%E0%A5%8D%E0%A4%B0%E0%A5%80%E0%A4%B8%E0%A5%80%E0%A4%A4%E0%A4%BE%E0%A4%B0%E0%A4%BE%E0%A4%AE%E0%A4%97%E0%A5%80%E0%A4%A4%E0%A4%AE%E0%A5%8D,,,,
sāhitya,śrīsītāṣṭottaraśatanāmastotram.txt,Śrīsītāṣṭottaraśatanāmastotra,https://sa.wikisource.org/wiki/%E0%A4%B6%E0%A5%8D%E0%A4%B0%E0%A5%80%E0%A4%B8%E0%A5%80%E0%A4%A4%E0%A4%BE%E0%A4%B7%E0%A5%8D%E0%A4%9F%E0%A5%8B%E0%A4%A4%E0%A5%8D%E0%A4%A4%E0%A4%B0%E0%A4%B6%E0%A4%A4%E0%A4%A8%E0%A4%BE%E0%A4%AE%E0%A4%B8%E0%A5%8D%E0%A4%A4%E0%A5%8B%E0%A4%A4%E0%A5%8D%E0%A4%B0%E0%A4%AE%E0%A5%8D,,,,
sāhitya,śrīsūktam.txt,Śrīsūkta,https://sa.wikisource.org/wiki/%E0%A4%B6%E0%A5%8D%E0%A4%B0%E0%A5%80_%E0%A4%B8%E0%A5%82%E0%A4%95%E0%A5%8D%E0%A4%A4%E0%A4%AE%E0%A5%8D,,,,
sāhitya,śrīsūryāṣṭakam.txt,Śrīsūryāṣṭaka,https://sa.wikisource.org/wiki/%E0%A4%B6%E0%A5%8D%E0%A4%B0%E0%A5%80%E0%A4%B8%E0%A5%82%E0%A4%B0%E0%A5%8D%E0%A4%AF%E0%A4%BE%E0%A4%B7%E0%A5%8D%E0%A4%9F%E0%A4%95%E0%A4%AE%E0%A5%8D,,,,
sāhitya,śrīvaiṣṇavavandanā.txt,Śrīvaiṣṇavavandanā,https://sa.wikisource.org/wiki/%E0%A4%B6%E0%A5%8D%E0%A4%B0%E0%A5%80%E0%A4%B5%E0%A5%88%E0%A4%B7%E0%A5%8D%E0%A4%A3%E0%A4%B5%E0%A4%B5%E0%A4%A8%E0%A5%8D%E0%A4%A6%E0%A4%A8%E0%A4%BE,,,,
sāhitya,śrīvallabhācāryakṛtaṃ_kṛṣṇāṣṭakam.txt,Śrīvallabhācāryakṛtaṃ Kṛṣṇāṣṭaka,https://sa.wikisource.org/wiki/%E0%A4%B6%E0%A5%8D%E0%A4%B0%E0%A5%80%E0%A4%B5%E0%A4%B2%E0%A5%8D%E0%A4%B2%E0%A4%AD%E0%A4%BE%E0%A4%9A%E0%A4%BE%E0%A4%B0%E0%A5%8D%E0%A4%AF%E0%A4%95%E0%A5%83%E0%A4%A4%E0%A4%82_%E0%A4%95%E0%A5%83%E0%A4%B7%E0%A5%8D%E0%A4%A3%E0%A4%BE%E0%A4%B7%E0%A5%8D%E0%A4%9F%E0%A4%95%E0%A4%AE%E0%A5%8D,,,,
sāhitya,śrīveṃkaṭeśakarāvalambastotram.txt,Śrīveṃkaṭeśakarāvalambastotra,https://sa.wikisource.org/wiki/%E0%A4%B6%E0%A5%8D%E0%A4%B0%E0%A5%80%E0%A4%B5%E0%A5%87%E0%A4%82%E0%A4%95%E0%A4%9F%E0%A5%87%E0%A4%B6%E0%A4%95%E0%A4%B0%E0%A4%BE%E0%A4%B5%E0%A4%B2%E0%A4%AE%E0%A5%8D%E0%A4%AC%E0%A4%B8%E0%A5%8D%E0%A4%A4%E0%A5%8B%E0%A4%A4%E0%A5%8D%E0%A4%B0%E0%A4%AE%E0%A5%8D,,,,
sāhitya,śrīveṃkaṭeśastotram.txt,Śrīveṃkaṭeśastotra,https://sa.wikisource.org/wiki/%E0%A4%B6%E0%A5%8D%E0%A4%B0%E0%A5%80%E0%A4%B5%E0%A5%87%E0%A4%99%E0%A5%8D%E0%A4%95%E0%A4%9F%E0%A5%87%E0%A4%B6%E0%A4%B8%E0%A5%8D%E0%A4%A4%E0%A5%8B%E0%A4%A4%E0%A5%8D%E0%A4%B0%E0%A4%AE%E0%A5%8D,,,,
sāhitya,śrīveṃkaṭeśasuprabhātam.txt,Śrīveṃkaṭeśasuprabhāta,https://sa.wikisource.org/wiki/%E0%A4%B6%E0%A5%8D%E0%A4%B0%E0%A5%80%E0%A4%B5%E0%A5%87%E0%A4%82%E0%A4%95%E0%A4%9F%E0%A5%87%E0%A4%B6%E0%A4%B8%E0%A5%81%E0%A4%AA%E0%A5%8D%E0%A4%B0%E0%A4%AD%E0%A4%BE%E0%A4%A4%E0%A4%AE%E0%A5%8D,,,,
sāhitya,śrīveṅkaṭeśamaṅgalaśāsana.txt,Śrīveṅkaṭeśamaṅgalaśāsana,https://sa.wikisource.org/wiki/%E0%A4%B6%E0%A5%8D%E0%A4%B0%E0%A5%80%E0%A4%B5%E0%A5%87%E0%A4%99%E0%A5%8D%E0%A4%95%E0%A4%9F%E0%A5%87%E0%A4%B6%E0%A4%AE%E0%A4%99%E0%A5%8D%E0%A4%97%E0%A4%B2%E0%A4%BE%E0%A4%B6%E0%A4%BE%E0%A4%B8%E0%A4%A8%E0%A4%AE%E0%A5%8D,,,,
sāhitya,śrīveṅkaṭeśaprapatti.txt,Śrīveṅkaṭeśaprapatti,https://sa.wikisource.org/wiki/%E0%A4%B6%E0%A5%8D%E0%A4%B0%E0%A5%80%E0%A4%B5%E0%A5%87%E0%A4%99%E0%A5%8D%E0%A4%95%E0%A4%9F%E0%A5%87%E0%A4%B6%E0%A4%AA%E0%A5%8D%E0%A4%B0%E0%A4%AA%E0%A4%A4%E0%A5%8D%E0%A4%A4%E0%A4%BF%E0%A4%83,,,,
sāhitya,śrīveṅkaṭeśastotram.txt,Śrīveṅkaṭeśastotra,https://sa.wikisource.org/wiki/%E0%A4%B6%E0%A5%8D%E0%A4%B0%E0%A5%80%E0%A4%B5%E0%A5%87%E0%A4%99%E0%A5%8D%E0%A4%95%E0%A4%9F%E0%A5%87%E0%A4%B6%E0%A4%B8%E0%A5%8D%E0%A4%A4%E0%A5%8B%E0%A4%A4%E0%A5%8D%E0%A4%B0%E0%A4%AE%E0%A5%8D,,,,
sāhitya,śrīveṅkaṭeśasuprabhātam.txt,Śrīveṅkaṭeśasuprabhāta,https://sa.wikisource.org/wiki/%E0%A4%B6%E0%A5%8D%E0%A4%B0%E0%A5%80%E0%A4%B5%E0%A5%87%E0%A4%99%E0%A5%8D%E0%A4%95%E0%A4%9F%E0%A5%87%E0%A4%B6%E0%A4%B8%E0%A5%81%E0%A4%AA%E0%A5%8D%E0%A4%B0%E0%A4%AD%E0%A4%BE%E0%A4%A4%E0%A4%AE%E0%A5%8D,,,,
sāhitya,śrīvighneśvarāṣṭottaraśatanāmastotram.txt,Śrīvighneśvarāṣṭottaraśatanāmastotra,https://sa.wikisource.org/wiki/%E0%A4%B6%E0%A5%8D%E0%A4%B0%E0%A5%80%E0%A4%B5%E0%A4%BF%E0%A4%98%E0%A5%8D%E0%A4%A8%E0%A5%87%E0%A4%B6%E0%A5%8D%E0%A4%B5%E0%A4%B0%E0%A4%BE%E0%A4%B7%E0%A5%8D%E0%A4%9F%E0%A5%8B%E0%A4%A4%E0%A5%8D%E0%A4%A4%E0%A4%B0%E0%A4%B6%E0%A4%A4%E0%A4%A8%E0%A4%BE%E0%A4%AE%E0%A4%B8%E0%A5%8D%E0%A4%A4%E0%A5%8B%E0%A4%A4%E0%A5%8D%E0%A4%B0%E0%A4%AE%E0%A5%8D,,,,
sāhitya,śrīvindhyavāsinistotram.txt,Śrīvindhyavāsinistotra,https://sa.wikisource.org/wiki/%E0%A4%B6%E0%A5%8D%E0%A4%B0%E0%A5%80%E0%A4%B5%E0%A4%BF%E0%A4%A8%E0%A5%8D%E0%A4%A7%E0%A5%8D%E0%A4%AF%E0%A4%B5%E0%A4%BE%E0%A4%B8%E0%A4%BF%E0%A4%A8%E0%A4%BF%E0%A4%B8%E0%A5%8D%E0%A4%A4%E0%A5%8B%E0%A4%A4%E0%A5%8D%E0%A4%B0%E0%A4%AE%E0%A5%8D,,,,
sāhitya,śrīviṣṇoḥ_ṣoḍaśanāmastotram.txt,Śrīviṣṇuṣoḍaśanāmastotra,https://sa.wikisource.org/wiki/%E0%A4%B6%E0%A5%8D%E0%A4%B0%E0%A5%80%E0%A4%B5%E0%A4%BF%E0%A4%B7%E0%A5%8D%E0%A4%A3%E0%A5%8B:_%E0%A4%B7%E0%A5%8B%E0%A4%A1%E0%A4%B6%E0%A4%A8%E0%A4%BE%E0%A4%AE%E0%A4%B8%E0%A5%8D%E0%A4%A4%E0%A5%8B%E0%A4%A4%E0%A5%8D%E0%A4%B0%E0%A4%AE%E0%A5%8D,,,,
sāhitya,śrīviṣṇupurāṇameṃkathitendradvārākṛtaśrīlakṣmīstuti.txt,Śrīviṣṇupurāṇameṃkathitendradvārākṛtaśrīlakṣmīstuti,https://sa.wikisource.org/wiki/%E0%A4%B6%E0%A5%8D%E0%A4%B0%E0%A5%80_%E0%A4%B5%E0%A4%BF%E0%A4%B7%E0%A5%8D%E0%A4%A3%E0%A5%81_%E0%A4%AA%E0%A5%81%E0%A4%B0%E0%A4%BE%E0%A4%A3_%E0%A4%AE%E0%A5%87%E0%A4%82_%E0%A4%95%E0%A4%A5%E0%A4%BF%E0%A4%A4_%E0%A4%87%E0%A4%A8%E0%A5%8D%E0%A4%A6%E0%A5%8D%E0%A4%B0_%E0%A4%A6%E0%A5%8D%E0%A4%B5%E0%A4%BE%E0%A4%B0%E0%A4%BE_%E0%A4%95%E0%A5%83%E0%A4%A4_%E0%A4%B6%E0%A5%8D%E0%A4%B0%E0%A5%80_%E0%A4%B2%E0%A4%95%E0%A5%8D%E0%A4%B7%E0%A5%8D%E0%A4%AE%E0%A5%80_%E0%A4%B8%E0%A5%8D%E0%A4%A4%E0%A5%81%E0%A4%A4%E0%A4%BF,,,,
sāhitya,śrīviṣṇusahasranāmāvaliḥ.txt,Śrīviṣṇusahasranāmāvali,https://sa.wikisource.org/wiki/%E0%A4%B6%E0%A5%8D%E0%A4%B0%E0%A5%80%E0%A4%B5%E0%A4%BF%E0%A4%B7%E0%A5%8D%E0%A4%A3%E0%A5%81%E0%A4%B8%E0%A4%B9%E0%A4%B8%E0%A5%8D%E0%A4%B0%E0%A4%A8%E0%A4%BE%E0%A4%AE%E0%A4%BE%E0%A4%B5%E0%A4%B2%E0%A4%BF%E0%A4%83,,,,
sāhitya,śrīśatrughnakavacam.txt,Śrīśatrughnakavaca,https://sa.wikisource.org/wiki/%E0%A4%B6%E0%A5%8D%E0%A4%B0%E0%A5%80%E0%A4%B6%E0%A4%A4%E0%A5%8D%E0%A4%B0%E0%A5%81%E0%A4%98%E0%A5%8D%E0%A4%A8%E0%A4%95%E0%A4%B5%E0%A4%9A%E0%A4%AE%E0%A5%8D,,,,
sāhitya,śrīśivamahimāstotram.txt,Śrīśivamahimāstotra,https://sa.wikisource.org/wiki/%E0%A4%B6%E0%A5%8D%E0%A4%B0%E0%A5%80%E0%A4%B6%E0%A4%BF%E0%A4%B5%E0%A4%AE%E0%A4%B9%E0%A4%BF%E0%A4%AE%E0%A4%BE%E0%A4%B8%E0%A5%8D%E0%A4%A4%E0%A5%8B%E0%A4%A4%E0%A5%8D%E0%A4%B0%E0%A4%AE%E0%A5%8D,fully included in gretil,,,
sāhitya,śrīśivapañcākṣarastotram.txt,Śrīśivapañcākṣarastotra,https://sa.wikisource.org/wiki/%E0%A4%B6%E0%A5%8D%E0%A4%B0%E0%A5%80%E0%A4%B6%E0%A4%BF%E0%A4%B5%E0%A4%AA%E0%A4%9E%E0%A5%8D%E0%A4%9A%E0%A4%BE%E0%A4%95%E0%A5%8D%E0%A4%B7%E0%A4%B0%E0%A4%B8%E0%A5%8D%E0%A4%A4%E0%A5%8B%E0%A4%A4%E0%A5%8D%E0%A4%B0%E0%A4%AE%E0%A5%8D,,Śankarācārya,,
sāhitya,śrīśivaśatakam.txt,Śrīśivaśataka,https://sa.wikisource.org/wiki/%E0%A4%B6%E0%A5%8D%E0%A4%B0%E0%A5%80%E0%A4%B6%E0%A4%BF%E0%A4%B5%E0%A4%B6%E0%A4%A4%E0%A4%95%E0%A4%AE%E0%A5%8D,,,,
sāhitya,śrīśivāṣṭakaṃ.txt,Śrīśivāṣṭaka,https://sa.wikisource.org/wiki/%E0%A4%B6%E0%A5%8D%E0%A4%B0%E0%A5%80%E0%A4%B6%E0%A4%BF%E0%A4%B5%E0%A4%BE%E0%A4%B7%E0%A5%8D%E0%A4%9F%E0%A4%95%E0%A4%82,,,,
sāhitya,śābarīkavacam.txt,Śābarīkavaca,https://sa.wikisource.org/wiki/%E0%A4%B6%E0%A4%BE%E0%A4%AC%E0%A4%B0%E0%A5%80%E0%A4%95%E0%A4%B5%E0%A4%9A%E0%A4%AE%E0%A5%8D,,Vedavyāsa,,
sāhitya,śāligrāmastotra.txt,Śāligrāmastotra,https://sa.wikisource.org/wiki/%E0%A4%B6%E0%A4%BE%E0%A4%B2%E0%A4%BF%E0%A4%97%E0%A5%8D%E0%A4%B0%E0%A4%BE%E0%A4%AE%E0%A4%B8%E0%A5%8D%E0%A4%A4%E0%A5%8B%E0%A4%A4%E0%A5%8D%E0%A4%B0,,,,
sāhitya,śāntavilāsaḥ.txt,Śāntavilāsa,https://sa.wikisource.org/wiki/%E0%A4%B6%E0%A4%BE%E0%A4%A8%E0%A5%8D%E0%A4%A4%E0%A4%B5%E0%A4%BF%E0%A4%B2%E0%A4%BE%E0%A4%B8%E0%A4%83,,Jagannāthaḥ,,
sāhitya,śāntimantraḥ.txt,Śāntimantra,https://sa.wikisource.org/wiki/%E0%A4%B6%E0%A4%BE%E0%A4%A8%E0%A5%8D%E0%A4%A4%E0%A4%BF%E0%A4%AE%E0%A4%A8%E0%A5%8D%E0%A4%A4%E0%A5%8D%E0%A4%B0%E0%A4%83,,,,
sāhitya,śāradābhujaṅgaprayātāṣṭakam.txt,Śāradābhujaṅgaprayātāṣṭaka,https://sa.wikisource.org/wiki/%E0%A4%B6%E0%A4%BE%E0%A4%B0%E0%A4%A6%E0%A4%BE%E0%A4%AD%E0%A5%81%E0%A4%9C%E0%A4%99%E0%A5%8D%E0%A4%97%E0%A4%AA%E0%A5%8D%E0%A4%B0%E0%A4%AF%E0%A4%BE%E0%A4%A4%E0%A4%BE%E0%A4%B7%E0%A5%8D%E0%A4%9F%E0%A4%95%E0%A4%AE%E0%A5%8D,,,,
sāhitya,śāradābhujaṅgastotram.txt,Śāradābhujaṅgastotra,https://sa.wikisource.org/wiki/%E0%A4%B6%E0%A4%BE%E0%A4%B0%E0%A4%A6%E0%A4%BE%E0%A4%AD%E0%A5%81%E0%A4%9C%E0%A4%99%E0%A5%8D%E0%A4%97%E0%A4%B8%E0%A5%8D%E0%A4%A4%E0%A5%8B%E0%A4%A4%E0%A5%8D%E0%A4%B0%E0%A4%AE%E0%A5%8D,,,,
sāhitya,śāradāpañcaratnastutiḥ.txt,Śāradāpañcaratnastuti,https://sa.wikisource.org/wiki/%E0%A4%B6%E0%A4%BE%E0%A4%B0%E0%A4%A6%E0%A4%BE%E0%A4%AA%E0%A4%9E%E0%A5%8D%E0%A4%9A%E0%A4%B0%E0%A4%A4%E0%A5%8D%E0%A4%A8%E0%A4%B8%E0%A5%8D%E0%A4%A4%E0%A5%81%E0%A4%A4%E0%A4%BF%E0%A4%83,,,,
sāhitya,śāradāstavanam.txt,Śāradāstavana,https://sa.wikisource.org/wiki/%E0%A4%B6%E0%A4%BE%E0%A4%B0%E0%A4%A6%E0%A4%BE%E0%A4%B8%E0%A5%8D%E0%A4%A4%E0%A4%B5%E0%A4%A8%E0%A4%AE%E0%A5%8D,,,,
sāhitya,śṛṅgāraprakāśaḥ.txt,Śṛṅgāraprakāśa,https://sa.wikisource.org/wiki/%E0%A4%B6%E0%A5%83%E0%A4%99%E0%A5%8D%E0%A4%97%E0%A4%BE%E0%A4%B0%E0%A4%AA%E0%A5%8D%E0%A4%B0%E0%A4%95%E0%A4%BE%E0%A4%B6%E0%A4%83,,Bhojadeva,,
sāhitya,ūrubhaṅgaḥ.txt,Ūrubhaṅga,https://sa.wikisource.org/wiki/%E0%A4%8A%E0%A4%B0%E0%A5%81%E0%A4%AD%E0%A4%99%E0%A5%8D%E0%A4%97%E0%A4%83,,Bhāsa,,
sāhitya,ṝṇamocanamahāgaṇapatistotram.txt,Ṝṇamocanamahāgaṇapatistotra,https://sa.wikisource.org/wiki/%E0%A5%A0%E0%A4%A3%E0%A4%AE%E0%A5%8B%E0%A4%9A%E0%A4%A8%E0%A4%AE%E0%A4%B9%E0%A4%BE%E0%A4%97%E0%A4%A3%E0%A4%AA%E0%A4%A4%E0%A4%BF%E0%A4%B8%E0%A5%8D%E0%A4%A4%E0%A5%8B%E0%A4%A4%E0%A5%8D%E0%A4%B0%E0%A4%AE%E0%A5%8D,,,,
sāhitya,ṣaḍjagītā.txt,Ṣaḍjagītā,https://sa.wikisource.org/wiki/%E0%A4%B7%E0%A4%A1%E0%A5%8D%E0%A4%9C%E0%A4%97%E0%A5%80%E0%A4%A4%E0%A4%BE,,,,
upaniṣad,adhyātmopaniṣat.txt,Adhyātmopaniṣad,https://sa.wikisource.org/wiki/%E0%A4%85%E0%A4%A7%E0%A5%8D%E0%A4%AF%E0%A4%BE%E0%A4%A4%E0%A5%8D%E0%A4%AE%E0%A5%8B%E0%A4%AA%E0%A4%A8%E0%A4%BF%E0%A4%B7%E0%A4%A4%E0%A5%8D,,,,
upaniṣad,advayatārakopaniṣat.txt,Advayatārakopaniṣad,https://sa.wikisource.org/wiki/%E0%A4%85%E0%A4%A6%E0%A5%8D%E0%A4%B5%E0%A4%AF%E0%A4%A4%E0%A4%BE%E0%A4%B0%E0%A4%95%E0%A5%8B%E0%A4%AA%E0%A4%A8%E0%A4%BF%E0%A4%B7%E0%A4%A4%E0%A5%8D,,,,
upaniṣad,akṣamālikopaniṣat.txt,Akṣamālikopaniṣad,https://sa.wikisource.org/wiki/%E0%A4%85%E0%A4%95%E0%A5%8D%E0%A4%B7%E0%A4%AE%E0%A4%BE%E0%A4%B2%E0%A4%BF%E0%A4%95%E0%A5%8B%E0%A4%AA%E0%A4%A8%E0%A4%BF%E0%A4%B7%E0%A4%A4%E0%A5%8D,,,,
upaniṣad,akṣyupaniṣat.txt,Akṣyupaniṣad,https://sa.wikisource.org/wiki/%E0%A4%85%E0%A4%95%E0%A5%8D%E0%A4%B7%E0%A5%8D%E0%A4%AF%E0%A5%81%E0%A4%AA%E0%A4%A8%E0%A4%BF%E0%A4%B7%E0%A4%A4%E0%A5%8D,,,,
upaniṣad,amṛtabindūpaniṣad.txt,Amṛtabindūpaniṣad,https://sa.wikisource.org/wiki/%E0%A4%85%E0%A4%AE%E0%A5%83%E0%A4%A4-%E0%A4%AC%E0%A4%BF%E0%A4%A8%E0%A5%8D%E0%A4%A6%E0%A5%81_%E0%A4%89%E0%A4%AA%E0%A4%A8%E0%A4%BF%E0%A4%B7%E0%A4%A6%E0%A5%8D,,,,
upaniṣad,amṛtanādopaniṣat.txt,Amṛtanādopaniṣad,https://sa.wikisource.org/wiki/%E0%A4%85%E0%A4%AE%E0%A5%83%E0%A4%A4%E0%A4%A8%E0%A4%BE%E0%A4%A6%E0%A5%8B%E0%A4%AA%E0%A4%A8%E0%A4%BF%E0%A4%B7%E0%A4%A4%E0%A5%8D,,,,
upaniṣad,annapūrṇopaniṣat.txt,Annapūrṇopaniṣad,https://sa.wikisource.org/wiki/%E0%A4%85%E0%A4%A8%E0%A5%8D%E0%A4%A8%E0%A4%AA%E0%A5%82%E0%A4%B0%E0%A5%8D%E0%A4%A3%E0%A5%8B%E0%A4%AA%E0%A4%A8%E0%A4%BF%E0%A4%B7%E0%A4%A4%E0%A5%8D,,,,
upaniṣad,atharvaśikhaupaniṣad.txt,Atharvaśikhaupaniṣad,https://sa.wikisource.org/wiki/%E0%A4%85%E0%A4%A5%E0%A4%B0%E0%A5%8D%E0%A4%B5%E0%A4%B6%E0%A4%BF%E0%A4%96%E0%A4%89%E0%A4%AA%E0%A4%A8%E0%A4%BF%E0%A4%B7%E0%A4%A6%E0%A5%8D,,,,
upaniṣad,avadhūtopaniṣat.txt,Avadhūtopaniṣad,https://sa.wikisource.org/wiki/%E0%A4%85%E0%A4%B5%E0%A4%A7%E0%A5%82%E0%A4%A4%E0%A5%8B%E0%A4%AA%E0%A4%A8%E0%A4%BF%E0%A4%B7%E0%A4%A4%E0%A5%8D,,,,
upaniṣad,avyaktopaniṣat.txt,Avyaktopaniṣad,https://sa.wikisource.org/wiki/%E0%A4%85%E0%A4%B5%E0%A5%8D%E0%A4%AF%E0%A4%95%E0%A5%8D%E0%A4%A4%E0%A5%8B%E0%A4%AA%E0%A4%A8%E0%A4%BF%E0%A4%B7%E0%A4%A4%E0%A5%8D,,,,
upaniṣad,bahvṛcopaniṣat.txt,Bahvṛcopaniṣad,https://sa.wikisource.org/wiki/%E0%A4%AC%E0%A4%B9%E0%A5%8D%E0%A4%B5%E0%A5%83%E0%A4%9A%E0%A5%8B%E0%A4%AA%E0%A4%A8%E0%A4%BF%E0%A4%B7%E0%A4%A4%E0%A5%8D,,,,
upaniṣad,bhasmajābālopaniṣat.txt,Bhasmajābālopaniṣad,https://sa.wikisource.org/wiki/%E0%A4%AD%E0%A4%B8%E0%A5%8D%E0%A4%AE%E0%A4%9C%E0%A4%BE%E0%A4%AC%E0%A4%BE%E0%A4%B2%E0%A5%8B%E0%A4%AA%E0%A4%A8%E0%A4%BF%E0%A4%B7%E0%A4%A4%E0%A5%8D,,,,
upaniṣad,bhikṣukopaniṣat.txt,Bhikṣukopaniṣad,https://sa.wikisource.org/wiki/%E0%A4%AD%E0%A4%BF%E0%A4%95%E0%A5%8D%E0%A4%B7%E0%A5%81%E0%A4%95%E0%A5%8B%E0%A4%AA%E0%A4%A8%E0%A4%BF%E0%A4%B7%E0%A4%A4%E0%A5%8D,,,,
upaniṣad,bhāvopaniṣat.txt,Bhāvopaniṣad,https://sa.wikisource.org/wiki/%E0%A4%AD%E0%A4%BE%E0%A4%B5%E0%A5%8B%E0%A4%AA%E0%A4%A8%E0%A4%BF%E0%A4%B7%E0%A4%A4%E0%A5%8D,,,,
upaniṣad,brahmavidyopaniṣat.txt,Brahmavidyopaniṣad,https://sa.wikisource.org/wiki/%E0%A4%AC%E0%A5%8D%E0%A4%B0%E0%A4%B9%E0%A5%8D%E0%A4%AE%E0%A4%B5%E0%A4%BF%E0%A4%A6%E0%A5%8D%E0%A4%AF%E0%A5%8B%E0%A4%AA%E0%A4%A8%E0%A4%BF%E0%A4%B7%E0%A4%A4%E0%A5%8D,,,,
upaniṣad,brahmopaniṣad.txt,Brahmopaniṣad,https://sa.wikisource.org/wiki/%E0%A4%AC%E0%A5%8D%E0%A4%B0%E0%A4%B9%E0%A5%8D%E0%A4%AE%E0%A5%8B%E0%A4%AA%E0%A4%A8%E0%A4%BF%E0%A4%B7%E0%A4%A6%E0%A5%8D,,,,
upaniṣad,bṛhajjābālopaniṣat.txt,Bṛhajjābālopaniṣad,https://sa.wikisource.org/wiki/%E0%A4%AC%E0%A5%83%E0%A4%B9%E0%A4%9C%E0%A5%8D%E0%A4%9C%E0%A4%BE%E0%A4%AC%E0%A4%BE%E0%A4%B2%E0%A5%8B%E0%A4%AA%E0%A4%A8%E0%A4%BF%E0%A4%B7%E0%A4%A4%E0%A5%8D,,,,
upaniṣad,cākṣuṣopaniṣad.txt,Cākṣuṣopaniṣad,https://sa.wikisource.org/wiki/%E0%A4%9A%E0%A4%BE%E0%A4%95%E0%A5%8D%E0%A4%B7%E0%A5%81%E0%A4%B7_%E0%A4%89%E0%A4%AA%E0%A4%A8%E0%A4%BF%E0%A4%B7%E0%A4%A6,,,,
upaniṣad,dakṣiṇāmūrtyupaniṣat.txt,Dakṣiṇāmūrtyupaniṣad,https://sa.wikisource.org/wiki/%E0%A4%A6%E0%A4%95%E0%A5%8D%E0%A4%B7%E0%A4%BF%E0%A4%A3%E0%A4%BE%E0%A4%AE%E0%A5%82%E0%A4%B0%E0%A5%8D%E0%A4%A4%E0%A5%8D%E0%A4%AF%E0%A5%81%E0%A4%AA%E0%A4%A8%E0%A4%BF%E0%A4%B7%E0%A4%A4%E0%A5%8D,,,,
upaniṣad,dattātreyopaniṣad.txt,Dattātreyopaniṣad,https://sa.wikisource.org/wiki/%E0%A4%A6%E0%A4%A4%E0%A5%8D%E0%A4%A4%E0%A4%BE%E0%A4%A4%E0%A5%8D%E0%A4%B0%E0%A5%87%E0%A4%AF_%E0%A4%89%E0%A4%AA%E0%A4%A8%E0%A4%BF%E0%A4%B7%E0%A4%A6%E0%A5%8D,,,,
upaniṣad,devyupaniṣat.txt,Devyupaniṣad,https://sa.wikisource.org/wiki/%E0%A4%A6%E0%A5%87%E0%A4%B5%E0%A5%8D%E0%A4%AF%E0%A5%81%E0%A4%AA%E0%A4%A8%E0%A4%BF%E0%A4%B7%E0%A4%A4%E0%A5%8D,,,,
upaniṣad,dhyānabindūpaniṣāt.txt,Dhyānabindūpaniṣad,https://sa.wikisource.org/wiki/%E0%A4%A7%E0%A5%8D%E0%A4%AF%E0%A4%BE%E0%A4%A8%E0%A4%AC%E0%A4%BF%E0%A4%A8%E0%A5%8D%E0%A4%A6%E0%A5%82%E0%A4%AA%E0%A4%A8%E0%A4%BF%E0%A4%B7%E0%A4%A4%E0%A5%8D,,,,
upaniṣad,ekākṣaropaniṣat.txt,Ekākṣaropaniṣad,https://sa.wikisource.org/wiki/%E0%A4%8F%E0%A4%95%E0%A4%BE%E0%A4%95%E0%A5%8D%E0%A4%B7%E0%A4%B0%E0%A5%8B%E0%A4%AA%E0%A4%A8%E0%A4%BF%E0%A4%B7%E0%A4%A4%E0%A5%8D,,,,
upaniṣad,garuḍopaniṣat.txt,Garuḍopaniṣad,https://sa.wikisource.org/wiki/%E0%A4%97%E0%A4%B0%E0%A5%81%E0%A4%A1%E0%A5%8B%E0%A4%AA%E0%A4%A8%E0%A4%BF%E0%A4%B7%E0%A4%A4%E0%A5%8D,,,,
upaniṣad,gaṇapatyatharvaśīrṣopaniṣat.txt,Gaṇapatyatharvaśīrṣopaniṣad,https://sa.wikisource.org/wiki/%E0%A4%97%E0%A4%A3%E0%A4%AA%E0%A4%A4%E0%A5%8D%E0%A4%AF%E0%A4%A5%E0%A4%B0%E0%A5%8D%E0%A4%B5%E0%A4%B6%E0%A5%80%E0%A4%B0%E0%A5%8D%E0%A4%B7%E0%A5%8B%E0%A4%AA%E0%A4%A8%E0%A4%BF%E0%A4%B7%E0%A4%A4%E0%A5%8D,,,,
upaniṣad,gopālatāpinyupaniṣat.txt,Gopālatāpinyupaniṣad,https://sa.wikisource.org/wiki/%E0%A4%97%E0%A5%8B%E0%A4%AA%E0%A4%BE%E0%A4%B2%E0%A4%A4%E0%A4%BE%E0%A4%AA%E0%A4%BF%E0%A4%A8%E0%A5%8D%E0%A4%AF%E0%A5%81%E0%A4%AA%E0%A4%A8%E0%A4%BF%E0%A4%B7%E0%A4%A4%E0%A5%8D,,,,
upaniṣad,hayagrīvopaniṣat.txt,Hayagrīvopaniṣad,https://sa.wikisource.org/wiki/%E0%A4%B9%E0%A4%AF%E0%A4%97%E0%A5%8D%E0%A4%B0%E0%A5%80%E0%A4%B5%E0%A5%8B%E0%A4%AA%E0%A4%A8%E0%A4%BF%E0%A4%B7%E0%A4%A4%E0%A5%8D,,,,
upaniṣad,haṃsopaniṣat.txt,Haṃsopaniṣad,https://sa.wikisource.org/wiki/%E0%A4%B9%E0%A4%82%E0%A4%B8%E0%A5%8B%E0%A4%AA%E0%A4%A8%E0%A4%BF%E0%A4%B7%E0%A4%A6%E0%A5%8D,,,,
upaniṣad,itihāsopaniṣat.txt,Itihāsopaniṣad,https://sa.wikisource.org/wiki/%E0%A4%87%E0%A4%A4%E0%A4%BF%E0%A4%B9%E0%A4%BE%E0%A4%B8%E0%A5%8B%E0%A4%AA%E0%A4%A8%E0%A4%BF%E0%A4%B7%E0%A4%A4%E0%A5%8D,,,,
upaniṣad,jābālopaniṣat_sāmavedaḥ.txt,Jābālopaniṣad (Sāmaveda),https://sa.wikisource.org/wiki/%E0%A4%9C%E0%A4%BE%E0%A4%AC%E0%A4%BE%E0%A4%B2%E0%A5%8B%E0%A4%AA%E0%A4%A8%E0%A4%BF%E0%A4%B7%E0%A4%A4%E0%A5%8D_(%E0%A4%B8%E0%A4%BE%E0%A4%AE%E0%A4%B5%E0%A5%87%E0%A4%A6%E0%A4%83),,,,
upaniṣad,jābālopaniṣat_yajurvedaḥ.txt,Jābālopaniṣad (Yajurveda),https://sa.wikisource.org/wiki/%E0%A4%9C%E0%A4%BE%E0%A4%AC%E0%A4%BE%E0%A4%B2%E0%A5%8B%E0%A4%AA%E0%A4%A8%E0%A4%BF%E0%A4%B7%E0%A4%A4%E0%A5%8D_(%E0%A4%AF%E0%A4%9C%E0%A5%81%E0%A4%B0%E0%A5%8D%E0%A4%B5%E0%A5%87%E0%A4%A6%E0%A4%83),,,,
upaniṣad,kalisantaraṇopaniṣat.txt,Kalisantaraṇopaniṣad,https://sa.wikisource.org/wiki/%E0%A4%95%E0%A4%B2%E0%A4%BF%E0%A4%B8%E0%A4%A8%E0%A5%8D%E0%A4%A4%E0%A4%B0%E0%A4%A3%E0%A5%8B%E0%A4%AA%E0%A4%A8%E0%A4%BF%E0%A4%B7%E0%A4%A4%E0%A5%8D,,,,
upaniṣad,kaulopaniṣat.txt,Kaulopaniṣad,https://sa.wikisource.org/wiki/%E0%A4%95%E0%A5%8C%E0%A4%B2%E0%A5%8B%E0%A4%AA%E0%A4%A8%E0%A4%BF%E0%A4%B7%E0%A4%A4%E0%A5%8D,,,,
upaniṣad,kauṣītakibrāhmaṇopaniṣat.txt,Kauṣītakibrāhmaṇopaniṣad,https://sa.wikisource.org/wiki/%E0%A4%95%E0%A5%8C%E0%A4%B7%E0%A5%80%E0%A4%A4%E0%A4%95%E0%A4%BF%E0%A4%AC%E0%A5%8D%E0%A4%B0%E0%A4%BE%E0%A4%B9%E0%A5%8D%E0%A4%AE%E0%A4%A3%E0%A5%8B%E0%A4%AA%E0%A4%A8%E0%A4%BF%E0%A4%B7%E0%A4%A4%E0%A5%8D,,,,
upaniṣad,kaṭharudropaniṣat.txt,Kaṭharudropaniṣad,https://sa.wikisource.org/wiki/%E0%A4%95%E0%A4%A0%E0%A4%B0%E0%A5%81%E0%A4%A6%E0%A5%8D%E0%A4%B0%E0%A5%8B%E0%A4%AA%E0%A4%A8%E0%A4%BF%E0%A4%B7%E0%A4%A4%E0%A5%8D,,,,
upaniṣad,kaṭhorudropaniṣat.txt,Kaṭhorudropaniṣad,https://sa.wikisource.org/wiki/%E0%A4%95%E0%A4%A0%E0%A4%B0%E0%A5%81%E0%A4%A6%E0%A5%8D%E0%A4%B0%E0%A5%8B%E0%A4%AA%E0%A4%A8%E0%A4%BF%E0%A4%B7%E0%A4%A4%E0%A5%8D,,,,
upaniṣad,kenopaniṣad.txt,Kenopaniṣad,https://sa.wikisource.org/wiki/%E0%A4%95%E0%A5%87%E0%A4%A8%E0%A5%8B%E0%A4%AA%E0%A4%A8%E0%A4%BF%E0%A4%B7%E0%A4%A6%E0%A5%8D,,,,
upaniṣad,kenopaniṣadbhāṣyam.txt,Kenopaniṣadbhāṣya,https://sa.wikisource.org/wiki/%E0%A4%95%E0%A5%87%E0%A4%A8%E0%A5%8B%E0%A4%AA%E0%A4%A8%E0%A4%BF%E0%A4%B7%E0%A4%A6%E0%A5%8D%E0%A4%AD%E0%A4%BE%E0%A4%B7%E0%A5%8D%E0%A4%AF%E0%A4%AE%E0%A5%8D,,,,
upaniṣad,kuṇḍikopaniṣat.txt,Kuṇḍikopaniṣad,https://sa.wikisource.org/wiki/%E0%A4%95%E0%A5%81%E0%A4%A3%E0%A5%8D%E0%A4%A1%E0%A4%BF%E0%A4%95%E0%A5%8B%E0%A4%AA%E0%A4%A8%E0%A4%BF%E0%A4%B7%E0%A4%A4%E0%A5%8D,,,,
upaniṣad,kālāgnirudropaniṣat.txt,Kālāgnirudropaniṣad,https://sa.wikisource.org/wiki/%E0%A4%95%E0%A4%BE%E0%A4%B2%E0%A4%BE%E0%A4%97%E0%A5%8D%E0%A4%A8%E0%A4%BF%E0%A4%B0%E0%A5%81%E0%A4%A6%E0%A5%8D%E0%A4%B0%E0%A5%8B%E0%A4%AA%E0%A4%A8%E0%A4%BF%E0%A4%B7%E0%A4%A4%E0%A5%8D,,,,
upaniṣad,kṛṣṇopaniṣat.txt,Kṛṣṇopaniṣad,https://sa.wikisource.org/wiki/%E0%A4%95%E0%A5%83%E0%A4%B7%E0%A5%8D%E0%A4%A3%E0%A5%8B%E0%A4%AA%E0%A4%A8%E0%A4%BF%E0%A4%B7%E0%A4%A4%E0%A5%8D,,,,
upaniṣad,kṣurikopaniṣat.txt,Kṣurikopaniṣad,https://sa.wikisource.org/wiki/%E0%A4%95%E0%A5%8D%E0%A4%B7%E0%A5%81%E0%A4%B0%E0%A4%BF%E0%A4%95%E0%A5%8B%E0%A4%AA%E0%A4%A8%E0%A4%BF%E0%A4%B7%E0%A4%A4%E0%A5%8D,,,,
upaniṣad,mahopaniṣat.txt,Mahopaniṣad,https://sa.wikisource.org/wiki/%E0%A4%AE%E0%A4%B9%E0%A5%8B%E0%A4%AA%E0%A4%A8%E0%A4%BF%E0%A4%B7%E0%A4%A4%E0%A5%8D,,,,
upaniṣad,mahānārāyaṇopaniṣat.txt,Mahānārāyaṇopaniṣad,https://sa.wikisource.org/wiki/%E0%A4%AE%E0%A4%B9%E0%A4%BE%E0%A4%A8%E0%A4%BE%E0%A4%B0%E0%A4%BE%E0%A4%AF%E0%A4%A3%E0%A5%8B%E0%A4%AA%E0%A4%A8%E0%A4%BF%E0%A4%B7%E0%A4%A4%E0%A5%8D,,,,
upaniṣad,mahāvākyopaniṣat.txt,Mahāvākyopaniṣad,https://sa.wikisource.org/wiki/%E0%A4%AE%E0%A4%B9%E0%A4%BE%E0%A4%B5%E0%A4%BE%E0%A4%95%E0%A5%8D%E0%A4%AF%E0%A5%8B%E0%A4%AA%E0%A4%A8%E0%A4%BF%E0%A4%B7%E0%A4%A4%E0%A5%8D,,,,
upaniṣad,maithilīmahopaṣat.txt,Maithilīmahopaṣad,https://sa.wikisource.org/wiki/%E0%A4%AE%E0%A5%88%E0%A4%A5%E0%A4%BF%E0%A4%B2%E0%A5%80%E0%A4%AE%E0%A4%B9%E0%A5%8B%E0%A4%AA%E0%A4%A8%E0%A4%BF%E0%A4%B7%E0%A4%A4%E0%A5%8D,,,,
upaniṣad,maitreyyupaniṣat.txt,Maitreyyupaniṣad,https://sa.wikisource.org/wiki/%E0%A4%AE%E0%A5%88%E0%A4%A4%E0%A5%8D%E0%A4%B0%E0%A5%87%E0%A4%AF%E0%A5%8D%E0%A4%AF%E0%A5%81%E0%A4%AA%E0%A4%A8%E0%A4%BF%E0%A4%B7%E0%A4%A4%E0%A5%8D,,,,
upaniṣad,maitrāyaṇyupaniṣat.txt,Maitrāyaṇyupaniṣad,https://sa.wikisource.org/wiki/%E0%A4%AE%E0%A5%88%E0%A4%A4%E0%A5%8D%E0%A4%B0%E0%A4%BE%E0%A4%AF%E0%A4%A3%E0%A5%8D%E0%A4%AF%E0%A5%81%E0%A4%AA%E0%A4%A8%E0%A4%BF%E0%A4%B7%E0%A4%A4%E0%A5%8D,,,,
upaniṣad,maṇḍalabrāhmaṇopaniṣat.txt,Maṇḍalabrāhmaṇopaniṣad,https://sa.wikisource.org/wiki/%E0%A4%AE%E0%A4%A3%E0%A5%8D%E0%A4%A1%E0%A4%B2%E0%A4%AC%E0%A5%8D%E0%A4%B0%E0%A4%BE%E0%A4%B9%E0%A5%8D%E0%A4%AE%E0%A4%A3%E0%A5%8B%E0%A4%AA%E0%A4%A8%E0%A4%BF%E0%A4%B7%E0%A4%A4%E0%A5%8D,,,,
upaniṣad,mudgalopaniṣat.txt,Mudgalopaniṣad,https://sa.wikisource.org/wiki/%E0%A4%AE%E0%A5%81%E0%A4%A6%E0%A5%8D%E0%A4%97%E0%A4%B2%E0%A5%8B%E0%A4%AA%E0%A4%A8%E0%A4%BF%E0%A4%B7%E0%A4%A4%E0%A5%8D,,,,
upaniṣad,muktikopaniṣat.txt,Muktikopaniṣad,https://sa.wikisource.org/wiki/%E0%A4%AE%E0%A5%81%E0%A4%95%E0%A5%8D%E0%A4%A4%E0%A4%BF%E0%A4%95%E0%A5%8B%E0%A4%AA%E0%A4%A8%E0%A4%BF%E0%A4%B7%E0%A4%A4%E0%A5%8D,,,,
upaniṣad,muṇḍakopaniṣad.txt,Muṇḍakopaniṣad,https://sa.wikisource.org/wiki/%E0%A4%AE%E0%A5%81%E0%A4%A3%E0%A5%8D%E0%A4%A1%E0%A4%95%E0%A5%8B%E0%A4%AA%E0%A4%A8%E0%A4%BF%E0%A4%B7%E0%A4%A6%E0%A5%8D,,,,
upaniṣad,muṇḍakopaniṣadbhāṣyam.txt,Muṇḍakopaniṣadbhāṣya,https://sa.wikisource.org/wiki/%E0%A4%AE%E0%A5%81%E0%A4%A3%E0%A5%8D%E0%A4%A1%E0%A4%95%E0%A5%8B%E0%A4%AA%E0%A4%A8%E0%A4%BF%E0%A4%B7%E0%A4%A6%E0%A5%8D%E0%A4%AD%E0%A4%BE%E0%A4%B7%E0%A5%8D%E0%A4%AF%E0%A4%AE%E0%A5%8D,,,,
upaniṣad,māntrikopaniṣat.txt,Māntrikopaniṣad,https://sa.wikisource.org/wiki/%E0%A4%AE%E0%A4%BE%E0%A4%A8%E0%A5%8D%E0%A4%A4%E0%A5%8D%E0%A4%B0%E0%A4%BF%E0%A4%95%E0%A5%8B%E0%A4%AA%E0%A4%A8%E0%A4%BF%E0%A4%B7%E0%A4%A4%E0%A5%8D,,,,
upaniṣad,niruktopaniṣat.txt,Niruktopaniṣad,https://sa.wikisource.org/wiki/%E0%A4%A8%E0%A4%BF%E0%A4%B0%E0%A5%81%E0%A4%95%E0%A5%8D%E0%A4%A4%E0%A5%8B%E0%A4%AA%E0%A4%A8%E0%A4%BF%E0%A4%B7%E0%A4%A4%E0%A5%8D,,,,
upaniṣad,nirvāṇopaniṣat.txt,Nirvāṇopaniṣad,https://sa.wikisource.org/wiki/%E0%A4%A8%E0%A4%BF%E0%A4%B0%E0%A5%8D%E0%A4%B5%E0%A4%BE%E0%A4%A3%E0%A5%8B%E0%A4%AA%E0%A4%A8%E0%A4%BF%E0%A4%B7%E0%A4%A4%E0%A5%8D,,,,
upaniṣad,nirālambopaniṣat.txt,Nirālambopaniṣat,https://sa.wikisource.org/wiki/%E0%A4%A8%E0%A4%BF%E0%A4%B0%E0%A4%BE%E0%A4%B2%E0%A4%AE%E0%A5%8D%E0%A4%AC%E0%A5%8B%E0%A4%AA%E0%A4%A8%E0%A4%BF%E0%A4%B7%E0%A4%A4%E0%A5%8D,,,,
upaniṣad,nāradaparivrājakopaniṣat.txt,Nāradaparivrājakopaniṣat,https://sa.wikisource.org/wiki/%E0%A4%A8%E0%A4%BE%E0%A4%B0%E0%A4%A6%E0%A4%AA%E0%A4%B0%E0%A4%BF%E0%A4%B5%E0%A5%8D%E0%A4%B0%E0%A4%BE%E0%A4%9C%E0%A4%95%E0%A5%8B%E0%A4%AA%E0%A4%A8%E0%A4%BF%E0%A4%B7%E0%A4%A4%E0%A5%8D,,,,
upaniṣad,nārāyaṇapūrvatāpinīyopaniṣat.txt,Nārāyaṇapūrvatāpinīyopaniṣat,https://sa.wikisource.org/wiki/%E0%A4%A8%E0%A4%BE%E0%A4%B0%E0%A4%BE%E0%A4%AF%E0%A4%A3%E0%A4%AA%E0%A5%82%E0%A4%B0%E0%A5%8D%E0%A4%B5%E0%A4%A4%E0%A4%BE%E0%A4%AA%E0%A4%BF%E0%A4%A8%E0%A5%80%E0%A4%AF%E0%A5%8B%E0%A4%AA%E0%A4%A8%E0%A4%BF%E0%A4%B7%E0%A4%A4%E0%A5%8D,,,,
upaniṣad,nārāyaṇopaniṣad.txt,Nārāyaṇopaniṣad,https://sa.wikisource.org/wiki/%E0%A4%A8%E0%A4%BE%E0%A4%B0%E0%A4%BE%E0%A4%AF%E0%A4%A3%E0%A5%8B%E0%A4%AA%E0%A4%A8%E0%A4%BF%E0%A4%B7%E0%A4%A6%E0%A5%8D,,,,
upaniṣad,nārāyaṇottaratāpinīyopaniṣat.txt,Nārāyaṇottaratāpinīyopaniṣad,https://sa.wikisource.org/wiki/%E0%A4%A8%E0%A4%BE%E0%A4%B0%E0%A4%BE%E0%A4%AF%E0%A4%A3%E0%A5%8B%E0%A4%A4%E0%A5%8D%E0%A4%A4%E0%A4%B0%E0%A4%A4%E0%A4%BE%E0%A4%AA%E0%A4%BF%E0%A4%A8%E0%A5%80%E0%A4%AF%E0%A5%8B%E0%A4%AA%E0%A4%A8%E0%A4%BF%E0%A4%B7%E0%A4%A4%E0%A5%8D,,,,
upaniṣad,nṛsiṃhapūrvatāpanīyopaniṣadbhāṣyam.txt,Nṛsiṃhapūrvatāpanīyopaniṣadbhāṣya,https://sa.wikisource.org/wiki/%E0%A4%A8%E0%A5%83%E0%A4%B8%E0%A4%BF%E0%A4%82%E0%A4%B9%E0%A4%AA%E0%A5%82%E0%A4%B0%E0%A5%8D%E0%A4%B5%E0%A4%A4%E0%A4%BE%E0%A4%AA%E0%A4%A8%E0%A5%80%E0%A4%AF%E0%A5%8B%E0%A4%AA%E0%A4%A8%E0%A4%BF%E0%A4%B7%E0%A4%A6%E0%A5%8D%E0%A4%AD%E0%A4%BE%E0%A4%B7%E0%A5%8D%E0%A4%AF%E0%A4%AE%E0%A5%8D,,Śrīśaṅkara,,
upaniṣad,nṛsiṃhatāpanyupaniṣad_1.txt,Nṛsiṃhatāpanyupaniṣad-1,https://sa.wikisource.org/wiki/%E0%A4%A8%E0%A5%83%E0%A4%B8%E0%A4%BF%E0%A4%82%E0%A4%B9%E0%A4%A4%E0%A4%BE%E0%A4%AA%E0%A4%A8%E0%A5%80_%E0%A4%89%E0%A4%AA%E0%A4%A8%E0%A4%BF%E0%A4%B7%E0%A4%A6%E0%A5%8D-1,,,,
upaniṣad,nṛsiṃhottaratāpanīyopaniṣad.txt,Nṛsiṃhottaratāpanīyopaniṣad,https://sa.wikisource.org/wiki/%E0%A4%A8%E0%A5%83%E0%A4%B8%E0%A4%BF%E0%A4%82%E0%A4%B9%E0%A5%8B%E0%A4%A4%E0%A5%8D%E0%A4%A4%E0%A4%B0%E0%A4%A4%E0%A4%BE%E0%A4%AA%E0%A4%A8%E0%A5%80%E0%A4%AF%E0%A5%8B%E0%A4%AA%E0%A4%A8%E0%A4%BF%E0%A4%B7%E0%A4%A6,,,,
upaniṣad,paiṅgalopaniṣat.txt,Paiṅgalopaniṣad,https://sa.wikisource.org/wiki/%E0%A4%AA%E0%A5%88%E0%A4%99%E0%A5%8D%E0%A4%97%E0%A4%B2%E0%A5%8B%E0%A4%AA%E0%A4%A8%E0%A4%BF%E0%A4%B7%E0%A4%A4%E0%A5%8D,,,,
upaniṣad,parabrahmopaniṣat.txt,Parabrahmopaniṣad,https://sa.wikisource.org/wiki/%E0%A4%AA%E0%A4%B0%E0%A4%AC%E0%A5%8D%E0%A4%B0%E0%A4%B9%E0%A5%8D%E0%A4%AE%E0%A5%8B%E0%A4%AA%E0%A4%A8%E0%A4%BF%E0%A4%B7%E0%A4%A4%E0%A5%8D,,,,
upaniṣad,paramahaṃsaparivrājakopaniṣat.txt,Paramahaṃsaparivrājakopaniṣad,https://sa.wikisource.org/wiki/%E0%A4%AA%E0%A4%B0%E0%A4%AE%E0%A4%B9%E0%A4%82%E0%A4%B8%E0%A4%AA%E0%A4%B0%E0%A4%BF%E0%A4%B5%E0%A5%8D%E0%A4%B0%E0%A4%BE%E0%A4%9C%E0%A4%95%E0%A5%8B%E0%A4%AA%E0%A4%A8%E0%A4%BF%E0%A4%B7%E0%A4%A4%E0%A5%8D,,,,
upaniṣad,paramahaṃsopaniṣad.txt,Paramahaṃsopaniṣad,https://sa.wikisource.org/wiki/%E0%A4%AA%E0%A4%B0%E0%A4%AE%E0%A4%B9%E0%A4%82%E0%A4%B8%E0%A5%8B%E0%A4%AA%E0%A4%A8%E0%A4%BF%E0%A4%B7%E0%A4%A6%E0%A5%8D,,,,
upaniṣad,parivrādpaniṣad_nāradaparivrājaka.txt,Parivrādpaniṣad (nāradaparivrājaka),https://sa.wikisource.org/wiki/%E0%A4%AA%E0%A4%B0%E0%A4%BF%E0%A4%B5%E0%A5%8D%E0%A4%B0%E0%A4%BE%E0%A4%A4%E0%A5%8D_%E0%A4%89%E0%A4%AA%E0%A4%A8%E0%A4%BF%E0%A4%B7%E0%A4%A6%E0%A5%8D_(%E0%A4%A8%E0%A4%BE%E0%A4%B0%E0%A4%A6%E0%A4%AA%E0%A4%B0%E0%A4%BF%E0%A4%B5%E0%A5%8D%E0%A4%B0%E0%A4%BE%E0%A4%9C%E0%A4%95),,,,
upaniṣad,pañcabrahmopaniṣat.txt,Pañcabrahmopaniṣad,https://sa.wikisource.org/wiki/%E0%A4%AA%E0%A4%9E%E0%A5%8D%E0%A4%9A%E0%A4%AC%E0%A5%8D%E0%A4%B0%E0%A4%B9%E0%A5%8D%E0%A4%AE%E0%A5%8B%E0%A4%AA%E0%A4%A8%E0%A4%BF%E0%A4%B7%E0%A4%A4%E0%A5%8D,,,,
upaniṣad,piṇḍopaniṣat.txt,Piṇḍopaniṣad,https://sa.wikisource.org/wiki/%E0%A4%AA%E0%A4%BF%E0%A4%A3%E0%A5%8D%E0%A4%A1%E0%A5%8B%E0%A4%AA%E0%A4%A8%E0%A4%BF%E0%A4%B7%E0%A4%A4%E0%A5%8D,,,,
upaniṣad,praṇavopaniṣat_1.txt,Praṇavopaniṣad (1),https://sa.wikisource.org/wiki/%E0%A4%AA%E0%A5%8D%E0%A4%B0%E0%A4%A3%E0%A4%B5%E0%A5%8B%E0%A4%AA%E0%A4%A8%E0%A4%BF%E0%A4%B7%E0%A4%A4%E0%A5%8D_(%E0%A5%A7),,,,
upaniṣad,praṇavopaniṣat_2.txt,Praṇavopaniṣad (1),https://sa.wikisource.org/wiki/%E0%A4%AA%E0%A5%8D%E0%A4%B0%E0%A4%A3%E0%A4%B5%E0%A5%8B%E0%A4%AA%E0%A4%A8%E0%A4%BF%E0%A4%B7%E0%A4%A4%E0%A5%8D_(%E0%A5%A7),,,,
upaniṣad,prāṇāgnihotropaniṣat.txt,Prāṇāgnihotropaniṣad,https://sa.wikisource.org/wiki/%E0%A4%AA%E0%A5%8D%E0%A4%B0%E0%A4%BE%E0%A4%A3%E0%A4%BE%E0%A4%97%E0%A5%8D%E0%A4%A8%E0%A4%BF%E0%A4%B9%E0%A5%8B%E0%A4%A4%E0%A5%8D%E0%A4%B0%E0%A5%8B%E0%A4%AA%E0%A4%A8%E0%A4%BF%E0%A4%B7%E0%A4%A4%E0%A5%8D,,,,
upaniṣad,pāśupatabrahmopaniṣat.txt,Pāśupatabrahmopaniṣad,https://sa.wikisource.org/wiki/%E0%A4%AA%E0%A4%BE%E0%A4%B6%E0%A5%81%E0%A4%AA%E0%A4%A4%E0%A4%AC%E0%A5%8D%E0%A4%B0%E0%A4%B9%E0%A5%8D%E0%A4%AE%E0%A5%8B%E0%A4%AA%E0%A4%A8%E0%A4%BF%E0%A4%B7%E0%A4%A4%E0%A5%8D,,,,
upaniṣad,rudrahṛdayopaniṣat.txt,Rudrahṛdayopaniṣad,https://sa.wikisource.org/wiki/%E0%A4%B0%E0%A5%81%E0%A4%A6%E0%A5%8D%E0%A4%B0%E0%A4%B9%E0%A5%83%E0%A4%A6%E0%A4%AF%E0%A5%8B%E0%A4%AA%E0%A4%A8%E0%A4%BF%E0%A4%B7%E0%A4%A4%E0%A5%8D,,,,
upaniṣad,rudrākṣajābālopaniṣat.txt,Rudrākṣajābālopaniṣad,https://sa.wikisource.org/wiki/%E0%A4%B0%E0%A5%81%E0%A4%A6%E0%A5%8D%E0%A4%B0%E0%A4%BE%E0%A4%95%E0%A5%8D%E0%A4%B7%E0%A4%9C%E0%A4%BE%E0%A4%AC%E0%A4%BE%E0%A4%B2%E0%A5%8B%E0%A4%AA%E0%A4%A8%E0%A4%BF%E0%A4%B7%E0%A4%A4%E0%A5%8D,,,,
upaniṣad,rādhopaniṣat.txt,Rādhopaniṣad,https://sa.wikisource.org/wiki/%E0%A4%B0%E0%A4%BE%E0%A4%A7%E0%A5%8B%E0%A4%AA%E0%A4%A8%E0%A4%BF%E0%A4%B7%E0%A4%A4%E0%A5%8D,,,,
upaniṣad,rāmarahasyopaniṣat.txt,Rāmarahasyopaniṣad,https://sa.wikisource.org/wiki/%E0%A4%B0%E0%A4%BE%E0%A4%AE%E0%A4%B0%E0%A4%B9%E0%A4%B8%E0%A5%8D%E0%A4%AF%E0%A5%8B%E0%A4%AA%E0%A4%A8%E0%A4%BF%E0%A4%B7%E0%A4%A4%E0%A5%8D,,,,
upaniṣad,rāmatāpinyupaniṣat.txt,Rāmatāpinyupaniṣad,https://sa.wikisource.org/wiki/%E0%A4%B0%E0%A4%BE%E0%A4%AE%E0%A4%A4%E0%A4%BE%E0%A4%AA%E0%A4%BF%E0%A4%A8%E0%A5%8D%E0%A4%AF%E0%A5%81%E0%A4%AA%E0%A4%A8%E0%A4%BF%E0%A4%B7%E0%A4%A4%E0%A5%8D,,,,
upaniṣad,sarasvatīrahasyopaniṣat.txt,Sarasvatīrahasyopaniṣad,https://sa.wikisource.org/wiki/%E0%A4%B8%E0%A4%B0%E0%A4%B8%E0%A5%8D%E0%A4%B5%E0%A4%A4%E0%A5%80%E0%A4%B0%E0%A4%B9%E0%A4%B8%E0%A5%8D%E0%A4%AF%E0%A5%8B%E0%A4%AA%E0%A4%A8%E0%A4%BF%E0%A4%B7%E0%A4%A4%E0%A5%8D,,,,
upaniṣad,sarvasāropaniṣat.txt,Sarvasāropaniṣad,https://sa.wikisource.org/wiki/%E0%A4%B8%E0%A4%B0%E0%A5%8D%E0%A4%B5%E0%A4%B8%E0%A4%BE%E0%A4%B0%E0%A5%8B%E0%A4%AA%E0%A4%A8%E0%A4%BF%E0%A4%B7%E0%A4%A4%E0%A5%8D,,,,
upaniṣad,saubhāgyalakṣmyupaniṣat.txt,Saubhāgyalakṣmyupaniṣad,https://sa.wikisource.org/wiki/%E0%A4%B8%E0%A5%8C%E0%A4%AD%E0%A4%BE%E0%A4%97%E0%A5%8D%E0%A4%AF%E0%A4%B2%E0%A4%95%E0%A5%8D%E0%A4%B7%E0%A5%8D%E0%A4%AE%E0%A5%8D%E0%A4%AF%E0%A5%81%E0%A4%AA%E0%A4%A8%E0%A4%BF%E0%A4%B7%E0%A4%A4%E0%A5%8D,,,,
upaniṣad,saṃnyāsopaniṣat.txt,Saṃnyāsopaniṣad,https://sa.wikisource.org/wiki/%E0%A4%B8%E0%A4%82%E0%A4%A8%E0%A5%8D%E0%A4%AF%E0%A4%BE%E0%A4%B8%E0%A5%8B%E0%A4%AA%E0%A4%A8%E0%A4%BF%E0%A4%B7%E0%A4%A4%E0%A5%8D,,,,
upaniṣad,skandopaniṣad.txt,Skandopaniṣad,https://sa.wikisource.org/wiki/%E0%A4%B8%E0%A5%8D%E0%A4%95%E0%A4%A8%E0%A5%8D%E0%A4%A6_%E0%A4%89%E0%A4%AA%E0%A4%A8%E0%A4%BF%E0%A4%B7%E0%A4%A6%E0%A5%8D,,,,
upaniṣad,subālopaniṣat.txt,Subālopaniṣad,https://sa.wikisource.org/wiki/%E0%A4%B8%E0%A5%81%E0%A4%AC%E0%A4%BE%E0%A4%B2%E0%A5%8B%E0%A4%AA%E0%A4%A8%E0%A4%BF%E0%A4%B7%E0%A4%A4%E0%A5%8D,,,,
upaniṣad,suktikopaniṣat.txt,Suktikopaniṣad,https://sa.wikisource.org/wiki/%E0%A4%AE%E0%A5%81%E0%A4%95%E0%A5%8D%E0%A4%A4%E0%A4%BF%E0%A4%95%E0%A5%8B%E0%A4%AA%E0%A4%A8%E0%A4%BF%E0%A4%B7%E0%A4%A4%E0%A5%8D,,,,
upaniṣad,sāmarahasyopaniṣat.txt,Sāmarahasyopaniṣad,https://sa.wikisource.org/wiki/%E0%A4%B8%E0%A4%BE%E0%A4%AE%E0%A4%B0%E0%A4%B9%E0%A4%B8%E0%A5%8D%E0%A4%AF%E0%A5%8B%E0%A4%AA%E0%A4%A8%E0%A4%BF%E0%A4%B7%E0%A4%A4%E0%A5%8D,,,,
upaniṣad,sāvitryupaniṣat.txt,Sāvitryupaniṣad,https://sa.wikisource.org/wiki/%E0%A4%B8%E0%A4%BE%E0%A4%B5%E0%A4%BF%E0%A4%A4%E0%A5%8D%E0%A4%B0%E0%A5%8D%E0%A4%AF%E0%A5%81%E0%A4%AA%E0%A4%A8%E0%A4%BF%E0%A4%B7%E0%A4%A4%E0%A5%8D,,,,
upaniṣad,sītopaniṣat.txt,Sītopaniṣad,https://sa.wikisource.org/wiki/%E0%A4%B8%E0%A5%80%E0%A4%A4%E0%A5%8B%E0%A4%AA%E0%A4%A8%E0%A4%BF%E0%A4%B7%E0%A4%A4%E0%A5%8D,,,,
upaniṣad,sūryopaniṣat.txt,Sūryopaniṣad,https://sa.wikisource.org/wiki/%E0%A4%B8%E0%A5%82%E0%A4%B0%E0%A5%8D%E0%A4%AF%E0%A5%8B%E0%A4%AA%E0%A4%A8%E0%A4%BF%E0%A4%B7%E0%A4%A4%E0%A5%8D,,,,
upaniṣad,tejobindūpaniṣad.txt,Tejobindūpaniṣad,https://sa.wikisource.org/wiki/%E0%A4%A4%E0%A5%87%E0%A4%9C%E0%A5%8B%E0%A4%AC%E0%A4%BF%E0%A4%A8%E0%A5%8D%E0%A4%A6%E0%A5%82%E0%A4%AA%E0%A4%A8%E0%A4%BF%E0%A4%B7%E0%A4%A6%E0%A5%8D,,,,
upaniṣad,tripuropaniṣat.txt,Tripuropaniṣad,https://sa.wikisource.org/wiki/%E0%A4%A4%E0%A5%8D%E0%A4%B0%E0%A4%BF%E0%A4%AA%E0%A5%81%E0%A4%B0%E0%A5%8B%E0%A4%AA%E0%A4%A8%E0%A4%BF%E0%A4%B7%E0%A4%A4%E0%A5%8D,,,,
upaniṣad,tripurātāpinyupaniṣat.txt,Tripurātāpinyupaniṣad,https://sa.wikisource.org/wiki/%E0%A4%A4%E0%A5%8D%E0%A4%B0%E0%A4%BF%E0%A4%AA%E0%A5%81%E0%A4%B0%E0%A4%BE%E0%A4%A4%E0%A4%BE%E0%A4%AA%E0%A4%BF%E0%A4%A8%E0%A5%8D%E0%A4%AF%E0%A5%81%E0%A4%AA%E0%A4%A8%E0%A4%BF%E0%A4%B7%E0%A4%A4%E0%A5%8D,,,,
upaniṣad,triśikhibrāhmaṇopaniṣat.txt,Triśikhibrāhmaṇopaniṣad,https://sa.wikisource.org/wiki/%E0%A4%A4%E0%A5%8D%E0%A4%B0%E0%A4%BF%E0%A4%B6%E0%A4%BF%E0%A4%96%E0%A4%BF%E0%A4%AC%E0%A5%8D%E0%A4%B0%E0%A4%BE%E0%A4%B9%E0%A5%8D%E0%A4%AE%E0%A4%A3%E0%A5%8B%E0%A4%AA%E0%A4%A8%E0%A4%BF%E0%A4%B7%E0%A4%A4%E0%A5%8D,,,,
upaniṣad,turīyātītopaniṣat.txt,Turīyātītopaniṣad,https://sa.wikisource.org/wiki/%E0%A4%A4%E0%A5%81%E0%A4%B0%E0%A5%80%E0%A4%AF%E0%A4%BE%E0%A4%A4%E0%A5%80%E0%A4%A4%E0%A5%8B%E0%A4%AA%E0%A4%A8%E0%A4%BF%E0%A4%B7%E0%A4%A4%E0%A5%8D,,,,
upaniṣad,tārasāropaniṣat.txt,Tārasāropaniṣad,https://sa.wikisource.org/wiki/%E0%A4%A4%E0%A4%BE%E0%A4%B0%E0%A4%B8%E0%A4%BE%E0%A4%B0%E0%A5%8B%E0%A4%AA%E0%A4%A8%E0%A4%BF%E0%A4%B7%E0%A4%A4%E0%A5%8D,,,,
upaniṣad,vajrasūcyupaniṣat.txt,Vajrasūcyupaniṣad,https://sa.wikisource.org/wiki/%E0%A4%B5%E0%A4%9C%E0%A5%8D%E0%A4%B0%E0%A4%B8%E0%A5%82%E0%A4%9A%E0%A5%8D%E0%A4%AF%E0%A5%81%E0%A4%AA%E0%A4%A8%E0%A4%BF%E0%A4%B7%E0%A4%A4%E0%A5%8D,,,,
upaniṣad,varāhopaniṣat.txt,Varāhopaniṣad,https://sa.wikisource.org/wiki/%E0%A4%B5%E0%A4%B0%E0%A4%BE%E0%A4%B9%E0%A5%8B%E0%A4%AA%E0%A4%A8%E0%A4%BF%E0%A4%B7%E0%A4%A4%E0%A5%8D,,,,
upaniṣad,viśvaṃbharopaniṣat.txt,Viśvaṃbharopaniṣad,https://sa.wikisource.org/wiki/%E0%A4%B5%E0%A4%BF%E0%A4%B6%E0%A5%8D%E0%A4%B5%E0%A4%82%E0%A4%AD%E0%A4%B0%E0%A5%8B%E0%A4%AA%E0%A4%A8%E0%A4%BF%E0%A4%B7%E0%A4%A4%E0%A5%8D,,,,
upaniṣad,vāsudevopaniṣat.txt,Vāsudevopaniṣad,https://sa.wikisource.org/wiki/%E0%A4%B5%E0%A4%BE%E0%A4%B8%E0%A5%81%E0%A4%A6%E0%A5%87%E0%A4%B5%E0%A5%8B%E0%A4%AA%E0%A4%A8%E0%A4%BF%E0%A4%B7%E0%A4%A4%E0%A5%8D,,,,
upaniṣad,yogacūḍāmaṇyupaniṣat.txt,Yogacūḍāmaṇyupaniṣad,https://sa.wikisource.org/wiki/%E0%A4%AF%E0%A5%8B%E0%A4%97%E0%A4%9A%E0%A5%82%E0%A4%A1%E0%A4%BE%E0%A4%AE%E0%A4%A3%E0%A5%8D%E0%A4%AF%E0%A5%81%E0%A4%AA%E0%A4%A8%E0%A4%BF%E0%A4%B7%E0%A4%A4%E0%A5%8D,,,,
upaniṣad,yogakuṇḍalyupaniṣat.txt,Yogakuṇḍalyupaniṣad,https://sa.wikisource.org/wiki/%E0%A4%AF%E0%A5%8B%E0%A4%97%E0%A4%95%E0%A5%81%E0%A4%A3%E0%A5%8D%E0%A4%A1%E0%A4%B2%E0%A5%8D%E0%A4%AF%E0%A5%81%E0%A4%AA%E0%A4%A8%E0%A4%BF%E0%A4%B7%E0%A4%A4%E0%A5%8D,,,,
upaniṣad,yogatattvopaniṣat.txt,Yogatattvopaniṣad,https://sa.wikisource.org/wiki/%E0%A4%AF%E0%A5%8B%E0%A4%97%E0%A4%A4%E0%A4%A4%E0%A5%8D%E0%A4%A4%E0%A5%8D%E0%A4%B5%E0%A5%8B%E0%A4%AA%E0%A4%A8%E0%A4%BF%E0%A4%B7%E0%A4%A4%E0%A5%8D,,,,
upaniṣad,yogaśikṣopaniṣad.txt,Yogaśikṣopaniṣad,https://sa.wikisource.org/wiki/%E0%A4%AF%E0%A5%8B%E0%A4%97%E0%A4%B6%E0%A4%BF%E0%A4%95%E0%A5%8D%E0%A4%B7%E0%A5%8B%E0%A4%AA%E0%A4%A8%E0%A4%BF%E0%A4%B7%E0%A4%A6%E0%A5%8D,,,,
upaniṣad,yājñavalkyopaniṣat.txt,Yājñavalkyopaniṣad,https://sa.wikisource.org/wiki/%E0%A4%AF%E0%A4%BE%E0%A4%9C%E0%A5%8D%E0%A4%9E%E0%A4%B5%E0%A4%B2%E0%A5%8D%E0%A4%95%E0%A5%8D%E0%A4%AF%E0%A5%8B%E0%A4%AA%E0%A4%A8%E0%A4%BF%E0%A4%B7%E0%A4%A4%E0%A5%8D,,,,
upaniṣad,āruṇeyopaniṣad.txt,Āruṇeyopaniṣad,https://sa.wikisource.org/wiki/%E0%A4%86%E0%A4%B0%E0%A5%81%E0%A4%A3%E0%A5%87%E0%A4%AF%E0%A5%8B%E0%A4%AA%E0%A4%A8%E0%A4%BF%E0%A4%B7%E0%A4%A6%E0%A5%8D,,,,
upaniṣad,ārṣeyopaniṣat.txt,Ārṣeyopaniṣad,https://sa.wikisource.org/wiki/%E0%A4%86%E0%A4%B0%E0%A5%8D%E0%A4%B7%E0%A5%87%E0%A4%AF%E0%A5%8B%E0%A4%AA%E0%A4%A8%E0%A4%BF%E0%A4%B7%E0%A4%A4%E0%A5%8D,,,,
upaniṣad,ātmabodhopaniṣat.txt,Ātmabodhopaniṣad,https://sa.wikisource.org/wiki/%E0%A4%86%E0%A4%A4%E0%A5%8D%E0%A4%AE%E0%A4%AC%E0%A5%8B%E0%A4%A7%E0%A5%8B%E0%A4%AA%E0%A4%A8%E0%A4%BF%E0%A4%B7%E0%A4%A4%E0%A5%8D,,,,
upaniṣad,ātmopaniṣat.txt,Ātmopaniṣad,https://sa.wikisource.org/wiki/%E0%A4%86%E0%A4%A4%E0%A5%8D%E0%A4%AE%E0%A5%8B%E0%A4%AA%E0%A4%A8%E0%A4%BF%E0%A4%B7%E0%A4%A4%E0%A5%8D,,,,
upaniṣad,śarabhopaniṣat.txt,Śarabhopaniṣad,https://sa.wikisource.org/wiki/%E0%A4%B6%E0%A4%B0%E0%A4%AD%E0%A5%8B%E0%A4%AA%E0%A4%A8%E0%A4%BF%E0%A4%B7%E0%A4%A4%E0%A5%8D,,,,
upaniṣad,śukarahasyopaniṣat.txt,Śukarahasyopaniṣad,https://sa.wikisource.org/wiki/%E0%A4%B6%E0%A5%81%E0%A4%95%E0%A4%B0%E0%A4%B9%E0%A4%B8%E0%A5%8D%E0%A4%AF%E0%A5%8B%E0%A4%AA%E0%A4%A8%E0%A4%BF%E0%A4%B7%E0%A4%A4%E0%A5%8D,,,,
upaniṣad,śārīrakamīmāṃsāsūtrabhāṣyam.txt,Śārīrakamīmāṃsāsūtrabhāṣya,https://sa.wikisource.org/wiki/%E0%A4%B6%E0%A4%BE%E0%A4%B0%E0%A5%80%E0%A4%B0%E0%A4%95%E0%A4%AE%E0%A5%80%E0%A4%AE%E0%A4%BE%E0%A4%82%E0%A4%B8%E0%A4%BE%E0%A4%B8%E0%A5%82%E0%A4%A4%E0%A5%8D%E0%A4%B0%E0%A4%AD%E0%A4%BE%E0%A4%B7%E0%A5%8D%E0%A4%AF%E0%A4%AE%E0%A5%8D,,,,
upaniṣad,śārīrakopaniṣat.txt,Śārīrakopaniṣad,https://sa.wikisource.org/wiki/%E0%A4%B6%E0%A4%BE%E0%A4%B0%E0%A5%80%E0%A4%B0%E0%A4%95%E0%A5%8B%E0%A4%AA%E0%A4%A8%E0%A4%BF%E0%A4%B7%E0%A4%A4%E0%A5%8D,,,,
upaniṣad,śāṇḍilyopaniṣat.txt,Śāṇḍilyopaniṣad,https://sa.wikisource.org/wiki/%E0%A4%B6%E0%A4%BE%E0%A4%A3%E0%A5%8D%E0%A4%A1%E0%A4%BF%E0%A4%B2%E0%A5%8D%E0%A4%AF%E0%A5%8B%E0%A4%AA%E0%A4%A8%E0%A4%BF%E0%A4%B7%E0%A4%A4%E0%A5%8D,,,,
upaniṣad,śāṭyāyanīyopaniṣat.txt,Śāṭyāyanīyopaniṣad,https://sa.wikisource.org/wiki/%E0%A4%B6%E0%A4%BE%E0%A4%9F%E0%A5%8D%E0%A4%AF%E0%A4%BE%E0%A4%AF%E0%A4%A8%E0%A5%80%E0%A4%AF%E0%A5%8B%E0%A4%AA%E0%A4%A8%E0%A4%BF%E0%A4%B7%E0%A4%A4%E0%A5%8D,,,,
veda,aitareyāraṇyakam.txt,Aitareyāraṇyaka,https://sa.wikisource.org/wiki/%E0%A4%90%E0%A4%A4%E0%A4%B0%E0%A5%87%E0%A4%AF_%E0%A4%86%E0%A4%B0%E0%A4%A3%E0%A5%8D%E0%A4%AF%E0%A4%95%E0%A4%AE%E0%A5%8D,,,,
veda,atharvaprātiśākhyam.txt,Atharvaprātiśākhya,https://sa.wikisource.org/wiki/%E0%A4%85%E0%A4%A5%E0%A4%B0%E0%A5%8D%E0%A4%B5%E0%A4%AA%E0%A5%8D%E0%A4%B0%E0%A4%BE%E0%A4%A4%E0%A4%BF%E0%A4%B6%E0%A4%BE%E0%A4%96%E0%A5%8D%E0%A4%AF%E0%A4%AE%E0%A5%8D,,,,
veda,aṣṭāṅgasaṃgrahaḥ.txt,Aṣṭāṅgasaṃgraha,https://sa.wikisource.org/wiki/%E0%A4%85%E0%A4%B7%E0%A5%8D%E0%A4%9F%E0%A4%BE%E0%A4%99%E0%A5%8D%E0%A4%97%E0%A4%B8%E0%A4%82%E0%A4%97%E0%A5%8D%E0%A4%B0%E0%A4%B9%E0%A4%83,,Vāgbhaṭa,,
veda,bhaiṣajyaratnāvalī.txt,Bhaiṣajyaratnāvalī,https://sa.wikisource.org/wiki/%E0%A4%AD%E0%A5%88%E0%A4%B7%E0%A4%9C%E0%A5%8D%E0%A4%AF%E0%A4%B0%E0%A4%A4%E0%A5%8D%E0%A4%A8%E0%A4%BE%E0%A4%B5%E0%A4%B2%E0%A5%80,,,,
veda,bhelasaṃhitā.txt,Bhelasaṃhitā,https://sa.wikisource.org/wiki/%E0%A4%AD%E0%A5%87%E0%A4%B2%E0%A4%B8%E0%A4%82%E0%A4%B9%E0%A4%BF%E0%A4%A4%E0%A4%BE,,Bhelācārya,,
veda,bhāvaprakāśasaṃhitā.txt,Bhāvaprakāśasaṃhitā,https://sa.wikisource.org/wiki/%E0%A4%AD%E0%A4%BE%E0%A4%B5%E0%A4%AA%E0%A5%8D%E0%A4%B0%E0%A4%95%E0%A4%BE%E0%A4%B6%E0%A4%B8%E0%A4%82%E0%A4%B9%E0%A4%BF%E0%A4%A4%E0%A4%BE,,,,
veda,bhāṣikasūtrāṇi.txt,Bhāṣikasūtrāṇi,https://sa.wikisource.org/wiki/%E0%A4%AD%E0%A4%BE%E0%A4%B7%E0%A4%BF%E0%A4%95%E0%A4%B8%E0%A5%82%E0%A4%A4%E0%A5%8D%E0%A4%B0%E0%A4%BE%E0%A4%A3%E0%A4%BF,,,,
veda,bhṛguvallī.txt,Bhṛguvallī,https://sa.wikisource.org/wiki/%E0%A4%A4%E0%A5%88%E0%A4%A4%E0%A5%8D%E0%A4%A4%E0%A4%BF%E0%A4%B0%E0%A5%80%E0%A4%AF%E0%A4%BE%E0%A4%B0%E0%A4%A3%E0%A5%8D%E0%A4%AF%E0%A4%95%E0%A4%AE%E0%A5%8D(%E0%A4%B5%E0%A4%BF%E0%A4%B8%E0%A5%8D%E0%A4%B5%E0%A4%B0),,,,
veda,brahmānandavallī.txt,Brahmānandavallī,https://sa.wikisource.org/wiki/%E0%A4%A4%E0%A5%88%E0%A4%A4%E0%A5%8D%E0%A4%A4%E0%A4%BF%E0%A4%B0%E0%A5%80%E0%A4%AF%E0%A4%BE%E0%A4%B0%E0%A4%A3%E0%A5%8D%E0%A4%AF%E0%A4%95%E0%A4%AE%E0%A5%8D(%E0%A4%B5%E0%A4%BF%E0%A4%B8%E0%A5%8D%E0%A4%B5%E0%A4%B0),,,,
veda,chāndogyabrāhmaṇam.txt,Chāndogyabrāhmaṇa,https://sa.wikisource.org/wiki/%E0%A4%9B%E0%A4%BE%E0%A4%A8%E0%A5%8D%E0%A4%A6%E0%A5%8B%E0%A4%97%E0%A5%8D%E0%A4%AF%E0%A4%AC%E0%A5%8D%E0%A4%B0%E0%A4%BE%E0%A4%B9%E0%A5%8D%E0%A4%AE%E0%A4%A3%E0%A4%AE%E0%A5%8D,,,,
veda,chāndogyāraṇyakam.txt,Chāndogyāraṇyaka,https://sa.wikisource.org/wiki/%E0%A4%9B%E0%A4%BE%E0%A4%A8%E0%A5%8D%E0%A4%A6%E0%A5%8B%E0%A4%97%E0%A5%8D%E0%A4%AF%E0%A4%BE%E0%A4%B0%E0%A4%A3%E0%A5%8D%E0%A4%AF%E0%A4%95%E0%A4%AE%E0%A5%8D,,,,
veda,devatādhyāyabrāhmaṇam.txt,Devatādhyāyabrāhmaṇa,https://sa.wikisource.org/wiki/%E0%A4%A6%E0%A5%87%E0%A4%B5%E0%A4%A4%E0%A4%BE%E0%A4%A7%E0%A5%8D%E0%A4%AF%E0%A4%BE%E0%A4%AF%E0%A4%AC%E0%A5%8D%E0%A4%B0%E0%A4%BE%E0%A4%B9%E0%A5%8D%E0%A4%AE%E0%A4%A3%E0%A4%AE%E0%A5%8D,,,,
veda,dhanurvedaḥ.txt,Dhanurveda,https://sa.wikisource.org/wiki/%E0%A4%A7%E0%A4%A8%E0%A5%81%E0%A4%B0%E0%A5%8D%E0%A4%B5%E0%A5%87%E0%A4%A6%E0%A4%83,,,,
veda,ekāgnikāṇḍam.txt,Ekāgnikāṇḍa,https://sa.wikisource.org/wiki/%E0%A4%8F%E0%A4%95%E0%A4%BE%E0%A4%97%E0%A5%8D%E0%A4%A8%E0%A4%BF%E0%A4%95%E0%A4%BE%E0%A4%A3%E0%A5%8D%E0%A4%A1%E0%A4%AE%E0%A5%8D,,,,
veda,ekāgnikāṇḍasya_haradattaṭīkā.txt,Ekāgnikāṇḍasya Haradattaṭīkā,https://sa.wikisource.org/wiki/%E0%A4%8F%E0%A4%95%E0%A4%BE%E0%A4%97%E0%A5%8D%E0%A4%A8%E0%A4%BF%E0%A4%95%E0%A4%BE%E0%A4%A3%E0%A5%8D%E0%A4%A1%E0%A4%B8%E0%A5%8D%E0%A4%AF_%E0%A4%B9%E0%A4%B0%E0%A4%A6%E0%A4%A4%E0%A5%8D%E0%A4%A4%E0%A4%9F%E0%A5%80%E0%A4%95%E0%A4%BE,,,,
veda,gaṇapatyatharvaśīrṣam.txt,Gaṇapatyatharvaśīrṣa,https://sa.wikisource.org/wiki/%E0%A4%97%E0%A4%A3%E0%A4%AA%E0%A4%A4%E0%A5%8D%E0%A4%AF%E0%A4%A5%E0%A4%B0%E0%A5%8D%E0%A4%B5%E0%A4%B6%E0%A5%80%E0%A4%B0%E0%A5%8D%E0%A4%B7%E0%A4%AE%E0%A5%8D,,,,
veda,hārītasaṃhitā.txt,Hārītasaṃhitā,https://sa.wikisource.org/wiki/%E0%A4%B9%E0%A4%BE%E0%A4%B0%E0%A5%80%E0%A4%A4%E0%A4%B8%E0%A4%82%E0%A4%B9%E0%A4%BF%E0%A4%A4%E0%A4%BE,,Hārītaḥ,,
veda,jaiminīyopaniṣadbrāhmaṇam.txt,Jaiminīyopaniṣadbrāhmaṇa,https://sa.wikisource.org/wiki/%E0%A4%9C%E0%A5%88%E0%A4%AE%E0%A4%BF%E0%A4%A8%E0%A5%80%E0%A4%AF%E0%A5%8B%E0%A4%AA%E0%A4%A8%E0%A4%BF%E0%A4%B7%E0%A4%A6%E0%A5%8D%E0%A4%AC%E0%A5%8D%E0%A4%B0%E0%A4%BE%E0%A4%B9%E0%A5%8D%E0%A4%AE%E0%A4%A3%E0%A4%AE%E0%A5%8D,,,,
veda,kaṭhāraṇyakam.txt,Kaṭhāraṇyaka,https://sa.wikisource.org/wiki/%E0%A4%95%E0%A4%A0%E0%A4%BE%E0%A4%B0%E0%A4%A3%E0%A5%8D%E0%A4%AF%E0%A4%95%E0%A4%AE%E0%A5%8D,,,,
veda,kāśyapasaṃhitā.txt,Kāśyapasaṃhitā,https://sa.wikisource.org/wiki/%E0%A4%95%E0%A4%BE%E0%A4%B6%E0%A5%8D%E0%A4%AF%E0%A4%AA%E0%A4%B8%E0%A4%82%E0%A4%B9%E0%A4%BF%E0%A4%A4%E0%A4%BE,,Kaśyapa,,
veda,kāṭhakabrāhmaṇam.txt,Kāṭhakabrāhmaṇa,https://sa.wikisource.org/wiki/%E0%A4%95%E0%A4%BE%E0%A4%A0%E0%A4%95%E0%A4%AC%E0%A5%8D%E0%A4%B0%E0%A4%BE%E0%A4%B9%E0%A5%8D%E0%A4%AE%E0%A4%A3%E0%A4%AE%E0%A5%8D,,,,
veda,kāṭhakasaṃhitā_visvaraḥ.txt,Kāṭhakasaṃhitā (visvaraḥ),https://sa.wikisource.org/wiki/%E0%A4%95%E0%A4%BE%E0%A4%A0%E0%A4%95%E0%A4%B8%E0%A4%82%E0%A4%B9%E0%A4%BF%E0%A4%A4%E0%A4%BE_(%E0%A4%B5%E0%A4%BF%E0%A4%B8%E0%A5%8D%E0%A4%B5%E0%A4%B0%E0%A4%83),,,,
veda,kṛṣṇayajurvedakāṇḍāḥ_5-7.txt,Kṛṣṇayajurvedakāṇḍāḥ 5-7,https://sa.wikisource.org/wiki/%E0%A4%95%E0%A5%83%E0%A4%B7%E0%A5%8D%E0%A4%A3_%E0%A4%AF%E0%A4%9C%E0%A5%81%E0%A4%B0%E0%A5%8D%E0%A4%B5%E0%A5%87%E0%A4%A6_%E0%A4%95%E0%A4%BE%E0%A4%A3%E0%A5%8D%E0%A4%A1%E0%A4%BE%E0%A4%83_5-7,,,,
veda,mahānārāyaṇopaniṣat.txt,Mahānārāyaṇopaniṣad,https://sa.wikisource.org/wiki/%E0%A4%AE%E0%A4%B9%E0%A4%BE%E0%A4%A8%E0%A4%BE%E0%A4%B0%E0%A4%BE%E0%A4%AF%E0%A4%A3%E0%A5%8B%E0%A4%AA%E0%A4%A8%E0%A4%BF%E0%A4%B7%E0%A4%A4%E0%A5%8D,,,,
veda,mantrabrāhmaṇam.txt,Mantrabrāhmaṇa,https://sa.wikisource.org/wiki/%E0%A4%AE%E0%A4%A8%E0%A5%8D%E0%A4%A4%E0%A5%8D%E0%A4%B0%E0%A4%AC%E0%A5%8D%E0%A4%B0%E0%A4%BE%E0%A4%B9%E0%A5%8D%E0%A4%AE%E0%A4%A3%E0%A4%AE%E0%A5%8D,,,,
veda,mādhavanidānam.txt,Mādhavanidāna,https://sa.wikisource.org/wiki/%E0%A4%AE%E0%A4%BE%E0%A4%A7%E0%A4%B5%E0%A4%A8%E0%A4%BF%E0%A4%A6%E0%A4%BE%E0%A4%A8%E0%A4%AE%E0%A5%8D,,,,
veda,nirvāṇaprakaraṇasya_pūrvārdham.txt,Nirvāṇaprakaraṇasya Pūrvārdha,https://sa.wikisource.org/wiki/%E0%A4%A8%E0%A4%BF%E0%A4%B0%E0%A5%8D%E0%A4%B5%E0%A4%BE%E0%A4%A3%E0%A4%AA%E0%A5%8D%E0%A4%B0%E0%A4%95%E0%A4%B0%E0%A4%A3%E0%A4%B8%E0%A5%8D%E0%A4%AF_%E0%A4%AA%E0%A5%82%E0%A4%B0%E0%A5%8D%E0%A4%B5%E0%A4%BE%E0%A4%B0%E0%A5%8D%E0%A4%A7%E0%A4%AE%E0%A5%8D,,,,
veda,nāḍīparīkṣā.txt,Nāḍīparīkṣā,https://sa.wikisource.org/wiki/%E0%A4%A8%E0%A4%BE%E0%A4%A1%E0%A5%80%E0%A4%AA%E0%A4%B0%E0%A5%80%E0%A4%95%E0%A5%8D%E0%A4%B7%E0%A4%BE,,,,
veda,rasendracūḍāmaṇi.txt,Rasendracūḍāmaṇi,https://sa.wikisource.org/wiki/%E0%A4%B0%E0%A4%B8%E0%A5%87%E0%A4%A8%E0%A5%8D%E0%A4%A6%E0%A5%8D%E0%A4%B0%E0%A4%9A%E0%A5%82%E0%A4%A1%E0%A4%BE%E0%A4%AE%E0%A4%A3%E0%A4%BF,,,,
veda,rudrāṣṭādhyāyī.txt,Rudrāṣṭādhyāyī,https://sa.wikisource.org/wiki/%E0%A4%B0%E0%A5%81%E0%A4%A6%E0%A5%8D%E0%A4%B0%E0%A4%BE%E0%A4%B7%E0%A5%8D%E0%A4%9F%E0%A4%BE%E0%A4%A7%E0%A5%8D%E0%A4%AF%E0%A4%BE%E0%A4%AF%E0%A5%80,,,,
veda,suśrutasaṃhitā.txt,Suśrutasaṃhitā,https://sa.wikisource.org/wiki/%E0%A4%B8%E0%A5%81%E0%A4%B6%E0%A5%8D%E0%A4%B0%E0%A5%81%E0%A4%A4%E0%A4%B8%E0%A4%82%E0%A4%B9%E0%A4%BF%E0%A4%A4%E0%A4%BE,,,,
veda,sādhāraṇavyavahāramātṛkāprakaraṇam.txt,Sādhāraṇavyavahāramātṛkāprakaraṇa,https://sa.wikisource.org/wiki/%E0%A4%B8%E0%A4%BE%E0%A4%A7%E0%A4%BE%E0%A4%B0%E0%A4%A3%E0%A4%B5%E0%A5%8D%E0%A4%AF%E0%A4%B5%E0%A4%B9%E0%A4%BE%E0%A4%B0%E0%A4%AE%E0%A4%BE%E0%A4%A4%E0%A5%83%E0%A4%95%E0%A4%BE%E0%A4%AA%E0%A5%8D%E0%A4%B0%E0%A4%95%E0%A4%B0%E0%A4%A3%E0%A4%AE%E0%A5%8D,,,,
veda,sākṣiprakaraṇam.txt,Sākṣiprakaraṇa,https://sa.wikisource.org/wiki/%E0%A4%B8%E0%A4%BE%E0%A4%95%E0%A5%8D%E0%A4%B7%E0%A4%BF%E0%A4%AA%E0%A5%8D%E0%A4%B0%E0%A4%95%E0%A4%B0%E0%A4%A3%E0%A4%AE%E0%A5%8D,,,,
veda,sāmavedārṣeyadīpaḥ.txt,Sāmavedārṣeyadīpa,https://sa.wikisource.org/wiki/%E0%A4%B8%E0%A4%BE%E0%A4%AE%E0%A4%B5%E0%A5%87%E0%A4%A6%E0%A4%BE%E0%A4%B0%E0%A5%8D%E0%A4%B7%E0%A5%87%E0%A4%AF%E0%A4%A6%E0%A5%80%E0%A4%AA%E0%A4%83,,,,
veda,taittirīyabrāhmaṇam_visvarapāṭhaḥ.txt,Taittirīyabrāhmaṇam (visvarapāṭhaḥ),https://sa.wikisource.org/wiki/%E0%A4%A4%E0%A5%88%E0%A4%A4%E0%A5%8D%E0%A4%A4%E0%A4%BF%E0%A4%B0%E0%A5%80%E0%A4%AF%E0%A4%AC%E0%A5%8D%E0%A4%B0%E0%A4%BE%E0%A4%B9%E0%A5%8D%E0%A4%AE%E0%A4%A3%E0%A4%AE%E0%A5%8D_(%E0%A4%B5%E0%A4%BF%E0%A4%B8%E0%A5%8D%E0%A4%B5%E0%A4%B0%E0%A4%AA%E0%A4%BE%E0%A4%A0%E0%A4%83),,,,
veda,taittirīyāraṇyakam_visvara.txt,Taittirīyāraṇyakam(visvara),https://sa.wikisource.org/wiki/%E0%A4%A4%E0%A5%88%E0%A4%A4%E0%A5%8D%E0%A4%A4%E0%A4%BF%E0%A4%B0%E0%A5%80%E0%A4%AF%E0%A4%BE%E0%A4%B0%E0%A4%A3%E0%A5%8D%E0%A4%AF%E0%A4%95%E0%A4%AE%E0%A5%8D(%E0%A4%B5%E0%A4%BF%E0%A4%B8%E0%A5%8D%E0%A4%B5%E0%A4%B0),,,,
veda,tantrayuktiḥ.txt,Tantrayukti,https://sa.wikisource.org/wiki/%E0%A4%A4%E0%A4%A8%E0%A5%8D%E0%A4%A4%E0%A5%8D%E0%A4%B0%E0%A4%AF%E0%A5%81%E0%A4%95%E0%A5%8D%E0%A4%A4%E0%A4%BF%E0%A4%83,,,,
veda,vaṃśabrāhmaṇam.txt,Vaṃśabrāhmaṇa,https://sa.wikisource.org/wiki/%E0%A4%B5%E0%A4%82%E0%A4%B6%E0%A4%AC%E0%A5%8D%E0%A4%B0%E0%A4%BE%E0%A4%B9%E0%A5%8D%E0%A4%AE%E0%A4%A3%E0%A4%AE%E0%A5%8D,,,,
veda,viṣavaidyasārasamuccayam.txt,Viṣavaidyasārasamuccaya,https://sa.wikisource.org/wiki/%E0%A4%B5%E0%A4%BF%E0%A4%B7%E0%A4%B5%E0%A5%88%E0%A4%A6%E0%A5%8D%E0%A4%AF%E0%A4%B8%E0%A4%BE%E0%A4%B0%E0%A4%B8%E0%A4%AE%E0%A5%81%E0%A4%9A%E0%A5%8D%E0%A4%9A%E0%A4%AF%E0%A4%AE%E0%A5%8D,,,,
veda,vāgbhaṭasaṃhitā.txt,Vāgbhaṭasaṃhitā,https://sa.wikisource.org/wiki/%E0%A4%B5%E0%A4%BE%E0%A4%97%E0%A5%8D%E0%A4%AD%E0%A4%9F%E0%A4%B8%E0%A4%82%E0%A4%B9%E0%A4%BF%E0%A4%A4%E0%A4%BE,,Vāgbhaṭa,,
veda,yajurvedabhāṣyam_dayānandasarasvatīviracitam.txt,Yajurvedabhāṣyam (dayānandasarasvatīviracita),https://sa.wikisource.org/wiki/%E0%A4%AF%E0%A4%9C%E0%A5%81%E0%A4%B0%E0%A5%8D%E0%A4%B5%E0%A5%87%E0%A4%A6%E0%A4%AD%E0%A4%BE%E0%A4%B7%E0%A5%8D%E0%A4%AF%E0%A4%AE%E0%A5%8D_(%E0%A4%A6%E0%A4%AF%E0%A4%BE%E0%A4%A8%E0%A4%A8%E0%A5%8D%E0%A4%A6%E0%A4%B8%E0%A4%B0%E0%A4%B8%E0%A5%8D%E0%A4%B5%E0%A4%A4%E0%A5%80%E0%A4%B5%E0%A4%BF%E0%A4%B0%E0%A4%9A%E0%A4%BF%E0%A4%A4%E0%A4%AE%E0%A5%8D),,Dayānandasarasvatī,,
veda,āyurvedaprakāśaḥ.txt,Āyurvedaprakāśa,https://sa.wikisource.org/wiki/%E0%A4%86%E0%A4%AF%E0%A5%81%E0%A4%B0%E0%A5%8D%E0%A4%B5%E0%A5%87%E0%A4%A6%E0%A4%AA%E0%A5%8D%E0%A4%B0%E0%A4%95%E0%A4%BE%E0%A4%B6%E0%A4%83,,Mādhava,,
veda,āyurvedasūtram_yogānandanāthabhāṣyasametam.txt,Āyurvedasūtram (yogānandanāthabhāṣyasameta),https://sa.wikisource.org/wiki/%E0%A4%86%E0%A4%AF%E0%A5%81%E0%A4%B0%E0%A5%8D%E0%A4%B5%E0%A5%87%E0%A4%A6%E0%A4%B8%E0%A5%82%E0%A4%A4%E0%A5%8D%E0%A4%B0%E0%A4%AE%E0%A5%8D_(%E0%A4%AF%E0%A5%8B%E0%A4%97%E0%A4%BE%E0%A4%A8%E0%A4%A8%E0%A5%8D%E0%A4%A6%E0%A4%A8%E0%A4%BE%E0%A4%A5%E0%A4%AD%E0%A4%BE%E0%A4%B7%E0%A5%8D%E0%A4%AF%E0%A4%B8%E0%A4%AE%E0%A5%87%E0%A4%A4%E0%A4%AE%E0%A5%8D),,,,
veda,śikṣāvallī.txt,Śikṣāvallī,https://sa.wikisource.org/wiki/%E0%A4%A4%E0%A5%88%E0%A4%A4%E0%A5%8D%E0%A4%A4%E0%A4%BF%E0%A4%B0%E0%A5%80%E0%A4%AF%E0%A4%BE%E0%A4%B0%E0%A4%A3%E0%A5%8D%E0%A4%AF%E0%A4%95%E0%A4%AE%E0%A5%8D(%E0%A4%B5%E0%A4%BF%E0%A4%B8%E0%A5%8D%E0%A4%B5%E0%A4%B0),,,,
veda,śuklayajurvedaḥ.txt,Śuklayajurveda,https://sa.wikisource.org/wiki/%E0%A4%B6%E0%A5%81%E0%A4%95%E0%A5%8D%E0%A4%B2%E0%A4%AF%E0%A4%9C%E0%A5%81%E0%A4%B0%E0%A5%8D%E0%A4%B5%E0%A5%87%E0%A4%A6%E0%A4%83,,,,
veda,śārṅgadharasaṃhitā.txt,Śārṅgadharasaṃhitā,https://sa.wikisource.org/wiki/%E0%A4%B6%E0%A4%BE%E0%A4%B0%E0%A5%8D%E0%A4%99%E0%A5%8D%E0%A4%97%E0%A4%A7%E0%A4%B0%E0%A4%B8%E0%A4%82%E0%A4%B9%E0%A4%BF%E0%A4%A4%E0%A4%BE,,,,
veda,ṛgbhāṣyam_śrīmadānandatīrthaviracitam.txt,Ṛgbhāṣya Śrīmadānandatīrthaviracita,https://sa.wikisource.org/wiki/%E0%A4%8B%E0%A4%97%E0%A5%8D%E0%A4%AD%E0%A4%BE%E0%A4%B7%E0%A5%8D%E0%A4%AF%E0%A4%AE%E0%A5%8D_%E0%A4%B6%E0%A5%8D%E0%A4%B0%E0%A5%80%E0%A4%AE%E0%A4%A6%E0%A4%BE%E0%A4%A8%E0%A4%A8%E0%A5%8D%E0%A4%A6%E0%A4%A4%E0%A5%80%E0%A4%B0%E0%A5%8D%E0%A4%A5%E0%A4%B5%E0%A4%BF%E0%A4%B0%E0%A4%9A%E0%A4%BF%E0%A4%A4%E0%A4%AE%E0%A5%8D,,,,
veda,ṛgvedaprātiśākhyam.txt,Ṛgvedaprātiśākhya,https://sa.wikisource.org/wiki/%E0%A4%8B%E0%A4%97%E0%A5%8D%E0%A4%B5%E0%A5%87%E0%A4%A6%E0%A4%AA%E0%A5%8D%E0%A4%B0%E0%A4%BE%E0%A4%A4%E0%A4%BF%E0%A4%B6%E0%A4%BE%E0%A4%96%E0%A5%8D%E0%A4%AF%E0%A4%AE%E0%A5%8D,,,,
veda,ṛgvedādibhāṣyabhūmikā_dayānandasarasvatīviracitā.txt,Ṛgvedādibhāṣyabhūmikā (Dayānandasarasvatīviracitā),https://sa.wikisource.org/wiki/%E0%A4%8B%E0%A4%97%E0%A5%8D%E0%A4%B5%E0%A5%87%E0%A4%A6%E0%A4%BE%E0%A4%A6%E0%A4%BF%E0%A4%AD%E0%A4%BE%E0%A4%B7%E0%A5%8D%E0%A4%AF%E0%A4%AD%E0%A5%82%E0%A4%AE%E0%A4%BF%E0%A4%95%E0%A4%BE_(%E0%A4%A6%E0%A4%AF%E0%A4%BE%E0%A4%A8%E0%A4%A8%E0%A5%8D%E0%A4%A6%E0%A4%B8%E0%A4%B0%E0%A4%B8%E0%A5%8D%E0%A4%B5%E0%A4%A4%E0%A5%80%E0%A4%B5%E0%A4%BF%E0%A4%B0%E0%A4%9A%E0%A4%BF%E0%A4%A4%E0%A4%BE),,Dayānandasarasvatī,,
vedāṅga,amoghānandinī_śikṣā.txt,Amoghānandinīśikṣā,https://sa.wikisource.org/wiki/%E0%A4%85%E0%A4%AE%E0%A5%8B%E0%A4%98%E0%A4%BE%E0%A4%A8%E0%A4%A8%E0%A5%8D%E0%A4%A6%E0%A4%BF%E0%A4%A8%E0%A5%80_%E0%A4%B6%E0%A4%BF%E0%A4%95%E0%A5%8D%E0%A4%B7%E0%A4%BE,,,,
vedāṅga,antanirdeśam.txt,Antanirdeśa,https://sa.wikisource.org/wiki/%E0%A4%85%E0%A4%A8%E0%A5%8D%E0%A4%A4%E0%A4%A8%E0%A4%BF%E0%A4%B0%E0%A5%8D%E0%A4%A6%E0%A5%87%E0%A4%B6%E0%A4%AE%E0%A5%8D,,,,
vedāṅga,anukramaṇikāāpastambīyaṃ_śrautasūtram.txt,Āpastambīyaśrautasūtra,https://sa.wikisource.org/wiki/%E0%A4%85%E0%A4%A8%E0%A5%81%E0%A4%95%E0%A5%8D%E0%A4%B0%E0%A4%AE%E0%A4%A3%E0%A4%BF%E0%A4%95%E0%A4%BE:%E0%A4%86%E0%A4%AA%E0%A4%B8%E0%A5%8D%E0%A4%A4%E0%A4%AE%E0%A5%8D%E0%A4%AC%E0%A5%80%E0%A4%AF%E0%A4%82_%E0%A4%B6%E0%A5%8D%E0%A4%B0%E0%A5%8C%E0%A4%A4%E0%A4%B8%E0%A5%82%E0%A4%A4%E0%A5%8D%E0%A4%B0%E0%A4%AE%E0%A5%8D.djvu,,,,
vedāṅga,aruṇaśamānam.txt,Aruṇaśamāna,https://sa.wikisource.org/wiki/%E0%A4%85%E0%A4%B0%E0%A5%81%E0%A4%A3%E0%A4%B6%E0%A4%AE%E0%A4%BE%E0%A4%A8%E0%A4%AE%E0%A5%8D,,,,
vedāṅga,atharvavedaprātiśākhyam.txt,Atharvavedaprātiśākhya,https://sa.wikisource.org/wiki/%E0%A4%85%E0%A4%A5%E0%A4%B0%E0%A5%8D%E0%A4%B5%E0%A4%B5%E0%A5%87%E0%A4%A6%E0%A4%AA%E0%A5%8D%E0%A4%B0%E0%A4%BE%E0%A4%A4%E0%A4%BF%E0%A4%B6%E0%A4%BE%E0%A4%96%E0%A5%8D%E0%A4%AF%E0%A4%AE%E0%A5%8D,,,,
vedāṅga,avasānanirṇayaśikṣā.txt,Avasānanirṇayaśikṣā,https://sa.wikisource.org/wiki/%E0%A4%85%E0%A4%B5%E0%A4%B8%E0%A4%BE%E0%A4%A8%E0%A4%A8%E0%A4%BF%E0%A4%B0%E0%A5%8D%E0%A4%A3%E0%A4%AF%E0%A4%B6%E0%A4%BF%E0%A4%95%E0%A5%8D%E0%A4%B7%E0%A4%BE,,,,
vedāṅga,aṣṭādhyāyī_śikṣāparibhāṣādisahitā.txt,Aṣṭādhyāyī (śikṣāparibhāṣādisahitā),https://sa.wikisource.org/wiki/%E0%A4%85%E0%A4%B7%E0%A5%8D%E0%A4%9F%E0%A4%BE%E0%A4%A7%E0%A5%8D%E0%A4%AF%E0%A4%BE%E0%A4%AF%E0%A5%80_(%E0%A4%B6%E0%A4%BF%E0%A4%95%E0%A5%8D%E0%A4%B7%E0%A4%BE%E0%A4%AA%E0%A4%B0%E0%A4%BF%E0%A4%AD%E0%A4%BE%E0%A4%B7%E0%A4%BE%E0%A4%A6%E0%A4%BF%E0%A4%B8%E0%A4%B9%E0%A4%BF%E0%A4%A4%E0%A4%BE),included in gretil,,,
vedāṅga,aṣṭādhyāyī_dhātupāṭhaḥ.txt,Aṣṭādhyāyī-dhātupāṭha,https://sa.wikisource.org/wiki/%E0%A4%85%E0%A4%B7%E0%A5%8D%E0%A4%9F%E0%A4%BE%E0%A4%A7%E0%A5%8D%E0%A4%AF%E0%A4%BE%E0%A4%AF%E0%A5%80-%E0%A4%A7%E0%A4%BE%E0%A4%A4%E0%A5%81%E0%A4%AA%E0%A4%BE%E0%A4%A0%E0%A4%83,,,,
vedāṅga,aṣṭādhyāyī_gaṇapāṭhaḥ.txt,Aṣṭādhyāyī-gaṇapāṭha,https://sa.wikisource.org/wiki/%E0%A4%85%E0%A4%B7%E0%A5%8D%E0%A4%9F%E0%A4%BE%E0%A4%A7%E0%A5%8D%E0%A4%AF%E0%A4%BE%E0%A4%AF%E0%A5%80-%E0%A4%97%E0%A4%A3%E0%A4%AA%E0%A4%BE%E0%A4%A0%E0%A4%83,,,,
vedāṅga,baudhāyanagṛhyasūtram.txt,Baudhāyanagṛhyasūtra,https://sa.wikisource.org/wiki/%E0%A4%AC%E0%A5%8C%E0%A4%A7%E0%A4%BE%E0%A4%AF%E0%A4%A8%E0%A4%97%E0%A5%83%E0%A4%B9%E0%A5%8D%E0%A4%AF%E0%A4%B8%E0%A5%82%E0%A4%A4%E0%A5%8D%E0%A4%B0%E0%A4%AE%E0%A5%8D,,,,
vedāṅga,baudhāyanaśrautasūtram.txt,Baudhāyanaśrautasūtra,https://sa.wikisource.org/wiki/%E0%A4%AC%E0%A5%8C%E0%A4%A7%E0%A4%BE%E0%A4%AF%E0%A4%A8%E0%A4%B6%E0%A5%8D%E0%A4%B0%E0%A5%8C%E0%A4%A4%E0%A4%B8%E0%A5%82%E0%A4%A4%E0%A5%8D%E0%A4%B0%E0%A4%AE%E0%A5%8D,,,,
vedāṅga,baudhāyanaśulbasūtram.txt,Baudhāyanaśulbasūtra,https://sa.wikisource.org/wiki/%E0%A4%AC%E0%A5%8C%E0%A4%A7%E0%A4%BE%E0%A4%AF%E0%A4%A8%E0%A4%B6%E0%A5%81%E0%A4%B2%E0%A5%8D%E0%A4%AC%E0%A4%B8%E0%A5%82%E0%A4%A4%E0%A5%8D%E0%A4%B0%E0%A4%AE%E0%A5%8D,,,,
vedāṅga,bhāradvājagṛhyasūtram.txt,Bhāradvājagṛhyasūtra,https://sa.wikisource.org/wiki/%E0%A4%AD%E0%A4%BE%E0%A4%B0%E0%A4%A6%E0%A5%8D%E0%A4%B5%E0%A4%BE%E0%A4%9C%E0%A4%97%E0%A5%83%E0%A4%B9%E0%A5%8D%E0%A4%AF%E0%A4%B8%E0%A5%82%E0%A4%A4%E0%A5%8D%E0%A4%B0%E0%A4%AE%E0%A5%8D,,,,
vedāṅga,bhāradvājaśikṣā.txt,Bhāradvājaśikṣā,https://sa.wikisource.org/wiki/%E0%A4%AD%E0%A4%BE%E0%A4%B0%E0%A4%A6%E0%A5%8D%E0%A4%B5%E0%A4%BE%E0%A4%9C%E0%A4%B6%E0%A4%BF%E0%A4%95%E0%A5%8D%E0%A4%B7%E0%A4%BE,,,,
vedāṅga,bhāradvājaśrautasūtram.txt,Bhāradvājaśrautasūtra,https://sa.wikisource.org/wiki/%E0%A4%95%E0%A4%B2%E0%A5%8D%E0%A4%AA%E0%A4%83/%E0%A4%B6%E0%A5%8D%E0%A4%B0%E0%A5%8C%E0%A4%A4%E0%A4%B8%E0%A5%82%E0%A4%A4%E0%A5%8D%E0%A4%B0%E0%A4%BE%E0%A4%A3%E0%A4%BF/%E0%A4%AD%E0%A4%BE%E0%A4%B0%E0%A4%A6%E0%A5%8D%E0%A4%B5%E0%A4%BE%E0%A4%9C-%E0%A4%B6%E0%A5%8D%E0%A4%B0%E0%A5%8C%E0%A4%A4%E0%A4%B8%E0%A5%82%E0%A4%A4%E0%A5%8D%E0%A4%B0%E0%A4%AE%E0%A5%8D,,,,
vedāṅga,bhāṣāvṛttiḥ.txt,Bhāṣāvṛtti,https://sa.wikisource.org/wiki/%E0%A4%AD%E0%A4%BE%E0%A4%B7%E0%A4%BE%E0%A4%B5%E0%A5%83%E0%A4%A4%E0%A5%8D%E0%A4%A4%E0%A4%BF%E0%A4%83,,Puruṣottamadeva,,
vedāṅga,bodhāyanadharmasūtram.txt,Bodhāyanadharmasūtra,https://sa.wikisource.org/wiki/%E0%A4%95%E0%A4%B2%E0%A5%8D%E0%A4%AA%E0%A4%83/%E0%A4%A7%E0%A4%B0%E0%A5%8D%E0%A4%AE%E0%A4%B8%E0%A5%82%E0%A4%A4%E0%A5%8D%E0%A4%B0%E0%A4%BE%E0%A4%A3%E0%A4%BF/%E0%A4%AC%E0%A5%8B%E0%A4%A7%E0%A4%BE%E0%A4%AF%E0%A4%A8-%E0%A4%A7%E0%A4%B0%E0%A5%8D%E0%A4%AE%E0%A4%B8%E0%A5%82%E0%A4%A4%E0%A5%8D%E0%A4%B0%E0%A4%BE%E0%A4%A3%E0%A4%BF,,,,
vedāṅga,bodhāyanagṛhyaparibhāṣāsūtram.txt,Bodhāyanagṛhyaparibhāṣāsūtra,https://sa.wikisource.org/wiki/%E0%A4%AC%E0%A5%8C%E0%A4%A7%E0%A4%BE%E0%A4%AF%E0%A4%A8%E0%A4%97%E0%A5%83%E0%A4%B9%E0%A5%8D%E0%A4%AF%E0%A4%B8%E0%A5%82%E0%A4%A4%E0%A5%8D%E0%A4%B0%E0%A4%AE%E0%A5%8D,,,,
vedāṅga,bodhāyanagṛhyaśeṣasūtram.txt,Bodhāyanagṛhyaśeṣasūtra,https://sa.wikisource.org/wiki/%E0%A4%AC%E0%A5%8C%E0%A4%A7%E0%A4%BE%E0%A4%AF%E0%A4%A8%E0%A4%97%E0%A5%83%E0%A4%B9%E0%A5%8D%E0%A4%AF%E0%A4%B8%E0%A5%82%E0%A4%A4%E0%A5%8D%E0%A4%B0%E0%A4%AE%E0%A5%8D,,,,
vedāṅga,bṛhaddevatā.txt,Bṛhaddevatā,https://sa.wikisource.org/wiki/%E0%A4%AC%E0%A5%83%E0%A4%B9%E0%A4%A6%E0%A5%8D%E0%A4%A6%E0%A5%87%E0%A4%B5%E0%A4%A4%E0%A4%BE,,,,
vedāṅga,bṛhadyamasmṛtiḥ.txt,Bṛhadyamasmṛti,https://sa.wikisource.org/wiki/%E0%A4%AC%E0%A5%83%E0%A4%B9%E0%A4%A6%E0%A5%8D%E0%A4%AF%E0%A4%AE%E0%A4%B8%E0%A5%8D%E0%A4%AE%E0%A5%83%E0%A4%A4%E0%A4%BF%E0%A4%83,,,,
vedāṅga,bṛhatsāmudrikāśāstra.txt,Bṛhatsāmudrikāśāstra,https://sa.wikisource.org/wiki/%E0%A4%AC%E0%A5%83%E0%A4%B9%E0%A4%A4%E0%A5%8D%E0%A4%B8%E0%A4%BE%E0%A4%AE%E0%A5%81%E0%A4%A6%E0%A5%8D%E0%A4%B0%E0%A4%BF%E0%A4%95%E0%A4%BE%E0%A4%B6%E0%A4%BE%E0%A4%B8%E0%A5%8D%E0%A4%A4%E0%A5%8D%E0%A4%B0,,,,
vedāṅga,chandomañjarī.txt,Chandomañjarī,https://sa.wikisource.org/wiki/%E0%A4%9B%E0%A4%A8%E0%A5%8D%E0%A4%A6%E0%A5%8B%E0%A4%AE%E0%A4%9E%E0%A5%8D%E0%A4%9C%E0%A4%B0%E0%A5%80,,,,
vedāṅga,cārāyaṇīyaśikṣā.txt,Cārāyaṇīyaśikṣā,https://sa.wikisource.org/wiki/%E0%A4%9A%E0%A4%BE%E0%A4%B0%E0%A4%BE%E0%A4%AF%E0%A4%A3%E0%A5%80%E0%A4%AF%E0%A4%B6%E0%A4%BF%E0%A4%95%E0%A5%8D%E0%A4%B7%E0%A4%BE,,,,
vedāṅga,devalasmṛtiḥ.txt,Devalasmṛti,https://sa.wikisource.org/wiki/%E0%A4%A6%E0%A5%87%E0%A4%B5%E0%A4%B2%E0%A4%B8%E0%A5%8D%E0%A4%AE%E0%A5%83%E0%A4%A4%E0%A4%BF%E0%A4%83,,,,
vedāṅga,dhātukārikā.txt,Dhātukārikā,https://sa.wikisource.org/wiki/%E0%A4%A7%E0%A4%BE%E0%A4%A4%E0%A5%81%E0%A4%95%E0%A4%BE%E0%A4%B0%E0%A4%BF%E0%A4%95%E0%A4%BE,,,,
vedāṅga,dhātvarthanirūpaṇam.txt,Dhātvarthanirūpaṇa,https://sa.wikisource.org/wiki/%E0%A4%A7%E0%A4%BE%E0%A4%A4%E0%A5%8D%E0%A4%B5%E0%A4%B0%E0%A5%8D%E0%A4%A5%E0%A4%A8%E0%A4%BF%E0%A4%B0%E0%A5%82%E0%A4%AA%E0%A4%A3%E0%A4%AE%E0%A5%8D,,,,
vedāṅga,drāhyāyaṇaśrautasūtram.txt,Drāhyāyaṇaśrautasūtra,https://sa.wikisource.org/wiki/%E0%A4%95%E0%A4%B2%E0%A5%8D%E0%A4%AA%E0%A4%83/%E0%A4%B6%E0%A5%8D%E0%A4%B0%E0%A5%8C%E0%A4%A4%E0%A4%B8%E0%A5%82%E0%A4%A4%E0%A5%8D%E0%A4%B0%E0%A4%BE%E0%A4%A3%E0%A4%BF/%E0%A4%A6%E0%A5%8D%E0%A4%B0%E0%A4%BE%E0%A4%B9%E0%A5%8D%E0%A4%AF%E0%A4%BE%E0%A4%AF%E0%A4%A3%E0%A4%B6%E0%A5%8D%E0%A4%B0%E0%A5%8C%E0%A4%A4%E0%A4%B8%E0%A5%82%E0%A4%A4%E0%A5%8D%E0%A4%B0%E0%A4%AE%E0%A5%8D,,,,
vedāṅga,dvitvalakṣaṇam.txt,Dvitvalakṣaṇa,https://sa.wikisource.org/wiki/%E0%A4%A6%E0%A5%8D%E0%A4%B5%E0%A4%BF%E0%A4%A4%E0%A5%8D%E0%A4%B5%E0%A4%B2%E0%A4%95%E0%A5%8D%E0%A4%B7%E0%A4%A3%E0%A4%AE%E0%A5%8D,,,,
vedāṅga,galadṛkśikṣā.txt,Galadṛkśikṣā,https://sa.wikisource.org/wiki/%E0%A4%97%E0%A4%B2%E0%A4%A6%E0%A5%83%E0%A4%95%E0%A5%8D-%E0%A4%B6%E0%A4%BF%E0%A4%95%E0%A5%8D%E0%A4%B7%E0%A4%BE,,,,
vedāṅga,gautamīśikṣā.txt,Gautamīśikṣā,https://sa.wikisource.org/wiki/%E0%A4%97%E0%A5%8C%E0%A4%A4%E0%A4%AE%E0%A5%80%E0%A4%B6%E0%A4%BF%E0%A4%95%E0%A5%8D%E0%A4%B7%E0%A4%BE,,,,
vedāṅga,gobhilagṛhyasūtram.txt,Gobhilagṛhyasūtra,https://sa.wikisource.org/wiki/%E0%A4%97%E0%A5%8B%E0%A4%AD%E0%A4%BF%E0%A4%B2%E0%A4%97%E0%A5%83%E0%A4%B9%E0%A5%8D%E0%A4%AF%E0%A4%B8%E0%A5%82%E0%A4%A4%E0%A5%8D%E0%A4%B0%E0%A4%AE%E0%A5%8D,,,,
vedāṅga,golādhyāyaḥ.txt,Golādhyāya,https://sa.wikisource.org/wiki/%E0%A4%97%E0%A5%8B%E0%A4%B2%E0%A4%BE%E0%A4%A7%E0%A5%8D%E0%A4%AF%E0%A4%BE%E0%A4%AF%E0%A4%83_(%E0%A4%B8%E0%A4%BF%E0%A4%A6%E0%A5%8D%E0%A4%A7%E0%A4%BE%E0%A4%A8%E0%A5%8D%E0%A4%A4%E0%A4%B6%E0%A4%BF%E0%A4%B0%E0%A5%8B%E0%A4%AE%E0%A4%A3%E0%A5%87%E0%A4%83_%E0%A4%AA%E0%A5%8D%E0%A4%B0%E0%A4%A5%E0%A4%AE%E0%A5%8B_%E0%A4%AD%E0%A4%BE%E0%A4%97%E0%A4%83),,Bhāskarācārya,,
vedāṅga,harināmāmṛtavyākaraṇam.txt,Harināmāmṛtavyākaraṇa,https://sa.wikisource.org/wiki/%E0%A4%B9%E0%A4%B0%E0%A4%BF%E0%A4%A8%E0%A4%BE%E0%A4%AE%E0%A4%BE%E0%A4%AE%E0%A5%83%E0%A4%A4%E0%A4%B5%E0%A5%8D%E0%A4%AF%E0%A4%BE%E0%A4%95%E0%A4%B0%E0%A4%A3%E0%A4%AE%E0%A5%8D,,Jīvagosvāmī,,
vedāṅga,hayagrīvīśikṣā.txt,Hayagrīvīśikṣā,https://sa.wikisource.org/wiki/%E0%A4%B9%E0%A4%AF%E0%A4%97%E0%A5%8D%E0%A4%B0%E0%A5%80%E0%A4%B5%E0%A5%80%E0%A4%B6%E0%A4%BF%E0%A4%95%E0%A5%8D%E0%A4%B7%E0%A4%BE,,,,
vedāṅga,hiraṇyakeśigṛhyasūtram.txt,Hiraṇyakeśigṛhyasūtra,https://sa.wikisource.org/wiki/%E0%A4%B9%E0%A4%BF%E0%A4%B0%E0%A4%A3%E0%A5%8D%E0%A4%AF%E0%A4%95%E0%A5%87%E0%A4%B6%E0%A4%BF%E0%A4%97%E0%A5%83%E0%A4%B9%E0%A5%8D%E0%A4%AF%E0%A4%B8%E0%A5%82%E0%A4%A4%E0%A5%8D%E0%A4%B0%E0%A4%AE%E0%A5%8D,,,,
vedāṅga,hiraṇyakeśiśrautasūtram.txt,Hiraṇyakeśiśrautasūtra,https://sa.wikisource.org/wiki/%E0%A4%95%E0%A4%B2%E0%A5%8D%E0%A4%AA%E0%A4%83/%E0%A4%B6%E0%A5%8D%E0%A4%B0%E0%A5%8C%E0%A4%A4%E0%A4%B8%E0%A5%82%E0%A4%A4%E0%A5%8D%E0%A4%B0%E0%A4%BE%E0%A4%A3%E0%A4%BF/%E0%A4%B9%E0%A4%BF%E0%A4%B0%E0%A4%A3%E0%A5%8D%E0%A4%AF%E0%A4%95%E0%A5%87%E0%A4%B6%E0%A4%BF-%E0%A4%B6%E0%A5%8D%E0%A4%B0%E0%A5%8C%E0%A4%A4%E0%A4%B8%E0%A5%82%E0%A4%A4%E0%A5%8D%E0%A4%B0%E0%A4%AE%E0%A5%8D,,,,
vedāṅga,jaṭālakṣaṇam.txt,Jaṭālakṣaṇa,https://sa.wikisource.org/wiki/%E0%A4%9C%E0%A4%9F%E0%A4%BE%E0%A4%B2%E0%A4%95%E0%A5%8D%E0%A4%B7%E0%A4%A3%E0%A4%AE%E0%A5%8D,,,,
vedāṅga,jaṭāmaṇivyākhyānam.txt,Jaṭāmaṇivyākhyāna,https://sa.wikisource.org/wiki/%E0%A4%9C%E0%A4%9F%E0%A4%BE%E0%A4%AE%E0%A4%A3%E0%A4%BF%E0%A4%B5%E0%A5%8D%E0%A4%AF%E0%A4%BE%E0%A4%96%E0%A5%8D%E0%A4%AF%E0%A4%BE%E0%A4%A8%E0%A4%AE%E0%A5%8D,,,,
vedāṅga,jaṭāmaṇiḥ.txt,Jaṭāmaṇi,https://sa.wikisource.org/wiki/%E0%A4%9C%E0%A4%9F%E0%A4%BE%E0%A4%AE%E0%A4%A3%E0%A4%BF%E0%A4%83,,,,
vedāṅga,jaṭāpaṭalakārikā.txt,Jaṭāpaṭalakārikā,https://sa.wikisource.org/wiki/%E0%A4%9C%E0%A4%9F%E0%A4%BE%E0%A4%AA%E0%A4%9F%E0%A4%B2%E0%A4%95%E0%A4%BE%E0%A4%B0%E0%A4%BF%E0%A4%95%E0%A4%BE,,,,
vedāṅga,jaṭāvallī.txt,Jaṭāvallī,https://sa.wikisource.org/wiki/%E0%A4%9C%E0%A4%9F%E0%A4%BE%E0%A4%B5%E0%A4%B2%E0%A5%8D%E0%A4%B2%E0%A5%80,,,,
vedāṅga,jñāpakasaṃgrahapariśiṣṭam.txt,Jñāpakasaṃgrahapariśiṣṭa,https://sa.wikisource.org/wiki/%E0%A4%9C%E0%A5%8D%E0%A4%9E%E0%A4%BE%E0%A4%AA%E0%A4%95%E0%A4%B8%E0%A4%82%E0%A4%97%E0%A5%8D%E0%A4%B0%E0%A4%B9%E0%A4%AA%E0%A4%B0%E0%A4%BF%E0%A4%B6%E0%A4%BF%E0%A4%B7%E0%A5%8D%E0%A4%9F%E0%A4%AE%E0%A5%8D,,,,
vedāṅga,jñāpakasaṃgrahaḥ.txt,Jñāpakasaṃgraha,https://sa.wikisource.org/wiki/%E0%A4%9C%E0%A5%8D%E0%A4%9E%E0%A4%BE%E0%A4%AA%E0%A4%95%E0%A4%B8%E0%A4%82%E0%A4%97%E0%A5%8D%E0%A4%B0%E0%A4%B9%E0%A4%83,,,,
vedāṅga,karaṇapaddhatiḥ.txt,Karaṇapaddhati,https://sa.wikisource.org/wiki/%E0%A4%95%E0%A4%B0%E0%A4%A3%E0%A4%AA%E0%A4%A6%E0%A5%8D%E0%A4%A7%E0%A4%A4%E0%A4%BF%E0%A4%83,,,,
vedāṅga,karmapradīpaḥ.txt,Karmapradīpa,https://sa.wikisource.org/wiki/%E0%A4%95%E0%A4%B0%E0%A5%8D%E0%A4%AE%E0%A4%AA%E0%A5%8D%E0%A4%B0%E0%A4%A6%E0%A5%80%E0%A4%AA%E0%A4%83_(%E0%A4%AA%E0%A5%8D%E0%A4%B0%E0%A4%AA%E0%A4%BE%E0%A4%A0%E0%A4%95%E0%A4%83_%E0%A5%A7_%E0%A4%96%E0%A4%A3%E0%A5%8D%E0%A4%A1%E0%A4%83_%E0%A5%A7),,,,
vedāṅga,kauhalīyaśikṣā.txt,Kauhalīyaśikṣā,https://sa.wikisource.org/wiki/%E0%A4%95%E0%A5%8C%E0%A4%B9%E0%A4%B2%E0%A5%80%E0%A4%AF%E0%A4%B6%E0%A4%BF%E0%A4%95%E0%A5%8D%E0%A4%B7%E0%A4%BE,,,,
vedāṅga,kauṇḍinyaśikṣā.txt,Kauṇḍinyaśikṣā,https://sa.wikisource.org/wiki/%E0%A4%95%E0%A5%8C%E0%A4%A3%E0%A5%8D%E0%A4%A1%E0%A4%BF%E0%A4%A8%E0%A5%8D%E0%A4%AF%E0%A4%B6%E0%A4%BF%E0%A4%95%E0%A5%8D%E0%A4%B7%E0%A4%BE,,,,
vedāṅga,kaśyapasmṛtiḥ.txt,Kaśyapasmṛti,https://sa.wikisource.org/wiki/%E0%A4%95%E0%A4%B6%E0%A5%8D%E0%A4%AF%E0%A4%AA%E0%A4%B8%E0%A5%8D%E0%A4%AE%E0%A5%83%E0%A4%A4%E0%A4%BF%E0%A4%83,,,,
vedāṅga,keśavīpadyātmikāśikṣā.txt,Keśavīpadyātmikāśikṣā,https://sa.wikisource.org/wiki/%E0%A4%95%E0%A5%87%E0%A4%B6%E0%A4%B5%E0%A5%80%E0%A4%AA%E0%A4%A6%E0%A5%8D%E0%A4%AF%E0%A4%BE%E0%A4%A4%E0%A5%8D%E0%A4%AE%E0%A4%BF%E0%A4%95%E0%A4%BE%E0%A4%B6%E0%A4%BF%E0%A4%95%E0%A5%8D%E0%A4%B7%E0%A4%BE,,,,
vedāṅga,keśavīyaśikṣā.txt,Keśavīyaśikṣā,https://sa.wikisource.org/wiki/%E0%A4%95%E0%A5%87%E0%A4%B6%E0%A4%B5%E0%A5%80%E0%A4%AF%E0%A4%B6%E0%A4%BF%E0%A4%95%E0%A5%8D%E0%A4%B7%E0%A4%BE,,,,
vedāṅga,khādiragṛhyasūtram.txt,Khādiragṛhyasūtra,https://sa.wikisource.org/wiki/%E0%A4%96%E0%A4%BE%E0%A4%A6%E0%A4%BF%E0%A4%B0%E0%A4%97%E0%A5%83%E0%A4%B9%E0%A5%8D%E0%A4%AF%E0%A4%B8%E0%A5%82%E0%A4%A4%E0%A5%8D%E0%A4%B0%E0%A4%AE%E0%A5%8D,,,,
vedāṅga,kramakārikāśikṣā.txt,Kramakārikāśikṣā,https://sa.wikisource.org/wiki/%E0%A4%95%E0%A5%8D%E0%A4%B0%E0%A4%AE%E0%A4%95%E0%A4%BE%E0%A4%B0%E0%A4%BF%E0%A4%95%E0%A4%BE%E0%A4%B6%E0%A4%BF%E0%A4%95%E0%A5%8D%E0%A4%B7%E0%A4%BE,,,,
vedāṅga,kramasaṃdhānaśikṣā.txt,Kramasaṃdhānaśikṣā,https://sa.wikisource.org/wiki/%E0%A4%95%E0%A5%8D%E0%A4%B0%E0%A4%AE%E0%A4%B8%E0%A4%82%E0%A4%A7%E0%A4%BE%E0%A4%A8%E0%A4%B6%E0%A4%BF%E0%A4%95%E0%A5%8D%E0%A4%B7%E0%A4%BE,,,,
vedāṅga,kātyāyanaśrautasūtram.txt,Kātyāyanaśrautasūtra,https://sa.wikisource.org/wiki/%E0%A4%95%E0%A4%B2%E0%A5%8D%E0%A4%AA%E0%A4%83/%E0%A4%B6%E0%A5%8D%E0%A4%B0%E0%A5%8C%E0%A4%A4%E0%A4%B8%E0%A5%82%E0%A4%A4%E0%A5%8D%E0%A4%B0%E0%A4%BE%E0%A4%A3%E0%A4%BF/%E0%A4%95%E0%A4%BE%E0%A4%A4%E0%A5%8D%E0%A4%AF%E0%A4%BE%E0%A4%AF%E0%A4%A8-%E0%A4%B6%E0%A5%8D%E0%A4%B0%E0%A5%8C%E0%A4%A4%E0%A4%B8%E0%A5%82%E0%A4%A4%E0%A5%8D%E0%A4%B0%E0%A4%AE%E0%A5%8D,,,,
vedāṅga,kātyāyanaśulbasūtram.txt,Kātyāyanaśulbasūtra,https://sa.wikisource.org/wiki/%E0%A4%95%E0%A4%BE%E0%A4%A4%E0%A5%8D%E0%A4%AF%E0%A4%BE%E0%A4%AF%E0%A4%A8%E0%A4%B6%E0%A5%81%E0%A4%B2%E0%A5%8D%E0%A4%AC%E0%A4%B8%E0%A5%82%E0%A4%A4%E0%A5%8D%E0%A4%B0%E0%A4%AE%E0%A5%8D,,,,
vedāṅga,kāśikā_padamañjarīvyākhyāsahitā.txt,Kāśikā (Padamañjarīvyākhyāsahitā),https://sa.wikisource.org/wiki/%E0%A4%95%E0%A4%BE%E0%A4%B6%E0%A4%BF%E0%A4%95%E0%A4%BE_(%E0%A4%AA%E0%A4%A6%E0%A4%AE%E0%A4%9E%E0%A5%8D%E0%A4%9C%E0%A4%B0%E0%A5%80%E0%A4%B5%E0%A5%8D%E0%A4%AF%E0%A4%BE%E0%A4%96%E0%A5%8D%E0%A4%AF%E0%A4%BE%E0%A4%B8%E0%A4%B9%E0%A4%BF%E0%A4%A4%E0%A4%BE),included in gretil,,,
vedāṅga,kāśikāvivaraṇapañjikā.txt,Kāśikāvivaraṇapañjikā,https://sa.wikisource.org/wiki/%E0%A4%95%E0%A4%BE%E0%A4%B6%E0%A4%BF%E0%A4%95%E0%A4%BE%E0%A4%B5%E0%A4%BF%E0%A4%B5%E0%A4%B0%E0%A4%A3%E0%A4%AA%E0%A4%9E%E0%A5%8D%E0%A4%9C%E0%A4%BF%E0%A4%95%E0%A4%BE,,,,
vedāṅga,kāṭhakagṛhyasūtram.txt,Kāṭhakagṛhyasūtra,https://sa.wikisource.org/wiki/%E0%A4%95%E0%A4%BE%E0%A4%A0%E0%A4%95%E0%A4%97%E0%A5%83%E0%A4%B9%E0%A5%8D%E0%A4%AF%E0%A4%B8%E0%A5%82%E0%A4%A4%E0%A5%8D%E0%A4%B0%E0%A4%AE%E0%A5%8D,,,,
vedāṅga,kṣudrakalpasūtram.txt,Kṣudrakalpasūtra,https://sa.wikisource.org/wiki/%E0%A4%95%E0%A4%B2%E0%A5%8D%E0%A4%AA%E0%A4%83/%E0%A4%B6%E0%A5%8D%E0%A4%B0%E0%A5%8C%E0%A4%A4%E0%A4%B8%E0%A5%82%E0%A4%A4%E0%A5%8D%E0%A4%B0%E0%A4%BE%E0%A4%A3%E0%A4%BF/%E0%A4%95%E0%A5%8D%E0%A4%B7%E0%A5%81%E0%A4%A6%E0%A5%8D%E0%A4%B0%E0%A4%95%E0%A4%B2%E0%A5%8D%E0%A4%AA%E0%A4%B8%E0%A5%82%E0%A4%A4%E0%A5%8D%E0%A4%B0%E0%A4%AE%E0%A5%8D,,,,
vedāṅga,laghubhūṣaṇakāntiḥ.txt,Laghubhūṣaṇakānti,https://sa.wikisource.org/wiki/%E0%A4%B2%E0%A4%98%E0%A5%81%E0%A4%AD%E0%A5%82%E0%A4%B7%E0%A4%A3%E0%A4%95%E0%A4%BE%E0%A4%A8%E0%A5%8D%E0%A4%A4%E0%A4%BF%E0%A4%83,,,,
vedāṅga,laghumādhyandinīyaśikṣā.txt,Laghumādhyandinīyaśikṣā,https://sa.wikisource.org/wiki/%E0%A4%B2%E0%A4%98%E0%A5%81%E0%A4%AE%E0%A4%BE%E0%A4%A7%E0%A5%8D%E0%A4%AF%E0%A4%A8%E0%A5%8D%E0%A4%A6%E0%A4%BF%E0%A4%A8%E0%A5%80%E0%A4%AF%E0%A4%B6%E0%A4%BF%E0%A4%95%E0%A5%8D%E0%A4%B7%E0%A4%BE,,,,
vedāṅga,laghuśabdenduśekharaḥ.txt,Laghuśabdenduśekhara,https://sa.wikisource.org/wiki/%E0%A4%B2%E0%A4%98%E0%A5%81%E0%A4%B6%E0%A4%AC%E0%A5%8D%E0%A4%A6%E0%A5%87%E0%A4%A8%E0%A5%8D%E0%A4%A6%E0%A5%81%E0%A4%B6%E0%A5%87%E0%A4%96%E0%A4%B0%E0%A4%83,,Nāgeśabhaṭṭa,,
vedāṅga,laghvamoghānandinīśikṣā.txt,Laghvamoghānandinīśikṣā,https://sa.wikisource.org/wiki/%E0%A4%B2%E0%A4%98%E0%A5%8D%E0%A4%B5%E0%A4%AE%E0%A5%8B%E0%A4%98%E0%A4%BE%E0%A4%A8%E0%A4%A8%E0%A5%8D%E0%A4%A6%E0%A4%BF%E0%A4%A8%E0%A5%80%E0%A4%B6%E0%A4%BF%E0%A4%95%E0%A5%8D%E0%A4%B7%E0%A4%BE,,,,
vedāṅga,lakṣmīkāntaśikṣā.txt,Lakṣmīkāntaśikṣā,https://sa.wikisource.org/wiki/%E0%A4%B2%E0%A4%95%E0%A5%8D%E0%A4%B7%E0%A5%8D%E0%A4%AE%E0%A5%80%E0%A4%95%E0%A4%BE%E0%A4%A8%E0%A5%8D%E0%A4%A4%E0%A4%B6%E0%A4%BF%E0%A4%95%E0%A5%8D%E0%A4%B7%E0%A4%BE,,,,
vedāṅga,laugākṣigṛhyasūtrāṇi.txt,Laugākṣigṛhyasūtrāṇi,https://sa.wikisource.org/wiki/%E0%A4%B2%E0%A5%8C%E0%A4%97%E0%A4%BE%E0%A4%95%E0%A5%8D%E0%A4%B7%E0%A4%BF_%E0%A4%97%E0%A5%83%E0%A4%B9%E0%A5%8D%E0%A4%AF_%E0%A4%B8%E0%A5%82%E0%A4%A4%E0%A5%8D%E0%A4%B0%E0%A4%BE%E0%A4%A3%E0%A4%BF,,,,
vedāṅga,laugākṣiśikṣā.txt,Laugākṣiśikṣā,https://sa.wikisource.org/wiki/%E0%A4%B2%E0%A5%8C%E0%A4%97%E0%A4%BE%E0%A4%95%E0%A5%8D%E0%A4%B7%E0%A4%BF%E0%A4%B6%E0%A4%BF%E0%A4%95%E0%A5%8D%E0%A4%B7%E0%A4%BE,,,,
vedāṅga,liṅgānuśāsanam.txt,Liṅgānuśāsana,https://sa.wikisource.org/wiki/%E0%A4%B2%E0%A4%BF%E0%A4%99%E0%A5%8D%E0%A4%97%E0%A4%BE%E0%A4%A8%E0%A5%81%E0%A4%B6%E0%A4%BE%E0%A4%B8%E0%A4%A8%E0%A4%AE%E0%A5%8D,,,,
vedāṅga,manaḥsvāraśikṣā.txt,Manaḥsvāraśikṣā,https://sa.wikisource.org/wiki/%E0%A4%AE%E0%A4%A8%E0%A4%83%E0%A4%B8%E0%A5%8D%E0%A4%B5%E0%A4%BE%E0%A4%B0%E0%A4%B6%E0%A4%BF%E0%A4%95%E0%A5%8D%E0%A4%B7%E0%A4%BE,,,,
vedāṅga,maśakakalpasūtram.txt,Maśakakalpasūtra,https://sa.wikisource.org/wiki/%E0%A4%AE%E0%A4%B6%E0%A4%95%E0%A4%95%E0%A4%B2%E0%A5%8D%E0%A4%AA%E0%A4%B8%E0%A5%82%E0%A4%A4%E0%A5%8D%E0%A4%B0%E0%A4%AE%E0%A5%8D,,,,
vedāṅga,muhūrtadīpakaḥ.txt,Muhūrtadīpaka,https://sa.wikisource.org/wiki/%E0%A4%AE%E0%A5%81%E0%A4%B9%E0%A5%82%E0%A4%B0%E0%A5%8D%E0%A4%A4%E0%A4%A6%E0%A5%80%E0%A4%AA%E0%A4%95%E0%A4%83,,Mahādevabhaṭṭa,,
vedāṅga,mādhyandinīyaśikṣā.txt,Mādhyandinīyaśikṣā,https://sa.wikisource.org/wiki/%E0%A4%AE%E0%A4%BE%E0%A4%A7%E0%A5%8D%E0%A4%AF%E0%A4%A8%E0%A5%8D%E0%A4%A6%E0%A4%BF%E0%A4%A8%E0%A5%80%E0%A4%AF%E0%A4%B6%E0%A4%BF%E0%A4%95%E0%A5%8D%E0%A4%B7%E0%A4%BE,,,,
vedāṅga,mānavaśrautasūtram.txt,Mānavaśrautasūtra,https://sa.wikisource.org/wiki/%E0%A4%95%E0%A4%B2%E0%A5%8D%E0%A4%AA%E0%A4%83/%E0%A4%B6%E0%A5%8D%E0%A4%B0%E0%A5%8C%E0%A4%A4%E0%A4%B8%E0%A5%82%E0%A4%A4%E0%A5%8D%E0%A4%B0%E0%A4%BE%E0%A4%A3%E0%A4%BF/%E0%A4%AE%E0%A4%BE%E0%A4%A8%E0%A4%B5-%E0%A4%B6%E0%A5%8D%E0%A4%B0%E0%A5%8C%E0%A4%A4%E0%A4%B8%E0%A5%82%E0%A4%A4%E0%A5%8D%E0%A4%B0%E0%A4%AE%E0%A5%8D,,,,
vedāṅga,mānavaśulbasūtram.txt,Mānavaśulbasūtra,https://sa.wikisource.org/wiki/%E0%A4%AE%E0%A4%BE%E0%A4%A8%E0%A4%B5%E0%A4%B6%E0%A5%81%E0%A4%B2%E0%A5%8D%E0%A4%AC%E0%A4%B8%E0%A5%82%E0%A4%A4%E0%A5%8D%E0%A4%B0%E0%A4%AE%E0%A5%8D,,,,
vedāṅga,māṇḍūkīśikṣā.txt,Māṇḍūkīśikṣā,https://sa.wikisource.org/wiki/%E0%A4%AE%E0%A4%BE%E0%A4%A3%E0%A5%8D%E0%A4%A1%E0%A5%82%E0%A4%95%E0%A5%80%E0%A4%B6%E0%A4%BF%E0%A4%95%E0%A5%8D%E0%A4%B7%E0%A4%BE,,,,
vedāṅga,niruktam.txt,Nirukta,https://sa.wikisource.org/wiki/%E0%A4%A8%E0%A4%BF%E0%A4%B0%E0%A5%81%E0%A4%95%E0%A5%8D%E0%A4%A4%E0%A4%AE%E0%A5%8D,,,,
vedāṅga,nāradabaiṭh.txt,Nāradabaiṭh,https://sa.wikisource.org/wiki/%E0%A4%A8%E0%A4%BE%E0%A4%B0%E0%A4%A6%E0%A4%AC%E0%A5%88%E0%A4%A0%E0%A5%8D,,,,
vedāṅga,nāradabaiṭparibhāṣā.txt,Nāradabaiṭparibhāṣā,https://sa.wikisource.org/wiki/%E0%A4%A8%E0%A4%BE%E0%A4%B0%E0%A4%A6%E0%A4%AC%E0%A5%88%E0%A4%9F%E0%A5%8D%E0%A4%AA%E0%A4%B0%E0%A4%BF%E0%A4%AD%E0%A4%BE%E0%A4%B7%E0%A4%BE,,,,
vedāṅga,nāradasaṃhitā.txt,Nāradasaṃhitā,https://sa.wikisource.org/wiki/%E0%A4%A8%E0%A4%BE%E0%A4%B0%E0%A4%A6%E0%A4%B8%E0%A4%82%E0%A4%B9%E0%A4%BF%E0%A4%A4%E0%A4%BE,,,,
vedāṅga,nāradīyaśikṣā.txt,Nāradīyaśikṣā,https://sa.wikisource.org/wiki/%E0%A4%A8%E0%A4%BE%E0%A4%B0%E0%A4%A6%E0%A5%80%E0%A4%AF%E0%A4%B6%E0%A4%BF%E0%A4%95%E0%A5%8D%E0%A4%B7%E0%A4%BE,,,,
vedāṅga,padacandrikā.txt,Padacandrikā,https://sa.wikisource.org/wiki/%E0%A4%AA%E0%A4%A6%E0%A4%9A%E0%A4%A8%E0%A5%8D%E0%A4%A6%E0%A5%8D%E0%A4%B0%E0%A4%BF%E0%A4%95%E0%A4%BE,,,,
vedāṅga,padakārikaratnamālā.txt,Padakārikaratnamālā,https://sa.wikisource.org/wiki/%E0%A4%AA%E0%A4%A6%E0%A4%95%E0%A4%BE%E0%A4%B0%E0%A4%BF%E0%A4%95%E0%A4%B0%E0%A4%A4%E0%A5%8D%E0%A4%A8%E0%A4%AE%E0%A4%BE%E0%A4%B2%E0%A4%BE,,,,
vedāṅga,paramalaghumañjūṣā.txt,Paramalaghumañjūṣā,https://sa.wikisource.org/wiki/%E0%A4%AA%E0%A4%B0%E0%A4%AE%E0%A4%B2%E0%A4%98%E0%A5%81%E0%A4%AE%E0%A4%9E%E0%A5%8D%E0%A4%9C%E0%A5%82%E0%A4%B7%E0%A4%BE,,,,
vedāṅga,pariṣkāradarpaṇaḥ.txt,Pariṣkāradarpaṇa,https://sa.wikisource.org/wiki/%E0%A4%AA%E0%A4%B0%E0%A4%BF%E0%A4%B7%E0%A5%8D%E0%A4%95%E0%A4%BE%E0%A4%B0%E0%A4%A6%E0%A4%B0%E0%A5%8D%E0%A4%AA%E0%A4%A3%E0%A4%83,,,,
vedāṅga,phiṭsūtrāṇi.txt,Phiṭsūtrāṇi,https://sa.wikisource.org/wiki/%E0%A4%AB%E0%A4%BF%E0%A4%9F%E0%A5%8D_%E0%A4%B8%E0%A5%82%E0%A4%A4%E0%A5%8D%E0%A4%B0%E0%A4%BE%E0%A4%A3%E0%A4%BF,,,,
vedāṅga,piṅgalachandaḥsūtram.txt,Piṅgalachandaḥsūtra,https://sa.wikisource.org/wiki/%E0%A4%AA%E0%A4%BF%E0%A4%99%E0%A5%8D%E0%A4%97%E0%A4%B2%E0%A4%9B%E0%A4%A8%E0%A5%8D%E0%A4%A6%E0%A4%83%E0%A4%B8%E0%A5%82%E0%A4%A4%E0%A5%8D%E0%A4%B0%E0%A4%AE%E0%A5%8D,,Piṅgalācārya,,
vedāṅga,piṇḍalakṣaṇam.txt,Piṇḍalakṣaṇa,https://sa.wikisource.org/wiki/%E0%A4%AA%E0%A4%BF%E0%A4%A3%E0%A5%8D%E0%A4%A1%E0%A4%B2%E0%A4%95%E0%A5%8D%E0%A4%B7%E0%A4%A3%E0%A4%AE%E0%A5%8D,,,,
vedāṅga,plutaśikṣā.txt,Plutaśikṣā,https://sa.wikisource.org/wiki/%E0%A4%AA%E0%A5%8D%E0%A4%B2%E0%A5%81%E0%A4%A4%E0%A4%B6%E0%A4%BF%E0%A4%95%E0%A5%8D%E0%A4%B7%E0%A4%BE,,,,
vedāṅga,prathamatṛtīyavarṇavibhāgalakṣaṇam.txt,Prathamatṛtīyavarṇavibhāgalakṣaṇa,https://sa.wikisource.org/wiki/%E0%A4%AA%E0%A5%8D%E0%A4%B0%E0%A4%A5%E0%A4%AE%E0%A4%A4%E0%A5%83%E0%A4%A4%E0%A5%80%E0%A4%AF%E0%A4%B5%E0%A4%B0%E0%A5%8D%E0%A4%A3%E0%A4%B5%E0%A4%BF%E0%A4%AD%E0%A4%BE%E0%A4%97%E0%A4%B2%E0%A4%95%E0%A5%8D%E0%A4%B7%E0%A4%A3%E0%A4%AE%E0%A5%8D,,,,
vedāṅga,pratijñāsūtram.txt,Pratijñāsūtra,https://sa.wikisource.org/wiki/%E0%A4%AA%E0%A5%8D%E0%A4%B0%E0%A4%A4%E0%A4%BF%E0%A4%9C%E0%A5%8D%E0%A4%9E%E0%A4%BE%E0%A4%B8%E0%A5%82%E0%A4%A4%E0%A5%8D%E0%A4%B0%E0%A4%AE%E0%A5%8D,,,,
vedāṅga,prauḍhamanoramā.txt,Prauḍhamanoramā,https://sa.wikisource.org/wiki/%E0%A4%AA%E0%A5%8D%E0%A4%B0%E0%A5%8C%E0%A4%A2%E0%A4%AE%E0%A4%A8%E0%A5%8B%E0%A4%B0%E0%A4%AE%E0%A4%BE,,,,
vedāṅga,prātiśākhyapradīpaśikṣā.txt,Prātiśākhyapradīpaśikṣā,https://sa.wikisource.org/wiki/%E0%A4%AA%E0%A5%8D%E0%A4%B0%E0%A4%BE%E0%A4%A4%E0%A4%BF%E0%A4%B6%E0%A4%BE%E0%A4%96%E0%A5%8D%E0%A4%AF%E0%A4%AA%E0%A5%8D%E0%A4%B0%E0%A4%A6%E0%A5%80%E0%A4%AA%E0%A4%B6%E0%A4%BF%E0%A4%95%E0%A5%8D%E0%A4%B7%E0%A4%BE,,,,
vedāṅga,pulastyasmṛtiḥ.txt,Pulastyasmṛti,https://sa.wikisource.org/wiki/%E0%A4%AA%E0%A5%81%E0%A4%B2%E0%A4%B8%E0%A5%8D%E0%A4%A4%E0%A5%8D%E0%A4%AF%E0%A4%B8%E0%A5%8D%E0%A4%AE%E0%A5%83%E0%A4%A4%E0%A4%BF%E0%A4%83,,,,
vedāṅga,pāraskaragṛhyasūtram.txt,Pāraskaragṛhyasūtra,https://sa.wikisource.org/wiki/%E0%A4%AA%E0%A4%BE%E0%A4%B0%E0%A4%B8%E0%A5%8D%E0%A4%95%E0%A4%B0%E0%A4%97%E0%A5%83%E0%A4%B9%E0%A5%8D%E0%A4%AF%E0%A4%B8%E0%A5%82%E0%A4%A4%E0%A5%8D%E0%A4%B0%E0%A4%AE%E0%A5%8D,,,,
vedāṅga,pāriśikṣā.txt,Pāriśikṣā,https://sa.wikisource.org/wiki/%E0%A4%AA%E0%A4%BE%E0%A4%B0%E0%A4%BF%E0%A4%B6%E0%A4%BF%E0%A4%95%E0%A5%8D%E0%A4%B7%E0%A4%BE,,,,
vedāṅga,pārāśarīśikṣā.txt,Pārāśarīśikṣā,https://sa.wikisource.org/wiki/%E0%A4%AA%E0%A4%BE%E0%A4%B0%E0%A4%BE%E0%A4%B6%E0%A4%B0%E0%A5%80%E0%A4%B6%E0%A4%BF%E0%A4%95%E0%A5%8D%E0%A4%B7%E0%A4%BE,,,,
vedāṅga,pāṇinīyaśikṣā.txt,Pāṇinīyaśikṣā,https://sa.wikisource.org/wiki/%E0%A4%AA%E0%A4%BE%E0%A4%A3%E0%A4%BF%E0%A4%A8%E0%A5%80%E0%A4%AF%E0%A4%B6%E0%A4%BF%E0%A4%95%E0%A5%8D%E0%A4%B7%E0%A4%BE,,,,
vedāṅga,rāvaṇabaiṭh.txt,Rāvaṇabaiṭh,https://sa.wikisource.org/wiki/%E0%A4%B0%E0%A4%BE%E0%A4%B5%E0%A4%A3%E0%A4%AC%E0%A5%88%E0%A4%A0%E0%A5%8D,,,,
vedāṅga,rāvaṇabaiṭparibhāṣā.txt,Rāvaṇabaiṭparibhāṣā,https://sa.wikisource.org/wiki/%E0%A4%B0%E0%A4%BE%E0%A4%B5%E0%A4%A3%E0%A4%AC%E0%A5%88%E0%A4%9F%E0%A5%8D%E0%A4%AA%E0%A4%B0%E0%A4%BF%E0%A4%AD%E0%A4%BE%E0%A4%B7%E0%A4%BE,,,,
vedāṅga,samāsalakṣaṇam.txt,Samāsalakṣaṇa,https://sa.wikisource.org/wiki/%E0%A4%B8%E0%A4%AE%E0%A4%BE%E0%A4%B8%E0%A4%B2%E0%A4%95%E0%A5%8D%E0%A4%B7%E0%A4%A3%E0%A4%AE%E0%A5%8D,,,,
vedāṅga,sarvasaṃmataśikṣā.txt,Sarvasaṃmataśikṣā,https://sa.wikisource.org/wiki/%E0%A4%B8%E0%A4%B0%E0%A5%8D%E0%A4%B5%E0%A4%B8%E0%A4%82%E0%A4%AE%E0%A4%A4%E0%A4%B6%E0%A4%BF%E0%A4%95%E0%A5%8D%E0%A4%B7%E0%A4%BE,,,,
vedāṅga,saṃskāraratnamālā.txt,Saṃskāraratnamālā,https://sa.wikisource.org/wiki/%E0%A4%B8%E0%A4%82%E0%A4%B8%E0%A5%8D%E0%A4%95%E0%A4%BE%E0%A4%B0%E0%A4%B0%E0%A4%A4%E0%A5%8D%E0%A4%A8%E0%A4%AE%E0%A4%BE%E0%A4%B2%E0%A4%BE_(%E0%A4%AD%E0%A4%BE%E0%A4%97%E0%A4%83_%E0%A5%A7),,Bhaṭṭagopīnāthadīkṣita,,
vedāṅga,siddhāntatattvavivekaḥ.txt,Siddhāntatattvaviveka,https://sa.wikisource.org/wiki/%E0%A4%B8%E0%A4%BF%E0%A4%A6%E0%A5%8D%E0%A4%A7%E0%A4%BE%E0%A4%A8%E0%A5%8D%E0%A4%A4%E0%A4%A4%E0%A4%A4%E0%A5%8D%E0%A4%A4%E0%A5%8D%E0%A4%B5%E0%A4%B5%E0%A4%BF%E0%A4%B5%E0%A5%87%E0%A4%95%E0%A4%83,,Kamalākarabhaṭṭa,,
vedāṅga,siddhāntaśikṣā.txt,Siddhāntaśikṣā,https://sa.wikisource.org/wiki/%E0%A4%B8%E0%A4%BF%E0%A4%A6%E0%A5%8D%E0%A4%A7%E0%A4%BE%E0%A4%A8%E0%A5%8D%E0%A4%A4%E0%A4%B6%E0%A4%BF%E0%A4%95%E0%A5%8D%E0%A4%B7%E0%A4%BE,,,,
vedāṅga,sphoṭacandrikā.txt,Sphoṭacandrikā,https://sa.wikisource.org/wiki/%E0%A4%B8%E0%A5%8D%E0%A4%AB%E0%A5%8B%E0%A4%9F%E0%A4%9A%E0%A4%A8%E0%A5%8D%E0%A4%A6%E0%A5%8D%E0%A4%B0%E0%A4%BF%E0%A4%95%E0%A4%BE,,,,
vedāṅga,svarabhaktilakṣaṇapariśiṣṭaśikṣā.txt,Svarabhaktilakṣaṇapariśiṣṭaśikṣā,https://sa.wikisource.org/wiki/%E0%A4%B8%E0%A5%8D%E0%A4%B5%E0%A4%B0%E0%A4%AD%E0%A4%95%E0%A5%8D%E0%A4%A4%E0%A4%BF%E0%A4%B2%E0%A4%95%E0%A5%8D%E0%A4%B7%E0%A4%A3%E0%A4%AA%E0%A4%B0%E0%A4%BF%E0%A4%B6%E0%A4%BF%E0%A4%B7%E0%A5%8D%E0%A4%9F%E0%A4%B6%E0%A4%BF%E0%A4%95%E0%A5%8D%E0%A4%B7%E0%A4%BE,,,,
vedāṅga,svarapañcāśat.txt,Svarapañcāśat,https://sa.wikisource.org/wiki/%E0%A4%B8%E0%A5%8D%E0%A4%B5%E0%A4%B0%E0%A4%AA%E0%A4%9E%E0%A5%8D%E0%A4%9A%E0%A4%BE%E0%A4%B6%E0%A4%A4%E0%A5%8D,,,,
vedāṅga,svaravyañjanaśikṣā.txt,Svaravyañjanaśikṣā,https://sa.wikisource.org/wiki/%E0%A4%B8%E0%A5%8D%E0%A4%B5%E0%A4%B0%E0%A4%B5%E0%A5%8D%E0%A4%AF%E0%A4%9E%E0%A5%8D%E0%A4%9C%E0%A4%A8%E0%A4%B6%E0%A4%BF%E0%A4%95%E0%A5%8D%E0%A4%B7%E0%A4%BE,,,,
vedāṅga,svaraśikṣā.txt,Svaraśikṣā,https://sa.wikisource.org/wiki/%E0%A4%B8%E0%A5%8D%E0%A4%B5%E0%A4%B0%E0%A4%B6%E0%A4%BF%E0%A4%95%E0%A5%8D%E0%A4%B7%E0%A4%BE,,,,
vedāṅga,svarāṅkuśaśikṣā.txt,Svarāṅkuśaśikṣā,https://sa.wikisource.org/wiki/%E0%A4%B8%E0%A5%8D%E0%A4%B5%E0%A4%B0%E0%A4%BE%E0%A4%99%E0%A5%8D%E0%A4%95%E0%A5%81%E0%A4%B6%E0%A4%B6%E0%A4%BF%E0%A4%95%E0%A5%8D%E0%A4%B7%E0%A4%BE,,,,
vedāṅga,svarāṣṭakam.txt,Svarāṣṭaka,https://sa.wikisource.org/wiki/%E0%A4%B8%E0%A5%8D%E0%A4%B5%E0%A4%B0%E0%A4%BE%E0%A4%B7%E0%A5%8D%E0%A4%9F%E0%A4%95%E0%A4%AE%E0%A5%8D,,,,
vedāṅga,svarāṣṭakaśikṣā.txt,Svarāṣṭakaśikṣā,https://sa.wikisource.org/wiki/%E0%A4%B8%E0%A5%8D%E0%A4%B5%E0%A4%B0%E0%A4%BE%E0%A4%B7%E0%A5%8D%E0%A4%9F%E0%A4%95%E0%A4%B6%E0%A4%BF%E0%A4%95%E0%A5%8D%E0%A4%B7%E0%A4%BE,,,,
vedāṅga,sāmavedaprātiśākhyam.txt,Sāmavedaprātiśākhya,https://sa.wikisource.org/wiki/%E0%A4%B8%E0%A4%BE%E0%A4%AE%E0%A4%B5%E0%A5%87%E0%A4%A6%E0%A4%AA%E0%A5%8D%E0%A4%B0%E0%A4%BE%E0%A4%A4%E0%A4%BF%E0%A4%B6%E0%A4%BE%E0%A4%96%E0%A5%8D%E0%A4%AF%E0%A4%AE%E0%A5%8D,,,,
vedāṅga,sāmavedasaptalakṣaṇam.txt,Sāmavedasaptalakṣaṇa,https://sa.wikisource.org/wiki/%E0%A4%B8%E0%A4%BE%E0%A4%AE%E0%A4%B5%E0%A5%87%E0%A4%A6%E0%A4%B8%E0%A4%AA%E0%A5%8D%E0%A4%A4%E0%A4%B2%E0%A4%95%E0%A5%8D%E0%A4%B7%E0%A4%A3%E0%A4%AE%E0%A5%8D,,,,
vedāṅga,sāramañjarī_sāradīpikāvyākhyāsahitā.txt,Sāramañjarī (Sāradīpikāvyākhyāsahitā),https://sa.wikisource.org/wiki/%E0%A4%B8%E0%A4%BE%E0%A4%B0%E0%A4%AE%E0%A4%9E%E0%A5%8D%E0%A4%9C%E0%A4%B0%E0%A5%80_(%E0%A4%B8%E0%A4%BE%E0%A4%B0%E0%A4%A6%E0%A5%80%E0%A4%AA%E0%A4%BF%E0%A4%95%E0%A4%BE%E0%A4%B5%E0%A5%8D%E0%A4%AF%E0%A4%BE%E0%A4%96%E0%A5%8D%E0%A4%AF%E0%A4%BE%E0%A4%B8%E0%A4%B9%E0%A4%BF%E0%A4%A4%E0%A4%BE),,,,
vedāṅga,sāramañjarī_āśubodhavidyābhūṣaṇaviracitavyākhyāsahitā.txt,Sāramañjarī (āśubodhavidyābhūṣaṇaviracitavyākhyāsahitā),https://sa.wikisource.org/wiki/%E0%A4%B8%E0%A4%BE%E0%A4%B0%E0%A4%AE%E0%A4%9E%E0%A5%8D%E0%A4%9C%E0%A4%B0%E0%A5%80_(%E0%A4%86%E0%A4%B6%E0%A5%81%E0%A4%AC%E0%A5%8B%E0%A4%A7%E0%A4%B5%E0%A4%BF%E0%A4%A6%E0%A5%8D%E0%A4%AF%E0%A4%BE%E0%A4%AD%E0%A5%82%E0%A4%B7%E0%A4%A3%E0%A4%B5%E0%A4%BF%E0%A4%B0%E0%A4%9A%E0%A4%BF%E0%A4%A4%E0%A4%B5%E0%A5%8D%E0%A4%AF%E0%A4%BE%E0%A4%96%E0%A5%8D%E0%A4%AF%E0%A4%BE%E0%A4%B8%E0%A4%B9%E0%A4%BF%E0%A4%A4%E0%A4%BE),,,,
vedāṅga,taittarīyaprātiśākhyam.txt,Taittarīyaprātiśākhya,https://sa.wikisource.org/wiki/%E0%A4%A4%E0%A5%88%E0%A4%A4%E0%A5%8D%E0%A4%A4%E0%A4%B0%E0%A5%80%E0%A4%AF%E0%A4%AA%E0%A5%8D%E0%A4%B0%E0%A4%BE%E0%A4%A4%E0%A4%BF%E0%A4%B6%E0%A4%BE%E0%A4%96%E0%A5%8D%E0%A4%AF%E0%A4%AE%E0%A5%8D,,,,
vedāṅga,tattvaprabhāvalī.txt,Tattvaprabhāvalī,https://sa.wikisource.org/wiki/%E0%A4%A4%E0%A4%A4%E0%A5%8D%E0%A4%A4%E0%A5%8D%E0%A4%B5%E0%A4%AA%E0%A5%8D%E0%A4%B0%E0%A4%AD%E0%A4%BE%E0%A4%B5%E0%A4%B2%E0%A5%80,,,,
vedāṅga,uccodarki.txt,Uccodarki,https://sa.wikisource.org/wiki/%E0%A4%89%E0%A4%9A%E0%A5%8D%E0%A4%9A%E0%A5%8B%E0%A4%A6%E0%A4%B0%E0%A5%8D%E0%A4%95%E0%A4%BF,,,,
vedāṅga,upasargavṛttiḥ.txt,Upasargavṛtti,https://sa.wikisource.org/wiki/%E0%A4%89%E0%A4%AA%E0%A4%B8%E0%A4%B0%E0%A5%8D%E0%A4%97%E0%A4%B5%E0%A5%83%E0%A4%A4%E0%A5%8D%E0%A4%A4%E0%A4%BF%E0%A4%83,,,,
vedāṅga,uṇādikośaḥ.txt,Uṇādikośa,https://sa.wikisource.org/wiki/%E0%A4%89%E0%A4%A3%E0%A4%BE%E0%A4%A6%E0%A4%BF%E0%A4%95%E0%A5%8B%E0%A4%B6%E0%A4%83,,,,
vedāṅga,uṇādisūtrāṇi.txt,Uṇādisūtrāṇi,https://sa.wikisource.org/wiki/%E0%A4%89%E0%A4%A3%E0%A4%BE%E0%A4%A6%E0%A4%BF%E0%A4%B8%E0%A5%82%E0%A4%A4%E0%A5%8D%E0%A4%B0%E0%A4%BE%E0%A4%A3%E0%A4%BF,,,,
vedāṅga,vaidyanāthabaiṭh.txt,Vaidyanāthabaiṭh,https://sa.wikisource.org/wiki/%E0%A4%B5%E0%A5%88%E0%A4%A6%E0%A5%8D%E0%A4%AF%E0%A4%A8%E0%A4%BE%E0%A4%A5%E0%A4%AC%E0%A5%88%E0%A4%A0%E0%A5%8D,,,,
vedāṅga,vaikhānasadharmasūtram.txt,Vaikhānasadharmasūtra,https://sa.wikisource.org/wiki/%E0%A4%95%E0%A4%B2%E0%A5%8D%E0%A4%AA%E0%A4%83/%E0%A4%A7%E0%A4%B0%E0%A5%8D%E0%A4%AE%E0%A4%B8%E0%A5%82%E0%A4%A4%E0%A5%8D%E0%A4%B0%E0%A4%BE%E0%A4%A3%E0%A4%BF/%E0%A4%B5%E0%A5%88%E0%A4%96%E0%A4%BE%E0%A4%A8%E0%A4%B8-%E0%A4%A7%E0%A4%B0%E0%A5%8D%E0%A4%AE%E0%A4%B8%E0%A5%82%E0%A4%A4%E0%A5%8D%E0%A4%B0%E0%A4%BE%E0%A4%A3%E0%A4%BF,,,,
vedāṅga,vaikhānasaśrautasūtram.txt,Vaikhānasaśrautasūtra,https://sa.wikisource.org/wiki/%E0%A4%95%E0%A4%B2%E0%A5%8D%E0%A4%AA%E0%A4%83/%E0%A4%B6%E0%A5%8D%E0%A4%B0%E0%A5%8C%E0%A4%A4%E0%A4%B8%E0%A5%82%E0%A4%A4%E0%A5%8D%E0%A4%B0%E0%A4%BE%E0%A4%A3%E0%A4%BF/%E0%A4%B5%E0%A5%88%E0%A4%96%E0%A4%BE%E0%A4%A8%E0%A4%B8-%E0%A4%B6%E0%A5%8D%E0%A4%B0%E0%A5%8C%E0%A4%A4%E0%A4%B8%E0%A5%82%E0%A4%A4%E0%A5%8D%E0%A4%B0%E0%A4%AE%E0%A5%8D,,,,
vedāṅga,vaiyākaramasiddhāntalaghumañjūṣā.txt,Vaiyākaramasiddhāntalaghumañjūṣā,https://sa.wikisource.org/wiki/%E0%A4%B5%E0%A5%88%E0%A4%AF%E0%A4%BE%E0%A4%95%E0%A4%B0%E0%A4%AE%E0%A4%B8%E0%A4%BF%E0%A4%A6%E0%A5%8D%E0%A4%A7%E0%A4%BE%E0%A4%A8%E0%A5%8D%E0%A4%A4%E0%A4%B2%E0%A4%98%E0%A5%81%E0%A4%AE%E0%A4%9E%E0%A5%8D%E0%A4%9C%E0%A5%82%E0%A4%B7%E0%A4%BE-%E0%A5%A7,,,,
vedāṅga,vaiyākaraṇabhūṣaṇasāraḥ_darpaṇavyākhyāsahitaḥ.txt,Vaiyākaraṇabhūṣaṇasāra,https://sa.wikisource.org/wiki/%E0%A4%B5%E0%A5%88%E0%A4%AF%E0%A4%BE%E0%A4%95%E0%A4%B0%E0%A4%A3%E0%A4%AD%E0%A5%82%E0%A4%B7%E0%A4%A3%E0%A4%B8%E0%A4%BE%E0%A4%B0%E0%A4%83,,Kauṇḍabhaṭṭa,,
vedāṅga,vaiyākaraṇabhūṣaṇasāraḥ_kāśikāṭīkāsahitaḥ.txt,Vaiyākaraṇabhūṣaṇasāra,https://sa.wikisource.org/wiki/%E0%A4%B5%E0%A5%88%E0%A4%AF%E0%A4%BE%E0%A4%95%E0%A4%B0%E0%A4%A3%E0%A4%AD%E0%A5%82%E0%A4%B7%E0%A4%A3%E0%A4%B8%E0%A4%BE%E0%A4%B0%E0%A4%83,,Kauṇḍabhaṭṭa,,
vedāṅga,vaiyākaraṇabhūṣaṇasāraḥ_śaṅkarīvyākhyāsahitaḥ.txt,Vaiyākaraṇabhūṣaṇasāra,https://sa.wikisource.org/wiki/%E0%A4%B5%E0%A5%88%E0%A4%AF%E0%A4%BE%E0%A4%95%E0%A4%B0%E0%A4%A3%E0%A4%AD%E0%A5%82%E0%A4%B7%E0%A4%A3%E0%A4%B8%E0%A4%BE%E0%A4%B0%E0%A4%83,,Kauṇḍabhaṭṭa,,
vedāṅga,vaiyākaraṇabhūṣaṇasāraḥ.txt,Vaiyākaraṇabhūṣaṇasāra,https://sa.wikisource.org/wiki/%E0%A4%B5%E0%A5%88%E0%A4%AF%E0%A4%BE%E0%A4%95%E0%A4%B0%E0%A4%A3%E0%A4%AD%E0%A5%82%E0%A4%B7%E0%A4%A3%E0%A4%B8%E0%A4%BE%E0%A4%B0%E0%A4%83,,Kauṇḍabhaṭṭa,,
vedāṅga,vaiyākaraṇasiddhāntamañjūṣā.txt,Vaiyākaraṇasiddhāntamañjūṣā,https://sa.wikisource.org/wiki/%E0%A4%B5%E0%A5%88%E0%A4%AF%E0%A4%BE%E0%A4%95%E0%A4%B0%E0%A4%A3%E0%A4%B8%E0%A4%BF%E0%A4%A6%E0%A5%8D%E0%A4%A7%E0%A4%BE%E0%A4%A8%E0%A5%8D%E0%A4%A4%E0%A4%AE%E0%A4%9E%E0%A5%8D%E0%A4%9C%E0%A5%82%E0%A4%B7%E0%A4%BE,,,,
vedāṅga,vararuciśikṣā.txt,Vararuciśikṣā,https://sa.wikisource.org/wiki/%E0%A4%B5%E0%A4%B0%E0%A4%B0%E0%A5%81%E0%A4%9A%E0%A4%BF%E0%A4%B6%E0%A4%BF%E0%A4%95%E0%A5%8D%E0%A4%B7%E0%A4%BE,,,,
vedāṅga,varṇaśikṣā.txt,Varṇaśikṣā,https://sa.wikisource.org/wiki/%E0%A4%B5%E0%A4%B0%E0%A5%8D%E0%A4%A3%E0%A4%B6%E0%A4%BF%E0%A4%95%E0%A5%8D%E0%A4%B7%E0%A4%BE,,,,
vedāṅga,vedaparibhāṣākārikāśikṣā.txt,Vedaparibhāṣākārikāśikṣā,https://sa.wikisource.org/wiki/%E0%A4%B5%E0%A5%87%E0%A4%A6%E0%A4%AA%E0%A4%B0%E0%A4%BF%E0%A4%AD%E0%A4%BE%E0%A4%B7%E0%A4%BE%E0%A4%95%E0%A4%BE%E0%A4%B0%E0%A4%BF%E0%A4%95%E0%A4%BE_%E0%A4%B6%E0%A4%BF%E0%A4%95%E0%A5%8D%E0%A4%B7%E0%A4%BE,,,,
vedāṅga,visargāṅgulipradarśanaprakāraḥ.txt,Visargāṅgulipradarśanaprakāra,https://sa.wikisource.org/wiki/%E0%A4%B5%E0%A4%BF%E0%A4%B8%E0%A4%B0%E0%A5%8D%E0%A4%97%E0%A4%BE%E0%A4%99%E0%A5%8D%E0%A4%97%E0%A5%81%E0%A4%B2%E0%A4%BF%E0%A4%AA%E0%A5%8D%E0%A4%B0%E0%A4%A6%E0%A4%B0%E0%A5%8D%E0%A4%B6%E0%A4%A8%E0%A4%AA%E0%A5%8D%E0%A4%B0%E0%A4%95%E0%A4%BE%E0%A4%B0%E0%A4%83,,,,
vedāṅga,viśvāmitrasmṛtiḥ.txt,Viśvāmitrasmṛti,https://sa.wikisource.org/wiki/%E0%A4%B5%E0%A4%BF%E0%A4%B6%E0%A5%8D%E0%A4%B5%E0%A4%BE%E0%A4%AE%E0%A4%BF%E0%A4%A4%E0%A5%8D%E0%A4%B0%E0%A4%B8%E0%A5%8D%E0%A4%AE%E0%A5%83%E0%A4%A4%E0%A4%BF%E0%A4%83,,,,
vedāṅga,vyālaśikṣā.txt,Vyālaśikṣā,https://sa.wikisource.org/wiki/%E0%A4%B5%E0%A5%8D%E0%A4%AF%E0%A4%BE%E0%A4%B3%E0%A4%B6%E0%A4%BF%E0%A4%95%E0%A5%8D%E0%A4%B7%E0%A4%BE,,,,
vedāṅga,vyāliśikṣā.txt,Vyāliśikṣā,https://sa.wikisource.org/wiki/%E0%A4%B5%E0%A5%8D%E0%A4%AF%E0%A4%BE%E0%A4%B2%E0%A4%BF%E0%A4%B6%E0%A4%BF%E0%A4%95%E0%A5%8D%E0%A4%B7%E0%A4%BE,,,,
vedāṅga,vyāsaśikṣā.txt,Vyāsaśikṣā,https://sa.wikisource.org/wiki/%E0%A4%B5%E0%A5%8D%E0%A4%AF%E0%A4%BE%E0%A4%B8%E0%A4%B6%E0%A4%BF%E0%A4%95%E0%A5%8D%E0%A4%B7%E0%A4%BE,,,,
vedāṅga,vādārthasaṃgrahaḥ_dvitīyabhāgaḥ.txt,Vādārthasaṃgraha (Dvitīyabhāgaḥ),https://sa.wikisource.org/wiki/%E0%A4%B5%E0%A4%BE%E0%A4%A6%E0%A4%BE%E0%A4%B0%E0%A5%8D%E0%A4%A5%E0%A4%B8%E0%A4%82%E0%A4%97%E0%A5%8D%E0%A4%B0%E0%A4%B9%E0%A4%83_(%E0%A4%A6%E0%A5%8D%E0%A4%B5%E0%A4%BF%E0%A4%A4%E0%A5%80%E0%A4%AF%E0%A4%AD%E0%A4%BE%E0%A4%97%E0%A4%83),,,,
vedāṅga,vākyapadīyam_savṛtti.txt,Vākyapadīya (Savṛtti),https://sa.wikisource.org/wiki/%E0%A4%B5%E0%A4%BE%E0%A4%95%E0%A5%8D%E0%A4%AF%E0%A4%AA%E0%A4%A6%E0%A5%80%E0%A4%AF%E0%A4%AE%E0%A5%8D_(%E0%A4%B8%E0%A4%B5%E0%A5%83%E0%A4%A4%E0%A5%8D%E0%A4%A4%E0%A4%BF),included in gretil,,,
vedāṅga,vāsiṣṭhīśikṣā.txt,Vāsiṣṭhīśikṣā,https://sa.wikisource.org/wiki/%E0%A4%B5%E0%A4%BE%E0%A4%B8%E0%A4%BF%E0%A4%B7%E0%A5%8D%E0%A4%A0%E0%A5%80%E0%A4%B6%E0%A4%BF%E0%A4%95%E0%A5%8D%E0%A4%B7%E0%A4%BE,,,,
vedāṅga,vāstuvidyā.txt,Vāstuvidyā,https://sa.wikisource.org/wiki/%E0%A4%B5%E0%A4%BE%E0%A4%B8%E0%A5%8D%E0%A4%A4%E0%A5%81%E0%A4%B5%E0%A4%BF%E0%A4%A6%E0%A5%8D%E0%A4%AF%E0%A4%BE,,,,
vedāṅga,yajurvedasaptalakṣaṇam.txt,Yajurvedasaptalakṣaṇa,https://sa.wikisource.org/wiki/%E0%A4%AF%E0%A4%9C%E0%A5%81%E0%A4%B0%E0%A5%8D%E0%A4%B5%E0%A5%87%E0%A4%A6%E0%A4%B8%E0%A4%AA%E0%A5%8D%E0%A4%A4%E0%A4%B2%E0%A4%95%E0%A5%8D%E0%A4%B7%E0%A4%A3%E0%A4%AE%E0%A5%8D,,,,
vedāṅga,yohibhāṣyam.txt,Yohibhāṣya,https://sa.wikisource.org/wiki/%E0%A4%AF%E0%A5%8B%E0%A4%B9%E0%A4%BF%E0%A4%AD%E0%A4%BE%E0%A4%B7%E0%A5%8D%E0%A4%AF%E0%A4%AE%E0%A5%8D,,,,
vedāṅga,yohiprāptiśikṣā.txt,Yohiprāptiśikṣā,https://sa.wikisource.org/wiki/%E0%A4%AF%E0%A5%8B%E0%A4%B9%E0%A4%BF%E0%A4%AA%E0%A5%8D%E0%A4%B0%E0%A4%BE%E0%A4%AA%E0%A5%8D%E0%A4%A4%E0%A4%BF%E0%A4%B6%E0%A4%BF%E0%A4%95%E0%A5%8D%E0%A4%B7%E0%A4%BE,,,,
vedāṅga,yājuṣajyotiṣam.txt,Yājuṣajyotiṣa,https://sa.wikisource.org/wiki/%E0%A4%AF%E0%A4%BE%E0%A4%9C%E0%A5%81%E0%A4%B7%E0%A4%9C%E0%A5%8D%E0%A4%AF%E0%A5%8B%E0%A4%A4%E0%A4%BF%E0%A4%B7%E0%A4%AE%E0%A5%8D,,,,
vedāṅga,yājñavalkyaśikṣā.txt,Yājñavalkyaśikṣā,https://sa.wikisource.org/wiki/%E0%A4%AF%E0%A4%BE%E0%A4%9C%E0%A5%8D%E0%A4%9E%E0%A4%B5%E0%A4%B2%E0%A5%8D%E0%A4%95%E0%A5%8D%E0%A4%AF%E0%A4%B6%E0%A4%BF%E0%A4%95%E0%A5%8D%E0%A4%B7%E0%A4%BE,,,,
vedāṅga,āgniveśyagṛhyasūtram.txt,Āgniveśyagṛhyasūtra,https://sa.wikisource.org/wiki/%E0%A4%86%E0%A4%97%E0%A5%8D%E0%A4%A8%E0%A4%BF%E0%A4%B5%E0%A5%87%E0%A4%B6%E0%A5%8D%E0%A4%AF%E0%A4%97%E0%A5%83%E0%A4%B9%E0%A5%8D%E0%A4%AF%E0%A4%B8%E0%A5%82%E0%A4%A4%E0%A5%8D%E0%A4%B0%E0%A4%AE%E0%A5%8D,,,,
vedāṅga,āpastambaśrautasūtram.txt,Āpastambaśrautasūtra,https://sa.wikisource.org/wiki/%E0%A4%86%E0%A4%AA%E0%A4%B8%E0%A5%8D%E0%A4%A4%E0%A4%AE%E0%A5%8D%E0%A4%AC-%E0%A4%B6%E0%A5%8D%E0%A4%B0%E0%A5%8C%E0%A4%A4%E0%A4%B8%E0%A5%82%E0%A4%A4%E0%A5%8D%E0%A4%B0%E0%A4%AE%E0%A5%8D,,,,
vedāṅga,āpastambaśulbasūtrāṇi.txt,Āpastambaśulbasūtrāṇi,https://sa.wikisource.org/wiki/%E0%A4%95%E0%A4%B2%E0%A5%8D%E0%A4%AA%E0%A4%83/%E0%A4%B6%E0%A5%81%E0%A4%B2%E0%A5%8D%E0%A4%AC%E0%A4%B8%E0%A5%82%E0%A4%A4%E0%A5%8D%E0%A4%B0%E0%A4%BE%E0%A4%A3%E0%A4%BF/%E0%A4%86%E0%A4%AA%E0%A4%B8%E0%A5%8D%E0%A4%A4%E0%A4%AE%E0%A5%8D%E0%A4%AC%E0%A4%B6%E0%A5%81%E0%A4%B2%E0%A5%8D%E0%A4%AC%E0%A4%B8%E0%A5%82%E0%A4%A4%E0%A5%8D%E0%A4%B0%E0%A4%BE%E0%A4%A3%E0%A4%BF,,,,
vedāṅga,āpastambīyaśrautasūtram.txt,Āpastambīyaśrautasūtra,https://sa.wikisource.org/wiki/%E0%A4%86%E0%A4%AA%E0%A4%B8%E0%A5%8D%E0%A4%A4%E0%A4%AE%E0%A5%8D%E0%A4%AC%E0%A5%80%E0%A4%AF%E0%A4%B6%E0%A5%8D%E0%A4%B0%E0%A5%8C%E0%A4%A4%E0%A4%B8%E0%A5%82%E0%A4%A4%E0%A5%8D%E0%A4%B0%E0%A4%AE%E0%A5%8D,,,,
vedāṅga,āpiśalaśikṣā.txt,Āpiśalaśikṣā,https://sa.wikisource.org/wiki/%E0%A4%86%E0%A4%AA%E0%A4%BF%E0%A4%B6%E0%A4%B2%E0%A4%B6%E0%A4%BF%E0%A4%95%E0%A5%8D%E0%A4%B7%E0%A4%BE,,,,
vedāṅga,āraṇyakaśikṣā.txt,Āraṇyakaśikṣā,https://sa.wikisource.org/wiki/%E0%A4%86%E0%A4%B0%E0%A4%A3%E0%A5%8D%E0%A4%AF%E0%A4%95%E0%A4%B6%E0%A4%BF%E0%A4%95%E0%A5%8D%E0%A4%B7%E0%A4%BE,,,,
vedāṅga,āryamañjuśrīmūlakalpam.txt,Āryamañjuśrīmūlakalpa,https://sa.wikisource.org/wiki/%E0%A4%86%E0%A4%B0%E0%A5%8D%E0%A4%AF%E0%A4%AE%E0%A4%9E%E0%A5%8D%E0%A4%9C%E0%A5%81%E0%A4%B6%E0%A5%8D%E0%A4%B0%E0%A5%80%E0%A4%AE%E0%A5%82%E0%A4%B2%E0%A4%95%E0%A4%B2%E0%A5%8D%E0%A4%AA%E0%A4%AE%E0%A5%8D-%E0%A4%AD%E0%A4%BE%E0%A4%97%E0%A4%83_%E0%A5%A7,,,,
vedāṅga,ārṣeyakalpaḥ.txt,Ārṣeyakalpa,https://sa.wikisource.org/wiki/%E0%A4%86%E0%A4%B0%E0%A5%8D%E0%A4%B7%E0%A5%87%E0%A4%AF%E0%A4%95%E0%A4%B2%E0%A5%8D%E0%A4%AA%E0%A4%83,,,,
vedāṅga,ātharvaṇajyotiṣam.txt,Ātharvaṇajyotiṣa,https://sa.wikisource.org/wiki/%E0%A4%86%E0%A4%A5%E0%A4%B0%E0%A5%8D%E0%A4%B5%E0%A4%A3%E0%A4%9C%E0%A5%8D%E0%A4%AF%E0%A5%8B%E0%A4%A4%E0%A4%BF%E0%A4%B7%E0%A4%AE%E0%A5%8D,,,,
vedāṅga,ātreyaśikṣā.txt,Ātreyaśikṣā,https://sa.wikisource.org/wiki/%E0%A4%86%E0%A4%A4%E0%A5%8D%E0%A4%B0%E0%A5%87%E0%A4%AF%E0%A4%B6%E0%A4%BF%E0%A4%95%E0%A5%8D%E0%A4%B7%E0%A4%BE,,,,
vedāṅga,ātreyaśikṣākārikā.txt,Ātreyaśikṣākārikā,https://sa.wikisource.org/wiki/%E0%A4%86%E0%A4%A4%E0%A5%8D%E0%A4%B0%E0%A5%87%E0%A4%AF%E0%A4%B6%E0%A4%BF%E0%A4%95%E0%A5%8D%E0%A4%B7%E0%A4%BE%E0%A4%95%E0%A4%BE%E0%A4%B0%E0%A4%BF%E0%A4%95%E0%A4%BE,,,,
vedāṅga,āśvalāyanagṛhyakārikāḥ.txt,Āśvalāyanagṛhyakārikā,https://sa.wikisource.org/wiki/%E0%A4%86%E0%A4%B6%E0%A5%8D%E0%A4%B5%E0%A4%B2%E0%A4%BE%E0%A4%AF%E0%A4%A8%E0%A4%97%E0%A5%83%E0%A4%B9%E0%A5%8D%E0%A4%AF%E0%A4%95%E0%A4%BE%E0%A4%B0%E0%A4%BF%E0%A4%95%E0%A4%BE%E0%A4%83,,,,
vedāṅga,āśvalāyanagṛhyapariśiṣṭam.txt,Āśvalāyanagṛhyapariśiṣṭa,https://sa.wikisource.org/wiki/%E0%A4%86%E0%A4%B6%E0%A5%8D%E0%A4%B5%E0%A4%B2%E0%A4%BE%E0%A4%AF%E0%A4%A8%E0%A4%97%E0%A5%83%E0%A4%B9%E0%A5%8D%E0%A4%AF%E0%A4%AA%E0%A4%B0%E0%A4%BF%E0%A4%B6%E0%A4%BF%E0%A4%B7%E0%A5%8D%E0%A4%9F%E0%A4%AE%E0%A5%8D,,,,
vedāṅga,śabdakaustubhaḥ.txt,Śabdakaustubha,https://sa.wikisource.org/wiki/%E0%A4%B6%E0%A4%AC%E0%A5%8D%E0%A4%A6%E0%A4%95%E0%A5%8C%E0%A4%B8%E0%A5%8D%E0%A4%A4%E0%A5%81%E0%A4%AD%E0%A4%83,,,,
vedāṅga,śaiśirīyaśikṣā.txt,Śaiśirīyaśikṣā,https://sa.wikisource.org/wiki/%E0%A4%B6%E0%A5%88%E0%A4%B6%E0%A4%BF%E0%A4%B0%E0%A5%80%E0%A4%AF%E0%A4%B6%E0%A4%BF%E0%A4%95%E0%A5%8D%E0%A4%B7%E0%A4%BE,,,,
vedāṅga,śambhuśikṣā.txt,Śambhuśikṣā,https://sa.wikisource.org/wiki/%E0%A4%B6%E0%A4%AE%E0%A5%8D%E0%A4%AD%E0%A5%81%E0%A4%B6%E0%A4%BF%E0%A4%95%E0%A5%8D%E0%A4%B7%E0%A4%BE,,,,
vedāṅga,śamānaśikṣā.txt,Śamānaśikṣā,https://sa.wikisource.org/wiki/%E0%A4%B6%E0%A4%AE%E0%A4%BE%E0%A4%A8%E0%A4%B6%E0%A4%BF%E0%A4%95%E0%A5%8D%E0%A4%B7%E0%A4%BE,,,,
vedāṅga,śaunakaśikṣā.txt,Śaunakaśikṣā,https://sa.wikisource.org/wiki/%E0%A4%B6%E0%A5%8C%E0%A4%A8%E0%A4%95%E0%A4%B6%E0%A4%BF%E0%A4%95%E0%A5%8D%E0%A4%B7%E0%A4%BE,,,,
vedāṅga,śaunakīyā_caturādhyāyīkā.txt,Śaunakīyā Caturādhyāyīkā,https://sa.wikisource.org/wiki/%E0%A4%B6%E0%A5%8C%E0%A4%A8%E0%A4%95%E0%A5%80%E0%A4%AF%E0%A4%BE_%E0%A4%9A%E0%A4%A4%E0%A5%81%E0%A4%B0%E0%A4%BE%E0%A4%A7%E0%A5%8D%E0%A4%AF%E0%A4%BE%E0%A4%AF%E0%A5%80%E0%A4%95%E0%A4%BE,,,,
vedāṅga,śrautapadārthanirvacanam.txt,Śrautapadārthanirvacana,https://sa.wikisource.org/wiki/%E0%A4%95%E0%A4%B2%E0%A5%8D%E0%A4%AA%E0%A4%83/%E0%A4%B6%E0%A5%8D%E0%A4%B0%E0%A5%8C%E0%A4%A4%E0%A4%B8%E0%A5%82%E0%A4%A4%E0%A5%8D%E0%A4%B0%E0%A4%BE%E0%A4%A3%E0%A4%BF/%E0%A4%B6%E0%A5%8D%E0%A4%B0%E0%A5%8C%E0%A4%A4%E0%A4%AA%E0%A4%A6%E0%A4%BE%E0%A4%B0%E0%A5%8D%E0%A4%A5%E0%A4%A8%E0%A4%BF%E0%A4%B0%E0%A5%8D%E0%A4%B5%E0%A4%9A%E0%A4%A8%E0%A4%AE%E0%A5%8D,,,,
vedāṅga,śrīsiddhāntasudhānidhiḥ.txt,Śrīsiddhāntasudhānidhi,https://sa.wikisource.org/wiki/%E0%A4%B6%E0%A5%8D%E0%A4%B0%E0%A5%80%E0%A4%B8%E0%A4%BF%E0%A4%A6%E0%A5%8D%E0%A4%A7%E0%A4%BE%E0%A4%A8%E0%A5%8D%E0%A4%A4%E0%A4%B8%E0%A5%81%E0%A4%A7%E0%A4%BE%E0%A4%A8%E0%A4%BF%E0%A4%A7%E0%A4%BF%E0%A4%83,,,,
vedāṅga,śrīvyāsapāṇinibhāvanirṇayaḥ.txt,Śrīvyāsapāṇinibhāvanirṇaya,https://sa.wikisource.org/wiki/%E0%A4%B6%E0%A5%8D%E0%A4%B0%E0%A5%80%E0%A4%B5%E0%A5%8D%E0%A4%AF%E0%A4%BE%E0%A4%B8%E0%A4%AA%E0%A4%BE%E0%A4%A3%E0%A4%BF%E0%A4%A8%E0%A4%BF%E0%A4%AD%E0%A4%BE%E0%A4%B5%E0%A4%A8%E0%A4%BF%E0%A4%B0%E0%A5%8D%E0%A4%A3%E0%A4%AF%E0%A4%83,,,,
vedāṅga,śābdikābharaṇam‌.txt,Śābdikābharaṇam‌,https://sa.wikisource.org/wiki/%E0%A4%B6%E0%A4%BE%E0%A4%AC%E0%A5%8D%E0%A4%A6%E0%A4%BF%E0%A4%95%E0%A4%BE%E0%A4%AD%E0%A4%B0%E0%A4%A3%E0%A4%AE%E0%A5%8D%E2%80%8C,,,,
vedāṅga,ṛgvarṇakramalakṣaṇam.txt,Ṛgvarṇakramalakṣaṇa,https://sa.wikisource.org/wiki/%E0%A4%8B%E0%A4%97%E0%A5%8D%E0%A4%B5%E0%A4%B0%E0%A5%8D%E0%A4%A3%E0%A4%95%E0%A5%8D%E0%A4%B0%E0%A4%AE%E0%A4%B2%E0%A4%95%E0%A5%8D%E0%A4%B7%E0%A4%A3%E0%A4%AE%E0%A5%8D,,,,
vedāṅga,ṛgvedaprātiśākhyam.txt,Ṛgvedaprātiśākhya,https://sa.wikisource.org/wiki/%E0%A4%8B%E0%A4%97%E0%A5%8D%E0%A4%B5%E0%A5%87%E0%A4%A6%E0%A4%AA%E0%A5%8D%E0%A4%B0%E0%A4%BE%E0%A4%A4%E0%A4%BF%E0%A4%B6%E0%A4%BE%E0%A4%96%E0%A5%8D%E0%A4%AF%E0%A4%AE%E0%A5%8D,,,,
vedāṅga,ṣaṭkārakam.txt,Ṣaṭkāraka,https://sa.wikisource.org/wiki/%E0%A4%B7%E0%A4%9F%E0%A5%8D%E0%A4%95%E0%A4%BE%E0%A4%B0%E0%A4%95%E0%A4%AE%E0%A5%8D,,,,
vedāṅga,ṣoḍaśaślokīśikṣā.txt,Ṣoḍaśaślokīśikṣā,https://sa.wikisource.org/wiki/%E0%A4%B7%E0%A5%8B%E0%A4%A1%E0%A4%B6%E0%A4%B6%E0%A5%8D%E0%A4%B2%E0%A5%8B%E0%A4%95%E0%A5%80_%E0%A4%B6%E0%A4%BF%E0%A4%95%E0%A5%8D%E0%A4%B7%E0%A4%BE,,,,
āgama,ahirbudhnasaṃhitā.txt,Ahirbudhnasaṃhitā,https://sa.wikisource.org/wiki/%E0%A4%85%E0%A4%B9%E0%A4%BF%E0%A4%B0%E0%A5%8D%E0%A4%AC%E0%A5%81%E0%A4%A7%E0%A5%8D%E0%A4%A8%E0%A4%B8%E0%A4%82%E0%A4%B9%E0%A4%BF%E0%A4%A4%E0%A4%BE,,,,
āgama,akulavīratantra.txt,Akulavīratantra,https://sa.wikisource.org/wiki/%E0%A4%85%E0%A4%95%E0%A5%81%E0%A4%B2%E0%A4%B5%E0%A5%80%E0%A4%B0%E0%A4%A4%E0%A4%A8%E0%A5%8D%E0%A4%A4%E0%A5%8D%E0%A4%B0%E0%A4%AE%E0%A5%8D,,,,
āgama,aniruddhasaṃhitā.txt,Aniruddhasaṃhitā,https://sa.wikisource.org/wiki/%E0%A4%85%E0%A4%A8%E0%A4%BF%E0%A4%B0%E0%A5%81%E0%A4%A6%E0%A5%8D%E0%A4%A7%E0%A4%B8%E0%A4%82%E0%A4%B9%E0%A4%BF%E0%A4%A4%E0%A4%BE,,,,
āgama,aṃśumatkāśyapāgama.txt,Aṃśumatkāśyapāgama,https://sa.wikisource.org/wiki/%E0%A4%85%E0%A4%82%E0%A4%B6%E0%A5%81%E0%A4%AE%E0%A4%A4%E0%A5%8D%E0%A4%95%E0%A4%BE%E0%A4%B6%E0%A5%8D%E0%A4%AF%E0%A4%AA%E0%A4%BE%E0%A4%97%E0%A4%AE%E0%A4%83,,,,
āgama,bhārgavatantram.txt,Bhārgavatantra,https://sa.wikisource.org/wiki/%E0%A4%AD%E0%A4%BE%E0%A4%B0%E0%A5%8D%E0%A4%97%E0%A4%B5%E0%A4%A4%E0%A4%A8%E0%A5%8D%E0%A4%A4%E0%A5%8D%E0%A4%B0%E0%A4%AE%E0%A5%8D,,,,
āgama,devyāḥ_kavacam.txt,Devyāḥ Kavaca,https://sa.wikisource.org/wiki/%E0%A4%A6%E0%A5%87%E0%A4%B5%E0%A5%8D%E0%A4%AF%E0%A4%BE%E0%A4%83_%E0%A4%95%E0%A4%B5%E0%A4%9A%E0%A4%AE%E0%A5%8D,,,,
āgama,jayākhyasaṃhitā.txt,Jayākhyasaṃhitā,https://sa.wikisource.org/wiki/%E0%A4%B5%E0%A4%B0%E0%A5%8D%E0%A4%97%E0%A4%83:%E0%A4%AA%E0%A4%BE%E0%A4%9E%E0%A5%8D%E0%A4%9A%E0%A4%B0%E0%A4%BE%E0%A4%A4%E0%A5%8D%E0%A4%B0%E0%A4%BE%E0%A4%97%E0%A4%AE%E0%A4%83,,,,
āgama,kriyādhikāra.txt,Kriyādhikāra,https://sa.wikisource.org/wiki/%E0%A4%95%E0%A5%8D%E0%A4%B0%E0%A4%BF%E0%A4%AF%E0%A4%BE%E0%A4%A7%E0%A4%BF%E0%A4%95%E0%A4%BE%E0%A4%B0%E0%A4%83,,,,
āgama,kriyākairavacandrikā.txt,Kriyākairavacandrikā,https://sa.wikisource.org/wiki/%EF%BB%BF%E0%A4%95%E0%A5%8D%E0%A4%B0%E0%A4%BF%E0%A4%AF%E0%A4%BE-%E0%A4%95%E0%A5%88%E0%A4%B0%E0%A4%B5-%E0%A4%9A%E0%A4%A8%E0%A5%8D%E0%A4%A6%E0%A5%8D%E0%A4%B0%E0%A4%BF%E0%A4%95%E0%A4%BE,,,,
āgama,kriyākramadyotikā.txt,Kriyākramadyotikā,https://sa.wikisource.org/wiki/%E0%A4%95%E0%A5%8D%E0%A4%B0%E0%A4%BF%E0%A4%AF%E0%A4%BE%E0%A4%95%E0%A5%8D%E0%A4%B0%E0%A4%AE%E0%A4%BE%E0%A4%A6%E0%A5%8D%E0%A4%AF%E0%A5%8B%E0%A4%A4%E0%A4%BF%E0%A4%95%E0%A4%BE,,,,
āgama,lakṣmītantram.txt,Lakṣmītantra,https://sa.wikisource.org/wiki/%E0%A4%B2%E0%A4%95%E0%A5%8D%E0%A4%B7%E0%A5%8D%E0%A4%AE%E0%A5%80%E0%A4%A4%E0%A4%A8%E0%A5%8D%E0%A4%A4%E0%A5%8D%E0%A4%B0%E0%A4%AE%E0%A5%8D,,,,
āgama,padmasaṃhitā.txt,Padmasaṃhitā,https://sa.wikisource.org/wiki/%E0%A4%AA%E0%A4%A6%E0%A5%8D%E0%A4%AE%E0%A4%B8%E0%A4%82%E0%A4%B9%E0%A4%BF%E0%A4%A4%E0%A4%BE,,,,
āgama,paramapuruṣasaṃhitā.txt,Paramapuruṣasaṃhitā,https://sa.wikisource.org/wiki/%E0%A4%AA%E0%A4%B0%E0%A4%AE%E0%A4%AA%E0%A5%81%E0%A4%B0%E0%A5%81%E0%A4%B7%E0%A4%B8%E0%A4%82%E0%A4%B9%E0%A4%BF%E0%A4%A4%E0%A4%BE,,,,
āgama,parameśvarasaṃhitā.txt,Parameśvarasaṃhitā,https://sa.wikisource.org/wiki/%E0%A4%AA%E0%A4%B0%E0%A4%AE%E0%A5%87%E0%A4%B6%E0%A5%8D%E0%A4%B5%E0%A4%B0%E0%A4%B8%E0%A4%82%E0%A4%B9%E0%A4%BF%E0%A4%A4%E0%A4%BE,,,,
āgama,prayogamañjarī.txt,Prayogamañjarī,https://sa.wikisource.org/wiki/%E0%A4%AA%E0%A5%8D%E0%A4%B0%E0%A4%AF%E0%A5%8B%E0%A4%97%E0%A4%AE%E0%A4%9E%E0%A5%8D%E0%A4%9C%E0%A4%B0%E0%A5%80,,Raviḥ,,
āgama,praśnasaṃhitā.txt,Praśnasaṃhitā,https://sa.wikisource.org/wiki/%E0%A4%AA%E0%A5%8D%E0%A4%B0%E0%A4%B6%E0%A5%8D%E0%A4%A8%E0%A4%B8%E0%A4%82%E0%A4%B9%E0%A4%BF%E0%A4%A4%E0%A4%BE,,,,
āgama,puruṣottamasaṃhitā.txt,Puruṣottamasaṃhitā,https://sa.wikisource.org/wiki/%E0%A4%AA%E0%A5%81%E0%A4%B0%E0%A5%81%E0%A4%B7%E0%A5%8B%E0%A4%A4%E0%A5%8D%E0%A4%A4%E0%A4%AE%E0%A4%B8%E0%A4%82%E0%A4%B9%E0%A4%BF%E0%A4%A4%E0%A4%BE,,,,
āgama,sāttvatasaṃhitā.txt,Sāttvatasaṃhitā,https://sa.wikisource.org/wiki/%E0%A4%B8%E0%A4%BE%E0%A4%A4%E0%A5%8D%E0%A4%A4%E0%A5%8D%E0%A4%B5%E0%A4%A4%E0%A4%B8%E0%A4%82%E0%A4%B9%E0%A4%BF%E0%A4%A4%E0%A4%BE,,,,
āgama,viśvāmitrasaṃhitā.txt,Viśvāmitrasaṃhitā,https://sa.wikisource.org/wiki/%E0%A4%B5%E0%A4%BF%E0%A4%B6%E0%A5%8D%E0%A4%B5%E0%A4%BE%E0%A4%AE%E0%A4%BF%E0%A4%A4%E0%A5%8D%E0%A4%B0%E0%A4%B8%E0%A4%82%E0%A4%B9%E0%A4%BF%E0%A4%A4%E0%A4%BE,,,,
āgama,viṣṇusaṃhitā.txt,Viṣṇusaṃhitā,https://sa.wikisource.org/wiki/%E0%A4%B5%E0%A4%BF%E0%A4%B7%E0%A5%8D%E0%A4%A3%E0%A5%81%E0%A4%B8%E0%A4%82%E0%A4%B9%E0%A4%BF%E0%A4%A4%E0%A4%BE,,,,
āgama,yajñādhikāra.txt,Yajñādhikāra,https://sa.wikisource.org/wiki/%E0%A4%AF%E0%A4%9C%E0%A5%8D%E0%A4%9E%E0%A4%BE%E0%A4%A7%E0%A4%BF%E0%A4%95%E0%A4%BE%E0%A4%B0%E0%A4%83,,,,
āgama,āgamaprāmāṇya.txt,Āgamaprāmāṇya,https://sa.wikisource.org/wiki/%E0%A4%86%E0%A4%97%E0%A4%AE%E0%A4%AA%E0%A5%8D%E0%A4%B0%E0%A4%BE%E0%A4%AE%E0%A4%BE%E0%A4%A3%E0%A5%8D%E0%A4%AF%E0%A4%AE%E0%A5%8D,,,,