title,original_link,link,notes
agnipurāṇam ,,https://sa.wikisource.org/wiki/%E0%A4%85%E0%A4%97%E0%A5%8D%E0%A4%A8%E0%A4%BF%E0%A4%AA%E0%A5%81%E0%A4%B0%E0%A4%BE%E0%A4%A3%E0%A4%AE%E0%A5%8D,fully included in gretil
kūrmapurāṇam ,,https://sa.wikisource.org/wiki/%E0%A4%95%E0%A5%82%E0%A4%B0%E0%A5%8D%E0%A4%AE%E0%A4%AA%E0%A5%81%E0%A4%B0%E0%A4%BE%E0%A4%A3%E0%A4%AE%E0%A5%8D,fully included in gretil
gaṇeśapurāṇam,,https://sa.wikisource.org/wiki/%E0%A4%97%E0%A4%A3%E0%A5%87%E0%A4%B6%E0%A4%AA%E0%A5%81%E0%A4%B0%E0%A4%BE%E0%A4%A3%E0%A4%AE%E0%A5%8D,
garuḍapurāṇam,,https://sa.wikisource.org/wiki/%E0%A4%97%E0%A4%B0%E0%A5%81%E0%A4%A1%E0%A4%AA%E0%A5%81%E0%A4%B0%E0%A4%BE%E0%A4%A3%E0%A4%AE%E0%A5%8D,fully included in gretil
nāradapurāṇam ,,https://sa.wikisource.org/wiki/%E0%A4%A8%E0%A4%BE%E0%A4%B0%E0%A4%A6%E0%A4%AA%E0%A5%81%E0%A4%B0%E0%A4%BE%E0%A4%A3%E0%A4%AE%E0%A5%8D,partially included in gretil
padmapurāṇam,,https://sa.wikisource.org/wiki/%E0%A4%AA%E0%A4%A6%E0%A5%8D%E0%A4%AE%E0%A4%AA%E0%A5%81%E0%A4%B0%E0%A4%BE%E0%A4%A3%E0%A4%AE%E0%A5%8D,
brahmapurāṇam,,https://sa.wikisource.org/wiki/%E0%A4%AC%E0%A5%8D%E0%A4%B0%E0%A4%B9%E0%A5%8D%E0%A4%AE%E0%A4%AA%E0%A5%81%E0%A4%B0%E0%A4%BE%E0%A4%A3%E0%A4%AE%E0%A5%8D,fully included in gretil
brahmavaivartapurāṇam,,https://sa.wikisource.org/wiki/%E0%A4%AC%E0%A5%8D%E0%A4%B0%E0%A4%B9%E0%A5%8D%E0%A4%AE%E0%A4%B5%E0%A5%88%E0%A4%B5%E0%A4%B0%E0%A5%8D%E0%A4%A4%E0%A4%AA%E0%A5%81%E0%A4%B0%E0%A4%BE%E0%A4%A3%E0%A4%AE%E0%A5%8D,
brahmavaivartamahāpurāṇam,,https://sa.wikisource.org/wiki/%E0%A4%AC%E0%A5%8D%E0%A4%B0%E0%A4%B9%E0%A5%8D%E0%A4%AE%E0%A4%B5%E0%A5%88%E0%A4%B5%E0%A4%B0%E0%A5%8D%E0%A4%A4%E0%A4%AE%E0%A4%B9%E0%A4%BE%E0%A4%AA%E0%A5%81%E0%A4%B0%E0%A4%BE%E0%A4%A3%E0%A4%AE%E0%A5%8D,
brahmāṇḍapurāṇam ,,https://sa.wikisource.org/wiki/%E0%A4%AC%E0%A5%8D%E0%A4%B0%E0%A4%B9%E0%A5%8D%E0%A4%AE%E0%A4%BE%E0%A4%A3%E0%A5%8D%E0%A4%A1%E0%A4%AA%E0%A5%81%E0%A4%B0%E0%A4%BE%E0%A4%A3%E0%A4%AE%E0%A5%8D,fully included in gretil
bhaviṣyapurāṇam,,https://sa.wikisource.org/wiki/%E0%A4%AD%E0%A4%B5%E0%A4%BF%E0%A4%B7%E0%A5%8D%E0%A4%AF%E0%A4%AA%E0%A5%81%E0%A4%B0%E0%A4%BE%E0%A4%A3%E0%A4%AE%E0%A5%8D,
bhaviṣyamahāpurāṇam,,https://sa.wikisource.org/wiki/%E0%A4%AD%E0%A4%B5%E0%A4%BF%E0%A4%B7%E0%A5%8D%E0%A4%AF%E0%A4%AE%E0%A4%B9%E0%A4%BE%E0%A4%AA%E0%A5%81%E0%A4%B0%E0%A4%BE%E0%A4%A3%E0%A4%AE%E0%A5%8D_%E0%A4%AD%E0%A4%BE%E0%A4%97%E0%A4%83_%E0%A5%A7,
matsyapurāṇam,,https://sa.wikisource.org/wiki/%E0%A4%AE%E0%A4%A4%E0%A5%8D%E0%A4%B8%E0%A5%8D%E0%A4%AF%E0%A4%AA%E0%A5%81%E0%A4%B0%E0%A4%BE%E0%A4%A3%E0%A4%AE%E0%A5%8D,partially included in gretil
mārkaṇḍeyapurāṇam,,https://sa.wikisource.org/wiki/%E0%A4%AE%E0%A4%BE%E0%A4%B0%E0%A5%8D%E0%A4%95%E0%A4%A3%E0%A5%8D%E0%A4%A1%E0%A5%87%E0%A4%AF%E0%A4%AA%E0%A5%81%E0%A4%B0%E0%A4%BE%E0%A4%A3%E0%A4%AE%E0%A5%8D,fully included in gretil
liṅgapurāṇam,,https://sa.wikisource.org/wiki/%E0%A4%B2%E0%A4%BF%E0%A4%99%E0%A5%8D%E0%A4%97%E0%A4%AA%E0%A5%81%E0%A4%B0%E0%A4%BE%E0%A4%A3%E0%A4%AE%E0%A5%8D,fully included in gretil
varāhapurāṇam,,https://sa.wikisource.org/wiki/%E0%A4%B5%E0%A4%B0%E0%A4%BE%E0%A4%B9%E0%A4%AA%E0%A5%81%E0%A4%B0%E0%A4%BE%E0%A4%A3%E0%A4%AE%E0%A5%8D,
vāmanapurāṇam,,https://sa.wikisource.org/wiki/%E0%A4%B5%E0%A4%BE%E0%A4%AE%E0%A4%A8%E0%A4%AA%E0%A5%81%E0%A4%B0%E0%A4%BE%E0%A4%A3%E0%A4%AE%E0%A5%8D,fully included in gretil
vāyupurāṇam ,,https://sa.wikisource.org/wiki/%E0%A4%B5%E0%A4%BE%E0%A4%AF%E0%A5%81%E0%A4%AA%E0%A5%81%E0%A4%B0%E0%A4%BE%E0%A4%A3%E0%A4%AE%E0%A5%8D,partially included in gretil
viṣṇupurāṇam,,https://sa.wikisource.org/wiki/%E0%A4%B5%E0%A4%BF%E0%A4%B7%E0%A5%8D%E0%A4%A3%E0%A5%81%E0%A4%AA%E0%A5%81%E0%A4%B0%E0%A4%BE%E0%A4%A3%E0%A4%AE%E0%A5%8D,fully included in gretil
śivapurāṇam,,https://sa.wikisource.org/wiki/%E0%A4%B6%E0%A4%BF%E0%A4%B5%E0%A4%AA%E0%A5%81%E0%A4%B0%E0%A4%BE%E0%A4%A3%E0%A4%AE%E0%A5%8D,fully included in gretil
śrībhaviṣyapurāṇam ,,https://sa.wikisource.org/wiki/%E0%A4%B6%E0%A5%8D%E0%A4%B0%E0%A5%80%E0%A4%AD%E0%A4%B5%E0%A4%BF%E0%A4%B7%E0%A5%8D%E0%A4%AF%E0%A4%AA%E0%A5%81%E0%A4%B0%E0%A4%BE%E0%A4%A3%E0%A4%AE%E0%A5%8D/%E0%A4%9A%E0%A4%A4%E0%A5%81%E0%A4%B0%E0%A5%8D%E0%A4%A5_%E0%A4%AA%E0%A4%B0%E0%A5%8D%E0%A4%B5/%E0%A4%85%E0%A4%A7%E0%A5%8D%E0%A4%AF%E0%A4%BE%E0%A4%AF%E0%A4%83_%E0%A5%A7%E0%A5%A9%E0%A5%AE,
śrīmadbhāgavata mahāpurāṇa,,https://sa.wikisource.org/wiki/%E0%A4%B6%E0%A5%8D%E0%A4%B0%E0%A5%80%E0%A4%AE%E0%A4%A6%E0%A5%8D%E0%A4%AD%E0%A4%BE%E0%A4%97%E0%A4%B5%E0%A4%A4_%E0%A4%AE%E0%A4%B9%E0%A4%BE%E0%A4%AA%E0%A5%81%E0%A4%B0%E0%A4%BE%E0%A4%A3/%E0%A4%B8%E0%A5%8D%E0%A4%95%E0%A4%82%E0%A4%A7_%E0%A5%A6%E0%A5%A7/%E0%A4%85%E0%A4%A7%E0%A5%8D%E0%A4%AF%E0%A4%BE%E0%A4%AF%E0%A4%83_%E0%A5%A6%E0%A5%A7,fully included in gretil
śrīmadbhāgavatapurāṇam,,https://sa.wikisource.org/wiki/%E0%A4%B6%E0%A5%8D%E0%A4%B0%E0%A5%80%E0%A4%AE%E0%A4%A6%E0%A5%8D%E0%A4%AD%E0%A4%BE%E0%A4%97%E0%A4%B5%E0%A4%A4%E0%A4%AA%E0%A5%81%E0%A4%B0%E0%A4%BE%E0%A4%A3%E0%A4%AE%E0%A5%8D,fully included in gretil
skandapurāṇam,,https://sa.wikisource.org/wiki/%E0%A4%B8%E0%A5%8D%E0%A4%95%E0%A4%A8%E0%A5%8D%E0%A4%A6%E0%A4%AA%E0%A5%81%E0%A4%B0%E0%A4%BE%E0%A4%A3%E0%A4%AE%E0%A5%8D,partially included in gretil
harivaṃśapurāṇam,,https://sa.wikisource.org/wiki/%E0%A4%B9%E0%A4%B0%E0%A4%BF%E0%A4%B5%E0%A4%82%E0%A4%B6%E0%A4%AA%E0%A5%81%E0%A4%B0%E0%A4%BE%E0%A4%A3%E0%A4%AE%E0%A5%8D,
,,,
kalkipurāṇam,,https://sa.wikisource.org/wiki/%E0%A4%95%E0%A4%B2%E0%A5%8D%E0%A4%95%E0%A4%BF%E0%A4%AA%E0%A5%81%E0%A4%B0%E0%A4%BE%E0%A4%A3%E0%A4%AE%E0%A5%8D,
kālikāpurāṇam,,https://sa.wikisource.org/wiki/%E0%A4%95%E0%A4%BE%E0%A4%B2%E0%A4%BF%E0%A4%95%E0%A4%BE%E0%A4%AA%E0%A5%81%E0%A4%B0%E0%A4%BE%E0%A4%A3%E0%A4%AE%E0%A5%8D,
devībhāgavatapurāṇam ,,https://sa.wikisource.org/wiki/%E0%A4%A6%E0%A5%87%E0%A4%B5%E0%A5%80%E0%A4%AD%E0%A4%BE%E0%A4%97%E0%A4%B5%E0%A4%A4%E0%A4%AA%E0%A5%81%E0%A4%B0%E0%A4%BE%E0%A4%A3%E0%A4%AE%E0%A5%8D,partially included in gretil
viṣṇudharmottarapurāṇam,,https://sa.wikisource.org/wiki/%E0%A4%B5%E0%A4%BF%E0%A4%B7%E0%A5%8D%E0%A4%A3%E0%A5%81%E0%A4%A7%E0%A4%B0%E0%A5%8D%E0%A4%AE%E0%A5%8B%E0%A4%A4%E0%A5%8D%E0%A4%A4%E0%A4%B0%E0%A4%AA%E0%A5%81%E0%A4%B0%E0%A4%BE%E0%A4%A3%E0%A4%AE%E0%A5%8D,partially included in gretil
,,,
vālmīkirāmāyaṇam,,https://sa.wikisource.org/wiki/%E0%A4%B5%E0%A4%BE%E0%A4%B2%E0%A5%8D%E0%A4%AE%E0%A5%80%E0%A4%95%E0%A4%BF%E0%A4%B0%E0%A4%BE%E0%A4%AE%E0%A4%BE%E0%A4%AF%E0%A4%A3%E0%A4%AE%E0%A5%8D,fully included in gretil
yogavāsiṣṭhaḥ ,,https://sa.wikisource.org/wiki/%E0%A4%AF%E0%A5%8B%E0%A4%97%E0%A4%B5%E0%A4%BE%E0%A4%B8%E0%A4%BF%E0%A4%B7%E0%A5%8D%E0%A4%A0%E0%A4%83,partially included in gretil
,,,
gargasaṃhitā,,https://sa.wikisource.org/wiki/%E0%A4%97%E0%A4%B0%E0%A5%8D%E0%A4%97%E0%A4%B8%E0%A4%82%E0%A4%B9%E0%A4%BF%E0%A4%A4%E0%A4%BE,
lakṣmīnārāyaṇasaṃhitā,,https://sa.wikisource.org/wiki/%E0%A4%B2%E0%A4%95%E0%A5%8D%E0%A4%B7%E0%A5%8D%E0%A4%AE%E0%A5%80%E0%A4%A8%E0%A4%BE%E0%A4%B0%E0%A4%BE%E0%A4%AF%E0%A4%A3%E0%A4%B8%E0%A4%82%E0%A4%B9%E0%A4%BF%E0%A4%A4%E0%A4%BE,
,,,
jaiminīyāśvamedhaparva,,https://sa.wikisource.org/wiki/%E0%A4%9C%E0%A5%88%E0%A4%AE%E0%A4%BF%E0%A4%A8%E0%A5%80%E0%A4%AF%E0%A4%BE%E0%A4%B6%E0%A5%8D%E0%A4%B5%E0%A4%AE%E0%A5%87%E0%A4%A7%E0%A4%AA%E0%A4%B0%E0%A5%8D%E0%A4%B5,
pāñcarātrāgamaḥ,,,
aniruddhasaṃhitā,,https://sa.wikisource.org/wiki/%E0%A4%85%E0%A4%A8%E0%A4%BF%E0%A4%B0%E0%A5%81%E0%A4%A6%E0%A5%8D%E0%A4%A7%E0%A4%B8%E0%A4%82%E0%A4%B9%E0%A4%BF%E0%A4%A4%E0%A4%BE,
ahirbudhnasaṃhitā,,https://sa.wikisource.org/wiki/%E0%A4%85%E0%A4%B9%E0%A4%BF%E0%A4%B0%E0%A5%8D%E0%A4%AC%E0%A5%81%E0%A4%A7%E0%A5%8D%E0%A4%A8%E0%A4%B8%E0%A4%82%E0%A4%B9%E0%A4%BF%E0%A4%A4%E0%A4%BE,
jayākhyasaṃhitā,,https://sa.wikisource.org/wiki/%E0%A4%B5%E0%A4%B0%E0%A5%8D%E0%A4%97%E0%A4%83:%E0%A4%AA%E0%A4%BE%E0%A4%9E%E0%A5%8D%E0%A4%9A%E0%A4%B0%E0%A4%BE%E0%A4%A4%E0%A5%8D%E0%A4%B0%E0%A4%BE%E0%A4%97%E0%A4%AE%E0%A4%83,
jñānāmṛtasārasaṃhitā,,,fully included in gretil
padmasaṃhitā,,https://sa.wikisource.org/wiki/%E0%A4%AA%E0%A4%A6%E0%A5%8D%E0%A4%AE%E0%A4%B8%E0%A4%82%E0%A4%B9%E0%A4%BF%E0%A4%A4%E0%A4%BE,
paramapuruṣasaṃhitā,,https://sa.wikisource.org/wiki/%E0%A4%AA%E0%A4%B0%E0%A4%AE%E0%A4%AA%E0%A5%81%E0%A4%B0%E0%A5%81%E0%A4%B7%E0%A4%B8%E0%A4%82%E0%A4%B9%E0%A4%BF%E0%A4%A4%E0%A4%BE,
parameśvarasaṃhitā,,https://sa.wikisource.org/wiki/%E0%A4%AA%E0%A4%B0%E0%A4%AE%E0%A5%87%E0%A4%B6%E0%A5%8D%E0%A4%B5%E0%A4%B0%E0%A4%B8%E0%A4%82%E0%A4%B9%E0%A4%BF%E0%A4%A4%E0%A4%BE,
puruṣottamasaṃhitā,,https://sa.wikisource.org/wiki/%E0%A4%AA%E0%A5%81%E0%A4%B0%E0%A5%81%E0%A4%B7%E0%A5%8B%E0%A4%A4%E0%A5%8D%E0%A4%A4%E0%A4%AE%E0%A4%B8%E0%A4%82%E0%A4%B9%E0%A4%BF%E0%A4%A4%E0%A4%BE,
prakāśasaṃhitā,,,fully included in gretil
praśnasaṃhitā,,https://sa.wikisource.org/wiki/%E0%A4%AA%E0%A5%8D%E0%A4%B0%E0%A4%B6%E0%A5%8D%E0%A4%A8%E0%A4%B8%E0%A4%82%E0%A4%B9%E0%A4%BF%E0%A4%A4%E0%A4%BE,
bhārgavatantram,,https://sa.wikisource.org/wiki/%E0%A4%AD%E0%A4%BE%E0%A4%B0%E0%A5%8D%E0%A4%97%E0%A4%B5%E0%A4%A4%E0%A4%A8%E0%A5%8D%E0%A4%A4%E0%A5%8D%E0%A4%B0%E0%A4%AE%E0%A5%8D,
lakṣmītantram,,https://sa.wikisource.org/wiki/%E0%A4%B2%E0%A4%95%E0%A5%8D%E0%A4%B7%E0%A5%8D%E0%A4%AE%E0%A5%80%E0%A4%A4%E0%A4%A8%E0%A5%8D%E0%A4%A4%E0%A5%8D%E0%A4%B0%E0%A4%AE%E0%A5%8D,
viśvaksenasaṃhitā,,,fully included in gretil
viśvāmitrasaṃhitā,,https://sa.wikisource.org/wiki/%E0%A4%B5%E0%A4%BF%E0%A4%B6%E0%A5%8D%E0%A4%B5%E0%A4%BE%E0%A4%AE%E0%A4%BF%E0%A4%A4%E0%A5%8D%E0%A4%B0%E0%A4%B8%E0%A4%82%E0%A4%B9%E0%A4%BF%E0%A4%A4%E0%A4%BE,
viṣṇusaṃhitā,,https://sa.wikisource.org/wiki/%E0%A4%B5%E0%A4%BF%E0%A4%B7%E0%A5%8D%E0%A4%A3%E0%A5%81%E0%A4%B8%E0%A4%82%E0%A4%B9%E0%A4%BF%E0%A4%A4%E0%A4%BE,
sāttvatasaṃhitā,,https://sa.wikisource.org/wiki/%E0%A4%B8%E0%A4%BE%E0%A4%A4%E0%A5%8D%E0%A4%A4%E0%A5%8D%E0%A4%B5%E0%A4%A4%E0%A4%B8%E0%A4%82%E0%A4%B9%E0%A4%BF%E0%A4%A4%E0%A4%BE,
kriyākairavacandrikā,,https://sa.wikisource.org/wiki/%EF%BB%BF%E0%A4%95%E0%A5%8D%E0%A4%B0%E0%A4%BF%E0%A4%AF%E0%A4%BE-%E0%A4%95%E0%A5%88%E0%A4%B0%E0%A4%B5-%E0%A4%9A%E0%A4%A8%E0%A5%8D%E0%A4%A6%E0%A5%8D%E0%A4%B0%E0%A4%BF%E0%A4%95%E0%A4%BE,
,,,
vaikhānasāgamaḥ,,,
kriyādhikāraḥ,,https://sa.wikisource.org/wiki/%E0%A4%95%E0%A5%8D%E0%A4%B0%E0%A4%BF%E0%A4%AF%E0%A4%BE%E0%A4%A7%E0%A4%BF%E0%A4%95%E0%A4%BE%E0%A4%B0%E0%A4%83,
bhṛgusaṃhitā,,,fully included in gretil
yajñādhikāraḥ,,https://sa.wikisource.org/wiki/%E0%A4%AF%E0%A4%9C%E0%A5%8D%E0%A4%9E%E0%A4%BE%E0%A4%A7%E0%A4%BF%E0%A4%95%E0%A4%BE%E0%A4%B0%E0%A4%83,
,,,
śāktāgamaḥ ,,,
ṭoḍalatantram,,,fully included in gretil
devīkālottarāgamaḥ,,,fully included in gretil
paraśurāmakalpasūtram,,,fully included in gretil
mātṛkābhedatantram,,,fully included in gretil
mālinīvijayottaratantram,,,fully included in gretil
mālinīślokavārtikam,,,fully included in gretil
vātulanāthasūtrāṇi,,,fully included in gretil
vīṇāśikhatantram,,,fully included in gretil
śāktavijñānam,,,fully included in gretil
,,,
śaivāgamaḥ,,,
ajaḍapramātṛsiddhiḥ,,,fully included in gretil
anuttaraprakāśikā,,,fully included in gretil
anuttarāṣṭikā,,,fully included in gretil
amaraughaśāsanam,,,fully included in gretil
ūḍḍāmareśvaratantram,,,fully included in gretil
kiraṇatantram,,,fully included in gretil
kriyākramādyotikā,,https://sa.wikisource.org/wiki/%E0%A4%95%E0%A5%8D%E0%A4%B0%E0%A4%BF%E0%A4%AF%E0%A4%BE%E0%A4%95%E0%A5%8D%E0%A4%B0%E0%A4%AE%E0%A4%BE%E0%A4%A6%E0%A5%8D%E0%A4%AF%E0%A5%8B%E0%A4%A4%E0%A4%BF%E0%A4%95%E0%A4%BE,
gaṇakārikā,,,fully included in gretil
gorakṣaśatakam,,,fully included in gretil
paratriṃśikātattvavivaraṇam,,,fully included in gretil
paramārthasāraḥ,,,fully included in gretil
paryantapañcāśikā,,,fully included in gretil
pāśupatasūtram,,,fully included in gretil
bījanighaṇṭuḥ,,,fully included in gretil
bodhapañcadaśikā,,,fully included in gretil
mṛgendratantram,,,fully included in gretil
ratnatrayaparīkṣā,,,fully included in gretil
vijñānabhairavam,,,fully included in gretil
śivasūtravārtikā,,,fully included in gretil
śivopaniṣat,,,fully included in gretil
sārthatriśatikālottarāgamaḥ,,,fully included in gretil
,,,
aṃśumatkāśyapāgamaḥ,,https://sa.wikisource.org/wiki/%E0%A4%85%E0%A4%82%E0%A4%B6%E0%A5%81%E0%A4%AE%E0%A4%A4%E0%A5%8D%E0%A4%95%E0%A4%BE%E0%A4%B6%E0%A5%8D%E0%A4%AF%E0%A4%AA%E0%A4%BE%E0%A4%97%E0%A4%AE%E0%A4%83,
akulavīratantram,,https://sa.wikisource.org/wiki/%E0%A4%85%E0%A4%95%E0%A5%81%E0%A4%B2%E0%A4%B5%E0%A5%80%E0%A4%B0%E0%A4%A4%E0%A4%A8%E0%A5%8D%E0%A4%A4%E0%A5%8D%E0%A4%B0%E0%A4%AE%E0%A5%8D,
āgamaprāmāṇyam,,https://sa.wikisource.org/wiki/%E0%A4%86%E0%A4%97%E0%A4%AE%E0%A4%AA%E0%A5%8D%E0%A4%B0%E0%A4%BE%E0%A4%AE%E0%A4%BE%E0%A4%A3%E0%A5%8D%E0%A4%AF%E0%A4%AE%E0%A5%8D,
tantrasāraḥ,,,fully included in gretil
tantrālokaḥ,,,fully included in gretil
devyāḥ kavacam,,https://sa.wikisource.org/wiki/%E0%A4%A6%E0%A5%87%E0%A4%B5%E0%A5%8D%E0%A4%AF%E0%A4%BE%E0%A4%83_%E0%A4%95%E0%A4%B5%E0%A4%9A%E0%A4%AE%E0%A5%8D,
prayogamañjarī,,https://sa.wikisource.org/wiki/%E0%A4%AA%E0%A5%8D%E0%A4%B0%E0%A4%AF%E0%A5%8B%E0%A4%97%E0%A4%AE%E0%A4%9E%E0%A5%8D%E0%A4%9C%E0%A4%B0%E0%A5%80,
yogapādaḥ,,,fully included in gretil
sādhanadīpikā,,,fully included in gretil
svacchandatantram,,,fully included in gretil
īśāvāsyopaniṣadbhāṣyam,ईशावास्योपनिषद्भाष्यम् - विकिस्रोतः,https://sa.wikisource.org/wiki/%E0%A4%88%E0%A4%B6%E0%A4%BE%E0%A4%B5%E0%A4%BE%E0%A4%B8%E0%A5%8D%E0%A4%AF%E0%A5%8B%E0%A4%AA%E0%A4%A8%E0%A4%BF%E0%A4%B7%E0%A4%A6%E0%A5%8D%E0%A4%AD%E0%A4%BE%E0%A4%B7%E0%A5%8D%E0%A4%AF%E0%A4%AE%E0%A5%8D,
aitareyopaniṣadbhāṣyam,,,included in gretil
kaṭhopaniṣad-śāṅkarabhāṣyam,,,included in gretil
kenopaniṣadbhāṣyam,केनोपनिषद्भाष्यम् - विकिस्रोतः,https://sa.wikisource.org/wiki/%E0%A4%95%E0%A5%87%E0%A4%A8%E0%A5%8B%E0%A4%AA%E0%A4%A8%E0%A4%BF%E0%A4%B7%E0%A4%A6%E0%A5%8D%E0%A4%AD%E0%A4%BE%E0%A4%B7%E0%A5%8D%E0%A4%AF%E0%A4%AE%E0%A5%8D,
chāndogyopaniṣadbhāṣyam,,,included in gretil
taittarīyopaniṣadbhāṣyam,,,included in gretil
praśnopaniṣadbhāṣyam,,,included in gretil
bṛhadāraṇyakopaniṣadbhāṣyam,,,included in gretil
māṇḍūkyopaniṣadbhāṣyam,,,included in gretil
muṇḍakopaniṣadbhāṣyam,मुण्डकोपनिषद्भाष्यम् - विकिस्रोतः,https://sa.wikisource.org/wiki/%E0%A4%AE%E0%A5%81%E0%A4%A3%E0%A5%8D%E0%A4%A1%E0%A4%95%E0%A5%8B%E0%A4%AA%E0%A4%A8%E0%A4%BF%E0%A4%B7%E0%A4%A6%E0%A5%8D%E0%A4%AD%E0%A4%BE%E0%A4%B7%E0%A5%8D%E0%A4%AF%E0%A4%AE%E0%A5%8D,
advaitamakaranda,अद्वैत मकरन्द - विकिस्रोतः,https://sa.wikisource.org/wiki/%E0%A4%85%E0%A4%A6%E0%A5%8D%E0%A4%B5%E0%A5%88%E0%A4%A4_%E0%A4%AE%E0%A4%95%E0%A4%B0%E0%A4%A8%E0%A5%8D%E0%A4%A6,
advaitapañcaratnam,अद्वैतपञ्चरत्नम् - विकिस्रोतः,https://sa.wikisource.org/wiki/%E0%A4%85%E0%A4%A6%E0%A5%8D%E0%A4%B5%E0%A5%88%E0%A4%A4%E0%A4%AA%E0%A4%9E%E0%A5%8D%E0%A4%9A%E0%A4%B0%E0%A4%A4%E0%A5%8D%E0%A4%A8%E0%A4%AE%E0%A5%8D,
advaitasiddhi guruchandrikā,अनुक्रमणिका:Advaita Siddhi with Guru Chandrika vyakhya.djvu - विकिस्रोतः,https://sa.wikisource.org/wiki/%E0%A4%85%E0%A4%A8%E0%A5%81%E0%A4%95%E0%A5%8D%E0%A4%B0%E0%A4%AE%E0%A4%A3%E0%A4%BF%E0%A4%95%E0%A4%BE:Advaita_Siddhi_with_Guru_Chandrika_vyakhya.djvu,
advaitarasamañjarī,अद्वैतरसमञ्जरी - विकिस्रोतः,https://sa.wikisource.org/wiki/%E0%A4%85%E0%A4%A6%E0%A5%8D%E0%A4%B5%E0%A5%88%E0%A4%A4%E0%A4%B0%E0%A4%B8%E0%A4%AE%E0%A4%9E%E0%A5%8D%E0%A4%9C%E0%A4%B0%E0%A5%80,
advaitasiddhiḥ,अद्वैतसिद्धिः - विकिस्रोतः,https://sa.wikisource.org/wiki/%E0%A4%85%E0%A4%A6%E0%A5%8D%E0%A4%B5%E0%A5%88%E0%A4%A4%E0%A4%B8%E0%A4%BF%E0%A4%A6%E0%A5%8D%E0%A4%A7%E0%A4%BF%E0%A4%83,
advaitānubhūtiḥ,अद्वैतानुभूतिः - विकिस्रोतः,https://sa.wikisource.org/wiki/%E0%A4%85%E0%A4%A6%E0%A5%8D%E0%A4%B5%E0%A5%88%E0%A4%A4%E0%A4%BE%E0%A4%A8%E0%A5%81%E0%A4%AD%E0%A5%82%E0%A4%A4%E0%A4%BF%E0%A4%83,
anātmaśrīvigarhaṇaprakaraṇam,अनात्मश्रीविगर्हणप्रकरणम् - विकिस्रोतः,https://sa.wikisource.org/wiki/%E0%A4%85%E0%A4%A8%E0%A4%BE%E0%A4%A4%E0%A5%8D%E0%A4%AE%E0%A4%B6%E0%A5%8D%E0%A4%B0%E0%A5%80%E0%A4%B5%E0%A4%BF%E0%A4%97%E0%A4%B0%E0%A5%8D%E0%A4%B9%E0%A4%A3%E0%A4%AA%E0%A5%8D%E0%A4%B0%E0%A4%95%E0%A4%B0%E0%A4%A3%E0%A4%AE%E0%A5%8D,
aparokṣānubhūtiḥ,अपरोक्षानुभूतिः - विकिस्रोतः,https://sa.wikisource.org/wiki/%E0%A4%85%E0%A4%AA%E0%A4%B0%E0%A5%8B%E0%A4%95%E0%A5%8D%E0%A4%B7%E0%A4%BE%E0%A4%A8%E0%A5%81%E0%A4%AD%E0%A5%82%E0%A4%A4%E0%A4%BF%E0%A4%83,
ātmabodhaḥ,आत्मबोधः - विकिस्रोतः,https://sa.wikisource.org/wiki/%E0%A4%86%E0%A4%A4%E0%A5%8D%E0%A4%AE%E0%A4%AC%E0%A5%8B%E0%A4%A7%E0%A4%83,
upadeśasāhasrī (gadyaprabandhaḥ),उपदेशसाहस्री (गद्यप्रबन्धः) - विकिस्रोतः,https://sa.wikisource.org/wiki/%E0%A4%89%E0%A4%AA%E0%A4%A6%E0%A5%87%E0%A4%B6%E0%A4%B8%E0%A4%BE%E0%A4%B9%E0%A4%B8%E0%A5%8D%E0%A4%B0%E0%A5%80_(%E0%A4%97%E0%A4%A6%E0%A5%8D%E0%A4%AF%E0%A4%AA%E0%A5%8D%E0%A4%B0%E0%A4%AC%E0%A4%A8%E0%A5%8D%E0%A4%A7%E0%A4%83),
kaupīnapañcakam,कौपीनपञ्चकम् - विकिस्रोतः,https://sa.wikisource.org/wiki/%E0%A4%95%E0%A5%8C%E0%A4%AA%E0%A5%80%E0%A4%A8%E0%A4%AA%E0%A4%9E%E0%A5%8D%E0%A4%9A%E0%A4%95%E0%A4%AE%E0%A5%8D,
gauḍapādakārikā,,,included in gretil
jīvanmuktānandalaharī,जीवन्मुक्तानन्दलहरी - विकिस्रोतः,https://sa.wikisource.org/wiki/%E0%A4%9C%E0%A5%80%E0%A4%B5%E0%A4%A8%E0%A5%8D%E0%A4%AE%E0%A5%81%E0%A4%95%E0%A5%8D%E0%A4%A4%E0%A4%BE%E0%A4%A8%E0%A4%A8%E0%A5%8D%E0%A4%A6%E0%A4%B2%E0%A4%B9%E0%A4%B0%E0%A5%80,
tattvopadeśaḥ,तत्त्वोपदेशः - विकिस्रोतः,https://sa.wikisource.org/wiki/%E0%A4%A4%E0%A4%A4%E0%A5%8D%E0%A4%A4%E0%A5%8D%E0%A4%B5%E0%A5%8B%E0%A4%AA%E0%A4%A6%E0%A5%87%E0%A4%B6%E0%A4%83,
taptacakrāṅkakavidhvaṃsanam,तप्तचक्राङ्ककविध्वंसनम् - विकिस्रोतः,https://sa.wikisource.org/wiki/%E0%A4%A4%E0%A4%AA%E0%A5%8D%E0%A4%A4%E0%A4%9A%E0%A4%95%E0%A5%8D%E0%A4%B0%E0%A4%BE%E0%A4%99%E0%A5%8D%E0%A4%95%E0%A4%95%E0%A4%B5%E0%A4%BF%E0%A4%A7%E0%A5%8D%E0%A4%B5%E0%A4%82%E0%A4%B8%E0%A4%A8%E0%A4%AE%E0%A5%8D,
daśaślokī,दशश्लोकी - विकिस्रोतः,https://sa.wikisource.org/wiki/%E0%A4%A6%E0%A4%B6%E0%A4%B6%E0%A5%8D%E0%A4%B2%E0%A5%8B%E0%A4%95%E0%A5%80,
daśaślokīstutiḥ (bṛhatstotraratnākarāntargatā),दशश्लोकीस्तुतिः (बृहत्स्तोत्ररत्नाकरान्तर्गता) - विकिस्रोतः,https://sa.wikisource.org/wiki/%E0%A4%A6%E0%A4%B6%E0%A4%B6%E0%A5%8D%E0%A4%B2%E0%A5%8B%E0%A4%95%E0%A5%80%E0%A4%B8%E0%A5%8D%E0%A4%A4%E0%A5%81%E0%A4%A4%E0%A4%BF%E0%A4%83_(%E0%A4%AC%E0%A5%83%E0%A4%B9%E0%A4%A4%E0%A5%8D%E0%A4%B8%E0%A5%8D%E0%A4%A4%E0%A5%8B%E0%A4%A4%E0%A5%8D%E0%A4%B0%E0%A4%B0%E0%A4%A4%E0%A5%8D%E0%A4%A8%E0%A4%BE%E0%A4%95%E0%A4%B0%E0%A4%BE%E0%A4%A8%E0%A5%8D%E0%A4%A4%E0%A4%B0%E0%A5%8D%E0%A4%97%E0%A4%A4%E0%A4%BE),
dṛgdṛśyavivekaḥ,दृग्दृश्यविवेकः - विकिस्रोतः,https://sa.wikisource.org/wiki/%E0%A4%A6%E0%A5%83%E0%A4%97%E0%A5%8D%E0%A4%A6%E0%A5%83%E0%A4%B6%E0%A5%8D%E0%A4%AF%E0%A4%B5%E0%A4%BF%E0%A4%B5%E0%A5%87%E0%A4%95%E0%A4%83,
dhanyāṣṭakam,धन्याष्टकम् - विकिस्रोतः,https://sa.wikisource.org/wiki/%E0%A4%A7%E0%A4%A8%E0%A5%8D%E0%A4%AF%E0%A4%BE%E0%A4%B7%E0%A5%8D%E0%A4%9F%E0%A4%95%E0%A4%AE%E0%A5%8D,
nirguṇamānasapūjā,निर्गुणमानसपूजा - विकिस्रोतः,https://sa.wikisource.org/wiki/%E0%A4%A8%E0%A4%BF%E0%A4%B0%E0%A5%8D%E0%A4%97%E0%A5%81%E0%A4%A3%E0%A4%AE%E0%A4%BE%E0%A4%A8%E0%A4%B8%E0%A4%AA%E0%A5%82%E0%A4%9C%E0%A4%BE,
nirvāṇamañjarī,निर्वाणमञ्जरी - विकिस्रोतः,https://sa.wikisource.org/wiki/%E0%A4%A8%E0%A4%BF%E0%A4%B0%E0%A5%8D%E0%A4%B5%E0%A4%BE%E0%A4%A3%E0%A4%AE%E0%A4%9E%E0%A5%8D%E0%A4%9C%E0%A4%B0%E0%A5%80,
nirvāṇaṣaṭkam,निर्वाणषट्कम् - विकिस्रोतः,https://sa.wikisource.org/wiki/%E0%A4%A8%E0%A4%BF%E0%A4%B0%E0%A5%8D%E0%A4%B5%E0%A4%BE%E0%A4%A3%E0%A4%B7%E0%A4%9F%E0%A5%8D%E0%A4%95%E0%A4%AE%E0%A5%8D,
naiṣkarmyasiddhiḥ,नैष्कर्म्यसिद्धिः - विकिस्रोतः,https://sa.wikisource.org/wiki/%E0%A4%A8%E0%A5%88%E0%A4%B7%E0%A5%8D%E0%A4%95%E0%A4%B0%E0%A5%8D%E0%A4%AE%E0%A5%8D%E0%A4%AF%E0%A4%B8%E0%A4%BF%E0%A4%A6%E0%A5%8D%E0%A4%A7%E0%A4%BF%E0%A4%83,
pañcadaśī,पञ्चदशी - विकिस्रोतः,https://sa.wikisource.org/wiki/%E0%A4%AA%E0%A4%9E%E0%A5%8D%E0%A4%9A%E0%A4%A6%E0%A4%B6%E0%A5%80,
pañcapādikāvivaraṇam,पञ्चपादिकाविवरणम् - विकिस्रोतः,https://sa.wikisource.org/wiki/%E0%A4%AA%E0%A4%9E%E0%A5%8D%E0%A4%9A%E0%A4%AA%E0%A4%BE%E0%A4%A6%E0%A4%BF%E0%A4%95%E0%A4%BE%E0%A4%B5%E0%A4%BF%E0%A4%B5%E0%A4%B0%E0%A4%A3%E0%A4%AE%E0%A5%8D,
pañcīkaraṇam,पञ्चीकरणम् - विकिस्रोतः,https://sa.wikisource.org/wiki/%E0%A4%AA%E0%A4%9E%E0%A5%8D%E0%A4%9A%E0%A5%80%E0%A4%95%E0%A4%B0%E0%A4%A3%E0%A4%AE%E0%A5%8D,
paramārthasāram,,,included in gretil
paramārthasāram (abhinavaguptasya),,,included in gretil
parāprāveśikā,पराप्रावेशिका - विकिस्रोतः,https://sa.wikisource.org/wiki/%E0%A4%AA%E0%A4%B0%E0%A4%BE%E0%A4%AA%E0%A5%8D%E0%A4%B0%E0%A4%BE%E0%A4%B5%E0%A5%87%E0%A4%B6%E0%A4%BF%E0%A4%95%E0%A4%BE,
prabodhasudhākaraḥ,प्रबोधसुधाकरः - विकिस्रोतः,https://sa.wikisource.org/wiki/%E0%A4%AA%E0%A5%8D%E0%A4%B0%E0%A4%AC%E0%A5%8B%E0%A4%A7%E0%A4%B8%E0%A5%81%E0%A4%A7%E0%A4%BE%E0%A4%95%E0%A4%B0%E0%A4%83,
praśnottararatnamālikā,प्रश्नोत्तररत्नमालिका - विकिस्रोतः,https://sa.wikisource.org/wiki/%E0%A4%AA%E0%A5%8D%E0%A4%B0%E0%A4%B6%E0%A5%8D%E0%A4%A8%E0%A5%8B%E0%A4%A4%E0%A5%8D%E0%A4%A4%E0%A4%B0%E0%A4%B0%E0%A4%A4%E0%A5%8D%E0%A4%A8%E0%A4%AE%E0%A4%BE%E0%A4%B2%E0%A4%BF%E0%A4%95%E0%A4%BE,
prauḍhānubhūtiḥ,प्रौढानुभूतिः - विकिस्रोतः,https://sa.wikisource.org/wiki/%E0%A4%AA%E0%A5%8D%E0%A4%B0%E0%A5%8C%E0%A4%A2%E0%A4%BE%E0%A4%A8%E0%A5%81%E0%A4%AD%E0%A5%82%E0%A4%A4%E0%A4%BF%E0%A4%83,
prauḍhānubhūtiḥ (samūlam),प्रौढानुभूतिः (समूलम्) - विकिस्रोतः,https://sa.wikisource.org/wiki/%E0%A4%AA%E0%A5%8D%E0%A4%B0%E0%A5%8C%E0%A4%A2%E0%A4%BE%E0%A4%A8%E0%A5%81%E0%A4%AD%E0%A5%82%E0%A4%A4%E0%A4%BF%E0%A4%83_(%E0%A4%B8%E0%A4%AE%E0%A5%82%E0%A4%B2%E0%A4%AE%E0%A5%8D),
brahmajñānāvalī,ब्रह्मज्ञानावली - विकिस्रोतः,https://sa.wikisource.org/wiki/%E0%A4%AC%E0%A5%8D%E0%A4%B0%E0%A4%B9%E0%A5%8D%E0%A4%AE%E0%A4%9C%E0%A5%8D%E0%A4%9E%E0%A4%BE%E0%A4%A8%E0%A4%BE%E0%A4%B5%E0%A4%B2%E0%A5%80,included in gretil
brahmasiddhiḥ,,,included in gretil
brahmasūtram,,,
brahmānucintanam,ब्रह्मानुचिन्तनम् - विकिस्रोतः,https://sa.wikisource.org/wiki/%E0%A4%AC%E0%A5%8D%E0%A4%B0%E0%A4%B9%E0%A5%8D%E0%A4%AE%E0%A4%BE%E0%A4%A8%E0%A5%81%E0%A4%9A%E0%A4%BF%E0%A4%A8%E0%A5%8D%E0%A4%A4%E0%A4%A8%E0%A4%AE%E0%A5%8D,
bhagavadgītābhāṣyam -śrīśaṅkarakṛtam,,,included in gretil
bhagavadbhaktirasāyanam,भगवद्भक्तिरसायनम् - विकिस्रोतः,https://sa.wikisource.org/wiki/%E0%A4%AD%E0%A4%97%E0%A4%B5%E0%A4%A6%E0%A5%8D%E0%A4%AD%E0%A4%95%E0%A5%8D%E0%A4%A4%E0%A4%BF%E0%A4%B0%E0%A4%B8%E0%A4%BE%E0%A4%AF%E0%A4%A8%E0%A4%AE%E0%A5%8D,
bhāmatī,,,included in gretil
manīṣāpañcakam,मनीषापञ्चकम् - विकिस्रोतः,https://sa.wikisource.org/wiki/%E0%A4%AE%E0%A4%A8%E0%A5%80%E0%A4%B7%E0%A4%BE%E0%A4%AA%E0%A4%9E%E0%A5%8D%E0%A4%9A%E0%A4%95%E0%A4%AE%E0%A5%8D,
māyāpañcakam,मायापञ्चकम् - विकिस्रोतः,https://sa.wikisource.org/wiki/%E0%A4%AE%E0%A4%BE%E0%A4%AF%E0%A4%BE%E0%A4%AA%E0%A4%9E%E0%A5%8D%E0%A4%9A%E0%A4%95%E0%A4%AE%E0%A5%8D,
mokṣopāyaṭīkā,मोक्षोपायटीका - विकिस्रोतः,https://sa.wikisource.org/wiki/%E0%A4%AE%E0%A5%8B%E0%A4%95%E0%A5%8D%E0%A4%B7%E0%A5%8B%E0%A4%AA%E0%A4%BE%E0%A4%AF%E0%A4%9F%E0%A5%80%E0%A4%95%E0%A4%BE,
yogatārāvalī,योगतारावली - विकिस्रोतः,https://sa.wikisource.org/wiki/%E0%A4%AF%E0%A5%8B%E0%A4%97%E0%A4%A4%E0%A4%BE%E0%A4%B0%E0%A4%BE%E0%A4%B5%E0%A4%B2%E0%A5%80,
yogavāsiṣṭhaḥ,,,included in gretil
laghuyogavāsiṣṭhaḥ,लघुयोगवासिष्ठः - विकिस्रोतः,https://sa.wikisource.org/wiki/%E0%A4%B2%E0%A4%98%E0%A5%81%E0%A4%AF%E0%A5%8B%E0%A4%97%E0%A4%B5%E0%A4%BE%E0%A4%B8%E0%A4%BF%E0%A4%B7%E0%A5%8D%E0%A4%A0%E0%A4%83,
laghuvākyavṛttiḥ,लघुवाक्यवृत्तिः - विकिस्रोतः,https://sa.wikisource.org/wiki/%E0%A4%B2%E0%A4%98%E0%A5%81%E0%A4%B5%E0%A4%BE%E0%A4%95%E0%A5%8D%E0%A4%AF%E0%A4%B5%E0%A5%83%E0%A4%A4%E0%A5%8D%E0%A4%A4%E0%A4%BF%E0%A4%83,
vākyavṛttiḥ,वाक्यवृत्तिः - विकिस्रोतः,https://sa.wikisource.org/wiki/%E0%A4%B5%E0%A4%BE%E0%A4%95%E0%A5%8D%E0%A4%AF%E0%A4%B5%E0%A5%83%E0%A4%A4%E0%A5%8D%E0%A4%A4%E0%A4%BF%E0%A4%83,
vibhramavivekaḥ,,,included in gretil
vivaraṇaprameyasaṃgrahaḥ,विवरणप्रमेयसंग्रहः - विकिस्रोतः,https://sa.wikisource.org/wiki/%E0%A4%B5%E0%A4%BF%E0%A4%B5%E0%A4%B0%E0%A4%A3%E0%A4%AA%E0%A5%8D%E0%A4%B0%E0%A4%AE%E0%A5%87%E0%A4%AF%E0%A4%B8%E0%A4%82%E0%A4%97%E0%A5%8D%E0%A4%B0%E0%A4%B9%E0%A4%83,
vivekacūḍāmaṇiḥ,,,included in gretil
vivekkacūḍāmaṇi bhāṣyām,विवेक्कचूडामणि भाष्याम् - विकिस्रोतः,https://sa.wikisource.org/wiki/%E0%A4%B5%E0%A4%BF%E0%A4%B5%E0%A5%87%E0%A4%95%E0%A5%8D%E0%A4%95%E0%A4%9A%E0%A5%82%E0%A4%A1%E0%A4%BE%E0%A4%AE%E0%A4%A3%E0%A4%BF_%E0%A4%AD%E0%A4%BE%E0%A4%B7%E0%A5%8D%E0%A4%AF%E0%A4%BE%E0%A4%AE%E0%A5%8D,
vedāntadarśanam,वेदान्तदर्शनम् - विकिस्रोतः,https://sa.wikisource.org/wiki/%E0%A4%B5%E0%A5%87%E0%A4%A6%E0%A4%BE%E0%A4%A8%E0%A5%8D%E0%A4%A4%E0%A4%A6%E0%A4%B0%E0%A5%8D%E0%A4%B6%E0%A4%A8%E0%A4%AE%E0%A5%8D,
vedāntaparibhāṣā,वेदान्तपरिभाषा - विकिस्रोतः,https://sa.wikisource.org/wiki/%E0%A4%B5%E0%A5%87%E0%A4%A6%E0%A4%BE%E0%A4%A8%E0%A5%8D%E0%A4%A4%E0%A4%AA%E0%A4%B0%E0%A4%BF%E0%A4%AD%E0%A4%BE%E0%A4%B7%E0%A4%BE,
vedāntasāraḥ,वेदान्तसारः (आङ्ग्लानुवादसहितः) - विकिस्रोतः,https://sa.wikisource.org/wiki/%E0%A4%B5%E0%A5%87%E0%A4%A6%E0%A4%BE%E0%A4%A8%E0%A5%8D%E0%A4%A4%E0%A4%B8%E0%A4%BE%E0%A4%B0%E0%A4%83_(%E0%A4%86%E0%A4%99%E0%A5%8D%E0%A4%97%E0%A5%8D%E0%A4%B2%E0%A4%BE%E0%A4%A8%E0%A5%81%E0%A4%B5%E0%A4%BE%E0%A4%A6%E0%A4%B8%E0%A4%B9%E0%A4%BF%E0%A4%A4%E0%A4%83),
śaṅkarapādabhūṣaṇam,शङ्करपादभूषणम् - विकिस्रोतः,https://sa.wikisource.org/wiki/%E0%A4%B6%E0%A4%99%E0%A5%8D%E0%A4%95%E0%A4%B0%E0%A4%AA%E0%A4%BE%E0%A4%A6%E0%A4%AD%E0%A5%82%E0%A4%B7%E0%A4%A3%E0%A4%AE%E0%A5%8D,
śataślokī,शतश्लोकी - विकिस्रोतः,https://sa.wikisource.org/wiki/%E0%A4%B6%E0%A4%A4%E0%A4%B6%E0%A5%8D%E0%A4%B2%E0%A5%8B%E0%A4%95%E0%A5%80,
sadācārānusandhānam,सदाचारानुसन्धानम् - विकिस्रोतः,https://sa.wikisource.org/wiki/%E0%A4%B8%E0%A4%A6%E0%A4%BE%E0%A4%9A%E0%A4%BE%E0%A4%B0%E0%A4%BE%E0%A4%A8%E0%A5%81%E0%A4%B8%E0%A4%A8%E0%A5%8D%E0%A4%A7%E0%A4%BE%E0%A4%A8%E0%A4%AE%E0%A5%8D,
sarvavedāntasiddhāntasārasaṃgrahaḥ,सर्ववेदान्तसिद्धान्तसारसंग्रहः - विकिस्रोतः,https://sa.wikisource.org/wiki/%E0%A4%B8%E0%A4%B0%E0%A5%8D%E0%A4%B5%E0%A4%B5%E0%A5%87%E0%A4%A6%E0%A4%BE%E0%A4%A8%E0%A5%8D%E0%A4%A4%E0%A4%B8%E0%A4%BF%E0%A4%A6%E0%A5%8D%E0%A4%A7%E0%A4%BE%E0%A4%A8%E0%A5%8D%E0%A4%A4%E0%A4%B8%E0%A4%BE%E0%A4%B0%E0%A4%B8%E0%A4%82%E0%A4%97%E0%A5%8D%E0%A4%B0%E0%A4%B9%E0%A4%83,
sādhanapañcakam,साधनपञ्चकम् - विकिस्रोतः,https://sa.wikisource.org/wiki/%E0%A4%B8%E0%A4%BE%E0%A4%A7%E0%A4%A8%E0%A4%AA%E0%A4%9E%E0%A5%8D%E0%A4%9A%E0%A4%95%E0%A4%AE%E0%A5%8D,
siddhāntaleśasaṅgrahaḥ,सिद्धान्तलेशसङ्ग्रहः - विकिस्रोतः,https://sa.wikisource.org/wiki/%E0%A4%B8%E0%A4%BF%E0%A4%A6%E0%A5%8D%E0%A4%A7%E0%A4%BE%E0%A4%A8%E0%A5%8D%E0%A4%A4%E0%A4%B2%E0%A5%87%E0%A4%B6%E0%A4%B8%E0%A4%99%E0%A5%8D%E0%A4%97%E0%A5%8D%E0%A4%B0%E0%A4%B9%E0%A4%83,
svarājyasiddhiḥ,स्वराज्यसिद्धिः - विकिस्रोतः,https://sa.wikisource.org/wiki/%E0%A4%B8%E0%A5%8D%E0%A4%B5%E0%A4%B0%E0%A4%BE%E0%A4%9C%E0%A5%8D%E0%A4%AF%E0%A4%B8%E0%A4%BF%E0%A4%A6%E0%A5%8D%E0%A4%A7%E0%A4%BF%E0%A4%83,
svarūpānusandhānāṣṭakam,स्वरूपानुसन्धानाष्टकम् - विकिस्रोतः,https://sa.wikisource.org/wiki/%E0%A4%B8%E0%A5%8D%E0%A4%B5%E0%A4%B0%E0%A5%82%E0%A4%AA%E0%A4%BE%E0%A4%A8%E0%A5%81%E0%A4%B8%E0%A4%A8%E0%A5%8D%E0%A4%A7%E0%A4%BE%E0%A4%A8%E0%A4%BE%E0%A4%B7%E0%A5%8D%E0%A4%9F%E0%A4%95%E0%A4%AE%E0%A5%8D,
svātmanirūpaṇam,स्वात्मनिरूपणम् - विकिस्रोतः,https://sa.wikisource.org/wiki/%E0%A4%B8%E0%A5%8D%E0%A4%B5%E0%A4%BE%E0%A4%A4%E0%A5%8D%E0%A4%AE%E0%A4%A8%E0%A4%BF%E0%A4%B0%E0%A5%82%E0%A4%AA%E0%A4%A3%E0%A4%AE%E0%A5%8D,
svātmaprakāśikā,स्वात्मप्रकाशिका - विकिस्रोतः,https://sa.wikisource.org/wiki/%E0%A4%B8%E0%A5%8D%E0%A4%B5%E0%A4%BE%E0%A4%A4%E0%A5%8D%E0%A4%AE%E0%A4%AA%E0%A5%8D%E0%A4%B0%E0%A4%95%E0%A4%BE%E0%A4%B6%E0%A4%BF%E0%A4%95%E0%A4%BE,
anuvyākhyānam,,,included in gretil
karmanirṇayaḥ,कर्मनिर्णयः - विकिस्रोतः,https://sa.wikisource.org/wiki/%E0%A4%95%E0%A4%B0%E0%A5%8D%E0%A4%AE%E0%A4%A8%E0%A4%BF%E0%A4%B0%E0%A5%8D%E0%A4%A3%E0%A4%AF%E0%A4%83,
gītātātparyaṭīkābhāvadīpaḥ,गीतातात्पर्यटीकाभावदीपः - विकिस्रोतः,https://sa.wikisource.org/wiki/%E0%A4%97%E0%A5%80%E0%A4%A4%E0%A4%BE%E0%A4%A4%E0%A4%BE%E0%A4%A4%E0%A5%8D%E0%A4%AA%E0%A4%B0%E0%A5%8D%E0%A4%AF%E0%A4%9F%E0%A5%80%E0%A4%95%E0%A4%BE%E0%A4%AD%E0%A4%BE%E0%A4%B5%E0%A4%A6%E0%A5%80%E0%A4%AA%E0%A4%83,
gītātātparyanirṇayaḥ,गीतातात्पर्यनिर्णयः - विकिस्रोतः,https://sa.wikisource.org/wiki/%E0%A4%97%E0%A5%80%E0%A4%A4%E0%A4%BE%E0%A4%A4%E0%A4%BE%E0%A4%A4%E0%A5%8D%E0%A4%AA%E0%A4%B0%E0%A5%8D%E0%A4%AF%E0%A4%A8%E0%A4%BF%E0%A4%B0%E0%A5%8D%E0%A4%A3%E0%A4%AF%E0%A4%83,
gurorguṇamaṇimālā,गुरोर्गुणमणिमाला - विकिस्रोतः,https://sa.wikisource.org/wiki/%E0%A4%97%E0%A5%81%E0%A4%B0%E0%A5%8B%E0%A4%B0%E0%A5%8D%E0%A4%97%E0%A5%81%E0%A4%A3%E0%A4%AE%E0%A4%A3%E0%A4%BF%E0%A4%AE%E0%A4%BE%E0%A4%B2%E0%A4%BE,
jayantīkalpaḥ,जयन्तीकल्पः - विकिस्रोतः,https://sa.wikisource.org/wiki/%E0%A4%9C%E0%A4%AF%E0%A4%A8%E0%A5%8D%E0%A4%A4%E0%A5%80%E0%A4%95%E0%A4%B2%E0%A5%8D%E0%A4%AA%E0%A4%83,
tantrasārasaṅgrahaḥ,तन्त्रसारसङ्ग्रहः - विकिस्रोतः,https://sa.wikisource.org/wiki/%E0%A4%A4%E0%A4%A8%E0%A5%8D%E0%A4%A4%E0%A5%8D%E0%A4%B0%E0%A4%B8%E0%A4%BE%E0%A4%B0%E0%A4%B8%E0%A4%99%E0%A5%8D%E0%A4%97%E0%A5%8D%E0%A4%B0%E0%A4%B9%E0%A4%83,
tithinirṇayaḥ,तिथिनिर्णयः - विकिस्रोतः,https://sa.wikisource.org/wiki/%E0%A4%A4%E0%A4%BF%E0%A4%A5%E0%A4%BF%E0%A4%A8%E0%A4%BF%E0%A4%B0%E0%A5%8D%E0%A4%A3%E0%A4%AF%E0%A4%83,
dvādaśastotrāṇi,द्वादशस्तोत्राणि - विकिस्रोतः,https://sa.wikisource.org/wiki/%E0%A4%A6%E0%A5%8D%E0%A4%B5%E0%A4%BE%E0%A4%A6%E0%A4%B6%E0%A4%B8%E0%A5%8D%E0%A4%A4%E0%A5%8B%E0%A4%A4%E0%A5%8D%E0%A4%B0%E0%A4%BE%E0%A4%A3%E0%A4%BF,
dvaitadyumaṇipariśiṣṭam,द्वैतद्युमणिपरिशिष्टम् - विकिस्रोतः,https://sa.wikisource.org/wiki/%E0%A4%A6%E0%A5%8D%E0%A4%B5%E0%A5%88%E0%A4%A4%E0%A4%A6%E0%A5%8D%E0%A4%AF%E0%A5%81%E0%A4%AE%E0%A4%A3%E0%A4%BF%E0%A4%AA%E0%A4%B0%E0%A4%BF%E0%A4%B6%E0%A4%BF%E0%A4%B7%E0%A5%8D%E0%A4%9F%E0%A4%AE%E0%A5%8D,
nyāyadīpikā,न्यायदीपिका - विकिस्रोतः,https://sa.wikisource.org/wiki/%E0%A4%A8%E0%A5%8D%E0%A4%AF%E0%A4%BE%E0%A4%AF%E0%A4%A6%E0%A5%80%E0%A4%AA%E0%A4%BF%E0%A4%95%E0%A4%BE,
nyāyamuktāvalī,न्यायमुक्तावली - विकिस्रोतः,https://sa.wikisource.org/wiki/%E0%A4%A8%E0%A5%8D%E0%A4%AF%E0%A4%BE%E0%A4%AF%E0%A4%AE%E0%A5%81%E0%A4%95%E0%A5%8D%E0%A4%A4%E0%A4%BE%E0%A4%B5%E0%A4%B2%E0%A5%80,
praṇavakalpaḥ,प्रणवकल्पः - विकिस्रोतः,https://sa.wikisource.org/wiki/%E0%A4%AA%E0%A5%8D%E0%A4%B0%E0%A4%A3%E0%A4%B5%E0%A4%95%E0%A4%B2%E0%A5%8D%E0%A4%AA%E0%A4%83,
pramāṇapaddhatiḥ,प्रमाणपद्धतिः - विकिस्रोतः,https://sa.wikisource.org/wiki/%E0%A4%AA%E0%A5%8D%E0%A4%B0%E0%A4%AE%E0%A4%BE%E0%A4%A3%E0%A4%AA%E0%A4%A6%E0%A5%8D%E0%A4%A7%E0%A4%A4%E0%A4%BF%E0%A4%83,
pramāṇalakṣaṇam,प्रमाणलक्षणम् - विकिस्रोतः,https://sa.wikisource.org/wiki/%E0%A4%AA%E0%A5%8D%E0%A4%B0%E0%A4%AE%E0%A4%BE%E0%A4%A3%E0%A4%B2%E0%A4%95%E0%A5%8D%E0%A4%B7%E0%A4%A3%E0%A4%AE%E0%A5%8D,
bhāvadīpaḥ,भावदीपः - विकिस्रोतः,https://sa.wikisource.org/wiki/%E0%A4%AD%E0%A4%BE%E0%A4%B5%E0%A4%A6%E0%A5%80%E0%A4%AA%E0%A4%83,
bhedojjīvanam,भेदोज्जीवनम् - विकिस्रोतः,https://sa.wikisource.org/wiki/%E0%A4%AD%E0%A5%87%E0%A4%A6%E0%A5%8B%E0%A4%9C%E0%A5%8D%E0%A4%9C%E0%A5%80%E0%A4%B5%E0%A4%A8%E0%A4%AE%E0%A5%8D,
viṣṇutattvavinirṇaya,विष्णुतत्त्वविनिर्णय: - विकिस्रोतः,https://sa.wikisource.org/wiki/%E0%A4%B5%E0%A4%BF%E0%A4%B7%E0%A5%8D%E0%A4%A3%E0%A5%81%E0%A4%A4%E0%A4%A4%E0%A5%8D%E0%A4%A4%E0%A5%8D%E0%A4%B5%E0%A4%B5%E0%A4%BF%E0%A4%A8%E0%A4%BF%E0%A4%B0%E0%A5%8D%E0%A4%A3%E0%A4%AF:,
śaktāvarthāpattipañcakam,शक्तावर्थापत्तिपञ्चकम् - विकिस्रोतः,https://sa.wikisource.org/wiki/%E0%A4%B6%E0%A4%95%E0%A5%8D%E0%A4%A4%E0%A4%BE%E0%A4%B5%E0%A4%B0%E0%A5%8D%E0%A4%A5%E0%A4%BE%E0%A4%AA%E0%A4%A4%E0%A5%8D%E0%A4%A4%E0%A4%BF%E0%A4%AA%E0%A4%9E%E0%A5%8D%E0%A4%9A%E0%A4%95%E0%A4%AE%E0%A5%8D,
sadācārasmṛtiḥ,सदाचारस्मृतिः - विकिस्रोतः,https://sa.wikisource.org/wiki/%E0%A4%B8%E0%A4%A6%E0%A4%BE%E0%A4%9A%E0%A4%BE%E0%A4%B0%E0%A4%B8%E0%A5%8D%E0%A4%AE%E0%A5%83%E0%A4%A4%E0%A4%BF%E0%A4%83,
sumadhvavijayaḥ,सुमध्वविजयः - विकिस्रोतः,https://sa.wikisource.org/wiki/%E0%A4%B8%E0%A5%81%E0%A4%AE%E0%A4%A7%E0%A5%8D%E0%A4%B5%E0%A4%B5%E0%A4%BF%E0%A4%9C%E0%A4%AF%E0%A4%83,
smṛtimuktāvaliḥ,स्मृतिमुक्तावलिः - विकिस्रोतः,https://sa.wikisource.org/wiki/%E0%A4%B8%E0%A5%8D%E0%A4%AE%E0%A5%83%E0%A4%A4%E0%A4%BF%E0%A4%AE%E0%A5%81%E0%A4%95%E0%A5%8D%E0%A4%A4%E0%A4%BE%E0%A4%B5%E0%A4%B2%E0%A4%BF%E0%A4%83,
adhikaraṇaratnamālā,अधिकरणरत्नमाला - विकिस्रोतः,https://sa.wikisource.org/wiki/%E0%A4%85%E0%A4%A7%E0%A4%BF%E0%A4%95%E0%A4%B0%E0%A4%A3%E0%A4%B0%E0%A4%A4%E0%A5%8D%E0%A4%A8%E0%A4%AE%E0%A4%BE%E0%A4%B2%E0%A4%BE,
adhikaraṇasārāvaliḥ,अधिकरणसारावलिः - विकिस्रोतः,https://sa.wikisource.org/wiki/%E0%A4%85%E0%A4%A7%E0%A4%BF%E0%A4%95%E0%A4%B0%E0%A4%A3%E0%A4%B8%E0%A4%BE%E0%A4%B0%E0%A4%BE%E0%A4%B5%E0%A4%B2%E0%A4%BF%E0%A4%83,
kṛṣṇāmṛtamahārṇavaḥ,,,included in gretil
kriyāsāraḥ,क्रियासारः - विकिस्रोतः,https://sa.wikisource.org/wiki/%E0%A4%95%E0%A5%8D%E0%A4%B0%E0%A4%BF%E0%A4%AF%E0%A4%BE%E0%A4%B8%E0%A4%BE%E0%A4%B0%E0%A4%83,
gītābhāṣyatātparyacandrikā,गीताभाष्यतात्पर्यचन्द्रिका - विकिस्रोतः,https://sa.wikisource.org/wiki/%E0%A4%97%E0%A5%80%E0%A4%A4%E0%A4%BE%E0%A4%AD%E0%A4%BE%E0%A4%B7%E0%A5%8D%E0%A4%AF%E0%A4%A4%E0%A4%BE%E0%A4%A4%E0%A5%8D%E0%A4%AA%E0%A4%B0%E0%A5%8D%E0%A4%AF%E0%A4%9A%E0%A4%A8%E0%A5%8D%E0%A4%A6%E0%A5%8D%E0%A4%B0%E0%A4%BF%E0%A4%95%E0%A4%BE,
gītārthasaṃgraham,,,included in gretil
cāṭuślokī,,,included in gretil
caitanyacandrāmṛtam,,,included in gretil
tattvaṭīkā,तत्त्वटीका - विकिस्रोतः,https://sa.wikisource.org/wiki/%E0%A4%A4%E0%A4%A4%E0%A5%8D%E0%A4%A4%E0%A5%8D%E0%A4%B5%E0%A4%9F%E0%A5%80%E0%A4%95%E0%A4%BE,
tattvasāraḥ (ratnasāriṇīvyākhyāsahitaḥ),तत्त्वसारः (रत्नसारिणीव्याख्यासहितः) - विकिस्रोतः,https://sa.wikisource.org/wiki/%E0%A4%A4%E0%A4%A4%E0%A5%8D%E0%A4%A4%E0%A5%8D%E0%A4%B5%E0%A4%B8%E0%A4%BE%E0%A4%B0%E0%A4%83_(%E0%A4%B0%E0%A4%A4%E0%A5%8D%E0%A4%A8%E0%A4%B8%E0%A4%BE%E0%A4%B0%E0%A4%BF%E0%A4%A3%E0%A5%80%E0%A4%B5%E0%A5%8D%E0%A4%AF%E0%A4%BE%E0%A4%96%E0%A5%8D%E0%A4%AF%E0%A4%BE%E0%A4%B8%E0%A4%B9%E0%A4%BF%E0%A4%A4%E0%A4%83),
tantrarahasyam,तन्त्ररहस्यम् - विकिस्रोतः,https://sa.wikisource.org/wiki/%E0%A4%A4%E0%A4%A8%E0%A5%8D%E0%A4%A4%E0%A5%8D%E0%A4%B0%E0%A4%B0%E0%A4%B9%E0%A4%B8%E0%A5%8D%E0%A4%AF%E0%A4%AE%E0%A5%8D,
nayamayūkhamālikā,नयमयूखमालिका - विकिस्रोतः,https://sa.wikisource.org/wiki/%E0%A4%A8%E0%A4%AF%E0%A4%AE%E0%A4%AF%E0%A5%82%E0%A4%96%E0%A4%AE%E0%A4%BE%E0%A4%B2%E0%A4%BF%E0%A4%95%E0%A4%BE,
nayasaṅgatimālikā,नयसङ्गतिमालिका - विकिस्रोतः,https://sa.wikisource.org/wiki/%E0%A4%A8%E0%A4%AF%E0%A4%B8%E0%A4%99%E0%A5%8D%E0%A4%97%E0%A4%A4%E0%A4%BF%E0%A4%AE%E0%A4%BE%E0%A4%B2%E0%A4%BF%E0%A4%95%E0%A4%BE,
nyāyakalāpasaṅgrahaḥ,न्यायकलापसङ्ग्रहः - विकिस्रोतः,https://sa.wikisource.org/wiki/%E0%A4%A8%E0%A5%8D%E0%A4%AF%E0%A4%BE%E0%A4%AF%E0%A4%95%E0%A4%B2%E0%A4%BE%E0%A4%AA%E0%A4%B8%E0%A4%99%E0%A5%8D%E0%A4%97%E0%A5%8D%E0%A4%B0%E0%A4%B9%E0%A4%83,
brāhṛsūtrārthapadyamālikā,ब्राहृसूत्रार्थपद्यमालिका - विकिस्रोतः,https://sa.wikisource.org/wiki/%E0%A4%AC%E0%A5%8D%E0%A4%B0%E0%A4%BE%E0%A4%B9%E0%A5%83%E0%A4%B8%E0%A5%82%E0%A4%A4%E0%A5%8D%E0%A4%B0%E0%A4%BE%E0%A4%B0%E0%A5%8D%E0%A4%A5%E0%A4%AA%E0%A4%A6%E0%A5%8D%E0%A4%AF%E0%A4%AE%E0%A4%BE%E0%A4%B2%E0%A4%BF%E0%A4%95%E0%A4%BE,
bhagavadgītārāmānujabhāṣyam,,,included in gretil
bhāvaprakāśikā,भावप्रकाशिका - विकिस्रोतः,https://sa.wikisource.org/wiki/%E0%A4%AD%E0%A4%BE%E0%A4%B5%E0%A4%AA%E0%A5%8D%E0%A4%B0%E0%A4%95%E0%A4%BE%E0%A4%B6%E0%A4%BF%E0%A4%95%E0%A4%BE,
yatīndramatadīpikā,यतीन्द्रमतदीपिका - विकिस्रोतः,https://sa.wikisource.org/wiki/%E0%A4%AF%E0%A4%A4%E0%A5%80%E0%A4%A8%E0%A5%8D%E0%A4%A6%E0%A5%8D%E0%A4%B0%E0%A4%AE%E0%A4%A4%E0%A4%A6%E0%A5%80%E0%A4%AA%E0%A4%BF%E0%A4%95%E0%A4%BE,
yamunāstotraratnam,,,included in gretil
laghubhāgavatāmṛtam,,,included in gretil
vedārthasaṅgrahaḥ,,,included in gretil
śarīravādaḥ,शरीरवादः - विकिस्रोतः,https://sa.wikisource.org/wiki/%E0%A4%B6%E0%A4%B0%E0%A5%80%E0%A4%B0%E0%A4%B5%E0%A4%BE%E0%A4%A6%E0%A4%83,
śārīrakakārikāvalī,शारीरककारिकावली - विकिस्रोतः,https://sa.wikisource.org/wiki/%E0%A4%B6%E0%A4%BE%E0%A4%B0%E0%A5%80%E0%A4%B0%E0%A4%95%E0%A4%95%E0%A4%BE%E0%A4%B0%E0%A4%BF%E0%A4%95%E0%A4%BE%E0%A4%B5%E0%A4%B2%E0%A5%80,
śārīrakādhikaraṇaratnamālā,शारीरकाधिकरणरत्नमाला - विकिस्रोतः,https://sa.wikisource.org/wiki/%E0%A4%B6%E0%A4%BE%E0%A4%B0%E0%A5%80%E0%A4%B0%E0%A4%95%E0%A4%BE%E0%A4%A7%E0%A4%BF%E0%A4%95%E0%A4%B0%E0%A4%A3%E0%A4%B0%E0%A4%A4%E0%A5%8D%E0%A4%A8%E0%A4%AE%E0%A4%BE%E0%A4%B2%E0%A4%BE,
śrībhāgavatasandarbhaḥ,श्रीभागवतसन्दर्भः - विकिस्रोतः,https://sa.wikisource.org/wiki/%E0%A4%B6%E0%A5%8D%E0%A4%B0%E0%A5%80%E0%A4%AD%E0%A4%BE%E0%A4%97%E0%A4%B5%E0%A4%A4%E0%A4%B8%E0%A4%A8%E0%A5%8D%E0%A4%A6%E0%A4%B0%E0%A5%8D%E0%A4%AD%E0%A4%83,
śrībhāṣyam,श्रीभाष्यम् - विकिस्रोतः,https://sa.wikisource.org/wiki/%E0%A4%B6%E0%A5%8D%E0%A4%B0%E0%A5%80%E0%A4%AD%E0%A4%BE%E0%A4%B7%E0%A5%8D%E0%A4%AF%E0%A4%AE%E0%A5%8D,
śrutaprakāśikā,श्रुतप्रकाशिका - विकिस्रोतः,https://sa.wikisource.org/wiki/%E0%A4%B6%E0%A5%8D%E0%A4%B0%E0%A5%81%E0%A4%A4%E0%A4%AA%E0%A5%8D%E0%A4%B0%E0%A4%95%E0%A4%BE%E0%A4%B6%E0%A4%BF%E0%A4%95%E0%A4%BE,
śrutapradīpikā,श्रुतप्रदीपिका - विकिस्रोतः,https://sa.wikisource.org/wiki/%E0%A4%B6%E0%A5%8D%E0%A4%B0%E0%A5%81%E0%A4%A4%E0%A4%AA%E0%A5%8D%E0%A4%B0%E0%A4%A6%E0%A5%80%E0%A4%AA%E0%A4%BF%E0%A4%95%E0%A4%BE,
saṃvitsiddhiḥ,,,included in gretil
siddhitrayam,,,included in gretil
sūtradīpikā,सूत्रदीपिका - विकिस्रोतः,https://sa.wikisource.org/wiki/%E0%A4%B8%E0%A5%82%E0%A4%A4%E0%A5%8D%E0%A4%B0%E0%A4%A6%E0%A5%80%E0%A4%AA%E0%A4%BF%E0%A4%95%E0%A4%BE,
sūtrārtharatnāvalī,सूत्रार्थरत्नावली - विकिस्रोतः,https://sa.wikisource.org/wiki/%E0%A4%B8%E0%A5%82%E0%A4%A4%E0%A5%8D%E0%A4%B0%E0%A4%BE%E0%A4%B0%E0%A5%8D%E0%A4%A5%E0%A4%B0%E0%A4%A4%E0%A5%8D%E0%A4%A8%E0%A4%BE%E0%A4%B5%E0%A4%B2%E0%A5%80,
stotraratnam,,,included in gretil
tattvabodhaḥ,तत्त्वबोधः - विकिस्रोतः,https://sa.wikisource.org/wiki/%E0%A4%A4%E0%A4%A4%E0%A5%8D%E0%A4%A4%E0%A5%8D%E0%A4%B5%E0%A4%AC%E0%A5%8B%E0%A4%A7%E0%A4%83,
tattvacintāmaṇiḥ,,,included in gretil
tattvārthasūtram,वर्गः:तत्त्वार्थसूत्रम् - विकिस्रोतः,https://sa.wikisource.org/wiki/%E0%A4%B5%E0%A4%B0%E0%A5%8D%E0%A4%97%E0%A4%83:%E0%A4%A4%E0%A4%A4%E0%A5%8D%E0%A4%A4%E0%A5%8D%E0%A4%B5%E0%A4%BE%E0%A4%B0%E0%A5%8D%E0%A4%A5%E0%A4%B8%E0%A5%82%E0%A4%A4%E0%A5%8D%E0%A4%B0%E0%A4%AE%E0%A5%8D,
tarkasaṅgrahaḥ,,,included in gretil
nyāyakusumāñjalī,,,included in gretil
tarkabhāṣā,,,included in gretil
tarkaśāstram,,,included in gretil
nyāyasiddhāntamuktāvalī,न्यायसिद्धान्तमुक्तावली - विकिस्रोतः,https://sa.wikisource.org/wiki/%E0%A4%A8%E0%A5%8D%E0%A4%AF%E0%A4%BE%E0%A4%AF%E0%A4%B8%E0%A4%BF%E0%A4%A6%E0%A5%8D%E0%A4%A7%E0%A4%BE%E0%A4%A8%E0%A5%8D%E0%A4%A4%E0%A4%AE%E0%A5%81%E0%A4%95%E0%A5%8D%E0%A4%A4%E0%A4%BE%E0%A4%B5%E0%A4%B2%E0%A5%80,
nyāyasūtrāṇi,,,included in gretil
pūrvapakṣīyavyāptiḥ,पूर्वपक्षीयव्याप्तिः - विकिस्रोतः,https://sa.wikisource.org/wiki/%E0%A4%AA%E0%A5%82%E0%A4%B0%E0%A5%8D%E0%A4%B5%E0%A4%AA%E0%A4%95%E0%A5%8D%E0%A4%B7%E0%A5%80%E0%A4%AF%E0%A4%B5%E0%A5%8D%E0%A4%AF%E0%A4%BE%E0%A4%AA%E0%A5%8D%E0%A4%A4%E0%A4%BF%E0%A4%83,
sarvalakṣaṇapadārthalakṣaṇasaṃgrahaḥ,सर्वलक्षणपदार्थलक्षणसंग्रहः - विकिस्रोतः,https://sa.wikisource.org/wiki/%E0%A4%B8%E0%A4%B0%E0%A5%8D%E0%A4%B5%E0%A4%B2%E0%A4%95%E0%A5%8D%E0%A4%B7%E0%A4%A3%E0%A4%AA%E0%A4%A6%E0%A4%BE%E0%A4%B0%E0%A5%8D%E0%A4%A5%E0%A4%B2%E0%A4%95%E0%A5%8D%E0%A4%B7%E0%A4%A3%E0%A4%B8%E0%A4%82%E0%A4%97%E0%A5%8D%E0%A4%B0%E0%A4%B9%E0%A4%83,
tattvavaiśāradī,तत्त्ववैशारदी - विकिस्रोतः,https://sa.wikisource.org/wiki/%E0%A4%A4%E0%A4%A4%E0%A5%8D%E0%A4%A4%E0%A5%8D%E0%A4%B5%E0%A4%B5%E0%A5%88%E0%A4%B6%E0%A4%BE%E0%A4%B0%E0%A4%A6%E0%A5%80,
pātañjalayogadarśanam - vyāsabhāṣyasametam,पातञ्जलयोगदर्शनम् - व्यासभाष्यसमेतम् - विकिस्रोतः,https://sa.wikisource.org/wiki/%E0%A4%AA%E0%A4%BE%E0%A4%A4%E0%A4%9E%E0%A5%8D%E0%A4%9C%E0%A4%B2%E0%A4%AF%E0%A5%8B%E0%A4%97%E0%A4%A6%E0%A4%B0%E0%A5%8D%E0%A4%B6%E0%A4%A8%E0%A4%AE%E0%A5%8D_-_%E0%A4%B5%E0%A5%8D%E0%A4%AF%E0%A4%BE%E0%A4%B8%E0%A4%AD%E0%A4%BE%E0%A4%B7%E0%A5%8D%E0%A4%AF%E0%A4%B8%E0%A4%AE%E0%A5%87%E0%A4%A4%E0%A4%AE%E0%A5%8D,
yogasūtram,,,included in gretil
yogasūtrasāraḥ,योगसूत्रसारः - विकिस्रोतः,https://sa.wikisource.org/wiki/%E0%A4%AF%E0%A5%8B%E0%A4%97%E0%A4%B8%E0%A5%82%E0%A4%A4%E0%A5%8D%E0%A4%B0%E0%A4%B8%E0%A4%BE%E0%A4%B0%E0%A4%83,
triśikhibrāhmaṇopaniṣat,त्रिशिखिब्राह्मणोपनिषत् - विकिस्रोतः,https://sa.wikisource.org/wiki/%E0%A4%A4%E0%A5%8D%E0%A4%B0%E0%A4%BF%E0%A4%B6%E0%A4%BF%E0%A4%96%E0%A4%BF%E0%A4%AC%E0%A5%8D%E0%A4%B0%E0%A4%BE%E0%A4%B9%E0%A5%8D%E0%A4%AE%E0%A4%A3%E0%A5%8B%E0%A4%AA%E0%A4%A8%E0%A4%BF%E0%A4%B7%E0%A4%A4%E0%A5%8D,
yogakuṇḍalyupaniṣat,योगकुण्डल्युपनिषत् - विकिस्रोतः,https://sa.wikisource.org/wiki/%E0%A4%AF%E0%A5%8B%E0%A4%97%E0%A4%95%E0%A5%81%E0%A4%A3%E0%A5%8D%E0%A4%A1%E0%A4%B2%E0%A5%8D%E0%A4%AF%E0%A5%81%E0%A4%AA%E0%A4%A8%E0%A4%BF%E0%A4%B7%E0%A4%A4%E0%A5%8D,
yogacūḍāmaṇyupaniṣat,योगचूडामण्युपनिषत् - विकिस्रोतः,https://sa.wikisource.org/wiki/%E0%A4%AF%E0%A5%8B%E0%A4%97%E0%A4%9A%E0%A5%82%E0%A4%A1%E0%A4%BE%E0%A4%AE%E0%A4%A3%E0%A5%8D%E0%A4%AF%E0%A5%81%E0%A4%AA%E0%A4%A8%E0%A4%BF%E0%A4%B7%E0%A4%A4%E0%A5%8D,
yogatattvopaniṣad,योगतत्त्वोपनिषत् - विकिस्रोतः,https://sa.wikisource.org/wiki/%E0%A4%AF%E0%A5%8B%E0%A4%97%E0%A4%A4%E0%A4%A4%E0%A5%8D%E0%A4%A4%E0%A5%8D%E0%A4%B5%E0%A5%8B%E0%A4%AA%E0%A4%A8%E0%A4%BF%E0%A4%B7%E0%A4%A4%E0%A5%8D,
yogaśikṣopaniṣad,योगशिक्षोपनिषद् - विकिस्रोतः,https://sa.wikisource.org/wiki/%E0%A4%AF%E0%A5%8B%E0%A4%97%E0%A4%B6%E0%A4%BF%E0%A4%95%E0%A5%8D%E0%A4%B7%E0%A5%8B%E0%A4%AA%E0%A4%A8%E0%A4%BF%E0%A4%B7%E0%A4%A6%E0%A5%8D,
śvetāśvataropaniṣat,,,included in gretil
gheraṇḍasaṃhitā,,,included in gretil
yogadīpikā,योगदीपिका - विकिस्रोतः,https://sa.wikisource.org/wiki/%E0%A4%AF%E0%A5%8B%E0%A4%97%E0%A4%A6%E0%A5%80%E0%A4%AA%E0%A4%BF%E0%A4%95%E0%A4%BE,
śivasaṃhitā,शिवसंहिता - विकिस्रोतः,https://sa.wikisource.org/wiki/%E0%A4%B6%E0%A4%BF%E0%A4%B5%E0%A4%B8%E0%A4%82%E0%A4%B9%E0%A4%BF%E0%A4%A4%E0%A4%BE,
haṭhayogapradīpikā,,,included in gretil
dattātreyayogaśāstram,दत्तात्रेययोगशास्त्रम् - विकिस्रोतः,https://sa.wikisource.org/wiki/%E0%A4%A6%E0%A4%A4%E0%A5%8D%E0%A4%A4%E0%A4%BE%E0%A4%A4%E0%A5%8D%E0%A4%B0%E0%A5%87%E0%A4%AF%E0%A4%AF%E0%A5%8B%E0%A4%97%E0%A4%B6%E0%A4%BE%E0%A4%B8%E0%A5%8D%E0%A4%A4%E0%A5%8D%E0%A4%B0%E0%A4%AE%E0%A5%8D,
yogayātrā,,,included in gretil
yogasārasaṃgrahaḥ,योगसारसंग्रहः - विकिस्रोतः,https://sa.wikisource.org/wiki/%E0%A4%AF%E0%A5%8B%E0%A4%97%E0%A4%B8%E0%A4%BE%E0%A4%B0%E0%A4%B8%E0%A4%82%E0%A4%97%E0%A5%8D%E0%A4%B0%E0%A4%B9%E0%A4%83,
padārthadharmasaṅgrahaḥ,,,included in gretil
praśastapādabhāṣyam,,,included in gretil
mānamanoharaḥ,,,included in gretil
anukramaṇikā:vaiśeṣikadarśanam,अनुक्रमणिका:वैशेषिकदर्शनम्.djvu - विकिस्रोतः,https://sa.wikisource.org/wiki/%E0%A4%85%E0%A4%A8%E0%A5%81%E0%A4%95%E0%A5%8D%E0%A4%B0%E0%A4%AE%E0%A4%A3%E0%A4%BF%E0%A4%95%E0%A4%BE:%E0%A4%B5%E0%A5%88%E0%A4%B6%E0%A5%87%E0%A4%B7%E0%A4%BF%E0%A4%95%E0%A4%A6%E0%A4%B0%E0%A5%8D%E0%A4%B6%E0%A4%A8%E0%A4%AE%E0%A5%8D.djvu,
vaiśeṣikasūtram,,,included in gretil
vaiśeṣikasūtram (kaṇādaḥ),,,included in gretil
vaiśeṣikasūtropaskāraḥ,वैशेषिकसूत्रोपस्कारः - विकिस्रोतः,https://sa.wikisource.org/wiki/%E0%A4%B5%E0%A5%88%E0%A4%B6%E0%A5%87%E0%A4%B7%E0%A4%BF%E0%A4%95%E0%A4%B8%E0%A5%82%E0%A4%A4%E0%A5%8D%E0%A4%B0%E0%A5%8B%E0%A4%AA%E0%A4%B8%E0%A5%8D%E0%A4%95%E0%A4%BE%E0%A4%B0%E0%A4%83,
vyomavatī,व्योमवती - विकिस्रोतः,https://sa.wikisource.org/wiki/%E0%A4%B5%E0%A5%8D%E0%A4%AF%E0%A5%8B%E0%A4%AE%E0%A4%B5%E0%A4%A4%E0%A5%80,
tattvamīmāṃsā,,,included in gretil
tattvasamāsasūtravṛttiḥ,,,included in gretil
yuktidīpikā,,,included in gretil
samāsasūtram (sarvopakāriṇī ṭīkāsahitā),,,included in gretil
sāṃkhyakārikā,,,included in gretil
sāṃkhyakośaḥ,सांख्यकोशः - विकिस्रोतः,https://sa.wikisource.org/wiki/%E0%A4%B8%E0%A4%BE%E0%A4%82%E0%A4%96%E0%A5%8D%E0%A4%AF%E0%A4%95%E0%A5%8B%E0%A4%B6%E0%A4%83,
sāṃkhyatattvapradīpaḥ,,,included in gretil
sāṃkhyatattvapradīpikā,,,included in gretil
sāṃkhyatattvavivecanam‌,,,included in gretil
sāṃkhyatatvakaumudī,सांख्यतत्वकौमुदी - विकिस्रोतः,https://sa.wikisource.org/wiki/%E0%A4%B8%E0%A4%BE%E0%A4%82%E0%A4%96%E0%A5%8D%E0%A4%AF%E0%A4%A4%E0%A4%A4%E0%A5%8D%E0%A4%B5%E0%A4%95%E0%A5%8C%E0%A4%AE%E0%A5%81%E0%A4%A6%E0%A5%80,
sāṃkhyadarśanam,सांख्यदर्शनम् - विकिस्रोतः,https://sa.wikisource.org/wiki/%E0%A4%B8%E0%A4%BE%E0%A4%82%E0%A4%96%E0%A5%8D%E0%A4%AF%E0%A4%A6%E0%A4%B0%E0%A5%8D%E0%A4%B6%E0%A4%A8%E0%A4%AE%E0%A5%8D,
sāṃkhyadarśanam (śrīmadvijñānabhikṣukṛtasāṃkhyapravacanabhāṣyasahitam),सांख्यदर्शनम् (श्रीमद्विज्ञानभिक्षुकृतसांख्यप्रवचनभाष्यसहितम्) - विकिस्रोतः,https://sa.wikisource.org/wiki/%E0%A4%B8%E0%A4%BE%E0%A4%82%E0%A4%96%E0%A5%8D%E0%A4%AF%E0%A4%A6%E0%A4%B0%E0%A5%8D%E0%A4%B6%E0%A4%A8%E0%A4%AE%E0%A5%8D_(%E0%A4%B6%E0%A5%8D%E0%A4%B0%E0%A5%80%E0%A4%AE%E0%A4%A6%E0%A5%8D%E0%A4%B5%E0%A4%BF%E0%A4%9C%E0%A5%8D%E0%A4%9E%E0%A4%BE%E0%A4%A8%E0%A4%AD%E0%A4%BF%E0%A4%95%E0%A5%8D%E0%A4%B7%E0%A5%81%E0%A4%95%E0%A5%83%E0%A4%A4%E0%A4%B8%E0%A4%BE%E0%A4%82%E0%A4%96%E0%A5%8D%E0%A4%AF%E0%A4%AA%E0%A5%8D%E0%A4%B0%E0%A4%B5%E0%A4%9A%E0%A4%A8%E0%A4%AD%E0%A4%BE%E0%A4%B7%E0%A5%8D%E0%A4%AF%E0%A4%B8%E0%A4%B9%E0%A4%BF%E0%A4%A4%E0%A4%AE%E0%A5%8D),
sāṃkhyaparibhāṣā,,,included in gretil
sāṃkhyasaptatiḥ (jayamaṅgalāṭīkā sahitā),सांख्यसप्ततिः (जयमङ्गलाटीका सहिता) - विकिस्रोतः,https://sa.wikisource.org/wiki/%E0%A4%B8%E0%A4%BE%E0%A4%82%E0%A4%96%E0%A5%8D%E0%A4%AF%E0%A4%B8%E0%A4%AA%E0%A5%8D%E0%A4%A4%E0%A4%A4%E0%A4%BF%E0%A4%83_(%E0%A4%9C%E0%A4%AF%E0%A4%AE%E0%A4%99%E0%A5%8D%E0%A4%97%E0%A4%B2%E0%A4%BE%E0%A4%9F%E0%A5%80%E0%A4%95%E0%A4%BE_%E0%A4%B8%E0%A4%B9%E0%A4%BF%E0%A4%A4%E0%A4%BE),
sāṃkhyasūtravivaraṇam‌,,,included in gretil
sāṃkhyasūtrāṇi,,,included in gretil
sāṅkhyakārikā (gauḍapādabhāṣyasahitā),,,included in gretil
sāṅkhyakārikā (māṭharavṛttisahitā),,,included in gretil
sāṅkhyasāraḥ,,,included in gretil
suvarṇasaptatiśāstram‌,सुवर्णसप्ततिशास्त्रम्‌ - विकिस्रोतः,https://sa.wikisource.org/wiki/%E0%A4%B8%E0%A5%81%E0%A4%B5%E0%A4%B0%E0%A5%8D%E0%A4%A3%E0%A4%B8%E0%A4%AA%E0%A5%8D%E0%A4%A4%E0%A4%A4%E0%A4%BF%E0%A4%B6%E0%A4%BE%E0%A4%B8%E0%A5%8D%E0%A4%A4%E0%A5%8D%E0%A4%B0%E0%A4%AE%E0%A5%8D%E2%80%8C,
vedāntakārikāvalī,उत्तरमीमांसादर्शनम्/विशिष्टाद्वैतम् - विकिस्रोतः,https://sa.wikisource.org/wiki/%E0%A4%89%E0%A4%A4%E0%A5%8D%E0%A4%A4%E0%A4%B0%E0%A4%AE%E0%A5%80%E0%A4%AE%E0%A4%BE%E0%A4%82%E0%A4%B8%E0%A4%BE%E0%A4%A6%E0%A4%B0%E0%A5%8D%E0%A4%B6%E0%A4%A8%E0%A4%AE%E0%A5%8D/%E0%A4%B5%E0%A4%BF%E0%A4%B6%E0%A4%BF%E0%A4%B7%E0%A5%8D%E0%A4%9F%E0%A4%BE%E0%A4%A6%E0%A5%8D%E0%A4%B5%E0%A5%88%E0%A4%A4%E0%A4%AE%E0%A5%8D,
nyāyasūtrāṇi,,,included in gretil
nyāyabhāṣyam,,,included in gretil
tattvacintāmaṇiḥ,,,included in gretil
tarkasaṅgrahaḥ,,,included in gretil
nyāyakusumāñjalī,,,included in gretil
tarkabhāṣā,तर्कभाषा - विकिस्रोतः,https://sa.wikisource.org/wiki/%E0%A4%A4%E0%A4%B0%E0%A5%8D%E0%A4%95%E0%A4%AD%E0%A4%BE%E0%A4%B7%E0%A4%BE,
kārikāvali,कारिकावलि - विकिस्रोतः,https://sa.wikisource.org/wiki/%E0%A4%95%E0%A4%BE%E0%A4%B0%E0%A4%BF%E0%A4%95%E0%A4%BE%E0%A4%B5%E0%A4%B2%E0%A4%BF,
mīmāṃsāsūtrāṇi - jaiminipraṇītā,,,included in gretil
śabarabhāṣyam- śabarasvāmī,,,included in gretil
ślokavārtikam - kumārilabhaṭṭaḥ,,,included in gretil
tantravārtikam - kumārilabhaṭṭaḥ,,,included in gretil
prakaraṇapañcikā-śālikānāthaḥ,,,included in gretil
bhāṭṭarahasyam - khaṇḍadevaḥ,भाट्टरहस्यम् - विकिस्रोतः,https://sa.wikisource.org/wiki/%E0%A4%AD%E0%A4%BE%E0%A4%9F%E0%A5%8D%E0%A4%9F%E0%A4%B0%E0%A4%B9%E0%A4%B8%E0%A5%8D%E0%A4%AF%E0%A4%AE%E0%A5%8D,
bhāṭṭadīpikā - khaṇḍadevaḥ,,,included in gretil
arthasaṃgrahaḥ- laugākṣibhāskaraḥ,अर्थसंग्रहः - विकिस्रोतः,https://sa.wikisource.org/wiki/%E0%A4%85%E0%A4%B0%E0%A5%8D%E0%A4%A5%E0%A4%B8%E0%A4%82%E0%A4%97%E0%A5%8D%E0%A4%B0%E0%A4%B9%E0%A4%83,
mīmāṃsānyāyaprakāśaḥ- āpadevaḥ,मीमांसान्यायप्रकाशः - विकिस्रोतः,https://sa.wikisource.org/wiki/%E0%A4%AE%E0%A5%80%E0%A4%AE%E0%A4%BE%E0%A4%82%E0%A4%B8%E0%A4%BE%E0%A4%A8%E0%A5%8D%E0%A4%AF%E0%A4%BE%E0%A4%AF%E0%A4%AA%E0%A5%8D%E0%A4%B0%E0%A4%95%E0%A4%BE%E0%A4%B6%E0%A4%83,
mīmāṃsāparibhāṣā-kṛṣṇayajvaḥ,मीमांसापरिभाषा - विकिस्रोतः,https://sa.wikisource.org/wiki/%E0%A4%AE%E0%A5%80%E0%A4%AE%E0%A4%BE%E0%A4%82%E0%A4%B8%E0%A4%BE%E0%A4%AA%E0%A4%B0%E0%A4%BF%E0%A4%AD%E0%A4%BE%E0%A4%B7%E0%A4%BE,
mānameyodayaḥ-nārāyaṇabhaṭṭaḥ,मानमेयोदयः - विकिस्रोतः,https://sa.wikisource.org/wiki/%E0%A4%AE%E0%A4%BE%E0%A4%A8%E0%A4%AE%E0%A5%87%E0%A4%AF%E0%A5%8B%E0%A4%A6%E0%A4%AF%E0%A4%83,
prakaraṇapañcikā,,,included in gretil
pramāṇavārtikam,,,included in gretil
īśvarapratyabhijñākārikā,,,included in gretil
īśvarapratyabhijñākārikāvṛttiḥ,ईश्वरप्रत्यभिज्ञाकारिकावृत्तिः - विकिस्रोतः,https://sa.wikisource.org/wiki/%E0%A4%88%E0%A4%B6%E0%A5%8D%E0%A4%B5%E0%A4%B0%E0%A4%AA%E0%A5%8D%E0%A4%B0%E0%A4%A4%E0%A5%8D%E0%A4%AF%E0%A4%AD%E0%A4%BF%E0%A4%9C%E0%A5%8D%E0%A4%9E%E0%A4%BE%E0%A4%95%E0%A4%BE%E0%A4%B0%E0%A4%BF%E0%A4%95%E0%A4%BE%E0%A4%B5%E0%A5%83%E0%A4%A4%E0%A5%8D%E0%A4%A4%E0%A4%BF%E0%A4%83,
īśvarapratyabhijñāvimarśinī,,,included in gretil
ānandakandaḥ,,,included in gretil
cidgaganacandrikā,चिद्गगनचन्द्रिका - विकिस्रोतः,https://sa.wikisource.org/wiki/%E0%A4%9A%E0%A4%BF%E0%A4%A6%E0%A5%8D%E0%A4%97%E0%A4%97%E0%A4%A8%E0%A4%9A%E0%A4%A8%E0%A5%8D%E0%A4%A6%E0%A5%8D%E0%A4%B0%E0%A4%BF%E0%A4%95%E0%A4%BE,
śāntikamalākaraḥ,शान्तिकमलाकरः - विकिस्रोतः,https://sa.wikisource.org/wiki/%E0%A4%B6%E0%A4%BE%E0%A4%A8%E0%A5%8D%E0%A4%A4%E0%A4%BF%E0%A4%95%E0%A4%AE%E0%A4%B2%E0%A4%BE%E0%A4%95%E0%A4%B0%E0%A4%83,
spandakārikānirṇayaḥ,,,included in gretil
jinendraguṇasaṃstutiḥ,जिनेन्द्रगुणसंस्तुतिः - विकिस्रोतः,https://sa.wikisource.org/wiki/%E0%A4%9C%E0%A4%BF%E0%A4%A8%E0%A5%87%E0%A4%A8%E0%A5%8D%E0%A4%A6%E0%A5%8D%E0%A4%B0%E0%A4%97%E0%A5%81%E0%A4%A3%E0%A4%B8%E0%A4%82%E0%A4%B8%E0%A5%8D%E0%A4%A4%E0%A5%81%E0%A4%A4%E0%A4%BF%E0%A4%83,
nyāyapraveśapravṛttiḥ,,,included in gretil
śārdūlakarṇāvadāna,,,included in gretil
śāstravārtāsamuccayam,,,included in gretil
madhyamakaśāstram,,,included in gretil or dsbc
abhidharmakośakārikā,,,included in gretil or dsbc
abhidharmadīpaḥ,,,included in gretil or dsbc
abhidharmasamuccayabhāṣyam,,,included in gretil or dsbc
abhidharmasamuccayaḥ,,,included in gretil or dsbc
āryadharmadhātugarbhavivaraṇam,,,included in gretil or dsbc
daśākuśalakarmapathadeśanā,,,included in gretil or dsbc
adhyardhaśatikā prajñāpāramitā,,,included in gretil or dsbc
aṣṭasāhasrikā prajñāpāramitā,,,included in gretil or dsbc
āryādvayaśatikā-prajñāpāramitāsūtram,,,included in gretil or dsbc
kauśikaprajñāpāramitāsūtram,,,included in gretil or dsbc
prajñāpāramitāhṛdayasutram,,,included in gretil or dsbc
ratnaguṇasañcayagāthā,,,included in gretil or dsbc
vajracchedikā nāma triśatikā prajñāpāramitā,,,included in gretil or dsbc
saptaśatikā prajñāpāramitā,,,included in gretil or dsbc
sārdhadvisāhasrikāprajñāpāramitā,,,included in gretil or dsbc
svalpākṣarā prajñāpāramitā,,,included in gretil or dsbc
āryaśālistambakakārikā,,,included in gretil or dsbc
pratītyasamutpādahṛdayakārikā,,,included in gretil or dsbc
pratītyasamutpādahṛdayavyākhyānam,,,included in gretil or dsbc
madhyamakaśāstram,,,included in gretil or dsbc
mahāyānaviṃśikā,,,included in gretil or dsbc
yuktiṣaṣṭikārikā,,,included in gretil or dsbc
vigrahavyāvartanī,,,included in gretil or dsbc
śaraṇagamanadeśanā,,,included in gretil or dsbc
śūnyatāsaptatiḥ,,,included in gretil or dsbc
satyadvayāvatāraḥ,,,included in gretil or dsbc
sūtrārthasamuccayopadeśaḥ,,,included in gretil or dsbc
hastavālaprakaraṇavṛttiḥ,,,included in gretil or dsbc
abhidharmakośakārikā,,,included in gretil or dsbc
ajitasenavyākaraṇam,,,included in gretil or dsbc
aparimitāyuḥ nāma mahāyāna sūtra,,,included in gretil or dsbc
arthaviniścayasūtram,,,included in gretil or dsbc
āryatriratnānusmṛtisūtram,,,included in gretil or dsbc
āryatriskandhasūtram,,,included in gretil or dsbc
āryapratītyasamutpādo nāma mahāyānasūtram,,,included in gretil or dsbc
āryamaitreyavyākaraṇam,,,included in gretil or dsbc
āryarāṣṭrapālaparipṛcchā nāma mahāyānasūtram,,,included in gretil or dsbc
āryavimalakīrtinirdeśo nāma mahāyānasūtram,,,included in gretil or dsbc
āryasaṃghāṭasūtram,,,included in gretil or dsbc
āryasāgaranāgarājaparipṛcchā nāma mahāyānasūtram,,,included in gretil or dsbc
āryānityatā sūtram,,,included in gretil or dsbc
karuṇāpuṇḍarīkasūtram,,,included in gretil or dsbc
kāraṇḍavyūhaḥ sūtram,,,included in gretil or dsbc
kāśyapaparivarta sūtram,,,included in gretil or dsbc
gaṇḍavyūhaḥ sūtram,,,included in gretil or dsbc
guṇakāraṇḍavyūhaḥ sūtram,,,included in gretil or dsbc
catuṣpariṣat sūtram,,,included in gretil or dsbc
daśabhūmikasūtram,,,included in gretil or dsbc
nairātmyaparipṛcchā nāma mahāyānasūtram,,,included in gretil or dsbc
bhavasaṅkrāntisūtram,,,included in gretil or dsbc
bhaiṣajyaguruvaidūryaprabharājasūtram,,,included in gretil or dsbc
madhyamakaśālistambasūtram,,,included in gretil or dsbc
mahāparinirvāṇasūtram,,,included in gretil or dsbc
mahāmeghasūtram,,,included in gretil or dsbc
mahāvadānasūtram,,,included in gretil or dsbc
meghasūtram,,,included in gretil or dsbc
lalitavistaraḥ,,,included in gretil or dsbc
vinayaviniścaya upāliparipṛcchā,,,included in gretil or dsbc
vimalakīrtinirdeśa sūtram,,,included in gretil or dsbc
śālistambasūtram,,,included in gretil or dsbc
saddharmapuṇḍarīkasūtram,,,included in gretil or dsbc
saddharmalaṅkāvatārasūtram,,,included in gretil or dsbc
samādhirājasūtram,,,included in gretil or dsbc
sarvatathāgatādhiṣṭhānavyūham sūtram,,,included in gretil or dsbc
sukhāvatīvyūhaḥ,,,included in gretil or dsbc
suvarṇaprabhāsasūtram,,,included in gretil or dsbc
prātimokṣasūtram,,,included in gretil or dsbc
bodhisattvaprātimokṣasūtram,,,included in gretil or dsbc
vinayasūtram,,,included in gretil or dsbc
acintyastavaḥ,,,included in gretil or dsbc
ajitasenavyākaraṇam,,,included in gretil or dsbc
adbhutadharmaparyāyaḥ,,,included in gretil or dsbc
advayaparamārthanāmasaṃgītiḥ,अद्वयपरमार्थनामसंगीतिः - विकिस्रोतः,https://sa.wikisource.org/wiki/%E0%A4%85%E0%A4%A6%E0%A5%8D%E0%A4%B5%E0%A4%AF%E0%A4%AA%E0%A4%B0%E0%A4%AE%E0%A4%BE%E0%A4%B0%E0%A5%8D%E0%A4%A5%E0%A4%A8%E0%A4%BE%E0%A4%AE%E0%A4%B8%E0%A4%82%E0%A4%97%E0%A5%80%E0%A4%A4%E0%A4%BF%E0%A4%83,
adhyardhaśatikā prajñāpāramitā,,,included in gretil or dsbc
antarvyāptisamarthanam,,,included in gretil or dsbc
aparimitāyusūtram,,,included in gretil or dsbc
apohasiddhiḥ,,,included in gretil or dsbc
abhisamayālaṅkāraḥ,,,included in gretil or dsbc
abhisamayālaṅkāravṛttiḥ,,,included in gretil or dsbc
abhisamācārikadharmaḥ,,,included in gretil or dsbc
amoghapāśahṛdayasūtram,,,included in gretil or dsbc
arthaviniścayasūtram,,,included in gretil or dsbc
avadānaśatakam,,,included in gretil or dsbc
aśokāvadānam,,,included in gretil or dsbc
ahorātravratacaityasevānuśaṃsāvadānam,,,included in gretil or dsbc
āryatārābhaṭṭārikānāmāṣṭottaraśatakastotram,,,included in gretil or dsbc
āryatārāsragdharāstotram,,,included in gretil or dsbc
āryadharmadhātugarbhavivaraṇam,,,included in gretil or dsbc
āryaprajñāpāramitāvajracchedikāṭīkā,,,included in gretil or dsbc
āryabuddhabalādhānaprātihāryavikurvāṇanirdeśaḥ,,,included in gretil or dsbc
āryamahāpratisarāvidyādhāraṇī,,,included in gretil or dsbc
āryamārīcīdhāraṇī,,,included in gretil or dsbc
āryaśālistambakakārikā,,,included in gretil or dsbc
āryaśālistambakamahāyānasūtraṭīkā,,,included in gretil or dsbc
āryasaṃghāṭasūtram,,,included in gretil or dsbc
āryādvayaśatikā-prajñāpāramitāsūtram,,,included in gretil or dsbc
āryānityatāsūtram,,,included in gretil or dsbc
ālambanaparīkṣā,,,included in gretil or dsbc
ālambanaparīkṣāvṛttiḥ,,,included in gretil or dsbc
udayananirākaraṇam,,,included in gretil or dsbc
ekaviṃśatistotram,,,included in gretil or dsbc
karuṇāpuṇḍarīkasūtram,,,included in gretil or dsbc
karmavibhaṅgasūtram,,,included in gretil or dsbc
kalpadrumāvadānamālā,,,included in gretil or dsbc
kāraṇḍavyūhaḥ,,,included in gretil or dsbc
kāśyapaparivartasūtram,,,included in gretil or dsbc
kauśikaprajñāpāramitāsūtram,,,included in gretil or dsbc
kriyāsaṃgrahakārikā,,,included in gretil or dsbc
kṣaṇabhaṅgasiddhiḥ,,,included in gretil or dsbc
khasarpaṇasādhanam,,,included in gretil or dsbc
guṇakāraṇḍavyūhasūtram,,,included in gretil or dsbc
gurukriyākramaḥ,,,included in gretil or dsbc
gurupañcāśikā,,,included in gretil or dsbc
guhyasamājamaṇḍalavidhiḥ,,,included in gretil or dsbc
grahamātṛkānāmadhāraṇī,,,included in gretil or dsbc
catuḥstavasamāsārthaḥ,,,included in gretil or dsbc
caturhastikā,चतुर्हस्तिका - विकिस्रोतः,https://sa.wikisource.org/wiki/%E0%A4%9A%E0%A4%A4%E0%A5%81%E0%A4%B0%E0%A5%8D%E0%A4%B9%E0%A4%B8%E0%A5%8D%E0%A4%A4%E0%A4%BF%E0%A4%95%E0%A4%BE,
carmavastu,,,included in gretil or dsbc
caryāmelāvaṇapradīpaḥ,,,included in gretil or dsbc
caryāsaṅgrahapradīpaḥ,,,included in gretil or dsbc
cittaviśuddhiprakaraṇam,,,included in gretil or dsbc
cittotpādasaṃvaravidhikramaḥ,,,included in gretil or dsbc
cīvaravastu,,,included in gretil or dsbc
jātakamālā (āryaśūraḥ),,,included in gretil or dsbc
jātakamālā (gopāladattaḥ),,,included in gretil or dsbc
jātakamālā (haribhaṭṭaḥ),,,included in gretil or dsbc
tattvaratnāvalokaḥ,,,included in gretil or dsbc
tatvajñānasaṃsiddhiḥ,,,included in gretil or dsbc
tathāgatabimbakārāpaṇasūtram,,,included in gretil or dsbc
triṃśikāvijñaptikārikāḥ,,,included in gretil or dsbc
triṃśikāvijñaptibhāṣyam,,,included in gretil or dsbc
trisvabhāvanirdeśaḥ,,,included in gretil or dsbc
daśabhūmikasūtram,,,included in gretil or dsbc
daśākuśalakarmapathadeśanā,,,included in gretil or dsbc
divyāvadānam,,,included in gretil or dsbc
devatāsūtram,,,included in gretil or dsbc
dhammapadapaṭhanam,,,included in gretil or dsbc
dharmasaṃgrahaḥ,,,included in gretil or dsbc
dharmottarapradīpaḥ,,,included in gretil or dsbc
dhvajāgrakeyurādhāraṇī,,,included in gretil or dsbc
navaślokī,,,included in gretil or dsbc
nityakarmapūjāvidhiḥ,,,included in gretil or dsbc
nibandhāvalī,,,included in gretil or dsbc
niṣpannayogāvalī,,,included in gretil or dsbc
nairātmyaparipṛcchā nāma mahāyānasūtram,,,included in gretil or dsbc
pañcakramaḥ,,,included in gretil or dsbc
pañcaviṃśatisāhasrikā,,,included in gretil or dsbc
pañcaskandhaprakaraṇam,,,included in gretil or dsbc
pāṇḍulohitakavastu,,,included in gretil or dsbc
pārivāsikavastu,,,included in gretil or dsbc
piṇḍīkramaḥ,,,included in gretil or dsbc
poṣadhavastu,,,included in gretil or dsbc
poṣadhasthāpanavastu,,,included in gretil or dsbc
prajñāpāramitāpiṇḍārthaḥ,,,included in gretil or dsbc
prajñāpāramitāhṛdaya,,,included in gretil or dsbc
pratisarākalpadhāraṇī,,,included in gretil or dsbc
pratītyasamutpādasūtram,,,included in gretil or dsbc
pratītyasamutpādahṛdayakārikā,,,included in gretil or dsbc
pramāṇavārtikavṛttiḥ,,,included in gretil or dsbc
pravāraṇāvastu,,,included in gretil or dsbc
pravrajyāvastu,,,included in gretil or dsbc
prasādapratibhodhava,,,included in gretil or dsbc
prātimokṣasūtram,,,included in gretil or dsbc
prātimokṣasūtram (śākyabhikṣu śrīvijayabhadralikhitam),,,included in gretil or dsbc
bodhicaryāvatāraḥ,,,included in gretil or dsbc
bodhicaryāvatāraḥ (pañjikāvyākhyāsahitaḥ),,,included in gretil or dsbc
bodhipathapradipaḥ,,,included in gretil or dsbc
bodhisattvaprātimokṣasūtram,,,included in gretil or dsbc
bodhisattvāvadānakalpalatā,,,included in gretil or dsbc
bhavasaṅkrāntiṭīkā,,,included in gretil or dsbc
bhavasaṅkrāntiparikathā,,,included in gretil or dsbc
bhavasaṅkrāntisūtram,,,included in gretil or dsbc
bhāvanākramaḥ,,,included in gretil or dsbc
bhaiṣajyaguruvaidūryaprabharājasūtram,,,included in gretil or dsbc
madhyamakaśāstram,,,included in gretil or dsbc
madhyamakaśāstram (vyākhyāsahitam),,,included in gretil or dsbc
mahādevīvyākaraṇam,,,included in gretil or dsbc
mahāparinirvāṇasūtram,,,included in gretil or dsbc
mahāpratisarāvidyārājñī,,,included in gretil or dsbc
mahāmantrānusāriṇī,,,included in gretil or dsbc
mahāyānaviṃśikā,,,included in gretil or dsbc
mahāśītavatī,,,included in gretil or dsbc
mahāsudarśanāvadānam,,,included in gretil or dsbc
mūlamadhyamakārikā,,,included in gretil or dsbc
mṛtyuvañcanasitatārāsādhanam,,,included in gretil or dsbc
mekhalādhāraṇī,,,included in gretil or dsbc
maitreyavyākaraṇam,,,included in gretil or dsbc
yuktiṣaṣṭikārikā,,,included in gretil or dsbc
yogāvatāraḥ,,,included in gretil or dsbc
ratnaketuparivrataḥ,,,included in gretil or dsbc
ratnaguṇasaṃcayagāthā,,,included in gretil or dsbc
ratnagotravibhāgaḥ,,,included in gretil or dsbc
ratnāvadānam-1,रत्नावदानम्-१ - विकिस्रोतः,https://sa.wikisource.org/wiki/%E0%A4%B0%E0%A4%A4%E0%A5%8D%E0%A4%A8%E0%A4%BE%E0%A4%B5%E0%A4%A6%E0%A4%BE%E0%A4%A8%E0%A4%AE%E0%A5%8D-%E0%A5%A7,
ratnāvadānam-2,रत्नावदानम्-२ - विकिस्रोतः,https://sa.wikisource.org/wiki/%E0%A4%B0%E0%A4%A4%E0%A5%8D%E0%A4%A8%E0%A4%BE%E0%A4%B5%E0%A4%A6%E0%A4%BE%E0%A4%A8%E0%A4%AE%E0%A5%8D-%E0%A5%A8,
rāṣṭrapālaparipṛcchā,,,included in gretil or dsbc
lalitavistaraḥ (mūlarahitaḥ),,,included in gretil or dsbc
vajracchedikatriśatikāprajñāpāramitāsūtram,,,included in gretil or dsbc
vajravidāraṇī,,,included in gretil or dsbc
vajrasūcī,,,included in gretil or dsbc
varṣāvastu,,,included in gretil or dsbc
vasudhārādhāraṇīsūtram,,,included in gretil or dsbc
vādanyāyaḥ,,,included in gretil or dsbc
vigrahavyāvartanī,,,included in gretil or dsbc
vigrahavyāvartanī (vyākhyāsahitaḥ),,,included in gretil or dsbc
vinayaviniścayopāliparipṛcchā,,,included in gretil or dsbc
vinayasūtram,,,included in gretil or dsbc
vimalakīrtinirdeśaḥ,,,included in gretil or dsbc
viśvantarāvadānam,,,included in gretil or dsbc
śatagāthā,,,included in gretil or dsbc
śaraṇagamanadeśanā,,,included in gretil or dsbc
śālistambasūtram,,,included in gretil or dsbc
śiṣyalekhaḥ,,,included in gretil or dsbc
śrāvakabhūmiḥ,,,included in gretil or dsbc
śrīghanācārasaṃgrahaḥ,,,included in gretil or dsbc
satyadvayāvatāraḥ,,,included in gretil or dsbc
santānāntarasiddhiḥ,,,included in gretil or dsbc
santānāntarasiddhiṭīkā,,,included in gretil or dsbc
saptaśatikā prajñāpāramitā,,,included in gretil or dsbc
sabhikasaugataśāsanapravrajyāvratacaraṇaparivartaḥ,,,included in gretil or dsbc
samādhisaṃbhāraparivartaḥ,,,included in gretil or dsbc
samyaksambuddhabhāṣitapratimālakṣaṇam,,,included in gretil or dsbc
sarvatathāgatādhiṣṭhānavyūhasūtram,,,included in gretil or dsbc
sāmānyadūṣaṇadikprasāritā,,,included in gretil or dsbc
sāratamākhyāpañjikā,,,included in gretil or dsbc
sārdhadvisāhasrikāprajñāpāramitā,,,included in gretil or dsbc
sukhāvatīvyūhaḥ,,,included in gretil or dsbc
sukhāvatīvyūhaḥ (vistaramātṛkā),,,included in gretil or dsbc
suvarṇaprabhāsasūtram,,,included in gretil or dsbc
suvarṇavarṇāvadānam,,,included in gretil or dsbc
sekoddeśaḥ,,,included in gretil or dsbc
stūpalakṣaṇakārikāvivecanam,,,included in gretil or dsbc
sphuṭārthā-śrīghanācārasaṃgrahaṭīkā,,,included in gretil or dsbc
svayambhūdharmadhātusamutpattiḥ,स्वयम्भूधर्मधातुसमुत्पत्तिः - विकिस्रोतः,https://sa.wikisource.org/wiki/%E0%A4%B8%E0%A5%8D%E0%A4%B5%E0%A4%AF%E0%A4%AE%E0%A5%8D%E0%A4%AD%E0%A5%82%E0%A4%A7%E0%A4%B0%E0%A5%8D%E0%A4%AE%E0%A4%A7%E0%A4%BE%E0%A4%A4%E0%A5%81%E0%A4%B8%E0%A4%AE%E0%A5%81%E0%A4%A4%E0%A5%8D%E0%A4%AA%E0%A4%A4%E0%A5%8D%E0%A4%A4%E0%A4%BF%E0%A4%83,
svalpākṣarāprajñāpāramitā,,,included in gretil or dsbc
hayagrīvavidyā,,,included in gretil or dsbc
hastavālaprakaraṇavṛttiḥ,,,included in gretil or dsbc
hṛdayasūtram,,,included in gretil or dsbc
hevajrasādhanam,,,included in gretil or dsbc
tattvopaplavamīmāṃsā,तत्त्वोपप्लवमीमांसा - विकिस्रोतः,https://sa.wikisource.org/wiki/%E0%A4%A4%E0%A4%A4%E0%A5%8D%E0%A4%A4%E0%A5%8D%E0%A4%B5%E0%A5%8B%E0%A4%AA%E0%A4%AA%E0%A5%8D%E0%A4%B2%E0%A4%B5%E0%A4%AE%E0%A5%80%E0%A4%AE%E0%A4%BE%E0%A4%82%E0%A4%B8%E0%A4%BE,
pratyabhijñāhṛdayam,,,included in gretil or dsbc
ṣaḍ‌darśanasamuccayaḥ,षड्‌दर्शनसमुच्चयः - विकिस्रोतः,https://sa.wikisource.org/wiki/%E0%A4%B7%E0%A4%A1%E0%A5%8D%E2%80%8C%E0%A4%A6%E0%A4%B0%E0%A5%8D%E0%A4%B6%E0%A4%A8%E0%A4%B8%E0%A4%AE%E0%A5%81%E0%A4%9A%E0%A5%8D%E0%A4%9A%E0%A4%AF%E0%A4%83,
1. Alaṅkāragranthāḥ,,,
Alaṅkārasarvasvam,,,
alaṅkārasarvasvakhyā sañjīvanī,,,fully included in gretil
alaṅkārasarvasvam,,,fully included in gretil
alaṅkārasarvasvam-vidyācakravartin-sañjīvanī,,,fully included in gretil
alaṅkārasarvasvavyākhyā alaṅkāravimarśinī,,,fully included in gretil
Kāvyaprakāśaḥ,,,
kāvyaprakāśaḥ,,,fully included in gretil
Kāvyamīmāṃsā,,,
kāvyamīmāṃsā,,,fully included in gretil
Kāvyādarśaḥ,,,
kāvyādarśaḥ,,,fully included in gretil
kāvyādarśavyākhyā hṛdayaṅgamā,काव्यादर्शव्याख्या हृदयङ्गमा - विकिस्रोतः,https://sa.wikisource.org/wiki/%E0%A4%95%E0%A4%BE%E0%A4%B5%E0%A5%8D%E0%A4%AF%E0%A4%BE%E0%A4%A6%E0%A4%B0%E0%A5%8D%E0%A4%B6%E0%A4%B5%E0%A5%8D%E0%A4%AF%E0%A4%BE%E0%A4%96%E0%A5%8D%E0%A4%AF%E0%A4%BE_%E0%A4%B9%E0%A5%83%E0%A4%A6%E0%A4%AF%E0%A4%99%E0%A5%8D%E0%A4%97%E0%A4%AE%E0%A4%BE,
Kāvyālaṅkāraḥ,,,
kāvyālaṅkāraḥ,,,fully included in gretil
Kāvyālaṅkārasārasaṅgrahaḥ,,,
kāvyālaṅkārasārasaṅgrahaḥ,,,fully included in gretil
Kāvyālaṅkārasūtram,,,
kāvyālaṅkārasūtrāṇi,,,fully included in gretil
Kāvyālaṅkārasūtravṛttiḥ,,,
kāvyālaṅkārasūtra-vṛtti-kāvyālaṅkārakāmadhenuḥ,,,fully included in gretil
Kuvalayānandaḥ,,,
kuvalayānanda,कुवलयानन्दः - विकिस्रोतः,https://sa.wikisource.org/wiki/%E0%A4%95%E0%A5%81%E0%A4%B5%E0%A4%B2%E0%A4%AF%E0%A4%BE%E0%A4%A8%E0%A4%A8%E0%A5%8D%E0%A4%A6%E0%A4%83,
kuvalayānandaḥ sodāharaṇam,कुवलयानन्दः सोदाहरणम् - विकिस्रोतः,https://sa.wikisource.org/wiki/%E0%A4%95%E0%A5%81%E0%A4%B5%E0%A4%B2%E0%A4%AF%E0%A4%BE%E0%A4%A8%E0%A4%A8%E0%A5%8D%E0%A4%A6%E0%A4%83_%E0%A4%B8%E0%A5%8B%E0%A4%A6%E0%A4%BE%E0%A4%B9%E0%A4%B0%E0%A4%A3%E0%A4%AE%E0%A5%8D,
samanvayā vyākhyā,समन्वया व्याख्या - विकिस्रोतः,https://sa.wikisource.org/wiki/%E0%A4%B8%E0%A4%AE%E0%A4%A8%E0%A5%8D%E0%A4%B5%E0%A4%AF%E0%A4%BE_%E0%A4%B5%E0%A5%8D%E0%A4%AF%E0%A4%BE%E0%A4%96%E0%A5%8D%E0%A4%AF%E0%A4%BE,
Candrālokaḥ,,,
candrālokaḥ,,,fully included in gretil
Camatkāracandrikā,,,
camatkāracandrikā,,,fully included in gretil
Dhvanyālokaḥ,,,
dhvanyālokaḥ,,,fully included in gretil
dhvanyālokaḥ - bālapriyālocanabhāṣyasametam,,,fully included in gretil
Rasagaṅgādharaḥ,,,
rasagaṅgādharaḥ,,,fully included in gretil
Vakroktijīvitam,,,
vakroktijīvitam,,,fully included in gretil
Vyaktivivekaḥ,,,
vyaktivivekaḥ,वर्गः:व्यक्तिविवेकः - विकिस्रोतः,https://sa.wikisource.org/wiki/%E0%A4%B5%E0%A4%B0%E0%A5%8D%E0%A4%97%E0%A4%83:%E0%A4%B5%E0%A5%8D%E0%A4%AF%E0%A4%95%E0%A5%8D%E0%A4%A4%E0%A4%BF%E0%A4%B5%E0%A4%BF%E0%A4%B5%E0%A5%87%E0%A4%95%E0%A4%83,
Śṛṅgāraprakāśaḥ,,,
śṛṅgāraprakāśaḥ,शृङ्गारप्रकाशः - विकिस्रोतः,https://sa.wikisource.org/wiki/%E0%A4%B6%E0%A5%83%E0%A4%99%E0%A5%8D%E0%A4%97%E0%A4%BE%E0%A4%B0%E0%A4%AA%E0%A5%8D%E0%A4%B0%E0%A4%95%E0%A4%BE%E0%A4%B6%E0%A4%83,
Sāhityadarpaṇam,,,
sāhityadarpaṇam,,,fully included in gretil
,,,
alaṅkāramaṇihāraḥ1,अलङ्कारमणिहारः (भागः १) - विकिस्रोतः,https://sa.wikisource.org/wiki/%E0%A4%85%E0%A4%B2%E0%A4%99%E0%A5%8D%E0%A4%95%E0%A4%BE%E0%A4%B0%E0%A4%AE%E0%A4%A3%E0%A4%BF%E0%A4%B9%E0%A4%BE%E0%A4%B0%E0%A4%83_(%E0%A4%AD%E0%A4%BE%E0%A4%97%E0%A4%83_%E0%A5%A7),
alaṅkāramaṇihāraḥ2,अलङ्कारमणिहारः (भागः २) - विकिस्रोतः,https://sa.wikisource.org/wiki/%E0%A4%85%E0%A4%B2%E0%A4%99%E0%A5%8D%E0%A4%95%E0%A4%BE%E0%A4%B0%E0%A4%AE%E0%A4%A3%E0%A4%BF%E0%A4%B9%E0%A4%BE%E0%A4%B0%E0%A4%83_(%E0%A4%AD%E0%A4%BE%E0%A4%97%E0%A4%83_%E0%A5%A8),
alaṅkāramaṇihāraḥ3,अलङ्कारमणिहारः (भागः ३) - विकिस्रोतः,https://sa.wikisource.org/wiki/%E0%A4%85%E0%A4%B2%E0%A4%99%E0%A5%8D%E0%A4%95%E0%A4%BE%E0%A4%B0%E0%A4%AE%E0%A4%A3%E0%A4%BF%E0%A4%B9%E0%A4%BE%E0%A4%B0%E0%A4%83_(%E0%A4%AD%E0%A4%BE%E0%A4%97%E0%A4%83_%E0%A5%A9),
alaṅkāramaṇihāraḥ4,अलङ्कारमणिहारः (भागः ४) - विकिस्रोतः,https://sa.wikisource.org/wiki/%E0%A4%85%E0%A4%B2%E0%A4%99%E0%A5%8D%E0%A4%95%E0%A4%BE%E0%A4%B0%E0%A4%AE%E0%A4%A3%E0%A4%BF%E0%A4%B9%E0%A4%BE%E0%A4%B0%E0%A4%83_(%E0%A4%AD%E0%A4%BE%E0%A4%97%E0%A4%83_%E0%A5%AA),
alaṅkārasaṅgrahaḥ,अलङ्कारसङ्ग्रहः - विकिस्रोतः,https://sa.wikisource.org/wiki/%E0%A4%85%E0%A4%B2%E0%A4%99%E0%A5%8D%E0%A4%95%E0%A4%BE%E0%A4%B0%E0%A4%B8%E0%A4%99%E0%A5%8D%E0%A4%97%E0%A5%8D%E0%A4%B0%E0%A4%B9%E0%A4%83,
ujvalanīlamaṇiḥ,उज्वलनीलमणिः - विकिस्रोतः,https://sa.wikisource.org/wiki/%E0%A4%89%E0%A4%9C%E0%A5%8D%E0%A4%B5%E0%A4%B2%E0%A4%A8%E0%A5%80%E0%A4%B2%E0%A4%AE%E0%A4%A3%E0%A4%BF%E0%A4%83,
aucityavicāracarcā,औचित्यविचारचर्चा - विकिस्रोतः,https://sa.wikisource.org/wiki/%E0%A4%94%E0%A4%9A%E0%A4%BF%E0%A4%A4%E0%A5%8D%E0%A4%AF%E0%A4%B5%E0%A4%BF%E0%A4%9A%E0%A4%BE%E0%A4%B0%E0%A4%9A%E0%A4%B0%E0%A5%8D%E0%A4%9A%E0%A4%BE,
camatkāracandrikā,,,fully included in gretil
citramīmāṃsā,चित्रमीमांसा - विकिस्रोतः,https://sa.wikisource.org/wiki/%E0%A4%9A%E0%A4%BF%E0%A4%A4%E0%A5%8D%E0%A4%B0%E0%A4%AE%E0%A5%80%E0%A4%AE%E0%A4%BE%E0%A4%82%E0%A4%B8%E0%A4%BE,
daśarūpakam,,,fully included in gretil
dhvanitatvasamīkṣā,ध्वनितत्वसमीक्षा - विकिस्रोतः,https://sa.wikisource.org/wiki/%E0%A4%A7%E0%A5%8D%E0%A4%B5%E0%A4%A8%E0%A4%BF%E0%A4%A4%E0%A4%A4%E0%A5%8D%E0%A4%B5%E0%A4%B8%E0%A4%AE%E0%A5%80%E0%A4%95%E0%A5%8D%E0%A4%B7%E0%A4%BE,
nāṭakacandrikā,,,fully included in gretil
nāṭyaśāstravyākhyā abhinavabhāratī,नाट्यशास्त्रव्याख्या अभिनवभारती - विकिस्रोतः,https://sa.wikisource.org/wiki/%E0%A4%A8%E0%A4%BE%E0%A4%9F%E0%A5%8D%E0%A4%AF%E0%A4%B6%E0%A4%BE%E0%A4%B8%E0%A5%8D%E0%A4%A4%E0%A5%8D%E0%A4%B0%E0%A4%B5%E0%A5%8D%E0%A4%AF%E0%A4%BE%E0%A4%96%E0%A5%8D%E0%A4%AF%E0%A4%BE_%E0%A4%85%E0%A4%AD%E0%A4%BF%E0%A4%A8%E0%A4%B5%E0%A4%AD%E0%A4%BE%E0%A4%B0%E0%A4%A4%E0%A5%80,
pratāparūdrīyam,,,fully included in gretil
rasārṇavasudhākaraḥ,,,fully included in gretil
śṛṅgāratilakaḥ,,,fully included in gretil
,,,
2. Gadyasāhityam,,,
,,,
kathākusumam (ambikādattavyāsaḥ),कथाकुसुमम् (अम्बिकादत्तव्यासः) - विकिस्रोतः,https://sa.wikisource.org/wiki/%E0%A4%95%E0%A4%A5%E0%A4%BE%E0%A4%95%E0%A5%81%E0%A4%B8%E0%A5%81%E0%A4%AE%E0%A4%AE%E0%A5%8D_(%E0%A4%85%E0%A4%AE%E0%A5%8D%E0%A4%AC%E0%A4%BF%E0%A4%95%E0%A4%BE%E0%A4%A6%E0%A4%A4%E0%A5%8D%E0%A4%A4%E0%A4%B5%E0%A5%8D%E0%A4%AF%E0%A4%BE%E0%A4%B8%E0%A4%83),too corrupt to process
kapīnāmupavāsaḥ,कपीनामुपवासः - विकिस्रोतः,https://sa.wikisource.org/wiki/%E0%A4%95%E0%A4%AA%E0%A5%80%E0%A4%A8%E0%A4%BE%E0%A4%AE%E0%A5%81%E0%A4%AA%E0%A4%B5%E0%A4%BE%E0%A4%B8%E0%A4%83,
kādambarī,,,fully included in gretil
daśakumāracaritam,,,fully included in gretil
dvātriṃśatputtalikāsiṃhāsanam,द्वात्रिंशत्पुत्तलिकासिंहासनम् - विकिस्रोतः,https://sa.wikisource.org/wiki/%E0%A4%A6%E0%A5%8D%E0%A4%B5%E0%A4%BE%E0%A4%A4%E0%A5%8D%E0%A4%B0%E0%A4%BF%E0%A4%82%E0%A4%B6%E0%A4%A4%E0%A5%8D%E0%A4%AA%E0%A5%81%E0%A4%A4%E0%A5%8D%E0%A4%A4%E0%A4%B2%E0%A4%BF%E0%A4%95%E0%A4%BE%E0%A4%B8%E0%A4%BF%E0%A4%82%E0%A4%B9%E0%A4%BE%E0%A4%B8%E0%A4%A8%E0%A4%AE%E0%A5%8D,
pañcatantram,,,fully included in gretil
vetālapañcaviṃśatiḥ,,,fully included in gretil
harṣacaritam,,,fully included in gretil
hitopadeśaḥ,,,fully included in gretil
,,,
3.Campūsāhityam,,,
,,,
nalacampū,नलचम्पू - विकिस्रोतः,https://sa.wikisource.org/wiki/%E0%A4%A8%E0%A4%B2%E0%A4%9A%E0%A4%AE%E0%A5%8D%E0%A4%AA%E0%A5%82,
campūbhāratam,चम्पूभारतम् - विकिस्रोतः,https://sa.wikisource.org/wiki/%E0%A4%9A%E0%A4%AE%E0%A5%8D%E0%A4%AA%E0%A5%82%E0%A4%AD%E0%A4%BE%E0%A4%B0%E0%A4%A4%E0%A4%AE%E0%A5%8D,
campūrāmāyaṇam,चम्पूरामायणम् - विकिस्रोतः,https://sa.wikisource.org/wiki/%E0%A4%9A%E0%A4%AE%E0%A5%8D%E0%A4%AA%E0%A5%82%E0%A4%B0%E0%A4%BE%E0%A4%AE%E0%A4%BE%E0%A4%AF%E0%A4%A3%E0%A4%AE%E0%A5%8D,
,,,
4. Nāṭakāni,,,
,,,
A Collection of six Dramas of Vatsaraja,A Collection of six Dramas of Vatsaraja - विकिस्रोतः,https://sa.wikisource.org/wiki/A_Collection_of_six_Dramas_of_Vatsaraja,
Kalidasa's Śakuntala,,,fully included in gretil
abhijñānaśākuntalam,,,fully included in gretil
abhiṣekanāṭakam,अभिषेकनाटकम् - विकिस्रोतः,https://sa.wikisource.org/wiki/%E0%A4%85%E0%A4%AD%E0%A4%BF%E0%A4%B7%E0%A5%87%E0%A4%95%E0%A4%A8%E0%A4%BE%E0%A4%9F%E0%A4%95%E0%A4%AE%E0%A5%8D,
avimārakam,अविमारकम् - विकिस्रोतः,https://sa.wikisource.org/wiki/%E0%A4%85%E0%A4%B5%E0%A4%BF%E0%A4%AE%E0%A4%BE%E0%A4%B0%E0%A4%95%E0%A4%AE%E0%A5%8D,
uttararāmacaritam,उत्तररामचरितम् - विकिस्रोतः,https://sa.wikisource.org/wiki/%E0%A4%89%E0%A4%A4%E0%A5%8D%E0%A4%A4%E0%A4%B0%E0%A4%B0%E0%A4%BE%E0%A4%AE%E0%A4%9A%E0%A4%B0%E0%A4%BF%E0%A4%A4%E0%A4%AE%E0%A5%8D,
ūrubhaṅgaḥ,ऊरुभङ्गः - विकिस्रोतः,https://sa.wikisource.org/wiki/%E0%A4%8A%E0%A4%B0%E0%A5%81%E0%A4%AD%E0%A4%99%E0%A5%8D%E0%A4%97%E0%A4%83,
karṇabhāram,कर्णभारम् - विकिस्रोतः,https://sa.wikisource.org/wiki/%E0%A4%95%E0%A4%B0%E0%A5%8D%E0%A4%A3%E0%A4%AD%E0%A4%BE%E0%A4%B0%E0%A4%AE%E0%A5%8D,
cārudattam,चारुदत्तम् - विकिस्रोतः,https://sa.wikisource.org/wiki/%E0%A4%9A%E0%A4%BE%E0%A4%B0%E0%A5%81%E0%A4%A6%E0%A4%A4%E0%A5%8D%E0%A4%A4%E0%A4%AE%E0%A5%8D,
dūtaghaṭotkacam,दूतघटोत्कचम् - विकिस्रोतः,https://sa.wikisource.org/wiki/%E0%A4%A6%E0%A5%82%E0%A4%A4%E0%A4%98%E0%A4%9F%E0%A5%8B%E0%A4%A4%E0%A5%8D%E0%A4%95%E0%A4%9A%E0%A4%AE%E0%A5%8D,
dūtavākyam,,,fully included in gretil
dhūrtasamāgamaḥ,धूर्तसमागमः - विकिस्रोतः,https://sa.wikisource.org/wiki/%E0%A4%A7%E0%A5%82%E0%A4%B0%E0%A5%8D%E0%A4%A4%E0%A4%B8%E0%A4%AE%E0%A4%BE%E0%A4%97%E0%A4%AE%E0%A4%83,
pañcarātram,पञ्चरात्रम् - विकिस्रोतः,https://sa.wikisource.org/wiki/%E0%A4%AA%E0%A4%9E%E0%A5%8D%E0%A4%9A%E0%A4%B0%E0%A4%BE%E0%A4%A4%E0%A5%8D%E0%A4%B0%E0%A4%AE%E0%A5%8D,
padminīpariṇayaḥ,पद्मिनीपरिणयः - विकिस्रोतः,https://sa.wikisource.org/wiki/%E0%A4%AA%E0%A4%A6%E0%A5%8D%E0%A4%AE%E0%A4%BF%E0%A4%A8%E0%A5%80%E0%A4%AA%E0%A4%B0%E0%A4%BF%E0%A4%A3%E0%A4%AF%E0%A4%83,
pādatāḍitakam,,,fully included in gretil
pratijñāyaugandharāyaṇam,प्रतिज्ञायौगन्धरायणम् - विकिस्रोतः,https://sa.wikisource.org/wiki/%E0%A4%AA%E0%A5%8D%E0%A4%B0%E0%A4%A4%E0%A4%BF%E0%A4%9C%E0%A5%8D%E0%A4%9E%E0%A4%BE%E0%A4%AF%E0%A5%8C%E0%A4%97%E0%A4%A8%E0%A5%8D%E0%A4%A7%E0%A4%B0%E0%A4%BE%E0%A4%AF%E0%A4%A3%E0%A4%AE%E0%A5%8D,
pratimānāṭakam,प्रतिमानाटकम् - विकिस्रोतः,https://sa.wikisource.org/wiki/%E0%A4%AA%E0%A5%8D%E0%A4%B0%E0%A4%A4%E0%A4%BF%E0%A4%AE%E0%A4%BE%E0%A4%A8%E0%A4%BE%E0%A4%9F%E0%A4%95%E0%A4%AE%E0%A5%8D,
bālacaritam,बालचरितम् - विकिस्रोतः,https://sa.wikisource.org/wiki/%E0%A4%AC%E0%A4%BE%E0%A4%B2%E0%A4%9A%E0%A4%B0%E0%A4%BF%E0%A4%A4%E0%A4%AE%E0%A5%8D,
mattavilāsaprahāsanam,,,fully included in gretil
madhyamavyāyogaḥ,मध्यमव्यायोगः - विकिस्रोतः,https://sa.wikisource.org/wiki/%E0%A4%AE%E0%A4%A7%E0%A5%8D%E0%A4%AF%E0%A4%AE%E0%A4%B5%E0%A5%8D%E0%A4%AF%E0%A4%BE%E0%A4%AF%E0%A5%8B%E0%A4%97%E0%A4%83,
vikramorvaśīyam,विक्रमोर्वशीयम् - विकिस्रोतः,https://sa.wikisource.org/wiki/%E0%A4%B5%E0%A4%BF%E0%A4%95%E0%A5%8D%E0%A4%B0%E0%A4%AE%E0%A5%8B%E0%A4%B0%E0%A5%8D%E0%A4%B5%E0%A4%B6%E0%A5%80%E0%A4%AF%E0%A4%AE%E0%A5%8D,
svapnavāsavadattam,,,fully included in gretil
,,,
5. Padyasāhityam,,,
,,,
Gītāḥ,,,
avadhūtagītā,अवधूतगीता - विकिस्रोतः,https://sa.wikisource.org/wiki/%E0%A4%85%E0%A4%B5%E0%A4%A7%E0%A5%82%E0%A4%A4%E0%A4%97%E0%A5%80%E0%A4%A4%E0%A4%BE,
uddhavagītā,उद्धवगीता - विकिस्रोतः,https://sa.wikisource.org/wiki/%E0%A4%89%E0%A4%A6%E0%A5%8D%E0%A4%A7%E0%A4%B5%E0%A4%97%E0%A5%80%E0%A4%A4%E0%A4%BE,
gurugītā,गुरुगीता - विकिस्रोतः,https://sa.wikisource.org/wiki/%E0%A4%97%E0%A5%81%E0%A4%B0%E0%A5%81%E0%A4%97%E0%A5%80%E0%A4%A4%E0%A4%BE,
pāṇḍavagītā,पाण्डवगीता - विकिस्रोतः,https://sa.wikisource.org/wiki/%E0%A4%AA%E0%A4%BE%E0%A4%A3%E0%A5%8D%E0%A4%A1%E0%A4%B5%E0%A4%97%E0%A5%80%E0%A4%A4%E0%A4%BE,
bodhyagītā,बोध्यगीता - विकिस्रोतः,https://sa.wikisource.org/wiki/%E0%A4%AC%E0%A5%8B%E0%A4%A7%E0%A5%8D%E0%A4%AF%E0%A4%97%E0%A5%80%E0%A4%A4%E0%A4%BE,
brahmagītā,ब्रह्मगीता - विकिस्रोतः,https://sa.wikisource.org/wiki/%E0%A4%AC%E0%A5%8D%E0%A4%B0%E0%A4%B9%E0%A5%8D%E0%A4%AE%E0%A4%97%E0%A5%80%E0%A4%A4%E0%A4%BE,
brāhmaṇagītā,ब्राह्मणगीता - विकिस्रोतः,https://sa.wikisource.org/wiki/%E0%A4%AC%E0%A5%8D%E0%A4%B0%E0%A4%BE%E0%A4%B9%E0%A5%8D%E0%A4%AE%E0%A4%A3%E0%A4%97%E0%A5%80%E0%A4%A4%E0%A4%BE,
maṅkigītā,मङ्किगीता - विकिस्रोतः,https://sa.wikisource.org/wiki/%E0%A4%AE%E0%A4%99%E0%A5%8D%E0%A4%95%E0%A4%BF%E0%A4%97%E0%A5%80%E0%A4%A4%E0%A4%BE,
vāmadevagītā,वामदेवगीता - विकिस्रोतः,https://sa.wikisource.org/wiki/%E0%A4%B5%E0%A4%BE%E0%A4%AE%E0%A4%A6%E0%A5%87%E0%A4%B5%E0%A4%97%E0%A5%80%E0%A4%A4%E0%A4%BE,
vicakhnugītā,विचख्नुगीता - विकिस्रोतः,https://sa.wikisource.org/wiki/%E0%A4%B5%E0%A4%BF%E0%A4%9A%E0%A4%96%E0%A5%8D%E0%A4%A8%E0%A5%81%E0%A4%97%E0%A5%80%E0%A4%A4%E0%A4%BE,
vṛtragītā,वृत्रगीता - विकिस्रोतः,https://sa.wikisource.org/wiki/%E0%A4%B5%E0%A5%83%E0%A4%A4%E0%A5%8D%E0%A4%B0%E0%A4%97%E0%A5%80%E0%A4%A4%E0%A4%BE,
śaṃpākagītā,शंपाकगीता - विकिस्रोतः,https://sa.wikisource.org/wiki/%E0%A4%B6%E0%A4%82%E0%A4%AA%E0%A4%BE%E0%A4%95%E0%A4%97%E0%A5%80%E0%A4%A4%E0%A4%BE,
ṣaḍjagītā,षड्जगीता - विकिस्रोतः,https://sa.wikisource.org/wiki/%E0%A4%B7%E0%A4%A1%E0%A5%8D%E0%A4%9C%E0%A4%97%E0%A5%80%E0%A4%A4%E0%A4%BE,
haṃsagītā,हंसगीता - विकिस्रोतः,https://sa.wikisource.org/wiki/%E0%A4%B9%E0%A4%82%E0%A4%B8%E0%A4%97%E0%A5%80%E0%A4%A4%E0%A4%BE,
hārītagītā,हारीतगीता - विकिस्रोतः,https://sa.wikisource.org/wiki/%E0%A4%B9%E0%A4%BE%E0%A4%B0%E0%A5%80%E0%A4%A4%E0%A4%97%E0%A5%80%E0%A4%A4%E0%A4%BE,
Gītikāvyāni,,,
gītagovindam,,,fully included in gretil
Jñāneśvarasya abhaṅgapadyāni,,,
abhaṅgapadyam,वर्गः:ज्ञानेश्वरस्य अभङ्गपद्यानि - विकिस्रोतः,https://sa.wikisource.org/wiki/%E0%A4%B5%E0%A4%B0%E0%A5%8D%E0%A4%97%E0%A4%83:%E0%A4%9C%E0%A5%8D%E0%A4%9E%E0%A4%BE%E0%A4%A8%E0%A5%87%E0%A4%B6%E0%A5%8D%E0%A4%B5%E0%A4%B0%E0%A4%B8%E0%A5%8D%E0%A4%AF_%E0%A4%85%E0%A4%AD%E0%A4%99%E0%A5%8D%E0%A4%97%E0%A4%AA%E0%A4%A6%E0%A5%8D%E0%A4%AF%E0%A4%BE%E0%A4%A8%E0%A4%BF,
Nītigranthāḥ,,,
asādhāraṇavyavahāramātṛkāprakaraṇam,असाधारणव्यवहारमातृकाप्रकरणम् - विकिस्रोतः,https://sa.wikisource.org/wiki/%E0%A4%85%E0%A4%B8%E0%A4%BE%E0%A4%A7%E0%A4%BE%E0%A4%B0%E0%A4%A3%E0%A4%B5%E0%A5%8D%E0%A4%AF%E0%A4%B5%E0%A4%B9%E0%A4%BE%E0%A4%B0%E0%A4%AE%E0%A4%BE%E0%A4%A4%E0%A5%83%E0%A4%95%E0%A4%BE%E0%A4%AA%E0%A5%8D%E0%A4%B0%E0%A4%95%E0%A4%B0%E0%A4%A3%E0%A4%AE%E0%A5%8D,
cāṇakyanītiḥ,चाणक्यनीतिः - विकिस्रोतः,https://sa.wikisource.org/wiki/%E0%A4%9A%E0%A4%BE%E0%A4%A3%E0%A4%95%E0%A5%8D%E0%A4%AF%E0%A4%A8%E0%A5%80%E0%A4%A4%E0%A4%BF%E0%A4%83,
cāṇakyanītidarpaṇaḥ,चाणक्यनीतिदर्पणः - विकिस्रोतः,https://sa.wikisource.org/wiki/%E0%A4%9A%E0%A4%BE%E0%A4%A3%E0%A4%95%E0%A5%8D%E0%A4%AF%E0%A4%A8%E0%A5%80%E0%A4%A4%E0%A4%BF%E0%A4%A6%E0%A4%B0%E0%A5%8D%E0%A4%AA%E0%A4%A3%E0%A4%83,
darpadalanam,,,fully included in gretil
nītiprakāśikā,नीतिप्रकाशिका - विकिस्रोतः,https://sa.wikisource.org/wiki/%E0%A4%A8%E0%A5%80%E0%A4%A4%E0%A4%BF%E0%A4%AA%E0%A5%8D%E0%A4%B0%E0%A4%95%E0%A4%BE%E0%A4%B6%E0%A4%BF%E0%A4%95%E0%A4%BE,
viduranītiḥ,विदुरनीतिः - विकिस्रोतः,https://sa.wikisource.org/wiki/%E0%A4%B5%E0%A4%BF%E0%A4%A6%E0%A5%81%E0%A4%B0%E0%A4%A8%E0%A5%80%E0%A4%A4%E0%A4%BF%E0%A4%83,
sārasamuccayaḥ,सारसमुच्चयः - विकिस्रोतः,https://sa.wikisource.org/wiki/%E0%A4%B8%E0%A4%BE%E0%A4%B0%E0%A4%B8%E0%A4%AE%E0%A5%81%E0%A4%9A%E0%A5%8D%E0%A4%9A%E0%A4%AF%E0%A4%83,
Mahākāvyam,,,
naiṣadhīyacaritam,नैषधीयचरितम् सम्पूर्णम् - विकिस्रोतः,https://sa.wikisource.org/wiki/%E0%A4%A8%E0%A5%88%E0%A4%B7%E0%A4%A7%E0%A5%80%E0%A4%AF%E0%A4%9A%E0%A4%B0%E0%A4%BF%E0%A4%A4%E0%A4%AE%E0%A5%8D_%E0%A4%B8%E0%A4%AE%E0%A5%8D%E0%A4%AA%E0%A5%82%E0%A4%B0%E0%A5%8D%E0%A4%A3%E0%A4%AE%E0%A5%8D,
raghuvaṃśam,,,fully included in gretil
kirātārjunīyam,,,fully included in gretil
kumārasaṃbhavam,,,fully included in gretil
keralodayaḥ,केरलोदयः - विकिस्रोतः,https://sa.wikisource.org/wiki/%E0%A4%95%E0%A5%87%E0%A4%B0%E0%A4%B2%E0%A5%8B%E0%A4%A6%E0%A4%AF%E0%A4%83,
śiśupālavadham,,,fully included in gretil
śrīkṛṣṇavilāsam,श्रीकृष्णविलासम् - विकिस्रोतः,https://sa.wikisource.org/wiki/%E0%A4%B6%E0%A5%8D%E0%A4%B0%E0%A5%80%E0%A4%95%E0%A5%83%E0%A4%B7%E0%A5%8D%E0%A4%A3%E0%A4%B5%E0%A4%BF%E0%A4%B2%E0%A4%BE%E0%A4%B8%E0%A4%AE%E0%A5%8D,
Laghupadyāni ,,,
udāra jagadādhāra,उदार जगदाधार - विकिस्रोतः,https://sa.wikisource.org/wiki/%E0%A4%89%E0%A4%A6%E0%A4%BE%E0%A4%B0_%E0%A4%9C%E0%A4%97%E0%A4%A6%E0%A4%BE%E0%A4%A7%E0%A4%BE%E0%A4%B0,
tāṃ vidyāmiha labhemahi|,तां विद्यामिह लभेमहि। - विकिस्रोतः,https://sa.wikisource.org/wiki/%E0%A4%A4%E0%A4%BE%E0%A4%82_%E0%A4%B5%E0%A4%BF%E0%A4%A6%E0%A5%8D%E0%A4%AF%E0%A4%BE%E0%A4%AE%E0%A4%BF%E0%A4%B9_%E0%A4%B2%E0%A4%AD%E0%A5%87%E0%A4%AE%E0%A4%B9%E0%A4%BF%E0%A5%A4,
Śatakakāvyāni,,,
amaruśatakam,,,fully included in gretil
gāhāsattasaī,गाहासत्तसई - विकिस्रोतः,https://sa.wikisource.org/wiki/%E0%A4%97%E0%A4%BE%E0%A4%B9%E0%A4%BE%E0%A4%B8%E0%A4%A4%E0%A5%8D%E0%A4%A4%E0%A4%B8%E0%A4%88,
nītiśatakam,,,fully included in gretil
bhartṛhariśatakatrayī,भर्तृहरिशतकत्रयी - विकिस्रोतः,https://sa.wikisource.org/wiki/%E0%A4%AD%E0%A4%B0%E0%A5%8D%E0%A4%A4%E0%A5%83%E0%A4%B9%E0%A4%B0%E0%A4%BF%E0%A4%B6%E0%A4%A4%E0%A4%95%E0%A4%A4%E0%A5%8D%E0%A4%B0%E0%A4%AF%E0%A5%80,
vairāgyaśatakam (bhartṛhariviracitam),,,fully included in gretil
Sandeśakāvyāni,,,
meghadūtam,,,fully included in gretil
meghasandeśaḥ - dakṣiṇāvartanāthaḥ -1919,मेघसन्देशः - दक्षिणावर्तनाथः -१९१९ - विकिस्रोतः,https://sa.wikisource.org/wiki/%E0%A4%AE%E0%A5%87%E0%A4%98%E0%A4%B8%E0%A4%A8%E0%A5%8D%E0%A4%A6%E0%A5%87%E0%A4%B6%E0%A4%83_-_%E0%A4%A6%E0%A4%95%E0%A5%8D%E0%A4%B7%E0%A4%BF%E0%A4%A3%E0%A4%BE%E0%A4%B5%E0%A4%B0%E0%A5%8D%E0%A4%A4%E0%A4%A8%E0%A4%BE%E0%A4%A5%E0%A4%83_-%E0%A5%A7%E0%A5%AF%E0%A5%A7%E0%A5%AF,
,,,
ṛtusaṃhāram,,,fully included in gretil
kathāsaritsāgaraḥ,,,fully included in gretil
dāsabodhaḥ,दासबोधः - विकिस्रोतः,https://sa.wikisource.org/wiki/%E0%A4%A6%E0%A4%BE%E0%A4%B8%E0%A4%AC%E0%A5%8B%E0%A4%A7%E0%A4%83,
prāṇābharaṇam,,,fully included in gretil
buddhacaritam,,,fully included in gretil
bṛhatkathā ślokasaṅgrahaḥ,,,fully included in gretil
rājendrakarṇapūraḥ,राजेन्द्रकर्णपूरः - विकिस्रोतः,https://sa.wikisource.org/wiki/%E0%A4%B0%E0%A4%BE%E0%A4%9C%E0%A5%87%E0%A4%A8%E0%A5%8D%E0%A4%A6%E0%A5%8D%E0%A4%B0%E0%A4%95%E0%A4%B0%E0%A5%8D%E0%A4%A3%E0%A4%AA%E0%A5%82%E0%A4%B0%E0%A4%83,
śāntavilāsaḥ,शान्तविलासः - विकिस्रोतः,https://sa.wikisource.org/wiki/%E0%A4%B6%E0%A4%BE%E0%A4%A8%E0%A5%8D%E0%A4%A4%E0%A4%B5%E0%A4%BF%E0%A4%B2%E0%A4%BE%E0%A4%B8%E0%A4%83,
hammīramahākāvyam,हम्मीरमहाकाव्यम् - विकिस्रोतः,https://sa.wikisource.org/wiki/%E0%A4%B9%E0%A4%AE%E0%A5%8D%E0%A4%AE%E0%A5%80%E0%A4%B0%E0%A4%AE%E0%A4%B9%E0%A4%BE%E0%A4%95%E0%A4%BE%E0%A4%B5%E0%A5%8D%E0%A4%AF%E0%A4%AE%E0%A5%8D,
,,,
6. Lekhāḥ,,,
…,,,
,,,
nārāyaṇīyam (bhaktapriyavyākhyāsahitam),नारायणीयम् (भक्तप्रियव्याख्यासहितम्) - विकिस्रोतः,https://sa.wikisource.org/wiki/%E0%A4%A8%E0%A4%BE%E0%A4%B0%E0%A4%BE%E0%A4%AF%E0%A4%A3%E0%A5%80%E0%A4%AF%E0%A4%AE%E0%A5%8D_(%E0%A4%AD%E0%A4%95%E0%A5%8D%E0%A4%A4%E0%A4%AA%E0%A5%8D%E0%A4%B0%E0%A4%BF%E0%A4%AF%E0%A4%B5%E0%A5%8D%E0%A4%AF%E0%A4%BE%E0%A4%96%E0%A5%8D%E0%A4%AF%E0%A4%BE%E0%A4%B8%E0%A4%B9%E0%A4%BF%E0%A4%A4%E0%A4%AE%E0%A5%8D),
bhojaprabandhaḥ,भोजप्रबन्धः - विकिस्रोतः,https://sa.wikisource.org/wiki/%E0%A4%AD%E0%A5%8B%E0%A4%9C%E0%A4%AA%E0%A5%8D%E0%A4%B0%E0%A4%AC%E0%A4%A8%E0%A5%8D%E0%A4%A7%E0%A4%83,
rājataraṅgiṇī,,,
lalitavistaraḥ,,,
Sāhityaśāstram,,,
nāṭyaśāstram-bharataḥ,,,fully included in gretil
bhāvaprakāśaḥ-śāradātanayaḥ,भावप्रकाशः - विकिस्रोतः,https://sa.wikisource.org/wiki/%E0%A4%AD%E0%A4%BE%E0%A4%B5%E0%A4%AA%E0%A5%8D%E0%A4%B0%E0%A4%95%E0%A4%BE%E0%A4%B6%E0%A4%83,
vṛttaratnākaram-kedārabhaṭṭaḥ,,,fully included in gretil
,,,
7. Stotrasāhityam,,,
,,,
Bhaktisāhityam,,,
prameyaratnāvalī,प्रमेयरत्नावली - विकिस्रोतः,https://sa.wikisource.org/wiki/%E0%A4%AA%E0%A5%8D%E0%A4%B0%E0%A4%AE%E0%A5%87%E0%A4%AF%E0%A4%B0%E0%A4%A4%E0%A5%8D%E0%A4%A8%E0%A4%BE%E0%A4%B5%E0%A4%B2%E0%A5%80,
rādhākṛṣṇārcanadīpikā,,,fully included in gretil
rādhākṛṣṇāṣṭakālīyalīlāsmaraṇakramapaddhatiḥ,,,fully included in gretil
,,,
Viṣṇustotrāṇi,,,
campakāṣṭakam,चम्पकाष्टकम् - विकिस्रोतः,https://sa.wikisource.org/wiki/%E0%A4%9A%E0%A4%AE%E0%A5%8D%E0%A4%AA%E0%A4%95%E0%A4%BE%E0%A4%B7%E0%A5%8D%E0%A4%9F%E0%A4%95%E0%A4%AE%E0%A5%8D,
acyutāṣṭakam,अच्युताष्टकम् - विकिस्रोतः,https://sa.wikisource.org/wiki/%E0%A4%85%E0%A4%9A%E0%A5%8D%E0%A4%AF%E0%A5%81%E0%A4%A4%E0%A4%BE%E0%A4%B7%E0%A5%8D%E0%A4%9F%E0%A4%95%E0%A4%AE%E0%A5%8D,
acyutāṣṭakam (śrīdharaveṅkaṭeśakṛtam),अच्युताष्टकम् (श्रीधरवेङ्कटेशकृतम्) - विकिस्रोतः,https://sa.wikisource.org/wiki/%E0%A4%85%E0%A4%9A%E0%A5%8D%E0%A4%AF%E0%A5%81%E0%A4%A4%E0%A4%BE%E0%A4%B7%E0%A5%8D%E0%A4%9F%E0%A4%95%E0%A4%AE%E0%A5%8D_(%E0%A4%B6%E0%A5%8D%E0%A4%B0%E0%A5%80%E0%A4%A7%E0%A4%B0%E0%A4%B5%E0%A5%87%E0%A4%99%E0%A5%8D%E0%A4%95%E0%A4%9F%E0%A5%87%E0%A4%B6%E0%A4%95%E0%A5%83%E0%A4%A4%E0%A4%AE%E0%A5%8D),
aṣṭāvakragītā,अष्टावक्रगीता - विकिस्रोतः,https://sa.wikisource.org/wiki/%E0%A4%85%E0%A4%B7%E0%A5%8D%E0%A4%9F%E0%A4%BE%E0%A4%B5%E0%A4%95%E0%A5%8D%E0%A4%B0%E0%A4%97%E0%A5%80%E0%A4%A4%E0%A4%BE,
kṛṣṇāmṛtamahārṇavaḥ,,,fully included in gretil
kramadīpikā,क्रमदीपिका - विकिस्रोतः,https://sa.wikisource.org/wiki/%E0%A4%95%E0%A5%8D%E0%A4%B0%E0%A4%AE%E0%A4%A6%E0%A5%80%E0%A4%AA%E0%A4%BF%E0%A4%95%E0%A4%BE,
gajeṃdramokṣaḥ,गजेन्द्रमोक्षः - विकिस्रोतः,https://sa.wikisource.org/wiki/%E0%A4%97%E0%A4%9C%E0%A5%87%E0%A4%A8%E0%A5%8D%E0%A4%A6%E0%A5%8D%E0%A4%B0%E0%A4%AE%E0%A5%8B%E0%A4%95%E0%A5%8D%E0%A4%B7%E0%A4%83,
gopālaviṃśatistotram,गोपालस्तुतिः - विकिस्रोतः,https://sa.wikisource.org/wiki/%E0%A4%97%E0%A5%8B%E0%A4%AA%E0%A4%BE%E0%A4%B2%E0%A4%B8%E0%A5%8D%E0%A4%A4%E0%A5%81%E0%A4%A4%E0%A4%BF%E0%A4%83,
gopālastutiḥ,गोपालस्तुतिः - विकिस्रोतः,https://sa.wikisource.org/wiki/%E0%A4%97%E0%A5%8B%E0%A4%AA%E0%A4%BE%E0%A4%B2%E0%A4%B8%E0%A5%8D%E0%A4%A4%E0%A5%81%E0%A4%A4%E0%A4%BF%E0%A4%83,
gopālastotram,गोपालस्तोत्रम् - विकिस्रोतः,https://sa.wikisource.org/wiki/%E0%A4%97%E0%A5%8B%E0%A4%AA%E0%A4%BE%E0%A4%B2%E0%A4%B8%E0%A5%8D%E0%A4%A4%E0%A5%8B%E0%A4%A4%E0%A5%8D%E0%A4%B0%E0%A4%AE%E0%A5%8D,
gopālahṛdayastotram,गोपालहृदयस्तोत्रम् - विकिस्रोतः,https://sa.wikisource.org/wiki/%E0%A4%97%E0%A5%8B%E0%A4%AA%E0%A4%BE%E0%A4%B2%E0%A4%B9%E0%A5%83%E0%A4%A6%E0%A4%AF%E0%A4%B8%E0%A5%8D%E0%A4%A4%E0%A5%8B%E0%A4%A4%E0%A5%8D%E0%A4%B0%E0%A4%AE%E0%A5%8D,
gopālākṣayakavacam,गोपालाक्षयकवचम् - विकिस्रोतः,https://sa.wikisource.org/wiki/%E0%A4%97%E0%A5%8B%E0%A4%AA%E0%A4%BE%E0%A4%B2%E0%A4%BE%E0%A4%95%E0%A5%8D%E0%A4%B7%E0%A4%AF%E0%A4%95%E0%A4%B5%E0%A4%9A%E0%A4%AE%E0%A5%8D,
govindadāmodarastotra,गोविन्द दामोदर स्तोत्र - विकिस्रोतः,https://sa.wikisource.org/wiki/%E0%A4%97%E0%A5%8B%E0%A4%B5%E0%A4%BF%E0%A4%A8%E0%A5%8D%E0%A4%A6_%E0%A4%A6%E0%A4%BE%E0%A4%AE%E0%A5%8B%E0%A4%A6%E0%A4%B0_%E0%A4%B8%E0%A5%8D%E0%A4%A4%E0%A5%8B%E0%A4%A4%E0%A5%8D%E0%A4%B0,
govindastotram,गोविन्दस्तोत्रम् - विकिस्रोतः,https://sa.wikisource.org/wiki/%E0%A4%97%E0%A5%8B%E0%A4%B5%E0%A4%BF%E0%A4%A8%E0%A5%8D%E0%A4%A6%E0%A4%B8%E0%A5%8D%E0%A4%A4%E0%A5%8B%E0%A4%A4%E0%A5%8D%E0%A4%B0%E0%A4%AE%E0%A5%8D,
govindāṣṭakam,गोविन्दाष्टकम् - विकिस्रोतः,https://sa.wikisource.org/wiki/%E0%A4%97%E0%A5%8B%E0%A4%B5%E0%A4%BF%E0%A4%A8%E0%A5%8D%E0%A4%A6%E0%A4%BE%E0%A4%B7%E0%A5%8D%E0%A4%9F%E0%A4%95%E0%A4%AE%E0%A5%8D,
gauragaṇoddeśadīpikā,गौरगणोद्देशदीपिका - विकिस्रोतः,https://sa.wikisource.org/wiki/%E0%A4%97%E0%A5%8C%E0%A4%B0%E0%A4%97%E0%A4%A3%E0%A5%8B%E0%A4%A6%E0%A5%8D%E0%A4%A6%E0%A5%87%E0%A4%B6%E0%A4%A6%E0%A5%80%E0%A4%AA%E0%A4%BF%E0%A4%95%E0%A4%BE,
caitanyacandrāmṛtam,चैतन्यचन्द्रामृतम् - विकिस्रोतः,https://sa.wikisource.org/wiki/%E0%A4%9A%E0%A5%88%E0%A4%A4%E0%A4%A8%E0%A5%8D%E0%A4%AF%E0%A4%9A%E0%A4%A8%E0%A5%8D%E0%A4%A6%E0%A5%8D%E0%A4%B0%E0%A4%BE%E0%A4%AE%E0%A5%83%E0%A4%A4%E0%A4%AE%E0%A5%8D,fully included in gretil
daśāvatārastuti,दशावतारस्तुतिः - विकिस्रोतः,https://sa.wikisource.org/wiki/%E0%A4%A6%E0%A4%B6%E0%A4%BE%E0%A4%B5%E0%A4%A4%E0%A4%BE%E0%A4%B0%E0%A4%B8%E0%A5%8D%E0%A4%A4%E0%A5%81%E0%A4%A4%E0%A4%BF%E0%A4%83,
daśāvatārastotram,दशावतारस्तोत्रम् - विकिस्रोतः,https://sa.wikisource.org/wiki/%E0%A4%A6%E0%A4%B6%E0%A4%BE%E0%A4%B5%E0%A4%A4%E0%A4%BE%E0%A4%B0%E0%A4%B8%E0%A5%8D%E0%A4%A4%E0%A5%8B%E0%A4%A4%E0%A5%8D%E0%A4%B0%E0%A4%AE%E0%A5%8D,
nakhastutiḥ,नखस्तुतिः - विकिस्रोतः,https://sa.wikisource.org/wiki/%E0%A4%A8%E0%A4%96%E0%A4%B8%E0%A5%8D%E0%A4%A4%E0%A5%81%E0%A4%A4%E0%A4%BF%E0%A4%83,
nāradapañcarātram‌,नारदपञ्चरात्रम्‌ - विकिस्रोतः,https://sa.wikisource.org/wiki/%E0%A4%A8%E0%A4%BE%E0%A4%B0%E0%A4%A6%E0%A4%AA%E0%A4%9E%E0%A5%8D%E0%A4%9A%E0%A4%B0%E0%A4%BE%E0%A4%A4%E0%A5%8D%E0%A4%B0%E0%A4%AE%E0%A5%8D%E2%80%8C,
nāradabhaktisūtram,नारदभक्तिसूत्रम् - विकिस्रोतः,https://sa.wikisource.org/wiki/%E0%A4%A8%E0%A4%BE%E0%A4%B0%E0%A4%A6%E0%A4%AD%E0%A4%95%E0%A5%8D%E0%A4%A4%E0%A4%BF%E0%A4%B8%E0%A5%82%E0%A4%A4%E0%A5%8D%E0%A4%B0%E0%A4%AE%E0%A5%8D,
nārāyaṇakavacam,नारायणकवचम् - विकिस्रोतः,https://sa.wikisource.org/wiki/%E0%A4%A8%E0%A4%BE%E0%A4%B0%E0%A4%BE%E0%A4%AF%E0%A4%A3%E0%A4%95%E0%A4%B5%E0%A4%9A%E0%A4%AE%E0%A5%8D,
nārāyaṇastotram,नारायणस्तोत्रम् - विकिस्रोतः,https://sa.wikisource.org/wiki/%E0%A4%A8%E0%A4%BE%E0%A4%B0%E0%A4%BE%E0%A4%AF%E0%A4%A3%E0%A4%B8%E0%A5%8D%E0%A4%A4%E0%A5%8B%E0%A4%A4%E0%A5%8D%E0%A4%B0%E0%A4%AE%E0%A5%8D,
nārāyaṇāṣṭakam,नारायणाष्टकम् - विकिस्रोतः,https://sa.wikisource.org/wiki/%E0%A4%A8%E0%A4%BE%E0%A4%B0%E0%A4%BE%E0%A4%AF%E0%A4%A3%E0%A4%BE%E0%A4%B7%E0%A5%8D%E0%A4%9F%E0%A4%95%E0%A4%AE%E0%A5%8D,
nārāyaṇīyam,नारायणीयम् - विकिस्रोतः,https://sa.wikisource.org/wiki/%E0%A4%A8%E0%A4%BE%E0%A4%B0%E0%A4%BE%E0%A4%AF%E0%A4%A3%E0%A5%80%E0%A4%AF%E0%A4%AE%E0%A5%8D,
nṛsiṃhastotram,नृसिंहस्तोत्रम् - विकिस्रोतः,https://sa.wikisource.org/wiki/%E0%A4%A8%E0%A5%83%E0%A4%B8%E0%A4%BF%E0%A4%82%E0%A4%B9%E0%A4%B8%E0%A5%8D%E0%A4%A4%E0%A5%8B%E0%A4%A4%E0%A5%8D%E0%A4%B0%E0%A4%AE%E0%A5%8D,
pāṃḍuraṃgāṣṭakam,पाण्डुरङ्गाष्टकम् - विकिस्रोतः,https://sa.wikisource.org/wiki/%E0%A4%AA%E0%A4%BE%E0%A4%A3%E0%A5%8D%E0%A4%A1%E0%A5%81%E0%A4%B0%E0%A4%99%E0%A5%8D%E0%A4%97%E0%A4%BE%E0%A4%B7%E0%A5%8D%E0%A4%9F%E0%A4%95%E0%A4%AE%E0%A5%8D,
prakāśasaṃhitā,प्रकाशसंहिता - विकिस्रोतः,https://sa.wikisource.org/wiki/%E0%A4%AA%E0%A5%8D%E0%A4%B0%E0%A4%95%E0%A4%BE%E0%A4%B6%E0%A4%B8%E0%A4%82%E0%A4%B9%E0%A4%BF%E0%A4%A4%E0%A4%BE,
bālamukundāṣṭakam,बालमुकुन्दाष्टकम् - विकिस्रोतः,https://sa.wikisource.org/wiki/%E0%A4%AC%E0%A4%BE%E0%A4%B2%E0%A4%AE%E0%A5%81%E0%A4%95%E0%A5%81%E0%A4%A8%E0%A5%8D%E0%A4%A6%E0%A4%BE%E0%A4%B7%E0%A5%8D%E0%A4%9F%E0%A4%95%E0%A4%AE%E0%A5%8D,
bhajagovindam,भजगोविन्दम् - विकिस्रोतः,https://sa.wikisource.org/wiki/%E0%A4%AD%E0%A4%9C%E0%A4%97%E0%A5%8B%E0%A4%B5%E0%A4%BF%E0%A4%A8%E0%A5%8D%E0%A4%A6%E0%A4%AE%E0%A5%8D,
bhāvanāsārasaṅgraha,भावनासारसङ्ग्रह - विकिस्रोतः,https://sa.wikisource.org/wiki/%E0%A4%AD%E0%A4%BE%E0%A4%B5%E0%A4%A8%E0%A4%BE%E0%A4%B8%E0%A4%BE%E0%A4%B0%E0%A4%B8%E0%A4%99%E0%A5%8D%E0%A4%97%E0%A5%8D%E0%A4%B0%E0%A4%B9,
bhṛgusaṃhitā,भृगुसंहिता - विकिस्रोतः,https://sa.wikisource.org/wiki/%E0%A4%AD%E0%A5%83%E0%A4%97%E0%A5%81%E0%A4%B8%E0%A4%82%E0%A4%B9%E0%A4%BF%E0%A4%A4%E0%A4%BE,
madhurāṣṭakam,मधुराष्टकम् - विकिस्रोतः,https://sa.wikisource.org/wiki/%E0%A4%AE%E0%A4%A7%E0%A5%81%E0%A4%B0%E0%A4%BE%E0%A4%B7%E0%A5%8D%E0%A4%9F%E0%A4%95%E0%A4%AE%E0%A5%8D,
madhusūdanastotram,मधुसूदनस्तोत्रम् - विकिस्रोतः,https://sa.wikisource.org/wiki/%E0%A4%AE%E0%A4%A7%E0%A5%81%E0%A4%B8%E0%A5%82%E0%A4%A6%E0%A4%A8%E0%A4%B8%E0%A5%8D%E0%A4%A4%E0%A5%8B%E0%A4%A4%E0%A5%8D%E0%A4%B0%E0%A4%AE%E0%A5%8D,
yamunāstotraratnam,यमुनास्तोत्ररत्नम् - विकिस्रोतः,https://sa.wikisource.org/wiki/%E0%A4%AF%E0%A4%AE%E0%A5%81%E0%A4%A8%E0%A4%BE%E0%A4%B8%E0%A5%8D%E0%A4%A4%E0%A5%8B%E0%A4%A4%E0%A5%8D%E0%A4%B0%E0%A4%B0%E0%A4%A4%E0%A5%8D%E0%A4%A8%E0%A4%AE%E0%A5%8D,
lakṣmīnarasiṃhasuprabhātastotram,लक्ष्मीनरसिंहसुप्रभातस्तोत्रम् - विकिस्रोतः,https://sa.wikisource.org/wiki/%E0%A4%B2%E0%A4%95%E0%A5%8D%E0%A4%B7%E0%A5%8D%E0%A4%AE%E0%A5%80%E0%A4%A8%E0%A4%B0%E0%A4%B8%E0%A4%BF%E0%A4%82%E0%A4%B9%E0%A4%B8%E0%A5%81%E0%A4%AA%E0%A5%8D%E0%A4%B0%E0%A4%AD%E0%A4%BE%E0%A4%A4%E0%A4%B8%E0%A5%8D%E0%A4%A4%E0%A5%8B%E0%A4%A4%E0%A5%8D%E0%A4%B0%E0%A4%AE%E0%A5%8D,
lakṣmīnārāyaṇakavacam,लक्ष्मीनारायणकवचम् - विकिस्रोतः,https://sa.wikisource.org/wiki/%E0%A4%B2%E0%A4%95%E0%A5%8D%E0%A4%B7%E0%A5%8D%E0%A4%AE%E0%A5%80%E0%A4%A8%E0%A4%BE%E0%A4%B0%E0%A4%BE%E0%A4%AF%E0%A4%A3%E0%A4%95%E0%A4%B5%E0%A4%9A%E0%A4%AE%E0%A5%8D,
lakṣmīnṛsiṃhakaruṇārasastotra,लक्ष्मीनृसिंहकरुणारसस्तोत्र - विकिस्रोतः,https://sa.wikisource.org/wiki/%E0%A4%B2%E0%A4%95%E0%A5%8D%E0%A4%B7%E0%A5%8D%E0%A4%AE%E0%A5%80%E0%A4%A8%E0%A5%83%E0%A4%B8%E0%A4%BF%E0%A4%82%E0%A4%B9%E0%A4%95%E0%A4%B0%E0%A5%81%E0%A4%A3%E0%A4%BE%E0%A4%B0%E0%A4%B8%E0%A4%B8%E0%A5%8D%E0%A4%A4%E0%A5%8B%E0%A4%A4%E0%A5%8D%E0%A4%B0,
lakṣmīnṛsiṃhapañcaratna,लक्ष्मीनृसिंहपञ्चरत्न - विकिस्रोतः,https://sa.wikisource.org/wiki/%E0%A4%B2%E0%A4%95%E0%A5%8D%E0%A4%B7%E0%A5%8D%E0%A4%AE%E0%A5%80%E0%A4%A8%E0%A5%83%E0%A4%B8%E0%A4%BF%E0%A4%82%E0%A4%B9%E0%A4%AA%E0%A4%9E%E0%A5%8D%E0%A4%9A%E0%A4%B0%E0%A4%A4%E0%A5%8D%E0%A4%A8,
lakṣmīnṛsiṃhaprapatti,लक्ष्मीनृसिंहप्रपत्ति - विकिस्रोतः,https://sa.wikisource.org/wiki/%E0%A4%B2%E0%A4%95%E0%A5%8D%E0%A4%B7%E0%A5%8D%E0%A4%AE%E0%A5%80%E0%A4%A8%E0%A5%83%E0%A4%B8%E0%A4%BF%E0%A4%82%E0%A4%B9%E0%A4%AA%E0%A5%8D%E0%A4%B0%E0%A4%AA%E0%A4%A4%E0%A5%8D%E0%A4%A4%E0%A4%BF,
lakṣmīnṛsiṃhamaṅgaḻāśāsanam,लक्ष्मीनृसिंहमङ्गळाशासनम् - विकिस्रोतः,https://sa.wikisource.org/wiki/%E0%A4%B2%E0%A4%95%E0%A5%8D%E0%A4%B7%E0%A5%8D%E0%A4%AE%E0%A5%80%E0%A4%A8%E0%A5%83%E0%A4%B8%E0%A4%BF%E0%A4%82%E0%A4%B9%E0%A4%AE%E0%A4%99%E0%A5%8D%E0%A4%97%E0%A4%B3%E0%A4%BE%E0%A4%B6%E0%A4%BE%E0%A4%B8%E0%A4%A8%E0%A4%AE%E0%A5%8D,
lakṣmīnṛsiṃhasahasranāmāvali,लक्ष्मीनृसिंहसहस्रनामावलि - विकिस्रोतः,https://sa.wikisource.org/wiki/%E0%A4%B2%E0%A4%95%E0%A5%8D%E0%A4%B7%E0%A5%8D%E0%A4%AE%E0%A5%80%E0%A4%A8%E0%A5%83%E0%A4%B8%E0%A4%BF%E0%A4%82%E0%A4%B9%E0%A4%B8%E0%A4%B9%E0%A4%B8%E0%A5%8D%E0%A4%B0%E0%A4%A8%E0%A4%BE%E0%A4%AE%E0%A4%BE%E0%A4%B5%E0%A4%B2%E0%A4%BF,
lakṣmīnṛsiṃhastotram,लक्ष्मीनृसिंहस्तोत्रम् - विकिस्रोतः,https://sa.wikisource.org/wiki/%E0%A4%B2%E0%A4%95%E0%A5%8D%E0%A4%B7%E0%A5%8D%E0%A4%AE%E0%A5%80%E0%A4%A8%E0%A5%83%E0%A4%B8%E0%A4%BF%E0%A4%82%E0%A4%B9%E0%A4%B8%E0%A5%8D%E0%A4%A4%E0%A5%8B%E0%A4%A4%E0%A5%8D%E0%A4%B0%E0%A4%AE%E0%A5%8D,
varāhapañcaka,वराहपञ्चक - विकिस्रोतः,https://sa.wikisource.org/wiki/%E0%A4%B5%E0%A4%B0%E0%A4%BE%E0%A4%B9%E0%A4%AA%E0%A4%9E%E0%A5%8D%E0%A4%9A%E0%A4%95,
vāsudevāṣṭakam,वासुदेवाष्टकम् - विकिस्रोतः,https://sa.wikisource.org/wiki/%E0%A4%B5%E0%A4%BE%E0%A4%B8%E0%A5%81%E0%A4%A6%E0%A5%87%E0%A4%B5%E0%A4%BE%E0%A4%B7%E0%A5%8D%E0%A4%9F%E0%A4%95%E0%A4%AE%E0%A5%8D,
viṣṇumahimnastotram,विष्णुमहिम्नस्तोत्रम् - विकिस्रोतः,https://sa.wikisource.org/wiki/%E0%A4%B5%E0%A4%BF%E0%A4%B7%E0%A5%8D%E0%A4%A3%E0%A5%81%E0%A4%AE%E0%A4%B9%E0%A4%BF%E0%A4%AE%E0%A5%8D%E0%A4%A8%E0%A4%B8%E0%A5%8D%E0%A4%A4%E0%A5%8B%E0%A4%A4%E0%A5%8D%E0%A4%B0%E0%A4%AE%E0%A5%8D,
viṣṇuśatanāmastotram,विष्णुशतनामस्तोत्रम् - विकिस्रोतः,https://sa.wikisource.org/wiki/%E0%A4%B5%E0%A4%BF%E0%A4%B7%E0%A5%8D%E0%A4%A3%E0%A5%81%E0%A4%B6%E0%A4%A4%E0%A4%A8%E0%A4%BE%E0%A4%AE%E0%A4%B8%E0%A5%8D%E0%A4%A4%E0%A5%8B%E0%A4%A4%E0%A5%8D%E0%A4%B0%E0%A4%AE%E0%A5%8D,
viṣṇuṣaṭpadī,विष्णुषट्पदी - विकिस्रोतः,https://sa.wikisource.org/wiki/%E0%A4%B5%E0%A4%BF%E0%A4%B7%E0%A5%8D%E0%A4%A3%E0%A5%81%E0%A4%B7%E0%A4%9F%E0%A5%8D%E0%A4%AA%E0%A4%A6%E0%A5%80,
viṣṇusahasranāmastotram‌,विष्णुसहस्रनामस्तोत्रम्‌ - विकिस्रोतः,https://sa.wikisource.org/wiki/%E0%A4%B5%E0%A4%BF%E0%A4%B7%E0%A5%8D%E0%A4%A3%E0%A5%81%E0%A4%B8%E0%A4%B9%E0%A4%B8%E0%A5%8D%E0%A4%B0%E0%A4%A8%E0%A4%BE%E0%A4%AE%E0%A4%B8%E0%A5%8D%E0%A4%A4%E0%A5%8B%E0%A4%A4%E0%A5%8D%E0%A4%B0%E0%A4%AE%E0%A5%8D%E2%80%8C,
viṣṇustavarājaḥ,विष्णुस्तवराजः - विकिस्रोतः,https://sa.wikisource.org/wiki/%E0%A4%B5%E0%A4%BF%E0%A4%B7%E0%A5%8D%E0%A4%A3%E0%A5%81%E0%A4%B8%E0%A5%8D%E0%A4%A4%E0%A4%B5%E0%A4%B0%E0%A4%BE%E0%A4%9C%E0%A4%83,
viṣṇoḥ śatanāmastotram,विष्णोः शतनामस्तोत्रम् - विकिस्रोतः,https://sa.wikisource.org/wiki/%E0%A4%B5%E0%A4%BF%E0%A4%B7%E0%A5%8D%E0%A4%A3%E0%A5%8B%E0%A4%83_%E0%A4%B6%E0%A4%A4%E0%A4%A8%E0%A4%BE%E0%A4%AE%E0%A4%B8%E0%A5%8D%E0%A4%A4%E0%A5%8B%E0%A4%A4%E0%A5%8D%E0%A4%B0%E0%A4%AE%E0%A5%8D,
veṅkaṭeśakarāvalambastotra,वेङ्कटेशकरावलम्बस्तोत्र - विकिस्रोतः,https://sa.wikisource.org/wiki/%E0%A4%B5%E0%A5%87%E0%A4%99%E0%A5%8D%E0%A4%95%E0%A4%9F%E0%A5%87%E0%A4%B6%E0%A4%95%E0%A4%B0%E0%A4%BE%E0%A4%B5%E0%A4%B2%E0%A4%AE%E0%A5%8D%E0%A4%AC%E0%A4%B8%E0%A5%8D%E0%A4%A4%E0%A5%8B%E0%A4%A4%E0%A5%8D%E0%A4%B0,
veṅkaṭeśastotram,वेङ्कटेशस्तोत्रम् - विकिस्रोतः,https://sa.wikisource.org/wiki/%E0%A4%B5%E0%A5%87%E0%A4%99%E0%A5%8D%E0%A4%95%E0%A4%9F%E0%A5%87%E0%A4%B6%E0%A4%B8%E0%A5%8D%E0%A4%A4%E0%A5%8B%E0%A4%A4%E0%A5%8D%E0%A4%B0%E0%A4%AE%E0%A5%8D,
veṅkaṭeśvarasahasranāmāvali,वेङ्कटेश्वरसहस्रनामावलि - विकिस्रोतः,https://sa.wikisource.org/wiki/%E0%A4%B5%E0%A5%87%E0%A4%99%E0%A5%8D%E0%A4%95%E0%A4%9F%E0%A5%87%E0%A4%B6%E0%A5%8D%E0%A4%B5%E0%A4%B0%E0%A4%B8%E0%A4%B9%E0%A4%B8%E0%A5%8D%E0%A4%B0%E0%A4%A8%E0%A4%BE%E0%A4%AE%E0%A4%BE%E0%A4%B5%E0%A4%B2%E0%A4%BF,
śāligrāmastotra,शालिग्रामस्तोत्र - विकिस्रोतः,https://sa.wikisource.org/wiki/%E0%A4%B6%E0%A4%BE%E0%A4%B2%E0%A4%BF%E0%A4%97%E0%A5%8D%E0%A4%B0%E0%A4%BE%E0%A4%AE%E0%A4%B8%E0%A5%8D%E0%A4%A4%E0%A5%8B%E0%A4%A4%E0%A5%8D%E0%A4%B0,
viṣṇusahasranāmāvaliḥ,श्रीविष्णुसहस्रनामावलिः - विकिस्रोतः,https://sa.wikisource.org/wiki/%E0%A4%B6%E0%A5%8D%E0%A4%B0%E0%A5%80%E0%A4%B5%E0%A4%BF%E0%A4%B7%E0%A5%8D%E0%A4%A3%E0%A5%81%E0%A4%B8%E0%A4%B9%E0%A4%B8%E0%A5%8D%E0%A4%B0%E0%A4%A8%E0%A4%BE%E0%A4%AE%E0%A4%BE%E0%A4%B5%E0%A4%B2%E0%A4%BF%E0%A4%83,
śrīkṛṣṇakarṇāmṛtam,श्रीकृष्णकर्णामृतम् - विकिस्रोतः,https://sa.wikisource.org/wiki/%E0%A4%B6%E0%A5%8D%E0%A4%B0%E0%A5%80%E0%A4%95%E0%A5%83%E0%A4%B7%E0%A5%8D%E0%A4%A3%E0%A4%95%E0%A4%B0%E0%A5%8D%E0%A4%A3%E0%A4%BE%E0%A4%AE%E0%A5%83%E0%A4%A4%E0%A4%AE%E0%A5%8D,
śrīkṛṣṇāṣṭakaṃ,श्रीकृष्णाष्टकं - विकिस्रोतः,https://sa.wikisource.org/wiki/%E0%A4%B6%E0%A5%8D%E0%A4%B0%E0%A5%80%E0%A4%95%E0%A5%83%E0%A4%B7%E0%A5%8D%E0%A4%A3%E0%A4%BE%E0%A4%B7%E0%A5%8D%E0%A4%9F%E0%A4%95%E0%A4%82,
śrīkṛṣṇāṣṭakam,श्रीकृष्णाष्टकम् - विकिस्रोतः,https://sa.wikisource.org/wiki/%E0%A4%B6%E0%A5%8D%E0%A4%B0%E0%A5%80%E0%A4%95%E0%A5%83%E0%A4%B7%E0%A5%8D%E0%A4%A3%E0%A4%BE%E0%A4%B7%E0%A5%8D%E0%A4%9F%E0%A4%95%E0%A4%AE%E0%A5%8D,
śrīnandakumārāṣṭakam,श्रीनन्दकुमाराष्टकम् - विकिस्रोतः,https://sa.wikisource.org/wiki/%E0%A4%B6%E0%A5%8D%E0%A4%B0%E0%A5%80%E0%A4%A8%E0%A4%A8%E0%A5%8D%E0%A4%A6%E0%A4%95%E0%A5%81%E0%A4%AE%E0%A4%BE%E0%A4%B0%E0%A4%BE%E0%A4%B7%E0%A5%8D%E0%A4%9F%E0%A4%95%E0%A4%AE%E0%A5%8D,
śrībhakticandrikā,श्रीभक्तिचन्द्रिका - विकिस्रोतः,https://sa.wikisource.org/wiki/%E0%A4%B6%E0%A5%8D%E0%A4%B0%E0%A5%80%E0%A4%AD%E0%A4%95%E0%A5%8D%E0%A4%A4%E0%A4%BF%E0%A4%9A%E0%A4%A8%E0%A5%8D%E0%A4%A6%E0%A5%8D%E0%A4%B0%E0%A4%BF%E0%A4%95%E0%A4%BE,
śrīraṅgastotra,श्रीरङ्गस्तोत्र - विकिस्रोतः,https://sa.wikisource.org/wiki/%E0%A4%B6%E0%A5%8D%E0%A4%B0%E0%A5%80%E0%A4%B0%E0%A4%99%E0%A5%8D%E0%A4%97%E0%A4%B8%E0%A5%8D%E0%A4%A4%E0%A5%8B%E0%A4%A4%E0%A5%8D%E0%A4%B0,
śrīveṅkaṭeśaprapattiḥ,श्रीवेङ्कटेशप्रपत्तिः - विकिस्रोतः,https://sa.wikisource.org/wiki/%E0%A4%B6%E0%A5%8D%E0%A4%B0%E0%A5%80%E0%A4%B5%E0%A5%87%E0%A4%99%E0%A5%8D%E0%A4%95%E0%A4%9F%E0%A5%87%E0%A4%B6%E0%A4%AA%E0%A5%8D%E0%A4%B0%E0%A4%AA%E0%A4%A4%E0%A5%8D%E0%A4%A4%E0%A4%BF%E0%A4%83,
śrīveṅkaṭeśamaṅgalaśāsanam,श्रीवेङ्कटेशमङ्गलाशासनम् - विकिस्रोतः,https://sa.wikisource.org/wiki/%E0%A4%B6%E0%A5%8D%E0%A4%B0%E0%A5%80%E0%A4%B5%E0%A5%87%E0%A4%99%E0%A5%8D%E0%A4%95%E0%A4%9F%E0%A5%87%E0%A4%B6%E0%A4%AE%E0%A4%99%E0%A5%8D%E0%A4%97%E0%A4%B2%E0%A4%BE%E0%A4%B6%E0%A4%BE%E0%A4%B8%E0%A4%A8%E0%A4%AE%E0%A5%8D,
śrīveṅkaṭeśasuprabhātam,श्रीवेङ्कटेशसुप्रभातम् - विकिस्रोतः,https://sa.wikisource.org/wiki/%E0%A4%B6%E0%A5%8D%E0%A4%B0%E0%A5%80%E0%A4%B5%E0%A5%87%E0%A4%99%E0%A5%8D%E0%A4%95%E0%A4%9F%E0%A5%87%E0%A4%B6%E0%A4%B8%E0%A5%81%E0%A4%AA%E0%A5%8D%E0%A4%B0%E0%A4%AD%E0%A4%BE%E0%A4%A4%E0%A4%AE%E0%A5%8D,
śrīveṅkaṭeśastotram,श्रीवेङ्कटेशस्तोत्रम् - विकिस्रोतः,https://sa.wikisource.org/wiki/%E0%A4%B6%E0%A5%8D%E0%A4%B0%E0%A5%80%E0%A4%B5%E0%A5%87%E0%A4%99%E0%A5%8D%E0%A4%95%E0%A4%9F%E0%A5%87%E0%A4%B6%E0%A4%B8%E0%A5%8D%E0%A4%A4%E0%A5%8B%E0%A4%A4%E0%A5%8D%E0%A4%B0%E0%A4%AE%E0%A5%8D,
śrīvaiṣṇavavandanā,श्रीवैष्णववन्दना - विकिस्रोतः,https://sa.wikisource.org/wiki/%E0%A4%B6%E0%A5%8D%E0%A4%B0%E0%A5%80%E0%A4%B5%E0%A5%88%E0%A4%B7%E0%A5%8D%E0%A4%A3%E0%A4%B5%E0%A4%B5%E0%A4%A8%E0%A5%8D%E0%A4%A6%E0%A4%A8%E0%A4%BE,
santānagopālastotram,सन्तानगोपालस्तोत्रम् - विकिस्रोतः,https://sa.wikisource.org/wiki/%E0%A4%B8%E0%A4%A8%E0%A5%8D%E0%A4%A4%E0%A4%BE%E0%A4%A8%E0%A4%97%E0%A5%8B%E0%A4%AA%E0%A4%BE%E0%A4%B2%E0%A4%B8%E0%A5%8D%E0%A4%A4%E0%A5%8B%E0%A4%A4%E0%A5%8D%E0%A4%B0%E0%A4%AE%E0%A5%8D,
sampradāyamīmāṃsāpātram,सम्प्रदायमीमांसापात्रम् - विकिस्रोतः,https://sa.wikisource.org/wiki/%E0%A4%B8%E0%A4%AE%E0%A5%8D%E0%A4%AA%E0%A5%8D%E0%A4%B0%E0%A4%A6%E0%A4%BE%E0%A4%AF%E0%A4%AE%E0%A5%80%E0%A4%AE%E0%A4%BE%E0%A4%82%E0%A4%B8%E0%A4%BE%E0%A4%AA%E0%A4%BE%E0%A4%A4%E0%A5%8D%E0%A4%B0%E0%A4%AE%E0%A5%8D,
haribhaktivilāsa,हरिभक्तिविलासः - विकिस्रोतः,https://sa.wikisource.org/wiki/%E0%A4%B9%E0%A4%B0%E0%A4%BF%E0%A4%AD%E0%A4%95%E0%A5%8D%E0%A4%A4%E0%A4%BF%E0%A4%B5%E0%A4%BF%E0%A4%B2%E0%A4%BE%E0%A4%B8%E0%A4%83,
haristotram,हरिस्तोत्रम् - विकिस्रोतः,https://sa.wikisource.org/wiki/%E0%A4%B9%E0%A4%B0%E0%A4%BF%E0%A4%B8%E0%A5%8D%E0%A4%A4%E0%A5%8B%E0%A4%A4%E0%A5%8D%E0%A4%B0%E0%A4%AE%E0%A5%8D,
,,,
Śivastotrāṇi,,,
ardhanārīśvarastotram (bṛhatstotraratnākarāntargatam),अर्धनारीश्वरस्तोत्रम् (बृहत्स्तोत्ररत्नाकरान्तर्गतम्) - विकिस्रोतः,https://sa.wikisource.org/wiki/%E0%A4%85%E0%A4%B0%E0%A5%8D%E0%A4%A7%E0%A4%A8%E0%A4%BE%E0%A4%B0%E0%A5%80%E0%A4%B6%E0%A5%8D%E0%A4%B5%E0%A4%B0%E0%A4%B8%E0%A5%8D%E0%A4%A4%E0%A5%8B%E0%A4%A4%E0%A5%8D%E0%A4%B0%E0%A4%AE%E0%A5%8D_(%E0%A4%AC%E0%A5%83%E0%A4%B9%E0%A4%A4%E0%A5%8D%E0%A4%B8%E0%A5%8D%E0%A4%A4%E0%A5%8B%E0%A4%A4%E0%A5%8D%E0%A4%B0%E0%A4%B0%E0%A4%A4%E0%A5%8D%E0%A4%A8%E0%A4%BE%E0%A4%95%E0%A4%B0%E0%A4%BE%E0%A4%A8%E0%A5%8D%E0%A4%A4%E0%A4%B0%E0%A5%8D%E0%A4%97%E0%A4%A4%E0%A4%AE%E0%A5%8D),
kālabhairavāṣṭakam (bṛhatstotraratnākarāntargatam),कालभैरवाष्टकम् (बृहत्स्तोत्ररत्नाकरान्तर्गतम्) - विकिस्रोतः,https://sa.wikisource.org/wiki/%E0%A4%95%E0%A4%BE%E0%A4%B2%E0%A4%AD%E0%A5%88%E0%A4%B0%E0%A4%B5%E0%A4%BE%E0%A4%B7%E0%A5%8D%E0%A4%9F%E0%A4%95%E0%A4%AE%E0%A5%8D_(%E0%A4%AC%E0%A5%83%E0%A4%B9%E0%A4%A4%E0%A5%8D%E0%A4%B8%E0%A5%8D%E0%A4%A4%E0%A5%8B%E0%A4%A4%E0%A5%8D%E0%A4%B0%E0%A4%B0%E0%A4%A4%E0%A5%8D%E0%A4%A8%E0%A4%BE%E0%A4%95%E0%A4%B0%E0%A4%BE%E0%A4%A8%E0%A5%8D%E0%A4%A4%E0%A4%B0%E0%A5%8D%E0%A4%97%E0%A4%A4%E0%A4%AE%E0%A5%8D),
dakṣiṇāmūrtistotram (bṛhatstotraratnākarāntargatam)1,दक्षिणामूर्तिस्तोत्रम् (बृहत्स्तोत्ररत्नाकरान्तर्गतम्) - विकिस्रोतः,https://sa.wikisource.org/wiki/%E0%A4%A6%E0%A4%95%E0%A5%8D%E0%A4%B7%E0%A4%BF%E0%A4%A3%E0%A4%BE%E0%A4%AE%E0%A5%82%E0%A4%B0%E0%A5%8D%E0%A4%A4%E0%A4%BF%E0%A4%B8%E0%A5%8D%E0%A4%A4%E0%A5%8B%E0%A4%A4%E0%A5%8D%E0%A4%B0%E0%A4%AE%E0%A5%8D_(%E0%A4%AC%E0%A5%83%E0%A4%B9%E0%A4%A4%E0%A5%8D%E0%A4%B8%E0%A5%8D%E0%A4%A4%E0%A5%8B%E0%A4%A4%E0%A5%8D%E0%A4%B0%E0%A4%B0%E0%A4%A4%E0%A5%8D%E0%A4%A8%E0%A4%BE%E0%A4%95%E0%A4%B0%E0%A4%BE%E0%A4%A8%E0%A5%8D%E0%A4%A4%E0%A4%B0%E0%A5%8D%E0%A4%97%E0%A4%A4%E0%A4%AE%E0%A5%8D),
dakṣiṇāmūrtistotram (bṛhatstotraratnākarāntargatam)2,दक्षिणामूर्तिस्तोत्रम् (बृहत्स्तोत्ररत्नाकरान्तर्गतम्-२) - विकिस्रोतः,https://sa.wikisource.org/wiki/%E0%A4%A6%E0%A4%95%E0%A5%8D%E0%A4%B7%E0%A4%BF%E0%A4%A3%E0%A4%BE%E0%A4%AE%E0%A5%82%E0%A4%B0%E0%A5%8D%E0%A4%A4%E0%A4%BF%E0%A4%B8%E0%A5%8D%E0%A4%A4%E0%A5%8B%E0%A4%A4%E0%A5%8D%E0%A4%B0%E0%A4%AE%E0%A5%8D_(%E0%A4%AC%E0%A5%83%E0%A4%B9%E0%A4%A4%E0%A5%8D%E0%A4%B8%E0%A5%8D%E0%A4%A4%E0%A5%8B%E0%A4%A4%E0%A5%8D%E0%A4%B0%E0%A4%B0%E0%A4%A4%E0%A5%8D%E0%A4%A8%E0%A4%BE%E0%A4%95%E0%A4%B0%E0%A4%BE%E0%A4%A8%E0%A5%8D%E0%A4%A4%E0%A4%B0%E0%A5%8D%E0%A4%97%E0%A4%A4%E0%A4%AE%E0%A5%8D-%E0%A5%A8),
dakṣiṇāmūrtyaṣṭakam (bṛhatstotraratnākarāntargatam),दक्षिणामूर्त्यष्टकम् (बृहत्स्तोत्ररत्नाकरान्तर्गतम्) - विकिस्रोतः,https://sa.wikisource.org/wiki/%E0%A4%A6%E0%A4%95%E0%A5%8D%E0%A4%B7%E0%A4%BF%E0%A4%A3%E0%A4%BE%E0%A4%AE%E0%A5%82%E0%A4%B0%E0%A5%8D%E0%A4%A4%E0%A5%8D%E0%A4%AF%E0%A4%B7%E0%A5%8D%E0%A4%9F%E0%A4%95%E0%A4%AE%E0%A5%8D_(%E0%A4%AC%E0%A5%83%E0%A4%B9%E0%A4%A4%E0%A5%8D%E0%A4%B8%E0%A5%8D%E0%A4%A4%E0%A5%8B%E0%A4%A4%E0%A5%8D%E0%A4%B0%E0%A4%B0%E0%A4%A4%E0%A5%8D%E0%A4%A8%E0%A4%BE%E0%A4%95%E0%A4%B0%E0%A4%BE%E0%A4%A8%E0%A5%8D%E0%A4%A4%E0%A4%B0%E0%A5%8D%E0%A4%97%E0%A4%A4%E0%A4%AE%E0%A5%8D),
daśaślokī (bṛhatstotraratnākarāntargatā),दशश्लोकी (बृहत्स्तोत्ररत्नाकरान्तर्गता) - विकिस्रोतः,https://sa.wikisource.org/wiki/%E0%A4%A6%E0%A4%B6%E0%A4%B6%E0%A5%8D%E0%A4%B2%E0%A5%8B%E0%A4%95%E0%A5%80_(%E0%A4%AC%E0%A5%83%E0%A4%B9%E0%A4%A4%E0%A5%8D%E0%A4%B8%E0%A5%8D%E0%A4%A4%E0%A5%8B%E0%A4%A4%E0%A5%8D%E0%A4%B0%E0%A4%B0%E0%A4%A4%E0%A5%8D%E0%A4%A8%E0%A4%BE%E0%A4%95%E0%A4%B0%E0%A4%BE%E0%A4%A8%E0%A5%8D%E0%A4%A4%E0%A4%B0%E0%A5%8D%E0%A4%97%E0%A4%A4%E0%A4%BE),
daśaślokīstutiḥ (bṛhatstotraratnākarāntargatā),दशश्लोकीस्तुतिः (बृहत्स्तोत्ररत्नाकरान्तर्गता) - विकिस्रोतः,https://sa.wikisource.org/wiki/%E0%A4%A6%E0%A4%B6%E0%A4%B6%E0%A5%8D%E0%A4%B2%E0%A5%8B%E0%A4%95%E0%A5%80%E0%A4%B8%E0%A5%8D%E0%A4%A4%E0%A5%81%E0%A4%A4%E0%A4%BF%E0%A4%83_(%E0%A4%AC%E0%A5%83%E0%A4%B9%E0%A4%A4%E0%A5%8D%E0%A4%B8%E0%A5%8D%E0%A4%A4%E0%A5%8B%E0%A4%A4%E0%A5%8D%E0%A4%B0%E0%A4%B0%E0%A4%A4%E0%A5%8D%E0%A4%A8%E0%A4%BE%E0%A4%95%E0%A4%B0%E0%A4%BE%E0%A4%A8%E0%A5%8D%E0%A4%A4%E0%A4%B0%E0%A5%8D%E0%A4%97%E0%A4%A4%E0%A4%BE),
nirvāṇaṣaṭkam (bṛhatstotraratnākarāntargatam),निर्वाणषट्कम् (बृहत्स्तोत्ररत्नाकरान्तर्गतम्) - विकिस्रोतः,https://sa.wikisource.org/wiki/%E0%A4%A8%E0%A4%BF%E0%A4%B0%E0%A5%8D%E0%A4%B5%E0%A4%BE%E0%A4%A3%E0%A4%B7%E0%A4%9F%E0%A5%8D%E0%A4%95%E0%A4%AE%E0%A5%8D_(%E0%A4%AC%E0%A5%83%E0%A4%B9%E0%A4%A4%E0%A5%8D%E0%A4%B8%E0%A5%8D%E0%A4%A4%E0%A5%8B%E0%A4%A4%E0%A5%8D%E0%A4%B0%E0%A4%B0%E0%A4%A4%E0%A5%8D%E0%A4%A8%E0%A4%BE%E0%A4%95%E0%A4%B0%E0%A4%BE%E0%A4%A8%E0%A5%8D%E0%A4%A4%E0%A4%B0%E0%A5%8D%E0%A4%97%E0%A4%A4%E0%A4%AE%E0%A5%8D),
mṛtyuñjayamānasikapūjāstotram (bṛhatstotraratnākarāntargatam),मृत्युञ्जयमानसिकपूजास्तोत्रम् (बृहत्स्तोत्ररत्नाकरान्तर्गतम्) - विकिस्रोतः,https://sa.wikisource.org/wiki/%E0%A4%AE%E0%A5%83%E0%A4%A4%E0%A5%8D%E0%A4%AF%E0%A5%81%E0%A4%9E%E0%A5%8D%E0%A4%9C%E0%A4%AF%E0%A4%AE%E0%A4%BE%E0%A4%A8%E0%A4%B8%E0%A4%BF%E0%A4%95%E0%A4%AA%E0%A5%82%E0%A4%9C%E0%A4%BE%E0%A4%B8%E0%A5%8D%E0%A4%A4%E0%A5%8B%E0%A4%A4%E0%A5%8D%E0%A4%B0%E0%A4%AE%E0%A5%8D_(%E0%A4%AC%E0%A5%83%E0%A4%B9%E0%A4%A4%E0%A5%8D%E0%A4%B8%E0%A5%8D%E0%A4%A4%E0%A5%8B%E0%A4%A4%E0%A5%8D%E0%A4%B0%E0%A4%B0%E0%A4%A4%E0%A5%8D%E0%A4%A8%E0%A4%BE%E0%A4%95%E0%A4%B0%E0%A4%BE%E0%A4%A8%E0%A5%8D%E0%A4%A4%E0%A4%B0%E0%A5%8D%E0%A4%97%E0%A4%A4%E0%A4%AE%E0%A5%8D),
śivakeśādipādāntavarṇanastotram (bṛhatstotraratnamālāntargatam),शिवकेशादिपादान्तवर्णनस्तोत्रम् (बृहत्स्तोत्ररत्नमालान्तर्गतम्) - विकिस्रोतः,https://sa.wikisource.org/wiki/%E0%A4%B6%E0%A4%BF%E0%A4%B5%E0%A4%95%E0%A5%87%E0%A4%B6%E0%A4%BE%E0%A4%A6%E0%A4%BF%E0%A4%AA%E0%A4%BE%E0%A4%A6%E0%A4%BE%E0%A4%A8%E0%A5%8D%E0%A4%A4%E0%A4%B5%E0%A4%B0%E0%A5%8D%E0%A4%A3%E0%A4%A8%E0%A4%B8%E0%A5%8D%E0%A4%A4%E0%A5%8B%E0%A4%A4%E0%A5%8D%E0%A4%B0%E0%A4%AE%E0%A5%8D_(%E0%A4%AC%E0%A5%83%E0%A4%B9%E0%A4%A4%E0%A5%8D%E0%A4%B8%E0%A5%8D%E0%A4%A4%E0%A5%8B%E0%A4%A4%E0%A5%8D%E0%A4%B0%E0%A4%B0%E0%A4%A4%E0%A5%8D%E0%A4%A8%E0%A4%AE%E0%A4%BE%E0%A4%B2%E0%A4%BE%E0%A4%A8%E0%A5%8D%E0%A4%A4%E0%A4%B0%E0%A5%8D%E0%A4%97%E0%A4%A4%E0%A4%AE%E0%A5%8D),
śivatāṇḍavastotram (bṛhatstotraratnāgarāntargatam),शिवताण्डवस्तोत्रम् (बृहत्स्तोत्ररत्नागरान्तर्गतम्) - विकिस्रोतः,https://sa.wikisource.org/wiki/%E0%A4%B6%E0%A4%BF%E0%A4%B5%E0%A4%A4%E0%A4%BE%E0%A4%A3%E0%A5%8D%E0%A4%A1%E0%A4%B5%E0%A4%B8%E0%A5%8D%E0%A4%A4%E0%A5%8B%E0%A4%A4%E0%A5%8D%E0%A4%B0%E0%A4%AE%E0%A5%8D_(%E0%A4%AC%E0%A5%83%E0%A4%B9%E0%A4%A4%E0%A5%8D%E0%A4%B8%E0%A5%8D%E0%A4%A4%E0%A5%8B%E0%A4%A4%E0%A5%8D%E0%A4%B0%E0%A4%B0%E0%A4%A4%E0%A5%8D%E0%A4%A8%E0%A4%BE%E0%A4%97%E0%A4%B0%E0%A4%BE%E0%A4%A8%E0%A5%8D%E0%A4%A4%E0%A4%B0%E0%A5%8D%E0%A4%97%E0%A4%A4%E0%A4%AE%E0%A5%8D),
śivanāmāvalyaṣṭakam (bṛhatstotraratnākarāntargatam),शिवनामावल्यष्टकम् (बृहत्स्तोत्ररत्नाकरान्तर्गतम्) - विकिस्रोतः,https://sa.wikisource.org/wiki/%E0%A4%B6%E0%A4%BF%E0%A4%B5%E0%A4%A8%E0%A4%BE%E0%A4%AE%E0%A4%BE%E0%A4%B5%E0%A4%B2%E0%A5%8D%E0%A4%AF%E0%A4%B7%E0%A5%8D%E0%A4%9F%E0%A4%95%E0%A4%AE%E0%A5%8D_(%E0%A4%AC%E0%A5%83%E0%A4%B9%E0%A4%A4%E0%A5%8D%E0%A4%B8%E0%A5%8D%E0%A4%A4%E0%A5%8B%E0%A4%A4%E0%A5%8D%E0%A4%B0%E0%A4%B0%E0%A4%A4%E0%A5%8D%E0%A4%A8%E0%A4%BE%E0%A4%95%E0%A4%B0%E0%A4%BE%E0%A4%A8%E0%A5%8D%E0%A4%A4%E0%A4%B0%E0%A5%8D%E0%A4%97%E0%A4%A4%E0%A4%AE%E0%A5%8D),
śivapañcākṣarastotram (bṛhatstotraratnākarāntargatam),शिवपञ्चाक्षरस्तोत्रम् (बृहत्स्तोत्ररत्नाकरान्तर्गतम्)) - विकिस्रोतः,https://sa.wikisource.org/wiki/%E0%A4%B6%E0%A4%BF%E0%A4%B5%E0%A4%AA%E0%A4%9E%E0%A5%8D%E0%A4%9A%E0%A4%BE%E0%A4%95%E0%A5%8D%E0%A4%B7%E0%A4%B0%E0%A4%B8%E0%A5%8D%E0%A4%A4%E0%A5%8B%E0%A4%A4%E0%A5%8D%E0%A4%B0%E0%A4%AE%E0%A5%8D_(%E0%A4%AC%E0%A5%83%E0%A4%B9%E0%A4%A4%E0%A5%8D%E0%A4%B8%E0%A5%8D%E0%A4%A4%E0%A5%8B%E0%A4%A4%E0%A5%8D%E0%A4%B0%E0%A4%B0%E0%A4%A4%E0%A5%8D%E0%A4%A8%E0%A4%BE%E0%A4%95%E0%A4%B0%E0%A4%BE%E0%A4%A8%E0%A5%8D%E0%A4%A4%E0%A4%B0%E0%A5%8D%E0%A4%97%E0%A4%A4%E0%A4%AE%E0%A5%8D)),
śivapañcākṣarīstotram (bṛhatstotraratnākarāntargatam),शिवपञ्चाक्षरीस्तोत्रम् (बृहत्स्तोत्ररत्नाकरान्तर्गतम्) - विकिस्रोतः,https://sa.wikisource.org/wiki/%E0%A4%B6%E0%A4%BF%E0%A4%B5%E0%A4%AA%E0%A4%9E%E0%A5%8D%E0%A4%9A%E0%A4%BE%E0%A4%95%E0%A5%8D%E0%A4%B7%E0%A4%B0%E0%A5%80%E0%A4%B8%E0%A5%8D%E0%A4%A4%E0%A5%8B%E0%A4%A4%E0%A5%8D%E0%A4%B0%E0%A4%AE%E0%A5%8D_(%E0%A4%AC%E0%A5%83%E0%A4%B9%E0%A4%A4%E0%A5%8D%E0%A4%B8%E0%A5%8D%E0%A4%A4%E0%A5%8B%E0%A4%A4%E0%A5%8D%E0%A4%B0%E0%A4%B0%E0%A4%A4%E0%A5%8D%E0%A4%A8%E0%A4%BE%E0%A4%95%E0%A4%B0%E0%A4%BE%E0%A4%A8%E0%A5%8D%E0%A4%A4%E0%A4%B0%E0%A5%8D%E0%A4%97%E0%A4%A4%E0%A4%AE%E0%A5%8D),
śaṅkarācāryāṣṭottaraśatanāmastotram (bṛhatstotraratnākarāntargatam),शङ्कराचार्याष्टोत्तरशतनामस्तोत्रम् (बृहत्स्तोत्ररत्नाकरान्तर्गतम्) - विकिस्रोतः,https://sa.wikisource.org/wiki/%E0%A4%B6%E0%A4%99%E0%A5%8D%E0%A4%95%E0%A4%B0%E0%A4%BE%E0%A4%9A%E0%A4%BE%E0%A4%B0%E0%A5%8D%E0%A4%AF%E0%A4%BE%E0%A4%B7%E0%A5%8D%E0%A4%9F%E0%A5%8B%E0%A4%A4%E0%A5%8D%E0%A4%A4%E0%A4%B0%E0%A4%B6%E0%A4%A4%E0%A4%A8%E0%A4%BE%E0%A4%AE%E0%A4%B8%E0%A5%8D%E0%A4%A4%E0%A5%8B%E0%A4%A4%E0%A5%8D%E0%A4%B0%E0%A4%AE%E0%A5%8D_(%E0%A4%AC%E0%A5%83%E0%A4%B9%E0%A4%A4%E0%A5%8D%E0%A4%B8%E0%A5%8D%E0%A4%A4%E0%A5%8B%E0%A4%A4%E0%A5%8D%E0%A4%B0%E0%A4%B0%E0%A4%A4%E0%A5%8D%E0%A4%A8%E0%A4%BE%E0%A4%95%E0%A4%B0%E0%A4%BE%E0%A4%A8%E0%A5%8D%E0%A4%A4%E0%A4%B0%E0%A5%8D%E0%A4%97%E0%A4%A4%E0%A4%AE%E0%A5%8D),
śivabhujaṅgam (bṛhatstotraratnākarāntargatam),शिवभुजङ्गम् (बृहत्स्तोत्ररत्नाकरान्तर्गतम्) - विकिस्रोतः,https://sa.wikisource.org/wiki/%E0%A4%B6%E0%A4%BF%E0%A4%B5%E0%A4%AD%E0%A5%81%E0%A4%9C%E0%A4%99%E0%A5%8D%E0%A4%97%E0%A4%AE%E0%A5%8D_(%E0%A4%AC%E0%A5%83%E0%A4%B9%E0%A4%A4%E0%A5%8D%E0%A4%B8%E0%A5%8D%E0%A4%A4%E0%A5%8B%E0%A4%A4%E0%A5%8D%E0%A4%B0%E0%A4%B0%E0%A4%A4%E0%A5%8D%E0%A4%A8%E0%A4%BE%E0%A4%95%E0%A4%B0%E0%A4%BE%E0%A4%A8%E0%A5%8D%E0%A4%A4%E0%A4%B0%E0%A5%8D%E0%A4%97%E0%A4%A4%E0%A4%AE%E0%A5%8D),
suvarṇamālāstutiḥ (bṛhatstotraratnākarāntargatā),सुवर्णमालास्तुतिः (बृहत्स्तोत्ररत्नाकरान्तर्गता) - विकिस्रोतः,https://sa.wikisource.org/wiki/%E0%A4%B8%E0%A5%81%E0%A4%B5%E0%A4%B0%E0%A5%8D%E0%A4%A3%E0%A4%AE%E0%A4%BE%E0%A4%B2%E0%A4%BE%E0%A4%B8%E0%A5%8D%E0%A4%A4%E0%A5%81%E0%A4%A4%E0%A4%BF%E0%A4%83_(%E0%A4%AC%E0%A5%83%E0%A4%B9%E0%A4%A4%E0%A5%8D%E0%A4%B8%E0%A5%8D%E0%A4%A4%E0%A5%8B%E0%A4%A4%E0%A5%8D%E0%A4%B0%E0%A4%B0%E0%A4%A4%E0%A5%8D%E0%A4%A8%E0%A4%BE%E0%A4%95%E0%A4%B0%E0%A4%BE%E0%A4%A8%E0%A5%8D%E0%A4%A4%E0%A4%B0%E0%A5%8D%E0%A4%97%E0%A4%A4%E0%A4%BE),
śivāparādhakṣamāpaṇastotram (bṛhatstotraratnākarāntargatam),शिवापराधक्षमापणस्तोत्रम् (बृहत्स्तोत्ररत्नाकरान्तर्गतम्)) - विकिस्रोतः,https://sa.wikisource.org/wiki/%E0%A4%B6%E0%A4%BF%E0%A4%B5%E0%A4%BE%E0%A4%AA%E0%A4%B0%E0%A4%BE%E0%A4%A7%E0%A4%95%E0%A5%8D%E0%A4%B7%E0%A4%AE%E0%A4%BE%E0%A4%AA%E0%A4%A3%E0%A4%B8%E0%A5%8D%E0%A4%A4%E0%A5%8B%E0%A4%A4%E0%A5%8D%E0%A4%B0%E0%A4%AE%E0%A5%8D_(%E0%A4%AC%E0%A5%83%E0%A4%B9%E0%A4%A4%E0%A5%8D%E0%A4%B8%E0%A5%8D%E0%A4%A4%E0%A5%8B%E0%A4%A4%E0%A5%8D%E0%A4%B0%E0%A4%B0%E0%A4%A4%E0%A5%8D%E0%A4%A8%E0%A4%BE%E0%A4%95%E0%A4%B0%E0%A4%BE%E0%A4%A8%E0%A5%8D%E0%A4%A4%E0%A4%B0%E0%A5%8D%E0%A4%97%E0%A4%A4%E0%A4%AE%E0%A5%8D)),
śivānandalaharī (bṛhatstotraratnākarāntargatā),शिवानन्दलहरी (बृहत्स्तोत्ररत्नाकरान्तर्गता) - विकिस्रोतः,https://sa.wikisource.org/wiki/%E0%A4%B6%E0%A4%BF%E0%A4%B5%E0%A4%BE%E0%A4%A8%E0%A4%A8%E0%A5%8D%E0%A4%A6%E0%A4%B2%E0%A4%B9%E0%A4%B0%E0%A5%80_(%E0%A4%AC%E0%A5%83%E0%A4%B9%E0%A4%A4%E0%A5%8D%E0%A4%B8%E0%A5%8D%E0%A4%A4%E0%A5%8B%E0%A4%A4%E0%A5%8D%E0%A4%B0%E0%A4%B0%E0%A4%A4%E0%A5%8D%E0%A4%A8%E0%A4%BE%E0%A4%95%E0%A4%B0%E0%A4%BE%E0%A4%A8%E0%A5%8D%E0%A4%A4%E0%A4%B0%E0%A5%8D%E0%A4%97%E0%A4%A4%E0%A4%BE),
ardhanārīśvarāṣṭottaraśatanāmastotram,अर्धनारीश्वराष्टोत्तरशतनामस्तोत्रम् - विकिस्रोतः,https://sa.wikisource.org/wiki/%E0%A4%85%E0%A4%B0%E0%A5%8D%E0%A4%A7%E0%A4%A8%E0%A4%BE%E0%A4%B0%E0%A5%80%E0%A4%B6%E0%A5%8D%E0%A4%B5%E0%A4%B0%E0%A4%BE%E0%A4%B7%E0%A5%8D%E0%A4%9F%E0%A5%8B%E0%A4%A4%E0%A5%8D%E0%A4%A4%E0%A4%B0%E0%A4%B6%E0%A4%A4%E0%A4%A8%E0%A4%BE%E0%A4%AE%E0%A4%B8%E0%A5%8D%E0%A4%A4%E0%A5%8B%E0%A4%A4%E0%A5%8D%E0%A4%B0%E0%A4%AE%E0%A5%8D,
aṣṭamūrtyaṣṭakam,अष्टमूर्त्यष्टकम् - विकिस्रोतः,https://sa.wikisource.org/wiki/%E0%A4%85%E0%A4%B7%E0%A5%8D%E0%A4%9F%E0%A4%AE%E0%A5%82%E0%A4%B0%E0%A5%8D%E0%A4%A4%E0%A5%8D%E0%A4%AF%E0%A4%B7%E0%A5%8D%E0%A4%9F%E0%A4%95%E0%A4%AE%E0%A5%8D,
āmnāyastotram,आम्नायस्तोत्रम् - विकिस्रोतः,https://sa.wikisource.org/wiki/%E0%A4%86%E0%A4%AE%E0%A5%8D%E0%A4%A8%E0%A4%BE%E0%A4%AF%E0%A4%B8%E0%A5%8D%E0%A4%A4%E0%A5%8B%E0%A4%A4%E0%A5%8D%E0%A4%B0%E0%A4%AE%E0%A5%8D,
kāśyaṣṭakam,काश्यष्टकम् - विकिस्रोतः,https://sa.wikisource.org/wiki/%E0%A4%95%E0%A4%BE%E0%A4%B6%E0%A5%8D%E0%A4%AF%E0%A4%B7%E0%A5%8D%E0%A4%9F%E0%A4%95%E0%A4%AE%E0%A5%8D,
gaṅgādharastotram,गङ्गाधरस्तोत्रम् - विकिस्रोतः,https://sa.wikisource.org/wiki/%E0%A4%97%E0%A4%99%E0%A5%8D%E0%A4%97%E0%A4%BE%E0%A4%A7%E0%A4%B0%E0%A4%B8%E0%A5%8D%E0%A4%A4%E0%A5%8B%E0%A4%A4%E0%A5%8D%E0%A4%B0%E0%A4%AE%E0%A5%8D,
candramaulīśvarabhujaṅgastotram,चन्द्रमौळीश्वरभुजङ्गस्तोत्रम् - विकिस्रोतः,https://sa.wikisource.org/wiki/%E0%A4%9A%E0%A4%A8%E0%A5%8D%E0%A4%A6%E0%A5%8D%E0%A4%B0%E0%A4%AE%E0%A5%8C%E0%A4%B3%E0%A5%80%E0%A4%B6%E0%A5%8D%E0%A4%B5%E0%A4%B0%E0%A4%AD%E0%A5%81%E0%A4%9C%E0%A4%99%E0%A5%8D%E0%A4%97%E0%A4%B8%E0%A5%8D%E0%A4%A4%E0%A5%8B%E0%A4%A4%E0%A5%8D%E0%A4%B0%E0%A4%AE%E0%A5%8D,
tāṇḍavāṣṭakam,ताण्डवाष्टकम् - विकिस्रोतः,https://sa.wikisource.org/wiki/%E0%A4%A4%E0%A4%BE%E0%A4%A3%E0%A5%8D%E0%A4%A1%E0%A4%B5%E0%A4%BE%E0%A4%B7%E0%A5%8D%E0%A4%9F%E0%A4%95%E0%A4%AE%E0%A5%8D,
dakṣiṇāmūrticaturviṃśativarṇamālāstotram,दक्षिणामूर्तिचतुर्विंशतिवर्णमालास्तोत्रम् - विकिस्रोतः,https://sa.wikisource.org/wiki/%E0%A4%A6%E0%A4%95%E0%A5%8D%E0%A4%B7%E0%A4%BF%E0%A4%A3%E0%A4%BE%E0%A4%AE%E0%A5%82%E0%A4%B0%E0%A5%8D%E0%A4%A4%E0%A4%BF%E0%A4%9A%E0%A4%A4%E0%A5%81%E0%A4%B0%E0%A5%8D%E0%A4%B5%E0%A4%BF%E0%A4%82%E0%A4%B6%E0%A4%A4%E0%A4%BF%E0%A4%B5%E0%A4%B0%E0%A5%8D%E0%A4%A3%E0%A4%AE%E0%A4%BE%E0%A4%B2%E0%A4%BE%E0%A4%B8%E0%A5%8D%E0%A4%A4%E0%A5%8B%E0%A4%A4%E0%A5%8D%E0%A4%B0%E0%A4%AE%E0%A5%8D,
dakṣiṇāmūrtinavaratnamālāstotram,दक्षिणामूर्तिनवरत्नमालास्तात्रम् - विकिस्रोतः,https://sa.wikisource.org/wiki/%E0%A4%A6%E0%A4%95%E0%A5%8D%E0%A4%B7%E0%A4%BF%E0%A4%A3%E0%A4%BE%E0%A4%AE%E0%A5%82%E0%A4%B0%E0%A5%8D%E0%A4%A4%E0%A4%BF%E0%A4%A8%E0%A4%B5%E0%A4%B0%E0%A4%A4%E0%A5%8D%E0%A4%A8%E0%A4%AE%E0%A4%BE%E0%A4%B2%E0%A4%BE%E0%A4%B8%E0%A5%8D%E0%A4%A4%E0%A4%BE%E0%A4%A4%E0%A5%8D%E0%A4%B0%E0%A4%AE%E0%A5%8D,
dakṣiṇāmūrtinavaratnamālikāstotram,दक्षिणामूर्तिनवरत्नमालिकास्तोत्रम् - विकिस्रोतः,https://sa.wikisource.org/wiki/%E0%A4%A6%E0%A4%95%E0%A5%8D%E0%A4%B7%E0%A4%BF%E0%A4%A3%E0%A4%BE%E0%A4%AE%E0%A5%82%E0%A4%B0%E0%A5%8D%E0%A4%A4%E0%A4%BF%E0%A4%A8%E0%A4%B5%E0%A4%B0%E0%A4%A4%E0%A5%8D%E0%A4%A8%E0%A4%AE%E0%A4%BE%E0%A4%B2%E0%A4%BF%E0%A4%95%E0%A4%BE%E0%A4%B8%E0%A5%8D%E0%A4%A4%E0%A5%8B%E0%A4%A4%E0%A5%8D%E0%A4%B0%E0%A4%AE%E0%A5%8D,
dakṣiṇāmūrtimānasikapūjāstotram,दक्षिणामूर्तिमानसिकपूजास्तोत्रम् - विकिस्रोतः,https://sa.wikisource.org/wiki/%E0%A4%A6%E0%A4%95%E0%A5%8D%E0%A4%B7%E0%A4%BF%E0%A4%A3%E0%A4%BE%E0%A4%AE%E0%A5%82%E0%A4%B0%E0%A5%8D%E0%A4%A4%E0%A4%BF%E0%A4%AE%E0%A4%BE%E0%A4%A8%E0%A4%B8%E0%A4%BF%E0%A4%95%E0%A4%AA%E0%A5%82%E0%A4%9C%E0%A4%BE%E0%A4%B8%E0%A5%8D%E0%A4%A4%E0%A5%8B%E0%A4%A4%E0%A5%8D%E0%A4%B0%E0%A4%AE%E0%A5%8D,
dāridryadahanaśivastotram,दारिद्र्यदहनशिवस्तोत्रम् - विकिस्रोतः,https://sa.wikisource.org/wiki/%E0%A4%A6%E0%A4%BE%E0%A4%B0%E0%A4%BF%E0%A4%A6%E0%A5%8D%E0%A4%B0%E0%A5%8D%E0%A4%AF%E0%A4%A6%E0%A4%B9%E0%A4%A8%E0%A4%B6%E0%A4%BF%E0%A4%B5%E0%A4%B8%E0%A5%8D%E0%A4%A4%E0%A5%8B%E0%A4%A4%E0%A5%8D%E0%A4%B0%E0%A4%AE%E0%A5%8D,
dvādaśajyotirliṅgastotram,द्वादशज्योतिर्लिङ्गस्तोत्रम् - विकिस्रोतः,https://sa.wikisource.org/wiki/%E0%A4%A6%E0%A5%8D%E0%A4%B5%E0%A4%BE%E0%A4%A6%E0%A4%B6%E0%A4%9C%E0%A5%8D%E0%A4%AF%E0%A5%8B%E0%A4%A4%E0%A4%BF%E0%A4%B0%E0%A5%8D%E0%A4%B2%E0%A4%BF%E0%A4%99%E0%A5%8D%E0%A4%97%E0%A4%B8%E0%A5%8D%E0%A4%A4%E0%A5%8B%E0%A4%A4%E0%A5%8D%E0%A4%B0%E0%A4%AE%E0%A5%8D,
naṭeśapañcaratnam,नटेशपञ्चरत्नम् - विकिस्रोतः,https://sa.wikisource.org/wiki/%E0%A4%A8%E0%A4%9F%E0%A5%87%E0%A4%B6%E0%A4%AA%E0%A4%9E%E0%A5%8D%E0%A4%9A%E0%A4%B0%E0%A4%A4%E0%A5%8D%E0%A4%A8%E0%A4%AE%E0%A5%8D,
naṭeśasahasranāmastotram,नटेशसहस्रनामस्तोत्रम् - विकिस्रोतः,https://sa.wikisource.org/wiki/%E0%A4%A8%E0%A4%9F%E0%A5%87%E0%A4%B6%E0%A4%B8%E0%A4%B9%E0%A4%B8%E0%A5%8D%E0%A4%B0%E0%A4%A8%E0%A4%BE%E0%A4%AE%E0%A4%B8%E0%A5%8D%E0%A4%A4%E0%A5%8B%E0%A4%A4%E0%A5%8D%E0%A4%B0%E0%A4%AE%E0%A5%8D,
nirvāṇadaśakam,निर्वाणदशकम् - विकिस्रोतः,https://sa.wikisource.org/wiki/%E0%A4%A8%E0%A4%BF%E0%A4%B0%E0%A5%8D%E0%A4%B5%E0%A4%BE%E0%A4%A3%E0%A4%A6%E0%A4%B6%E0%A4%95%E0%A4%AE%E0%A5%8D,
nīlakaṇṭhanamaśśivāyāṣṭakam,नीलकण्ठनमश्शिवायाष्टकम् - विकिस्रोतः,https://sa.wikisource.org/wiki/%E0%A4%A8%E0%A5%80%E0%A4%B2%E0%A4%95%E0%A4%A3%E0%A5%8D%E0%A4%A0%E0%A4%A8%E0%A4%AE%E0%A4%B6%E0%A5%8D%E0%A4%B6%E0%A4%BF%E0%A4%B5%E0%A4%BE%E0%A4%AF%E0%A4%BE%E0%A4%B7%E0%A5%8D%E0%A4%9F%E0%A4%95%E0%A4%AE%E0%A5%8D,
pārvatīśaṅkarāvalambastotram,पार्वतीशङ्करावलम्बस्तोत्रम् - विकिस्रोतः,https://sa.wikisource.org/wiki/%E0%A4%AA%E0%A4%BE%E0%A4%B0%E0%A5%8D%E0%A4%B5%E0%A4%A4%E0%A5%80%E0%A4%B6%E0%A4%99%E0%A5%8D%E0%A4%95%E0%A4%B0%E0%A4%BE%E0%A4%B5%E0%A4%B2%E0%A4%AE%E0%A5%8D%E0%A4%AC%E0%A4%B8%E0%A5%8D%E0%A4%A4%E0%A5%8B%E0%A4%A4%E0%A5%8D%E0%A4%B0%E0%A4%AE%E0%A5%8D,
mahānandīśvarasujaṅgastotram,महानन्दीश्वरसुजङ्गस्तोत्रम् - विकिस्रोतः,https://sa.wikisource.org/wiki/%E0%A4%AE%E0%A4%B9%E0%A4%BE%E0%A4%A8%E0%A4%A8%E0%A5%8D%E0%A4%A6%E0%A5%80%E0%A4%B6%E0%A5%8D%E0%A4%B5%E0%A4%B0%E0%A4%B8%E0%A5%81%E0%A4%9C%E0%A4%99%E0%A5%8D%E0%A4%97%E0%A4%B8%E0%A5%8D%E0%A4%A4%E0%A5%8B%E0%A4%A4%E0%A5%8D%E0%A4%B0%E0%A4%AE%E0%A5%8D,
mārkaṇḍeyaśivāṣṭakam,मार्कण्डेयशिवाष्टकम् - विकिस्रोतः,https://sa.wikisource.org/wiki/%E0%A4%AE%E0%A4%BE%E0%A4%B0%E0%A5%8D%E0%A4%95%E0%A4%A3%E0%A5%8D%E0%A4%A1%E0%A5%87%E0%A4%AF%E0%A4%B6%E0%A4%BF%E0%A4%B5%E0%A4%BE%E0%A4%B7%E0%A5%8D%E0%A4%9F%E0%A4%95%E0%A4%AE%E0%A5%8D,
murukāṣṭakam,मुरुकाष्टकम् - विकिस्रोतः,https://sa.wikisource.org/wiki/%E0%A4%AE%E0%A5%81%E0%A4%B0%E0%A5%81%E0%A4%95%E0%A4%BE%E0%A4%B7%E0%A5%8D%E0%A4%9F%E0%A4%95%E0%A4%AE%E0%A5%8D,
medhādakṣiṇāmūrtimantravarṇapadastutiḥ,मेधादक्षिणामूर्तिमन्त्रवर्णपदस्तुतिः - विकिस्रोतः,https://sa.wikisource.org/wiki/%E0%A4%AE%E0%A5%87%E0%A4%A7%E0%A4%BE%E0%A4%A6%E0%A4%95%E0%A5%8D%E0%A4%B7%E0%A4%BF%E0%A4%A3%E0%A4%BE%E0%A4%AE%E0%A5%82%E0%A4%B0%E0%A5%8D%E0%A4%A4%E0%A4%BF%E0%A4%AE%E0%A4%A8%E0%A5%8D%E0%A4%A4%E0%A5%8D%E0%A4%B0%E0%A4%B5%E0%A4%B0%E0%A5%8D%E0%A4%A3%E0%A4%AA%E0%A4%A6%E0%A4%B8%E0%A5%8D%E0%A4%A4%E0%A5%81%E0%A4%A4%E0%A4%BF%E0%A4%83,
vaṭukabhairavasahasranāmastotram,वटुकभैरवसहस्रनामस्तोत्रम् - विकिस्रोतः,https://sa.wikisource.org/wiki/%E0%A4%B5%E0%A4%9F%E0%A5%81%E0%A4%95%E0%A4%AD%E0%A5%88%E0%A4%B0%E0%A4%B5%E0%A4%B8%E0%A4%B9%E0%A4%B8%E0%A5%8D%E0%A4%B0%E0%A4%A8%E0%A4%BE%E0%A4%AE%E0%A4%B8%E0%A5%8D%E0%A4%A4%E0%A5%8B%E0%A4%A4%E0%A5%8D%E0%A4%B0%E0%A4%AE%E0%A5%8D,
vidyāraṇyāṣṭottaraśatanāmastotram,विद्यारण्याष्टोत्तरशतनामस्तोत्रम् - विकिस्रोतः,https://sa.wikisource.org/wiki/%E0%A4%B5%E0%A4%BF%E0%A4%A6%E0%A5%8D%E0%A4%AF%E0%A4%BE%E0%A4%B0%E0%A4%A3%E0%A5%8D%E0%A4%AF%E0%A4%BE%E0%A4%B7%E0%A5%8D%E0%A4%9F%E0%A5%8B%E0%A4%A4%E0%A5%8D%E0%A4%A4%E0%A4%B0%E0%A4%B6%E0%A4%A4%E0%A4%A8%E0%A4%BE%E0%A4%AE%E0%A4%B8%E0%A5%8D%E0%A4%A4%E0%A5%8B%E0%A4%A4%E0%A5%8D%E0%A4%B0%E0%A4%AE%E0%A5%8D,
viśveśvarāṣṭakam,विश्वेश्वराष्टकम् - विकिस्रोतः,https://sa.wikisource.org/wiki/%E0%A4%B5%E0%A4%BF%E0%A4%B6%E0%A5%8D%E0%A4%B5%E0%A5%87%E0%A4%B6%E0%A5%8D%E0%A4%B5%E0%A4%B0%E0%A4%BE%E0%A4%B7%E0%A5%8D%E0%A4%9F%E0%A4%95%E0%A4%AE%E0%A5%8D,
vedapādastavaḥ,वेदपादस्तवः - विकिस्रोतः,https://sa.wikisource.org/wiki/%E0%A4%B5%E0%A5%87%E0%A4%A6%E0%A4%AA%E0%A4%BE%E0%A4%A6%E0%A4%B8%E0%A5%8D%E0%A4%A4%E0%A4%B5%E0%A4%83,
vedasāraśivastavaḥ,वेदसारशिवस्तवः - विकिस्रोतः,https://sa.wikisource.org/wiki/%E0%A4%B5%E0%A5%87%E0%A4%A6%E0%A4%B8%E0%A4%BE%E0%A4%B0%E0%A4%B6%E0%A4%BF%E0%A4%B5%E0%A4%B8%E0%A5%8D%E0%A4%A4%E0%A4%B5%E0%A4%83,
śaṅkarabhagavaccaraṇastutyaṣṭakam,शङ्करभगवच्चरणस्तुत्यष्टकम् - विकिस्रोतः,https://sa.wikisource.org/wiki/%E0%A4%B6%E0%A4%99%E0%A5%8D%E0%A4%95%E0%A4%B0%E0%A4%AD%E0%A4%97%E0%A4%B5%E0%A4%9A%E0%A5%8D%E0%A4%9A%E0%A4%B0%E0%A4%A3%E0%A4%B8%E0%A5%8D%E0%A4%A4%E0%A5%81%E0%A4%A4%E0%A5%8D%E0%A4%AF%E0%A4%B7%E0%A5%8D%E0%A4%9F%E0%A4%95%E0%A4%AE%E0%A5%8D,
śaṅkarāṣṭakam,शङ्कराष्टकम् - विकिस्रोतः,https://sa.wikisource.org/wiki/%E0%A4%B6%E0%A4%99%E0%A5%8D%E0%A4%95%E0%A4%B0%E0%A4%BE%E0%A4%B7%E0%A5%8D%E0%A4%9F%E0%A4%95%E0%A4%AE%E0%A5%8D,
śivanakṣatramālikāstotram,शिवनक्षत्रमालिकास्तोत्रम् - विकिस्रोतः,https://sa.wikisource.org/wiki/%E0%A4%B6%E0%A4%BF%E0%A4%B5%E0%A4%A8%E0%A4%95%E0%A5%8D%E0%A4%B7%E0%A4%A4%E0%A5%8D%E0%A4%B0%E0%A4%AE%E0%A4%BE%E0%A4%B2%E0%A4%BF%E0%A4%95%E0%A4%BE%E0%A4%B8%E0%A5%8D%E0%A4%A4%E0%A5%8B%E0%A4%A4%E0%A5%8D%E0%A4%B0%E0%A4%AE%E0%A5%8D,
śivanavaratnastavaḥ,शिवनवरत्नस्तवः - विकिस्रोतः,https://sa.wikisource.org/wiki/%E0%A4%B6%E0%A4%BF%E0%A4%B5%E0%A4%A8%E0%A4%B5%E0%A4%B0%E0%A4%A4%E0%A5%8D%E0%A4%A8%E0%A4%B8%E0%A5%8D%E0%A4%A4%E0%A4%B5%E0%A4%83,
śivapādādikeśāntastutiḥ,शिवपादादिकेशान्तस्तुतिः - विकिस्रोतः,https://sa.wikisource.org/wiki/%E0%A4%B6%E0%A4%BF%E0%A4%B5%E0%A4%AA%E0%A4%BE%E0%A4%A6%E0%A4%BE%E0%A4%A6%E0%A4%BF%E0%A4%95%E0%A5%87%E0%A4%B6%E0%A4%BE%E0%A4%A8%E0%A5%8D%E0%A4%A4%E0%A4%B8%E0%A5%8D%E0%A4%A4%E0%A5%81%E0%A4%A4%E0%A4%BF%E0%A4%83,
śivapūjāstavaḥ,,,fully included in gretil
śivapratipādanastotram,शिवप्रतिपादनस्तोत्रम् - विकिस्रोतः,https://sa.wikisource.org/wiki/%E0%A4%B6%E0%A4%BF%E0%A4%B5%E0%A4%AA%E0%A5%8D%E0%A4%B0%E0%A4%A4%E0%A4%BF%E0%A4%AA%E0%A4%BE%E0%A4%A6%E0%A4%A8%E0%A4%B8%E0%A5%8D%E0%A4%A4%E0%A5%8B%E0%A4%A4%E0%A5%8D%E0%A4%B0%E0%A4%AE%E0%A5%8D,
śivamaṅgalāṣṭakam,शिवमङ्गलाष्टकम् - विकिस्रोतः,https://sa.wikisource.org/wiki/%E0%A4%B6%E0%A4%BF%E0%A4%B5%E0%A4%AE%E0%A4%99%E0%A5%8D%E0%A4%97%E0%A4%B2%E0%A4%BE%E0%A4%B7%E0%A5%8D%E0%A4%9F%E0%A4%95%E0%A4%AE%E0%A5%8D,
śivamahimnaḥstotram,,,fully included in gretil
śivamātṛkāvarṇamālāstotram,शिवमातृकावर्णमालास्तोत्रम् - विकिस्रोतः,https://sa.wikisource.org/wiki/%E0%A4%B6%E0%A4%BF%E0%A4%B5%E0%A4%AE%E0%A4%BE%E0%A4%A4%E0%A5%83%E0%A4%95%E0%A4%BE%E0%A4%B5%E0%A4%B0%E0%A5%8D%E0%A4%A3%E0%A4%AE%E0%A4%BE%E0%A4%B2%E0%A4%BE%E0%A4%B8%E0%A5%8D%E0%A4%A4%E0%A5%8B%E0%A4%A4%E0%A5%8D%E0%A4%B0%E0%A4%AE%E0%A5%8D,
śivamānasikapūjāstotram,शिवमानसिकपूजास्तोत्रम् - विकिस्रोतः,https://sa.wikisource.org/wiki/%E0%A4%B6%E0%A4%BF%E0%A4%B5%E0%A4%AE%E0%A4%BE%E0%A4%A8%E0%A4%B8%E0%A4%BF%E0%A4%95%E0%A4%AA%E0%A5%82%E0%A4%9C%E0%A4%BE%E0%A4%B8%E0%A5%8D%E0%A4%A4%E0%A5%8B%E0%A4%A4%E0%A5%8D%E0%A4%B0%E0%A4%AE%E0%A5%8D,
śivarakṣāstotram,शिवरक्षास्तोत्रम् - विकिस्रोतः,https://sa.wikisource.org/wiki/%E0%A4%B6%E0%A4%BF%E0%A4%B5%E0%A4%B0%E0%A4%95%E0%A5%8D%E0%A4%B7%E0%A4%BE%E0%A4%B8%E0%A5%8D%E0%A4%A4%E0%A5%8B%E0%A4%A4%E0%A5%8D%E0%A4%B0%E0%A4%AE%E0%A5%8D,
śivaśaṅkarāṣṭakam,शिवशङ्कराष्टकम् - विकिस्रोतः,https://sa.wikisource.org/wiki/%E0%A4%B6%E0%A4%BF%E0%A4%B5%E0%A4%B6%E0%A4%99%E0%A5%8D%E0%A4%95%E0%A4%B0%E0%A4%BE%E0%A4%B7%E0%A5%8D%E0%A4%9F%E0%A4%95%E0%A4%AE%E0%A5%8D,
śivasahasranāmastotram,शिवसहस्रनामस्तोत्रम् - विकिस्रोतः,https://sa.wikisource.org/wiki/%E0%A4%B6%E0%A4%BF%E0%A4%B5%E0%A4%B8%E0%A4%B9%E0%A4%B8%E0%A5%8D%E0%A4%B0%E0%A4%A8%E0%A4%BE%E0%A4%AE%E0%A4%B8%E0%A5%8D%E0%A4%A4%E0%A5%8B%E0%A4%A4%E0%A5%8D%E0%A4%B0%E0%A4%AE%E0%A5%8D,
śivastutiḥ (rāvaṇaviracitā),,,fully included in gretil
śivastotram,शिवस्तोत्रम् - विकिस्रोतः,https://sa.wikisource.org/wiki/%E0%A4%B6%E0%A4%BF%E0%A4%B5%E0%A4%B8%E0%A5%8D%E0%A4%A4%E0%A5%8B%E0%A4%A4%E0%A5%8D%E0%A4%B0%E0%A4%AE%E0%A5%8D,
śivāpadānadaṇḍakastotram,शिवापदानदण्डकस्तोत्रम् - विकिस्रोतः,https://sa.wikisource.org/wiki/%E0%A4%B6%E0%A4%BF%E0%A4%B5%E0%A4%BE%E0%A4%AA%E0%A4%A6%E0%A4%BE%E0%A4%A8%E0%A4%A6%E0%A4%A3%E0%A5%8D%E0%A4%A1%E0%A4%95%E0%A4%B8%E0%A5%8D%E0%A4%A4%E0%A5%8B%E0%A4%A4%E0%A5%8D%E0%A4%B0%E0%A4%AE%E0%A5%8D,
śivāṣṭottaraśatanāmastotram,शिवाष्टोत्तरशतनामस्तोत्रम् - विकिस्रोतः,https://sa.wikisource.org/wiki/%E0%A4%B6%E0%A4%BF%E0%A4%B5%E0%A4%BE%E0%A4%B7%E0%A5%8D%E0%A4%9F%E0%A5%8B%E0%A4%A4%E0%A5%8D%E0%A4%A4%E0%A4%B0%E0%A4%B6%E0%A4%A4%E0%A4%A8%E0%A4%BE%E0%A4%AE%E0%A4%B8%E0%A5%8D%E0%A4%A4%E0%A5%8B%E0%A4%A4%E0%A5%8D%E0%A4%B0%E0%A4%AE%E0%A5%8D,
śrīśivamahimāstotram,,,fully included in gretil
dakṣiṇāmūrtistotram,शिवस्तोत्राणि - विकिस्रोतः,https://sa.wikisource.org/wiki/%E0%A4%B6%E0%A4%BF%E0%A4%B5%E0%A4%B8%E0%A5%8D%E0%A4%A4%E0%A5%8B%E0%A4%A4%E0%A5%8D%E0%A4%B0%E0%A4%BE%E0%A4%A3%E0%A4%BF,
śrīśivaśatakam,श्रीशिवशतकम् - विकिस्रोतः,https://sa.wikisource.org/wiki/%E0%A4%B6%E0%A5%8D%E0%A4%B0%E0%A5%80%E0%A4%B6%E0%A4%BF%E0%A4%B5%E0%A4%B6%E0%A4%A4%E0%A4%95%E0%A4%AE%E0%A5%8D,
gorakṣaśatakam,गोरक्षशतकम् - विकिस्रोतः,https://sa.wikisource.org/wiki/%E0%A4%97%E0%A5%8B%E0%A4%B0%E0%A4%95%E0%A5%8D%E0%A4%B7%E0%A4%B6%E0%A4%A4%E0%A4%95%E0%A4%AE%E0%A5%8D,
bilvāṣṭakam,बिल्वाष्टकम् - विकिस्रोतः,https://sa.wikisource.org/wiki/%E0%A4%AC%E0%A4%BF%E0%A4%B2%E0%A5%8D%E0%A4%B5%E0%A4%BE%E0%A4%B7%E0%A5%8D%E0%A4%9F%E0%A4%95%E0%A4%AE%E0%A5%8D,
śrīśivāṣṭakaṃ,श्रीशिवाष्टकं - विकिस्रोतः,https://sa.wikisource.org/wiki/%E0%A4%B6%E0%A5%8D%E0%A4%B0%E0%A5%80%E0%A4%B6%E0%A4%BF%E0%A4%B5%E0%A4%BE%E0%A4%B7%E0%A5%8D%E0%A4%9F%E0%A4%95%E0%A4%82,
śrīliṅgāṣṭakam,श्रीलिङ्गाष्टकम् - विकिस्रोतः,https://sa.wikisource.org/wiki/%E0%A4%B6%E0%A5%8D%E0%A4%B0%E0%A5%80%E0%A4%B2%E0%A4%BF%E0%A4%99%E0%A5%8D%E0%A4%97%E0%A4%BE%E0%A4%B7%E0%A5%8D%E0%A4%9F%E0%A4%95%E0%A4%AE%E0%A5%8D,
śrībilvaṣṭakam,श्रीबिल्वाष्टकम् - विकिस्रोतः,https://sa.wikisource.org/wiki/%E0%A4%B6%E0%A5%8D%E0%A4%B0%E0%A5%80%E0%A4%AC%E0%A4%BF%E0%A4%B2%E0%A5%8D%E0%A4%B5%E0%A4%BE%E0%A4%B7%E0%A5%8D%E0%A4%9F%E0%A4%95%E0%A4%AE%E0%A5%8D,
śrīcandraśekharāṣṭakam,चन्द्रशेखराष्टकम् - विकिस्रोतः,https://sa.wikisource.org/wiki/%E0%A4%9A%E0%A4%A8%E0%A5%8D%E0%A4%A6%E0%A5%8D%E0%A4%B0%E0%A4%B6%E0%A5%87%E0%A4%96%E0%A4%B0%E0%A4%BE%E0%A4%B7%E0%A5%8D%E0%A4%9F%E0%A4%95%E0%A4%AE%E0%A5%8D,
stavacintāmaṇiḥ,स्तवचिन्तामणिः - विकिस्रोतः,https://sa.wikisource.org/wiki/%E0%A4%B8%E0%A5%8D%E0%A4%A4%E0%A4%B5%E0%A4%9A%E0%A4%BF%E0%A4%A8%E0%A5%8D%E0%A4%A4%E0%A4%BE%E0%A4%AE%E0%A4%A3%E0%A4%BF%E0%A4%83,
śivapūjāstavaḥ,,,fully included in gretil
śrīkāśīviśvanāthasuprabhātam,श्रीकाशीविश्वनाथसुप्रभातम् - विकिस्रोतः,https://sa.wikisource.org/wiki/%E0%A4%B6%E0%A5%8D%E0%A4%B0%E0%A5%80%E0%A4%95%E0%A4%BE%E0%A4%B6%E0%A5%80%E0%A4%B5%E0%A4%BF%E0%A4%B6%E0%A5%8D%E0%A4%B5%E0%A4%A8%E0%A4%BE%E0%A4%A5%E0%A4%B8%E0%A5%81%E0%A4%AA%E0%A5%8D%E0%A4%B0%E0%A4%AD%E0%A4%BE%E0%A4%A4%E0%A4%AE%E0%A5%8D,
ardhanārīśvarāṣṭakam,अर्धनारीश्वराष्टकम् - विकिस्रोतः,https://sa.wikisource.org/wiki/%E0%A4%85%E0%A4%B0%E0%A5%8D%E0%A4%A7%E0%A4%A8%E0%A4%BE%E0%A4%B0%E0%A5%80%E0%A4%B6%E0%A5%8D%E0%A4%B5%E0%A4%B0%E0%A4%BE%E0%A4%B7%E0%A5%8D%E0%A4%9F%E0%A4%95%E0%A4%AE%E0%A5%8D,
ardhanārīśvarastotram,अर्धनारीश्वरस्तोत्रम् - विकिस्रोतः,https://sa.wikisource.org/wiki/%E0%A4%85%E0%A4%B0%E0%A5%8D%E0%A4%A7%E0%A4%A8%E0%A4%BE%E0%A4%B0%E0%A5%80%E0%A4%B6%E0%A5%8D%E0%A4%B5%E0%A4%B0%E0%A4%B8%E0%A5%8D%E0%A4%A4%E0%A5%8B%E0%A4%A4%E0%A5%8D%E0%A4%B0%E0%A4%AE%E0%A5%8D,
śryagastyakṛtaśrīśivāṣṭakam,श्रीअगस्त्यकृत श्रीशिवाष्टकम् - विकिस्रोतः,https://sa.wikisource.org/wiki/%E0%A4%B6%E0%A5%8D%E0%A4%B0%E0%A5%80%E0%A4%85%E0%A4%97%E0%A4%B8%E0%A5%8D%E0%A4%A4%E0%A5%8D%E0%A4%AF%E0%A4%95%E0%A5%83%E0%A4%A4_%E0%A4%B6%E0%A5%8D%E0%A4%B0%E0%A5%80%E0%A4%B6%E0%A4%BF%E0%A4%B5%E0%A4%BE%E0%A4%B7%E0%A5%8D%E0%A4%9F%E0%A4%95%E0%A4%AE%E0%A5%8D,
,,,
Gaṇapatistotrāṇi,,,
gaṇeśapañcaratnam,गणेशपञ्चरत्नम् - विकिस्रोतः,https://sa.wikisource.org/wiki/%E0%A4%97%E0%A4%A3%E0%A5%87%E0%A4%B6%E0%A4%AA%E0%A4%9E%E0%A5%8D%E0%A4%9A%E0%A4%B0%E0%A4%A4%E0%A5%8D%E0%A4%A8%E0%A4%AE%E0%A5%8D,
gaṇeśastotram,गणेशस्तोत्रम् - विकिस्रोतः,https://sa.wikisource.org/wiki/%E0%A4%97%E0%A4%A3%E0%A5%87%E0%A4%B6%E0%A4%B8%E0%A5%8D%E0%A4%A4%E0%A5%8B%E0%A4%A4%E0%A5%8D%E0%A4%B0%E0%A4%AE%E0%A5%8D,
śrīgaṇeśāṣṭotaranāmāvali,श्रीगणेश-अष्टोतरनामावली - विकिस्रोतः,https://sa.wikisource.org/wiki/%E0%A4%B6%E0%A5%8D%E0%A4%B0%E0%A5%80%E0%A4%97%E0%A4%A3%E0%A5%87%E0%A4%B6-%E0%A4%85%E0%A4%B7%E0%A5%8D%E0%A4%9F%E0%A5%8B%E0%A4%A4%E0%A4%B0%E0%A4%A8%E0%A4%BE%E0%A4%AE%E0%A4%BE%E0%A4%B5%E0%A4%B2%E0%A5%80,
gaṇeśātharvaśīrṣam,गणपत्यथर्वशीर्षम् - विकिस्रोतः,https://sa.wikisource.org/wiki/%E0%A4%97%E0%A4%A3%E0%A4%AA%E0%A4%A4%E0%A5%8D%E0%A4%AF%E0%A4%A5%E0%A4%B0%E0%A5%8D%E0%A4%B5%E0%A4%B6%E0%A5%80%E0%A4%B0%E0%A5%8D%E0%A4%B7%E0%A4%AE%E0%A5%8D,
gaṇeśamaṃtra,गणेशमन्त्रः - विकिस्रोतः,https://sa.wikisource.org/wiki/%E0%A4%97%E0%A4%A3%E0%A5%87%E0%A4%B6%E0%A4%AE%E0%A4%A8%E0%A5%8D%E0%A4%A4%E0%A5%8D%E0%A4%B0%E0%A4%83,
gaṇeśabhujaṃgam,गणेशभुजङ्गम् - विकिस्रोतः,https://sa.wikisource.org/wiki/%E0%A4%97%E0%A4%A3%E0%A5%87%E0%A4%B6%E0%A4%AD%E0%A5%81%E0%A4%9C%E0%A4%99%E0%A5%8D%E0%A4%97%E0%A4%AE%E0%A5%8D,
śrīgaṇeśabhajanāvaliḥ,श्रीगणेशभजनावलिः - विकिस्रोतः,https://sa.wikisource.org/wiki/%E0%A4%B6%E0%A5%8D%E0%A4%B0%E0%A5%80%E0%A4%97%E0%A4%A3%E0%A5%87%E0%A4%B6%E0%A4%AD%E0%A4%9C%E0%A4%A8%E0%A4%BE%E0%A4%B5%E0%A4%B2%E0%A4%BF%E0%A4%83,
śrīsiddhivināyakanāmāvali,श्रीसिद्धिविनायकनामावलिः - विकिस्रोतः,https://sa.wikisource.org/wiki/%E0%A4%B6%E0%A5%8D%E0%A4%B0%E0%A5%80%E0%A4%B8%E0%A4%BF%E0%A4%A6%E0%A5%8D%E0%A4%A7%E0%A4%BF%E0%A4%B5%E0%A4%BF%E0%A4%A8%E0%A4%BE%E0%A4%AF%E0%A4%95%E0%A4%A8%E0%A4%BE%E0%A4%AE%E0%A4%BE%E0%A4%B5%E0%A4%B2%E0%A4%BF%E0%A4%83,
śrīsiddhivināyakastotram,श्रीसिद्धिविनायकस्तोत्रम् - विकिस्रोतः,https://sa.wikisource.org/wiki/%E0%A4%B6%E0%A5%8D%E0%A4%B0%E0%A5%80%E0%A4%B8%E0%A4%BF%E0%A4%A6%E0%A5%8D%E0%A4%A7%E0%A4%BF%E0%A4%B5%E0%A4%BF%E0%A4%A8%E0%A4%BE%E0%A4%AF%E0%A4%95%E0%A4%B8%E0%A5%8D%E0%A4%A4%E0%A5%8B%E0%A4%A4%E0%A5%8D%E0%A4%B0%E0%A4%AE%E0%A5%8D,
śrīgaṇeśakavacam,श्रीगणेशकवचम् - विकिस्रोतः,https://sa.wikisource.org/wiki/%E0%A4%B6%E0%A5%8D%E0%A4%B0%E0%A5%80%E0%A4%97%E0%A4%A3%E0%A5%87%E0%A4%B6%E0%A4%95%E0%A4%B5%E0%A4%9A%E0%A4%AE%E0%A5%8D,
śrīmahāgaṇeśapañcaratnaṃ,श्रीमहागणेशपञ्चरत्नम् - विकिस्रोतः,https://sa.wikisource.org/wiki/%E0%A4%B6%E0%A5%8D%E0%A4%B0%E0%A5%80%E0%A4%AE%E0%A4%B9%E0%A4%BE%E0%A4%97%E0%A4%A3%E0%A5%87%E0%A4%B6%E0%A4%AA%E0%A4%9E%E0%A5%8D%E0%A4%9A%E0%A4%B0%E0%A4%A4%E0%A5%8D%E0%A4%A8%E0%A4%AE%E0%A5%8D,
vināyakastotra,विनायकस्तोत्रम् - विकिस्रोतः,https://sa.wikisource.org/wiki/%E0%A4%B5%E0%A4%BF%E0%A4%A8%E0%A4%BE%E0%A4%AF%E0%A4%95%E0%A4%B8%E0%A5%8D%E0%A4%A4%E0%A5%8B%E0%A4%A4%E0%A5%8D%E0%A4%B0%E0%A4%AE%E0%A5%8D,
śrīgaṇapatisahasranāmāvali,श्रीगणपतिसहस्रनामावलिः - विकिस्रोतः,https://sa.wikisource.org/wiki/%E0%A4%B6%E0%A5%8D%E0%A4%B0%E0%A5%80%E0%A4%97%E0%A4%A3%E0%A4%AA%E0%A4%A4%E0%A4%BF%E0%A4%B8%E0%A4%B9%E0%A4%B8%E0%A5%8D%E0%A4%B0%E0%A4%A8%E0%A4%BE%E0%A4%AE%E0%A4%BE%E0%A4%B5%E0%A4%B2%E0%A4%BF%E0%A4%83,
śrīvighneśvarāṣṭottaraśatanāmastotram,श्रीविघ्नेश्वराष्टोत्तरशतनामस्तोत्रम् - विकिस्रोतः,https://sa.wikisource.org/wiki/%E0%A4%B6%E0%A5%8D%E0%A4%B0%E0%A5%80%E0%A4%B5%E0%A4%BF%E0%A4%98%E0%A5%8D%E0%A4%A8%E0%A5%87%E0%A4%B6%E0%A5%8D%E0%A4%B5%E0%A4%B0%E0%A4%BE%E0%A4%B7%E0%A5%8D%E0%A4%9F%E0%A5%8B%E0%A4%A4%E0%A5%8D%E0%A4%A4%E0%A4%B0%E0%A4%B6%E0%A4%A4%E0%A4%A8%E0%A4%BE%E0%A4%AE%E0%A4%B8%E0%A5%8D%E0%A4%A4%E0%A5%8B%E0%A4%A4%E0%A5%8D%E0%A4%B0%E0%A4%AE%E0%A5%8D,
,,,
Gurustotrāṇi,,,
śrīgurupādukāstrotram,श्रीगुरुपादुकास्त्रोत्रम् - विकिस्रोतः,https://sa.wikisource.org/wiki/%E0%A4%B6%E0%A5%8D%E0%A4%B0%E0%A5%80%E0%A4%97%E0%A5%81%E0%A4%B0%E0%A5%81%E0%A4%AA%E0%A4%BE%E0%A4%A6%E0%A5%81%E0%A4%95%E0%A4%BE%E0%A4%B8%E0%A5%8D%E0%A4%A4%E0%A5%8D%E0%A4%B0%E0%A5%8B%E0%A4%A4%E0%A5%8D%E0%A4%B0%E0%A4%AE%E0%A5%8D,
śrīgurvaṣṭakam,श्रीगुर्वष्टकम् - विकिस्रोतः,https://sa.wikisource.org/wiki/%E0%A4%B6%E0%A5%8D%E0%A4%B0%E0%A5%80%E0%A4%97%E0%A5%81%E0%A4%B0%E0%A5%8D%E0%A4%B5%E0%A4%B7%E0%A5%8D%E0%A4%9F%E0%A4%95%E0%A4%AE%E0%A5%8D,
,,,
Dattātreyastotrāṇi,,,
dattātreyavajrakavacam,दत्तात्रेयवज्रकवचम् - विकिस्रोतः,https://sa.wikisource.org/wiki/%E0%A4%A6%E0%A4%A4%E0%A5%8D%E0%A4%A4%E0%A4%BE%E0%A4%A4%E0%A5%8D%E0%A4%B0%E0%A5%87%E0%A4%AF%E0%A4%B5%E0%A4%9C%E0%A5%8D%E0%A4%B0%E0%A4%95%E0%A4%B5%E0%A4%9A%E0%A4%AE%E0%A5%8D,
śrīdattabhāvasudhārasastotram,श्रीदत्तभावसुधारसस्तोत्रम् - विकिस्रोतः,https://sa.wikisource.org/wiki/%E0%A4%B6%E0%A5%8D%E0%A4%B0%E0%A5%80%E0%A4%A6%E0%A4%A4%E0%A5%8D%E0%A4%A4%E0%A4%AD%E0%A4%BE%E0%A4%B5%E0%A4%B8%E0%A5%81%E0%A4%A7%E0%A4%BE%E0%A4%B0%E0%A4%B8%E0%A4%B8%E0%A5%8D%E0%A4%A4%E0%A5%8B%E0%A4%A4%E0%A5%8D%E0%A4%B0%E0%A4%AE%E0%A5%8D,
dattātharvaśīrṣam,दत्ताथर्वशीर्षम् - विकिस्रोतः,https://sa.wikisource.org/wiki/%E0%A4%A6%E0%A4%A4%E0%A5%8D%E0%A4%A4%E0%A4%BE%E0%A4%A5%E0%A4%B0%E0%A5%8D%E0%A4%B5%E0%A4%B6%E0%A5%80%E0%A4%B0%E0%A5%8D%E0%A4%B7%E0%A4%AE%E0%A5%8D,
dattātreyayogaśāstram,दत्तात्रेययोगशास्त्रम् - विकिस्रोतः,https://sa.wikisource.org/wiki/%E0%A4%A6%E0%A4%A4%E0%A5%8D%E0%A4%A4%E0%A4%BE%E0%A4%A4%E0%A5%8D%E0%A4%B0%E0%A5%87%E0%A4%AF%E0%A4%AF%E0%A5%8B%E0%A4%97%E0%A4%B6%E0%A4%BE%E0%A4%B8%E0%A5%8D%E0%A4%A4%E0%A5%8D%E0%A4%B0%E0%A4%AE%E0%A5%8D,
śrīsvāmīsamarthāṣṭottaraśatanāmāvalī,श्रीस्वामीसमर्थअष्टोत्तरशतनामावली - विकिस्रोतः,https://sa.wikisource.org/wiki/%E0%A4%B6%E0%A5%8D%E0%A4%B0%E0%A5%80%E0%A4%B8%E0%A5%8D%E0%A4%B5%E0%A4%BE%E0%A4%AE%E0%A5%80%E0%A4%B8%E0%A4%AE%E0%A4%B0%E0%A5%8D%E0%A4%A5%E0%A4%85%E0%A4%B7%E0%A5%8D%E0%A4%9F%E0%A5%8B%E0%A4%A4%E0%A5%8D%E0%A4%A4%E0%A4%B0%E0%A4%B6%E0%A4%A4%E0%A4%A8%E0%A4%BE%E0%A4%AE%E0%A4%BE%E0%A4%B5%E0%A4%B2%E0%A5%80,
dattamālāmantram,दत्तमालामन्त्रम् - विकिस्रोतः,https://sa.wikisource.org/wiki/%E0%A4%A6%E0%A4%A4%E0%A5%8D%E0%A4%A4%E0%A4%AE%E0%A4%BE%E0%A4%B2%E0%A4%BE%E0%A4%AE%E0%A4%A8%E0%A5%8D%E0%A4%A4%E0%A5%8D%E0%A4%B0%E0%A4%AE%E0%A5%8D,
dattātreyāṣṭacakrabījastotram,दत्तात्रेयाष्टचक्रबीजस्तोत्रम् - विकिस्रोतः,https://sa.wikisource.org/wiki/%E0%A4%A6%E0%A4%A4%E0%A5%8D%E0%A4%A4%E0%A4%BE%E0%A4%A4%E0%A5%8D%E0%A4%B0%E0%A5%87%E0%A4%AF%E0%A4%BE%E0%A4%B7%E0%A5%8D%E0%A4%9F%E0%A4%9A%E0%A4%95%E0%A5%8D%E0%A4%B0%E0%A4%AC%E0%A5%80%E0%A4%9C%E0%A4%B8%E0%A5%8D%E0%A4%A4%E0%A5%8B%E0%A4%A4%E0%A5%8D%E0%A4%B0%E0%A4%AE%E0%A5%8D,
mantragarbhaśrīdattātreyāṣṭottaraśatanāmastotram,मन्त्रगर्भश्रीदत्तात्रेयाष्टोत्तरशतनामस्तोत्रम् - विकिस्रोतः,https://sa.wikisource.org/wiki/%E0%A4%AE%E0%A4%A8%E0%A5%8D%E0%A4%A4%E0%A5%8D%E0%A4%B0%E0%A4%97%E0%A4%B0%E0%A5%8D%E0%A4%AD%E0%A4%B6%E0%A5%8D%E0%A4%B0%E0%A5%80%E0%A4%A6%E0%A4%A4%E0%A5%8D%E0%A4%A4%E0%A4%BE%E0%A4%A4%E0%A5%8D%E0%A4%B0%E0%A5%87%E0%A4%AF%E0%A4%BE%E0%A4%B7%E0%A5%8D%E0%A4%9F%E0%A5%8B%E0%A4%A4%E0%A5%8D%E0%A4%A4%E0%A4%B0%E0%A4%B6%E0%A4%A4%E0%A4%A8%E0%A4%BE%E0%A4%AE%E0%A4%B8%E0%A5%8D%E0%A4%A4%E0%A5%8B%E0%A4%A4%E0%A5%8D%E0%A4%B0%E0%A4%AE%E0%A5%8D,
dakārādidattasahasranāmastotram,दकारादिदत्तसहस्रनामस्तोत्रम् - विकिस्रोतः,https://sa.wikisource.org/wiki/%E0%A4%A6%E0%A4%95%E0%A4%BE%E0%A4%B0%E0%A4%BE%E0%A4%A6%E0%A4%BF%E0%A4%A6%E0%A4%A4%E0%A5%8D%E0%A4%A4%E0%A4%B8%E0%A4%B9%E0%A4%B8%E0%A5%8D%E0%A4%B0%E0%A4%A8%E0%A4%BE%E0%A4%AE%E0%A4%B8%E0%A5%8D%E0%A4%A4%E0%A5%8B%E0%A4%A4%E0%A5%8D%E0%A4%B0%E0%A4%AE%E0%A5%8D,
dattāparādhakṣamāpanastotram,दत्तापराधक्षमापनस्तोत्रम् - विकिस्रोतः,https://sa.wikisource.org/wiki/%E0%A4%A6%E0%A4%A4%E0%A5%8D%E0%A4%A4%E0%A4%BE%E0%A4%AA%E0%A4%B0%E0%A4%BE%E0%A4%A7%E0%A4%95%E0%A5%8D%E0%A4%B7%E0%A4%AE%E0%A4%BE%E0%A4%AA%E0%A4%A8%E0%A4%B8%E0%A5%8D%E0%A4%A4%E0%A5%8B%E0%A4%A4%E0%A5%8D%E0%A4%B0%E0%A4%AE%E0%A5%8D,
dattātreyasahasranāmāvalī,दत्तात्रेयसहस्रनामावली - विकिस्रोतः,https://sa.wikisource.org/wiki/%E0%A4%A6%E0%A4%A4%E0%A5%8D%E0%A4%A4%E0%A4%BE%E0%A4%A4%E0%A5%8D%E0%A4%B0%E0%A5%87%E0%A4%AF%E0%A4%B8%E0%A4%B9%E0%A4%B8%E0%A5%8D%E0%A4%B0%E0%A4%A8%E0%A4%BE%E0%A4%AE%E0%A4%BE%E0%A4%B5%E0%A4%B2%E0%A5%80,
dattastavastrotram,दत्तस्तवस्त्रोत्रम - विकिस्रोतः,https://sa.wikisource.org/wiki/%E0%A4%A6%E0%A4%A4%E0%A5%8D%E0%A4%A4%E0%A4%B8%E0%A5%8D%E0%A4%A4%E0%A4%B5%E0%A4%B8%E0%A5%8D%E0%A4%A4%E0%A5%8D%E0%A4%B0%E0%A5%8B%E0%A4%A4%E0%A5%8D%E0%A4%B0%E0%A4%AE,
śrīdattātreyaprārthanāstotra,श्रीदत्तात्रेयप्रार्थनास्तोत्रम् - विकिस्रोतः,https://sa.wikisource.org/wiki/%E0%A4%B6%E0%A5%8D%E0%A4%B0%E0%A5%80%E0%A4%A6%E0%A4%A4%E0%A5%8D%E0%A4%A4%E0%A4%BE%E0%A4%A4%E0%A5%8D%E0%A4%B0%E0%A5%87%E0%A4%AF%E0%A4%AA%E0%A5%8D%E0%A4%B0%E0%A4%BE%E0%A4%B0%E0%A5%8D%E0%A4%A5%E0%A4%A8%E0%A4%BE%E0%A4%B8%E0%A5%8D%E0%A4%A4%E0%A5%8B%E0%A4%A4%E0%A5%8D%E0%A4%B0%E0%A4%AE%E0%A5%8D,
aparādhakṣamāpanastotra,अपराधक्षमापनस्तोत्रम् - विकिस्रोतः,https://sa.wikisource.org/wiki/%E0%A4%85%E0%A4%AA%E0%A4%B0%E0%A4%BE%E0%A4%A7%E0%A4%95%E0%A5%8D%E0%A4%B7%E0%A4%AE%E0%A4%BE%E0%A4%AA%E0%A4%A8%E0%A4%B8%E0%A5%8D%E0%A4%A4%E0%A5%8B%E0%A4%A4%E0%A5%8D%E0%A4%B0%E0%A4%AE%E0%A5%8D,
dattātreyastotram(nāradapurāṇa),दत्तात्रेयस्तोत्रम् (नारदपुराणम्) - विकिस्रोतः,https://sa.wikisource.org/wiki/%E0%A4%A6%E0%A4%A4%E0%A5%8D%E0%A4%A4%E0%A4%BE%E0%A4%A4%E0%A5%8D%E0%A4%B0%E0%A5%87%E0%A4%AF%E0%A4%B8%E0%A5%8D%E0%A4%A4%E0%A5%8B%E0%A4%A4%E0%A5%8D%E0%A4%B0%E0%A4%AE%E0%A5%8D_(%E0%A4%A8%E0%A4%BE%E0%A4%B0%E0%A4%A6%E0%A4%AA%E0%A5%81%E0%A4%B0%E0%A4%BE%E0%A4%A3%E0%A4%AE%E0%A5%8D),
dattātreyaopaniṣat,दत्तात्रेयोपनिषत् - विकिस्रोतः,https://sa.wikisource.org/wiki/%E0%A4%A6%E0%A4%A4%E0%A5%8D%E0%A4%A4%E0%A4%BE%E0%A4%A4%E0%A5%8D%E0%A4%B0%E0%A5%87%E0%A4%AF%E0%A5%8B%E0%A4%AA%E0%A4%A8%E0%A4%BF%E0%A4%B7%E0%A4%A4%E0%A5%8D,
,,,
Devīstitāṇi,,,
durgāstutiḥ,दुर्गास्तुतिः - विकिस्रोतः,https://sa.wikisource.org/wiki/%E0%A4%A6%E0%A5%81%E0%A4%B0%E0%A5%8D%E0%A4%97%E0%A4%BE%E0%A4%B8%E0%A5%8D%E0%A4%A4%E0%A5%81%E0%A4%A4%E0%A4%BF%E0%A4%83,
bhavānyaṣṭakam,भवान्यष्टकम् - विकिस्रोतः,https://sa.wikisource.org/wiki/%E0%A4%AD%E0%A4%B5%E0%A4%BE%E0%A4%A8%E0%A5%8D%E0%A4%AF%E0%A4%B7%E0%A5%8D%E0%A4%9F%E0%A4%95%E0%A4%AE%E0%A5%8D,
kanakadhārāstotra,कनकधारास्तोत्रम् - विकिस्रोतः,https://sa.wikisource.org/wiki/%E0%A4%95%E0%A4%A8%E0%A4%95%E0%A4%A7%E0%A4%BE%E0%A4%B0%E0%A4%BE%E0%A4%B8%E0%A5%8D%E0%A4%A4%E0%A5%8B%E0%A4%A4%E0%A5%8D%E0%A4%B0%E0%A4%AE%E0%A5%8D,
karpūrādistotram,कर्पूरादिस्तोत्रम् - विकिस्रोतः,https://sa.wikisource.org/wiki/%E0%A4%95%E0%A4%B0%E0%A5%8D%E0%A4%AA%E0%A5%82%E0%A4%B0%E0%A4%BE%E0%A4%A6%E0%A4%BF%E0%A4%B8%E0%A5%8D%E0%A4%A4%E0%A5%8B%E0%A4%A4%E0%A5%8D%E0%A4%B0%E0%A4%AE%E0%A5%8D,
gaurīdaśakam,गौरीदशकम् - विकिस्रोतः,https://sa.wikisource.org/wiki/%E0%A4%97%E0%A5%8C%E0%A4%B0%E0%A5%80%E0%A4%A6%E0%A4%B6%E0%A4%95%E0%A4%AE%E0%A5%8D,
śrīmahālakṣmyaṣṭakaṃ,श्रीमहालक्ष्मी अष्टकं - विकिस्रोतः,https://sa.wikisource.org/wiki/%E0%A4%B6%E0%A5%8D%E0%A4%B0%E0%A5%80%E0%A4%AE%E0%A4%B9%E0%A4%BE%E0%A4%B2%E0%A4%95%E0%A5%8D%E0%A4%B7%E0%A5%8D%E0%A4%AE%E0%A5%80_%E0%A4%85%E0%A4%B7%E0%A5%8D%E0%A4%9F%E0%A4%95%E0%A4%82,
aghanāśakagāyatrīstotram,अघनाशकगायत्रीस्तोत्रम् - विकिस्रोतः,https://sa.wikisource.org/wiki/%E0%A4%85%E0%A4%98%E0%A4%A8%E0%A4%BE%E0%A4%B6%E0%A4%95%E0%A4%97%E0%A4%BE%E0%A4%AF%E0%A4%A4%E0%A5%8D%E0%A4%B0%E0%A5%80%E0%A4%B8%E0%A5%8D%E0%A4%A4%E0%A5%8B%E0%A4%A4%E0%A5%8D%E0%A4%B0%E0%A4%AE%E0%A5%8D,
śrīkāmākṣīsuprabhātam,श्रीकामाक्षीसुप्रभातम् - विकिस्रोतः,https://sa.wikisource.org/wiki/%E0%A4%B6%E0%A5%8D%E0%A4%B0%E0%A5%80%E0%A4%95%E0%A4%BE%E0%A4%AE%E0%A4%BE%E0%A4%95%E0%A5%8D%E0%A4%B7%E0%A5%80%E0%A4%B8%E0%A5%81%E0%A4%AA%E0%A5%8D%E0%A4%B0%E0%A4%AD%E0%A4%BE%E0%A4%A4%E0%A4%AE%E0%A5%8D,
śrīlalitāsahasranāmastotram,श्रीललितासहस्रनामस्तोत्रम् - विकिस्रोतः,https://sa.wikisource.org/wiki/%E0%A4%B6%E0%A5%8D%E0%A4%B0%E0%A5%80%E0%A4%B2%E0%A4%B2%E0%A4%BF%E0%A4%A4%E0%A4%BE%E0%A4%B8%E0%A4%B9%E0%A4%B8%E0%A5%8D%E0%A4%B0%E0%A4%A8%E0%A4%BE%E0%A4%AE%E0%A4%B8%E0%A5%8D%E0%A4%A4%E0%A5%8B%E0%A4%A4%E0%A5%8D%E0%A4%B0%E0%A4%AE%E0%A5%8D,
kalyāṇavṛṣṭistavaḥ,कल्याणवृष्टिस्तवः - विकिस्रोतः,https://sa.wikisource.org/wiki/%E0%A4%95%E0%A4%B2%E0%A5%8D%E0%A4%AF%E0%A4%BE%E0%A4%A3%E0%A4%B5%E0%A5%83%E0%A4%B7%E0%A5%8D%E0%A4%9F%E0%A4%BF%E0%A4%B8%E0%A5%8D%E0%A4%A4%E0%A4%B5%E0%A4%83,
śrīkāmākṣistotram,श्रीकामाक्षिस्तोत्रम् - विकिस्रोतः,https://sa.wikisource.org/wiki/%E0%A4%B6%E0%A5%8D%E0%A4%B0%E0%A5%80%E0%A4%95%E0%A4%BE%E0%A4%AE%E0%A4%BE%E0%A4%95%E0%A5%8D%E0%A4%B7%E0%A4%BF%E0%A4%B8%E0%A5%8D%E0%A4%A4%E0%A5%8B%E0%A4%A4%E0%A5%8D%E0%A4%B0%E0%A4%AE%E0%A5%8D,
kīlakastotram,कीलकस्तोत्रम् - विकिस्रोतः,https://sa.wikisource.org/wiki/%E0%A4%95%E0%A5%80%E0%A4%B2%E0%A4%95%E0%A4%B8%E0%A5%8D%E0%A4%A4%E0%A5%8B%E0%A4%A4%E0%A5%8D%E0%A4%B0%E0%A4%AE%E0%A5%8D,
lalitāpañcaratnam,ललितापञ्चरत्नम् - विकिस्रोतः,https://sa.wikisource.org/wiki/%E0%A4%B2%E0%A4%B2%E0%A4%BF%E0%A4%A4%E0%A4%BE%E0%A4%AA%E0%A4%9E%E0%A5%8D%E0%A4%9A%E0%A4%B0%E0%A4%A4%E0%A5%8D%E0%A4%A8%E0%A4%AE%E0%A5%8D,
devībhujaṅgam,देवीभुजङ्गम् - विकिस्रोतः,https://sa.wikisource.org/wiki/%E0%A4%A6%E0%A5%87%E0%A4%B5%E0%A5%80%E0%A4%AD%E0%A5%81%E0%A4%9C%E0%A4%99%E0%A5%8D%E0%A4%97%E0%A4%AE%E0%A5%8D,
tripurasundaryaṣṭakam,त्रिपुरसुन्दरीअष्टकम् - विकिस्रोतः,https://sa.wikisource.org/wiki/%E0%A4%A4%E0%A5%8D%E0%A4%B0%E0%A4%BF%E0%A4%AA%E0%A5%81%E0%A4%B0%E0%A4%B8%E0%A5%81%E0%A4%A8%E0%A5%8D%E0%A4%A6%E0%A4%B0%E0%A5%80%E0%A4%85%E0%A4%B7%E0%A5%8D%E0%A4%9F%E0%A4%95%E0%A4%AE%E0%A5%8D,
tripurasundarīmānasapūjāstotram,त्रिपुरसुन्दरीमानसपूजास्तोत्रम् - विकिस्रोतः,https://sa.wikisource.org/wiki/%E0%A4%A4%E0%A5%8D%E0%A4%B0%E0%A4%BF%E0%A4%AA%E0%A5%81%E0%A4%B0%E0%A4%B8%E0%A5%81%E0%A4%A8%E0%A5%8D%E0%A4%A6%E0%A4%B0%E0%A5%80%E0%A4%AE%E0%A4%BE%E0%A4%A8%E0%A4%B8%E0%A4%AA%E0%A5%82%E0%A4%9C%E0%A4%BE%E0%A4%B8%E0%A5%8D%E0%A4%A4%E0%A5%8B%E0%A4%A4%E0%A5%8D%E0%A4%B0%E0%A4%AE%E0%A5%8D,
aparādhakṣamāpaṇastotram,अपराधक्षमापणस्तोत्रम् - विकिस्रोतः,https://sa.wikisource.org/wiki/%E0%A4%85%E0%A4%AA%E0%A4%B0%E0%A4%BE%E0%A4%A7%E0%A4%95%E0%A5%8D%E0%A4%B7%E0%A4%AE%E0%A4%BE%E0%A4%AA%E0%A4%A3%E0%A4%B8%E0%A5%8D%E0%A4%A4%E0%A5%8B%E0%A4%A4%E0%A5%8D%E0%A4%B0%E0%A4%AE%E0%A5%8D,
gāyatryaṣṭakam,गायत्र्यष्टकम् (शङ्कराचार्यकृतम्) - विकिस्रोतः,https://sa.wikisource.org/wiki/%E0%A4%97%E0%A4%BE%E0%A4%AF%E0%A4%A4%E0%A5%8D%E0%A4%B0%E0%A5%8D%E0%A4%AF%E0%A4%B7%E0%A5%8D%E0%A4%9F%E0%A4%95%E0%A4%AE%E0%A5%8D_(%E0%A4%B6%E0%A4%99%E0%A5%8D%E0%A4%95%E0%A4%B0%E0%A4%BE%E0%A4%9A%E0%A4%BE%E0%A4%B0%E0%A5%8D%E0%A4%AF%E0%A4%95%E0%A5%83%E0%A4%A4%E0%A4%AE%E0%A5%8D),
gauryaṣṭottaraśatanāmāvaliḥ,गौर्यष्टोत्तरशत नामावलिः - विकिस्रोतः,https://sa.wikisource.org/wiki/%E0%A4%97%E0%A5%8C%E0%A4%B0%E0%A5%8D%E0%A4%AF%E0%A4%B7%E0%A5%8D%E0%A4%9F%E0%A5%8B%E0%A4%A4%E0%A5%8D%E0%A4%A4%E0%A4%B0%E0%A4%B6%E0%A4%A4_%E0%A4%A8%E0%A4%BE%E0%A4%AE%E0%A4%BE%E0%A4%B5%E0%A4%B2%E0%A4%BF%E0%A4%83,
gauryāṣṭottaraśatanāmastotram,गौर्याष्टोत्तरशतनामस्तोत्रम् - विकिस्रोतः,https://sa.wikisource.org/wiki/%E0%A4%97%E0%A5%8C%E0%A4%B0%E0%A5%8D%E0%A4%AF%E0%A4%BE%E0%A4%B7%E0%A5%8D%E0%A4%9F%E0%A5%8B%E0%A4%A4%E0%A5%8D%E0%A4%A4%E0%A4%B0%E0%A4%B6%E0%A4%A4%E0%A4%A8%E0%A4%BE%E0%A4%AE%E0%A4%B8%E0%A5%8D%E0%A4%A4%E0%A5%8B%E0%A4%A4%E0%A5%8D%E0%A4%B0%E0%A4%AE%E0%A5%8D,
annapūrṇāstotram,अन्नपूर्णास्तोत्रम् - विकिस्रोतः,https://sa.wikisource.org/wiki/%E0%A4%85%E0%A4%A8%E0%A5%8D%E0%A4%A8%E0%A4%AA%E0%A5%82%E0%A4%B0%E0%A5%8D%E0%A4%A3%E0%A4%BE%E0%A4%B8%E0%A5%8D%E0%A4%A4%E0%A5%8B%E0%A4%A4%E0%A5%8D%E0%A4%B0%E0%A4%AE%E0%A5%8D,
gāyatrīstotram,गायत्रीस्तोत्रम् - विकिस्रोतः,https://sa.wikisource.org/wiki/%E0%A4%97%E0%A4%BE%E0%A4%AF%E0%A4%A4%E0%A5%8D%E0%A4%B0%E0%A5%80%E0%A4%B8%E0%A5%8D%E0%A4%A4%E0%A5%8B%E0%A4%A4%E0%A5%8D%E0%A4%B0%E0%A4%AE%E0%A5%8D,
mīnākṣīstrotram,मीनाक्षीस्त्रोत्रम् - विकिस्रोतः,https://sa.wikisource.org/wiki/%E0%A4%AE%E0%A5%80%E0%A4%A8%E0%A4%BE%E0%A4%95%E0%A5%8D%E0%A4%B7%E0%A5%80%E0%A4%B8%E0%A5%8D%E0%A4%A4%E0%A5%8D%E0%A4%B0%E0%A5%8B%E0%A4%A4%E0%A5%8D%E0%A4%B0%E0%A4%AE%E0%A5%8D,
śrīgāyatrīsahasranāmastotram,श्रीगायत्रीसहस्रनामस्तोत्रम् - विकिस्रोतः,https://sa.wikisource.org/wiki/%E0%A4%B6%E0%A5%8D%E0%A4%B0%E0%A5%80%E0%A4%97%E0%A4%BE%E0%A4%AF%E0%A4%A4%E0%A5%8D%E0%A4%B0%E0%A5%80%E0%A4%B8%E0%A4%B9%E0%A4%B8%E0%A5%8D%E0%A4%B0%E0%A4%A8%E0%A4%BE%E0%A4%AE%E0%A4%B8%E0%A5%8D%E0%A4%A4%E0%A5%8B%E0%A4%A4%E0%A5%8D%E0%A4%B0%E0%A4%AE%E0%A5%8D,
gāyatrīsahasranāmāvalī,गायत्री सहस्रनामावली - विकिस्रोतः,https://sa.wikisource.org/wiki/%E0%A4%97%E0%A4%BE%E0%A4%AF%E0%A4%A4%E0%A5%8D%E0%A4%B0%E0%A5%80_%E0%A4%B8%E0%A4%B9%E0%A4%B8%E0%A5%8D%E0%A4%B0%E0%A4%A8%E0%A4%BE%E0%A4%AE%E0%A4%BE%E0%A4%B5%E0%A4%B2%E0%A5%80,
śrīgāyatrīśāpavimocanam,श्रीगायत्रीशापविमोचनम् - विकिस्रोतः,https://sa.wikisource.org/wiki/%E0%A4%B6%E0%A5%8D%E0%A4%B0%E0%A5%80%E0%A4%97%E0%A4%BE%E0%A4%AF%E0%A4%A4%E0%A5%8D%E0%A4%B0%E0%A5%80%E0%A4%B6%E0%A4%BE%E0%A4%AA%E0%A4%B5%E0%A4%BF%E0%A4%AE%E0%A5%8B%E0%A4%9A%E0%A4%A8%E0%A4%AE%E0%A5%8D,
ambāstotram – svāmī vivekānanda,अम्बास्तोत्रम् - स्वामी विवेकानन्द - विकिस्रोतः,https://sa.wikisource.org/wiki/%E0%A4%85%E0%A4%AE%E0%A5%8D%E0%A4%AC%E0%A4%BE%E0%A4%B8%E0%A5%8D%E0%A4%A4%E0%A5%8B%E0%A4%A4%E0%A5%8D%E0%A4%B0%E0%A4%AE%E0%A5%8D_-_%E0%A4%B8%E0%A5%8D%E0%A4%B5%E0%A4%BE%E0%A4%AE%E0%A5%80_%E0%A4%B5%E0%A4%BF%E0%A4%B5%E0%A5%87%E0%A4%95%E0%A4%BE%E0%A4%A8%E0%A4%A8%E0%A5%8D%E0%A4%A6,
argalāstotram,अर्गलास्तोत्रम् - विकिस्रोतः,https://sa.wikisource.org/wiki/%E0%A4%85%E0%A4%B0%E0%A5%8D%E0%A4%97%E0%A4%B2%E0%A4%BE%E0%A4%B8%E0%A5%8D%E0%A4%A4%E0%A5%8B%E0%A4%A4%E0%A5%8D%E0%A4%B0%E0%A4%AE%E0%A5%8D,
ardhanārīśvarāṣṭakam,अर्धनारीश्वराष्टकम् - विकिस्रोतः,https://sa.wikisource.org/wiki/%E0%A4%85%E0%A4%B0%E0%A5%8D%E0%A4%A7%E0%A4%A8%E0%A4%BE%E0%A4%B0%E0%A5%80%E0%A4%B6%E0%A5%8D%E0%A4%B5%E0%A4%B0%E0%A4%BE%E0%A4%B7%E0%A5%8D%E0%A4%9F%E0%A4%95%E0%A4%AE%E0%A5%8D,
gāyatrīstotram,गायत्रीस्तोत्रम् - विकिस्रोतः,https://sa.wikisource.org/wiki/%E0%A4%97%E0%A4%BE%E0%A4%AF%E0%A4%A4%E0%A5%8D%E0%A4%B0%E0%A5%80%E0%A4%B8%E0%A5%8D%E0%A4%A4%E0%A5%8B%E0%A4%A4%E0%A5%8D%E0%A4%B0%E0%A4%AE%E0%A5%8D,
ardhanārīśvarastotram,अर्धनारीश्वरस्तोत्रम् - विकिस्रोतः,https://sa.wikisource.org/wiki/%E0%A4%85%E0%A4%B0%E0%A5%8D%E0%A4%A7%E0%A4%A8%E0%A4%BE%E0%A4%B0%E0%A5%80%E0%A4%B6%E0%A5%8D%E0%A4%B5%E0%A4%B0%E0%A4%B8%E0%A5%8D%E0%A4%A4%E0%A5%8B%E0%A4%A4%E0%A5%8D%E0%A4%B0%E0%A4%AE%E0%A5%8D,
aṣṭalakṣmīstotram,अष्टलक्ष्मी स्तोत्रम् - विकिस्रोतः,https://sa.wikisource.org/wiki/%E0%A4%85%E0%A4%B7%E0%A5%8D%E0%A4%9F%E0%A4%B2%E0%A4%95%E0%A5%8D%E0%A4%B7%E0%A5%8D%E0%A4%AE%E0%A5%80_%E0%A4%B8%E0%A5%8D%E0%A4%A4%E0%A5%8B%E0%A4%A4%E0%A5%8D%E0%A4%B0%E0%A4%AE%E0%A5%8D,
śryaṣṭalakṣmyaṣṭottaraśatanāmāvaliḥ,अष्टलक्ष्म्यष्टोत्तरशतनामावलिः - विकिस्रोतः,https://sa.wikisource.org/wiki/%E0%A4%85%E0%A4%B7%E0%A5%8D%E0%A4%9F%E0%A4%B2%E0%A4%95%E0%A5%8D%E0%A4%B7%E0%A5%8D%E0%A4%AE%E0%A5%8D%E0%A4%AF%E0%A4%B7%E0%A5%8D%E0%A4%9F%E0%A5%8B%E0%A4%A4%E0%A5%8D%E0%A4%A4%E0%A4%B0%E0%A4%B6%E0%A4%A4%E0%A4%A8%E0%A4%BE%E0%A4%AE%E0%A4%BE%E0%A4%B5%E0%A4%B2%E0%A4%BF%E0%A4%83,
gaṃgāsahasranāmastotra,गङ्गासहस्रनामस्तोत्रम् - विकिस्रोतः,https://sa.wikisource.org/wiki/%E0%A4%97%E0%A4%99%E0%A5%8D%E0%A4%97%E0%A4%BE%E0%A4%B8%E0%A4%B9%E0%A4%B8%E0%A5%8D%E0%A4%B0%E0%A4%A8%E0%A4%BE%E0%A4%AE%E0%A4%B8%E0%A5%8D%E0%A4%A4%E0%A5%8B%E0%A4%A4%E0%A5%8D%E0%A4%B0%E0%A4%AE%E0%A5%8D,
gaṃgāṣṭakam,गंगाष्टकम् (शंकरभगवतकृतम्) - विकिस्रोतः,https://sa.wikisource.org/wiki/%E0%A4%97%E0%A4%82%E0%A4%97%E0%A4%BE%E0%A4%B7%E0%A5%8D%E0%A4%9F%E0%A4%95%E0%A4%AE%E0%A5%8D_(%E0%A4%B6%E0%A4%82%E0%A4%95%E0%A4%B0%E0%A4%AD%E0%A4%97%E0%A4%B5%E0%A4%A4%E0%A4%95%E0%A5%83%E0%A4%A4%E0%A4%AE%E0%A5%8D),
gaṅgāstotra,गङ्गास्तोत्रम् - विकिस्रोतः,https://sa.wikisource.org/wiki/%E0%A4%97%E0%A4%99%E0%A5%8D%E0%A4%97%E0%A4%BE%E0%A4%B8%E0%A5%8D%E0%A4%A4%E0%A5%8B%E0%A4%A4%E0%A5%8D%E0%A4%B0%E0%A4%AE%E0%A5%8D,
ānandalaharī,आनन्दलहरी - विकिस्रोतः,https://sa.wikisource.org/wiki/%E0%A4%86%E0%A4%A8%E0%A4%A8%E0%A5%8D%E0%A4%A6%E0%A4%B2%E0%A4%B9%E0%A4%B0%E0%A5%80,
āryāpañcadaśīstotram,आर्यापञ्चदशीस्तोत्रम् - विकिस्रोतः,https://sa.wikisource.org/wiki/%E0%A4%86%E0%A4%B0%E0%A5%8D%E0%A4%AF%E0%A4%BE%E0%A4%AA%E0%A4%9E%E0%A5%8D%E0%A4%9A%E0%A4%A6%E0%A4%B6%E0%A5%80%E0%A4%B8%E0%A5%8D%E0%A4%A4%E0%A5%8B%E0%A4%A4%E0%A5%8D%E0%A4%B0%E0%A4%AE%E0%A5%8D,
umāmaheśvarastotram,उमामहेश्वरस्तोत्रम् - विकिस्रोतः,https://sa.wikisource.org/wiki/%E0%A4%89%E0%A4%AE%E0%A4%BE%E0%A4%AE%E0%A4%B9%E0%A5%87%E0%A4%B6%E0%A5%8D%E0%A4%B5%E0%A4%B0%E0%A4%B8%E0%A5%8D%E0%A4%A4%E0%A5%8B%E0%A4%A4%E0%A5%8D%E0%A4%B0%E0%A4%AE%E0%A5%8D,
caṇḍikāṣṭakam,चण्डिकाष्टकम् - विकिस्रोतः,https://sa.wikisource.org/wiki/%E0%A4%9A%E0%A4%A3%E0%A5%8D%E0%A4%A1%E0%A4%BF%E0%A4%95%E0%A4%BE%E0%A4%B7%E0%A5%8D%E0%A4%9F%E0%A4%95%E0%A4%AE%E0%A5%8D,
caṇḍīpāṭha,चण्डीपाठः - विकिस्रोतः,https://sa.wikisource.org/wiki/%E0%A4%9A%E0%A4%A3%E0%A5%8D%E0%A4%A1%E0%A5%80%E0%A4%AA%E0%A4%BE%E0%A4%A0%E0%A4%83,
devīkhaḍgamālāstotram,देवी खड्गमाला स्तोत्रम् - विकिस्रोतः,https://sa.wikisource.org/wiki/%E0%A4%A6%E0%A5%87%E0%A4%B5%E0%A5%80_%E0%A4%96%E0%A4%A1%E0%A5%8D%E0%A4%97%E0%A4%AE%E0%A4%BE%E0%A4%B2%E0%A4%BE_%E0%A4%B8%E0%A5%8D%E0%A4%A4%E0%A5%8B%E0%A4%A4%E0%A5%8D%E0%A4%B0%E0%A4%AE%E0%A5%8D,
caṇḍīkavacam,चण्डीकवचम् - विकिस्रोतः,https://sa.wikisource.org/wiki/%E0%A4%9A%E0%A4%A3%E0%A5%8D%E0%A4%A1%E0%A5%80%E0%A4%95%E0%A4%B5%E0%A4%9A%E0%A4%AE%E0%A5%8D,
,,,
Navagrahastotrāṇi,,,
navagrahastotram,नवग्रहस्तोत्रम् - विकिस्रोतः,https://sa.wikisource.org/wiki/%E0%A4%A8%E0%A4%B5%E0%A4%97%E0%A5%8D%E0%A4%B0%E0%A4%B9%E0%A4%B8%E0%A5%8D%E0%A4%A4%E0%A5%8B%E0%A4%A4%E0%A5%8D%E0%A4%B0%E0%A4%AE%E0%A5%8D,
śrīdineśastavaḥ,श्रीदिनेशस्तवः - विकिस्रोतः,https://sa.wikisource.org/wiki/%E0%A4%B6%E0%A5%8D%E0%A4%B0%E0%A5%80%E0%A4%A6%E0%A4%BF%E0%A4%A8%E0%A5%87%E0%A4%B6%E0%A4%B8%E0%A5%8D%E0%A4%A4%E0%A4%B5%E0%A4%83,
aṅgārakāṣṭottaraśatanāmāvali,अङ्गारकाष्टोत्तरशतनामावलिः - विकिस्रोतः,https://sa.wikisource.org/wiki/%E0%A4%85%E0%A4%99%E0%A5%8D%E0%A4%97%E0%A4%BE%E0%A4%B0%E0%A4%95%E0%A4%BE%E0%A4%B7%E0%A5%8D%E0%A4%9F%E0%A5%8B%E0%A4%A4%E0%A5%8D%E0%A4%A4%E0%A4%B0%E0%A4%B6%E0%A4%A4%E0%A4%A8%E0%A4%BE%E0%A4%AE%E0%A4%BE%E0%A4%B5%E0%A4%B2%E0%A4%BF%E0%A4%83,
śrīsūryāṣṭakam,श्रीसूर्याष्टकम् - विकिस्रोतः,https://sa.wikisource.org/wiki/%E0%A4%B6%E0%A5%8D%E0%A4%B0%E0%A5%80%E0%A4%B8%E0%A5%82%E0%A4%B0%E0%A5%8D%E0%A4%AF%E0%A4%BE%E0%A4%B7%E0%A5%8D%E0%A4%9F%E0%A4%95%E0%A4%AE%E0%A5%8D,
aṅgārakastotram,अङ्गारकस्तोत्रम् - विकिस्रोतः,https://sa.wikisource.org/wiki/%E0%A4%85%E0%A4%99%E0%A5%8D%E0%A4%97%E0%A4%BE%E0%A4%B0%E0%A4%95%E0%A4%B8%E0%A5%8D%E0%A4%A4%E0%A5%8B%E0%A4%A4%E0%A5%8D%E0%A4%B0%E0%A4%AE%E0%A5%8D,
ādityahṛdayam,आदित्यहृदयम् - विकिस्रोतः,https://sa.wikisource.org/wiki/%E0%A4%86%E0%A4%A6%E0%A4%BF%E0%A4%A4%E0%A5%8D%E0%A4%AF%E0%A4%B9%E0%A5%83%E0%A4%A6%E0%A4%AF%E0%A4%AE%E0%A5%8D,
ādityanāmāvaliḥ,आदित्यनामावलिः - विकिस्रोतः,https://sa.wikisource.org/wiki/%E0%A4%86%E0%A4%A6%E0%A4%BF%E0%A4%A4%E0%A5%8D%E0%A4%AF%E0%A4%A8%E0%A4%BE%E0%A4%AE%E0%A4%BE%E0%A4%B5%E0%A4%B2%E0%A4%BF%E0%A4%83,
ketvaṣṭottaraśatanāmāvaliḥ,केत्वष्टोत्तरशतनामावलिः - विकिस्रोतः,https://sa.wikisource.org/wiki/%E0%A4%95%E0%A5%87%E0%A4%A4%E0%A5%8D%E0%A4%B5%E0%A4%B7%E0%A5%8D%E0%A4%9F%E0%A5%8B%E0%A4%A4%E0%A5%8D%E0%A4%A4%E0%A4%B0%E0%A4%B6%E0%A4%A4%E0%A4%A8%E0%A4%BE%E0%A4%AE%E0%A4%BE%E0%A4%B5%E0%A4%B2%E0%A4%BF%E0%A4%83,
,,,
Rāmastotrāṇi,,,
rāmarakṣāstotram,रामरक्षास्तोत्रम् - विकिस्रोतः,https://sa.wikisource.org/wiki/%E0%A4%B0%E0%A4%BE%E0%A4%AE%E0%A4%B0%E0%A4%95%E0%A5%8D%E0%A4%B7%E0%A4%BE%E0%A4%B8%E0%A5%8D%E0%A4%A4%E0%A5%8B%E0%A4%A4%E0%A5%8D%E0%A4%B0%E0%A4%AE%E0%A5%8D,
raghuvīragadyam,रघुवीरगद्यम् - विकिस्रोतः,https://sa.wikisource.org/wiki/%E0%A4%B0%E0%A4%98%E0%A5%81%E0%A4%B5%E0%A5%80%E0%A4%B0%E0%A4%97%E0%A4%A6%E0%A5%8D%E0%A4%AF%E0%A4%AE%E0%A5%8D,
śrīraghunāthāṣṭakam,श्रीरघुनाथाष्टकम् - विकिस्रोतः,https://sa.wikisource.org/wiki/%E0%A4%B6%E0%A5%8D%E0%A4%B0%E0%A5%80%E0%A4%B0%E0%A4%98%E0%A5%81%E0%A4%A8%E0%A4%BE%E0%A4%A5%E0%A4%BE%E0%A4%B7%E0%A5%8D%E0%A4%9F%E0%A4%95%E0%A4%AE%E0%A5%8D,
śrīrāmacandrāṣṭakam,श्रीरामचन्द्राष्टकम् - विकिस्रोतः,https://sa.wikisource.org/wiki/%E0%A4%B6%E0%A5%8D%E0%A4%B0%E0%A5%80%E0%A4%B0%E0%A4%BE%E0%A4%AE%E0%A4%9A%E0%A4%A8%E0%A5%8D%E0%A4%A6%E0%A5%8D%E0%A4%B0%E0%A4%BE%E0%A4%B7%E0%A5%8D%E0%A4%9F%E0%A4%95%E0%A4%AE%E0%A5%8D,
ānaṃdarāmāyaṇarāmarakṣā,आनंदरामायणरामरक्षा - विकिस्रोतः,https://sa.wikisource.org/wiki/%E0%A4%86%E0%A4%A8%E0%A4%82%E0%A4%A6%E0%A4%B0%E0%A4%BE%E0%A4%AE%E0%A4%BE%E0%A4%AF%E0%A4%A3%E0%A4%B0%E0%A4%BE%E0%A4%AE%E0%A4%B0%E0%A4%95%E0%A5%8D%E0%A4%B7%E0%A4%BE,
śrīrāmāṣṭottaraśatanāmāvali,श्रीरामाष्टोत्तरशतनामावलि - विकिस्रोतः,https://sa.wikisource.org/wiki/%E0%A4%B6%E0%A5%8D%E0%A4%B0%E0%A5%80%E0%A4%B0%E0%A4%BE%E0%A4%AE%E0%A4%BE%E0%A4%B7%E0%A5%8D%E0%A4%9F%E0%A5%8B%E0%A4%A4%E0%A5%8D%E0%A4%A4%E0%A4%B0%E0%A4%B6%E0%A4%A4%E0%A4%A8%E0%A4%BE%E0%A4%AE%E0%A4%BE%E0%A4%B5%E0%A4%B2%E0%A4%BF,
jaṭāyukṛtarāmastotram,जटायुकृतरामस्तोत्रम् - विकिस्रोतः,https://sa.wikisource.org/wiki/%E0%A4%9C%E0%A4%9F%E0%A4%BE%E0%A4%AF%E0%A5%81%E0%A4%95%E0%A5%83%E0%A4%A4%E0%A4%B0%E0%A4%BE%E0%A4%AE%E0%A4%B8%E0%A5%8D%E0%A4%A4%E0%A5%8B%E0%A4%A4%E0%A5%8D%E0%A4%B0%E0%A4%AE%E0%A5%8D,
hanūmatkṛtasītārāmastotram,हनूमत्कृतसीतारामस्तोत्रम् - विकिस्रोतः,https://sa.wikisource.org/wiki/%E0%A4%B9%E0%A4%A8%E0%A5%82%E0%A4%AE%E0%A4%A4%E0%A5%8D%E0%A4%95%E0%A5%83%E0%A4%A4%E0%A4%B8%E0%A5%80%E0%A4%A4%E0%A4%BE%E0%A4%B0%E0%A4%BE%E0%A4%AE%E0%A4%B8%E0%A5%8D%E0%A4%A4%E0%A5%8B%E0%A4%A4%E0%A5%8D%E0%A4%B0%E0%A4%AE%E0%A5%8D,
śrīmadānandarāmāyaṇāntargatarāmāṣṭottaraśatanāmāvaliḥ,श्रीमदानन्दरामायणान्तर्गतरामाष्टोत्तरशतनामावलिः - विकिस्रोतः,https://sa.wikisource.org/wiki/%E0%A4%B6%E0%A5%8D%E0%A4%B0%E0%A5%80%E0%A4%AE%E0%A4%A6%E0%A4%BE%E0%A4%A8%E0%A4%A8%E0%A5%8D%E0%A4%A6%E0%A4%B0%E0%A4%BE%E0%A4%AE%E0%A4%BE%E0%A4%AF%E0%A4%A3%E0%A4%BE%E0%A4%A8%E0%A5%8D%E0%A4%A4%E0%A4%B0%E0%A5%8D%E0%A4%97%E0%A4%A4%E0%A4%B0%E0%A4%BE%E0%A4%AE%E0%A4%BE%E0%A4%B7%E0%A5%8D%E0%A4%9F%E0%A5%8B%E0%A4%A4%E0%A5%8D%E0%A4%A4%E0%A4%B0%E0%A4%B6%E0%A4%A4%E0%A4%A8%E0%A4%BE%E0%A4%AE%E0%A4%BE%E0%A4%B5%E0%A4%B2%E0%A4%BF%E0%A4%83,
śrīśatrughnakavacam,श्रीशत्रुघ्नकवचम् - विकिस्रोतः,https://sa.wikisource.org/wiki/%E0%A4%B6%E0%A5%8D%E0%A4%B0%E0%A5%80%E0%A4%B6%E0%A4%A4%E0%A5%8D%E0%A4%B0%E0%A5%81%E0%A4%98%E0%A5%8D%E0%A4%A8%E0%A4%95%E0%A4%B5%E0%A4%9A%E0%A4%AE%E0%A5%8D,
caturviṃśatināmapratipādakacūrṇikā,चतुर्विंशतिनामप्रतिपादकचूर्णिका - विकिस्रोतः,https://sa.wikisource.org/wiki/%E0%A4%9A%E0%A4%A4%E0%A5%81%E0%A4%B0%E0%A5%8D%E0%A4%B5%E0%A4%BF%E0%A4%82%E0%A4%B6%E0%A4%A4%E0%A4%BF%E0%A4%A8%E0%A4%BE%E0%A4%AE%E0%A4%AA%E0%A5%8D%E0%A4%B0%E0%A4%A4%E0%A4%BF%E0%A4%AA%E0%A4%BE%E0%A4%A6%E0%A4%95%E0%A4%9A%E0%A5%82%E0%A4%B0%E0%A5%8D%E0%A4%A3%E0%A4%BF%E0%A4%95%E0%A4%BE,
tvamevabrūhistotram,त्वमेवब्रूहिस्तोत्रम् - विकिस्रोतः,https://sa.wikisource.org/wiki/%E0%A4%A4%E0%A5%8D%E0%A4%B5%E0%A4%AE%E0%A5%87%E0%A4%B5%E0%A4%AC%E0%A5%8D%E0%A4%B0%E0%A5%82%E0%A4%B9%E0%A4%BF%E0%A4%B8%E0%A5%8D%E0%A4%A4%E0%A5%8B%E0%A4%A4%E0%A5%8D%E0%A4%B0%E0%A4%AE%E0%A5%8D,
rāghavayādavīyam,राघवयादवीयम् - विकिस्रोतः,https://sa.wikisource.org/wiki/%E0%A4%B0%E0%A4%BE%E0%A4%98%E0%A4%B5%E0%A4%AF%E0%A4%BE%E0%A4%A6%E0%A4%B5%E0%A5%80%E0%A4%AF%E0%A4%AE%E0%A5%8D,
śrīrāmanāmasaṃkīrtanam,श्रीरामनामसंकीर्तनम् - विकिस्रोतः,https://sa.wikisource.org/wiki/%E0%A4%B6%E0%A5%8D%E0%A4%B0%E0%A5%80%E0%A4%B0%E0%A4%BE%E0%A4%AE%E0%A4%A8%E0%A4%BE%E0%A4%AE%E0%A4%B8%E0%A4%82%E0%A4%95%E0%A5%80%E0%A4%B0%E0%A5%8D%E0%A4%A4%E0%A4%A8%E0%A4%AE%E0%A5%8D,
rāmaṣaṭpadī,रामषट्पदी - विकिस्रोतः,https://sa.wikisource.org/wiki/%E0%A4%B0%E0%A4%BE%E0%A4%AE%E0%A4%B7%E0%A4%9F%E0%A5%8D%E0%A4%AA%E0%A4%A6%E0%A5%80,
śrīrāmasahasranāmastotram,श्रीरामसहस्रनामस्तोत्रम् - विकिस्रोतः,https://sa.wikisource.org/wiki/%E0%A4%B6%E0%A5%8D%E0%A4%B0%E0%A5%80%E0%A4%B0%E0%A4%BE%E0%A4%AE%E0%A4%B8%E0%A4%B9%E0%A4%B8%E0%A5%8D%E0%A4%B0%E0%A4%A8%E0%A4%BE%E0%A4%AE%E0%A4%B8%E0%A5%8D%E0%A4%A4%E0%A5%8B%E0%A4%A4%E0%A5%8D%E0%A4%B0%E0%A4%AE%E0%A5%8D,
śrīmahādevakṛtarāmastotram,श्रीमहादेवकृतरामस्तोत्रम् - विकिस्रोतः,https://sa.wikisource.org/wiki/%E0%A4%B6%E0%A5%8D%E0%A4%B0%E0%A5%80%E0%A4%AE%E0%A4%B9%E0%A4%BE%E0%A4%A6%E0%A5%87%E0%A4%B5%E0%A4%95%E0%A5%83%E0%A4%A4%E0%A4%B0%E0%A4%BE%E0%A4%AE%E0%A4%B8%E0%A5%8D%E0%A4%A4%E0%A5%8B%E0%A4%A4%E0%A5%8D%E0%A4%B0%E0%A4%AE%E0%A5%8D,
śrīsītārāmagītam,श्रीसीतारामगीतम् - विकिस्रोतः,https://sa.wikisource.org/wiki/%E0%A4%B6%E0%A5%8D%E0%A4%B0%E0%A5%80%E0%A4%B8%E0%A5%80%E0%A4%A4%E0%A4%BE%E0%A4%B0%E0%A4%BE%E0%A4%AE%E0%A4%97%E0%A5%80%E0%A4%A4%E0%A4%AE%E0%A5%8D,
śrīrāmāṣṭottaraśatanāmastotram,श्रीरामाष्टोत्तरशतनामस्तोत्रम् - विकिस्रोतः,https://sa.wikisource.org/wiki/%E0%A4%B6%E0%A5%8D%E0%A4%B0%E0%A5%80%E0%A4%B0%E0%A4%BE%E0%A4%AE%E0%A4%BE%E0%A4%B7%E0%A5%8D%E0%A4%9F%E0%A5%8B%E0%A4%A4%E0%A5%8D%E0%A4%A4%E0%A4%B0%E0%A4%B6%E0%A4%A4%E0%A4%A8%E0%A4%BE%E0%A4%AE%E0%A4%B8%E0%A5%8D%E0%A4%A4%E0%A5%8B%E0%A4%A4%E0%A5%8D%E0%A4%B0%E0%A4%AE%E0%A5%8D,
sītāṣṭottaraśatanāmāvaliḥ,सीताष्टोत्तरशतनामावलिः - विकिस्रोतः,https://sa.wikisource.org/wiki/%E0%A4%B8%E0%A5%80%E0%A4%A4%E0%A4%BE%E0%A4%B7%E0%A5%8D%E0%A4%9F%E0%A5%8B%E0%A4%A4%E0%A5%8D%E0%A4%A4%E0%A4%B0%E0%A4%B6%E0%A4%A4%E0%A4%A8%E0%A4%BE%E0%A4%AE%E0%A4%BE%E0%A4%B5%E0%A4%B2%E0%A4%BF%E0%A4%83,
ekaślokirāmāyaṇam,एकश्लोकिरामायणम् - विकिस्रोतः,https://sa.wikisource.org/wiki/%E0%A4%8F%E0%A4%95%E0%A4%B6%E0%A5%8D%E0%A4%B2%E0%A5%8B%E0%A4%95%E0%A4%BF%E0%A4%B0%E0%A4%BE%E0%A4%AE%E0%A4%BE%E0%A4%AF%E0%A4%A3%E0%A4%AE%E0%A5%8D,
nāmarāmāyaṇam,नामरामायणम् - विकिस्रोतः,https://sa.wikisource.org/wiki/%E0%A4%A8%E0%A4%BE%E0%A4%AE%E0%A4%B0%E0%A4%BE%E0%A4%AE%E0%A4%BE%E0%A4%AF%E0%A4%A3%E0%A4%AE%E0%A5%8D,
rāghavāṣṭakam,राघवाष्टकम् - विकिस्रोतः,https://sa.wikisource.org/wiki/%E0%A4%B0%E0%A4%BE%E0%A4%98%E0%A4%B5%E0%A4%BE%E0%A4%B7%E0%A5%8D%E0%A4%9F%E0%A4%95%E0%A4%AE%E0%A5%8D,
śrīrāmaprātaḥsmaraṇam,श्रीरामप्रातःस्मरणम् - विकिस्रोतः,https://sa.wikisource.org/wiki/%E0%A4%B6%E0%A5%8D%E0%A4%B0%E0%A5%80%E0%A4%B0%E0%A4%BE%E0%A4%AE%E0%A4%AA%E0%A5%8D%E0%A4%B0%E0%A4%BE%E0%A4%A4%E0%A4%83%E0%A4%B8%E0%A5%8D%E0%A4%AE%E0%A4%B0%E0%A4%A3%E0%A4%AE%E0%A5%8D,
rāmāṣṭakam,रामाष्टकम् - विकिस्रोतः,https://sa.wikisource.org/wiki/%E0%A4%B0%E0%A4%BE%E0%A4%AE%E0%A4%BE%E0%A4%B7%E0%A5%8D%E0%A4%9F%E0%A4%95%E0%A4%AE%E0%A5%8D,
ahalyākṛtarāmastotram,अहल्याकृतरामस्तोत्रम् - विकिस्रोतः,https://sa.wikisource.org/wiki/%E0%A4%85%E0%A4%B9%E0%A4%B2%E0%A5%8D%E0%A4%AF%E0%A4%BE%E0%A4%95%E0%A5%83%E0%A4%A4%E0%A4%B0%E0%A4%BE%E0%A4%AE%E0%A4%B8%E0%A5%8D%E0%A4%A4%E0%A5%8B%E0%A4%A4%E0%A5%8D%E0%A4%B0%E0%A4%AE%E0%A5%8D,
brahmadevakṛtarāmastutiḥ,ब्रह्मदेवकृतरामस्तुतिः - विकिस्रोतः,https://sa.wikisource.org/wiki/%E0%A4%AC%E0%A5%8D%E0%A4%B0%E0%A4%B9%E0%A5%8D%E0%A4%AE%E0%A4%A6%E0%A5%87%E0%A4%B5%E0%A4%95%E0%A5%83%E0%A4%A4%E0%A4%B0%E0%A4%BE%E0%A4%AE%E0%A4%B8%E0%A5%8D%E0%A4%A4%E0%A5%81%E0%A4%A4%E0%A4%BF%E0%A4%83,
sītārāmāṣṭakam,सीतारामाष्टकम् - विकिस्रोतः,https://sa.wikisource.org/wiki/%E0%A4%B8%E0%A5%80%E0%A4%A4%E0%A4%BE%E0%A4%B0%E0%A4%BE%E0%A4%AE%E0%A4%BE%E0%A4%B7%E0%A5%8D%E0%A4%9F%E0%A4%95%E0%A4%AE%E0%A5%8D,
rāmakavacam,रामकवचम् - विकिस्रोतः,https://sa.wikisource.org/wiki/%E0%A4%B0%E0%A4%BE%E0%A4%AE%E0%A4%95%E0%A4%B5%E0%A4%9A%E0%A4%AE%E0%A5%8D,
śrīsītāṣṭottaraśatanāmastotram,श्रीसीताष्टोत्तरशतनामस्तोत्रम् - विकिस्रोतः,https://sa.wikisource.org/wiki/%E0%A4%B6%E0%A5%8D%E0%A4%B0%E0%A5%80%E0%A4%B8%E0%A5%80%E0%A4%A4%E0%A4%BE%E0%A4%B7%E0%A5%8D%E0%A4%9F%E0%A5%8B%E0%A4%A4%E0%A5%8D%E0%A4%A4%E0%A4%B0%E0%A4%B6%E0%A4%A4%E0%A4%A8%E0%A4%BE%E0%A4%AE%E0%A4%B8%E0%A5%8D%E0%A4%A4%E0%A5%8B%E0%A4%A4%E0%A5%8D%E0%A4%B0%E0%A4%AE%E0%A5%8D,
śaraṇāgatigadyam,शरणागतिगद्यम् - विकिस्रोतः,https://sa.wikisource.org/wiki/%E0%A4%B6%E0%A4%B0%E0%A4%A3%E0%A4%BE%E0%A4%97%E0%A4%A4%E0%A4%BF%E0%A4%97%E0%A4%A6%E0%A5%8D%E0%A4%AF%E0%A4%AE%E0%A5%8D,
manobodhaḥ,मनोबोधः - विकिस्रोतः,https://sa.wikisource.org/wiki/%E0%A4%AE%E0%A4%A8%E0%A5%8B%E0%A4%AC%E0%A5%8B%E0%A4%A7%E0%A4%83,
śrīrāmagītā,श्रीरामगीता - विकिस्रोतः,https://sa.wikisource.org/wiki/%E0%A4%B6%E0%A5%8D%E0%A4%B0%E0%A5%80%E0%A4%B0%E0%A4%BE%E0%A4%AE%E0%A4%97%E0%A5%80%E0%A4%A4%E0%A4%BE,
śrīrāmabhujaṅgaprayātastotram,श्रीरामभुजङ्गप्रयातस्तोत्रम् - विकिस्रोतः,https://sa.wikisource.org/wiki/%E0%A4%B6%E0%A5%8D%E0%A4%B0%E0%A5%80%E0%A4%B0%E0%A4%BE%E0%A4%AE%E0%A4%AD%E0%A5%81%E0%A4%9C%E0%A4%99%E0%A5%8D%E0%A4%97%E0%A4%AA%E0%A5%8D%E0%A4%B0%E0%A4%AF%E0%A4%BE%E0%A4%A4%E0%A4%B8%E0%A5%8D%E0%A4%A4%E0%A5%8B%E0%A4%A4%E0%A5%8D%E0%A4%B0%E0%A4%AE%E0%A5%8D,
śrīrāmāṣṭakam,श्रीरामाष्टकम् - विकिस्रोतः,https://sa.wikisource.org/wiki/%E0%A4%B6%E0%A5%8D%E0%A4%B0%E0%A5%80%E0%A4%B0%E0%A4%BE%E0%A4%AE%E0%A4%BE%E0%A4%B7%E0%A5%8D%E0%A4%9F%E0%A4%95%E0%A4%AE%E0%A5%8D,
indrakṛtaśrīrāmastotram,इन्द्रकृतश्रीरामस्तोत्रम् - विकिस्रोतः,https://sa.wikisource.org/wiki/%E0%A4%87%E0%A4%A8%E0%A5%8D%E0%A4%A6%E0%A5%8D%E0%A4%B0%E0%A4%95%E0%A5%83%E0%A4%A4%E0%A4%B6%E0%A5%8D%E0%A4%B0%E0%A5%80%E0%A4%B0%E0%A4%BE%E0%A4%AE%E0%A4%B8%E0%A5%8D%E0%A4%A4%E0%A5%8B%E0%A4%A4%E0%A5%8D%E0%A4%B0%E0%A4%AE%E0%A5%8D,
śrīrāmahṛdayam,श्रीरामहृदयम् - विकिस्रोतः,https://sa.wikisource.org/wiki/%E0%A4%B6%E0%A5%8D%E0%A4%B0%E0%A5%80%E0%A4%B0%E0%A4%BE%E0%A4%AE%E0%A4%B9%E0%A5%83%E0%A4%A6%E0%A4%AF%E0%A4%AE%E0%A5%8D,
bharatakavacam,भरतकवचम् - विकिस्रोतः,https://sa.wikisource.org/wiki/%E0%A4%AD%E0%A4%B0%E0%A4%A4%E0%A4%95%E0%A4%B5%E0%A4%9A%E0%A4%AE%E0%A5%8D,
śrīlakṣmaṇakavacam,श्रीलक्ष्मणकवचम् - विकिस्रोतः,https://sa.wikisource.org/wiki/%E0%A4%B6%E0%A5%8D%E0%A4%B0%E0%A5%80%E0%A4%B2%E0%A4%95%E0%A5%8D%E0%A4%B7%E0%A5%8D%E0%A4%AE%E0%A4%A3%E0%A4%95%E0%A4%B5%E0%A4%9A%E0%A4%AE%E0%A5%8D,
śrīsītākavacam,श्रीसीताकवचम् - विकिस्रोतः,https://sa.wikisource.org/wiki/%E0%A4%B6%E0%A5%8D%E0%A4%B0%E0%A5%80%E0%A4%B8%E0%A5%80%E0%A4%A4%E0%A4%BE%E0%A4%95%E0%A4%B5%E0%A4%9A%E0%A4%AE%E0%A5%8D,
,,,
Śrīveṃkaṭeśastotrāṇi,,,
śrīveṃkaṭeśakarāvalambastotram,श्रीवेंकटेशकरावलम्बस्तोत्रम् - विकिस्रोतः,https://sa.wikisource.org/wiki/%E0%A4%B6%E0%A5%8D%E0%A4%B0%E0%A5%80%E0%A4%B5%E0%A5%87%E0%A4%82%E0%A4%95%E0%A4%9F%E0%A5%87%E0%A4%B6%E0%A4%95%E0%A4%B0%E0%A4%BE%E0%A4%B5%E0%A4%B2%E0%A4%AE%E0%A5%8D%E0%A4%AC%E0%A4%B8%E0%A5%8D%E0%A4%A4%E0%A5%8B%E0%A4%A4%E0%A5%8D%E0%A4%B0%E0%A4%AE%E0%A5%8D,
śrīveṃkaṭeśasuprabhātam,श्रीवेंकटेशसुप्रभातम् - विकिस्रोतः,https://sa.wikisource.org/wiki/%E0%A4%B6%E0%A5%8D%E0%A4%B0%E0%A5%80%E0%A4%B5%E0%A5%87%E0%A4%82%E0%A4%95%E0%A4%9F%E0%A5%87%E0%A4%B6%E0%A4%B8%E0%A5%81%E0%A4%AA%E0%A5%8D%E0%A4%B0%E0%A4%AD%E0%A4%BE%E0%A4%A4%E0%A4%AE%E0%A5%8D,
śrīveṅkaṭeśamaṅgalaśāsanam,श्रीवेङ्कटेशमङ्गलाशासनम् - विकिस्रोतः,https://sa.wikisource.org/wiki/%E0%A4%B6%E0%A5%8D%E0%A4%B0%E0%A5%80%E0%A4%B5%E0%A5%87%E0%A4%99%E0%A5%8D%E0%A4%95%E0%A4%9F%E0%A5%87%E0%A4%B6%E0%A4%AE%E0%A4%99%E0%A5%8D%E0%A4%97%E0%A4%B2%E0%A4%BE%E0%A4%B6%E0%A4%BE%E0%A4%B8%E0%A4%A8%E0%A4%AE%E0%A5%8D,
śrīveṃkaṭeśastotram,श्रीवेङ्कटेशस्तोत्रम् - विकिस्रोतः,https://sa.wikisource.org/wiki/%E0%A4%B6%E0%A5%8D%E0%A4%B0%E0%A5%80%E0%A4%B5%E0%A5%87%E0%A4%99%E0%A5%8D%E0%A4%95%E0%A4%9F%E0%A5%87%E0%A4%B6%E0%A4%B8%E0%A5%8D%E0%A4%A4%E0%A5%8B%E0%A4%A4%E0%A5%8D%E0%A4%B0%E0%A4%AE%E0%A5%8D,
śrīveṅkaṭeśaprapattiḥ,श्रीवेङ्कटेशप्रपत्तिः - विकिस्रोतः,https://sa.wikisource.org/wiki/%E0%A4%B6%E0%A5%8D%E0%A4%B0%E0%A5%80%E0%A4%B5%E0%A5%87%E0%A4%99%E0%A5%8D%E0%A4%95%E0%A4%9F%E0%A5%87%E0%A4%B6%E0%A4%AA%E0%A5%8D%E0%A4%B0%E0%A4%AA%E0%A4%A4%E0%A5%8D%E0%A4%A4%E0%A4%BF%E0%A4%83,
,,,
Subrahmaṇyastotrāṇi,,,
subrahmaṇyabhujaṅgam,सुब्रह्मण्यभुजङ्गम् - विकिस्रोतः,https://sa.wikisource.org/wiki/%E0%A4%B8%E0%A5%81%E0%A4%AC%E0%A5%8D%E0%A4%B0%E0%A4%B9%E0%A5%8D%E0%A4%AE%E0%A4%A3%E0%A5%8D%E0%A4%AF%E0%A4%AD%E0%A5%81%E0%A4%9C%E0%A4%99%E0%A5%8D%E0%A4%97%E0%A4%AE%E0%A5%8D,
kārtikeyastotram,कार्तिकेयस्तोत्रम् - विकिस्रोतः,https://sa.wikisource.org/wiki/%E0%A4%95%E0%A4%BE%E0%A4%B0%E0%A5%8D%E0%A4%A4%E0%A4%BF%E0%A4%95%E0%A5%87%E0%A4%AF%E0%A4%B8%E0%A5%8D%E0%A4%A4%E0%A5%8B%E0%A4%A4%E0%A5%8D%E0%A4%B0%E0%A4%AE%E0%A5%8D,
,,,
Stotrāṇi,,,
prabodhasudhākaraḥ,प्रबोधसुधाकरः - विकिस्रोतः,https://sa.wikisource.org/wiki/%E0%A4%AA%E0%A5%8D%E0%A4%B0%E0%A4%AC%E0%A5%8B%E0%A4%A7%E0%A4%B8%E0%A5%81%E0%A4%A7%E0%A4%BE%E0%A4%95%E0%A4%B0%E0%A4%83,
agastyāṣṭakam,अगस्त्याष्टकम् - विकिस्रोतः,https://sa.wikisource.org/wiki/%E0%A4%85%E0%A4%97%E0%A4%B8%E0%A5%8D%E0%A4%A4%E0%A5%8D%E0%A4%AF%E0%A4%BE%E0%A4%B7%E0%A5%8D%E0%A4%9F%E0%A4%95%E0%A4%AE%E0%A5%8D,
aghorakaṣṭoddhāraṇastotram,अघोरकष्टोद्धारणस्तोत्रम् - विकिस्रोतः,https://sa.wikisource.org/wiki/%E0%A4%85%E0%A4%98%E0%A5%8B%E0%A4%B0%E0%A4%95%E0%A4%B7%E0%A5%8D%E0%A4%9F%E0%A5%8B%E0%A4%A6%E0%A5%8D%E0%A4%A7%E0%A4%BE%E0%A4%B0%E0%A4%A3%E0%A4%B8%E0%A5%8D%E0%A4%A4%E0%A5%8B%E0%A4%A4%E0%A5%8D%E0%A4%B0%E0%A4%AE%E0%A5%8D,
añjanaśailanāthastotram,अञ्जनशैलनाथस्तोत्रम् - विकिस्रोतः,https://sa.wikisource.org/wiki/%E0%A4%85%E0%A4%9E%E0%A5%8D%E0%A4%9C%E0%A4%A8%E0%A4%B6%E0%A5%88%E0%A4%B2%E0%A4%A8%E0%A4%BE%E0%A4%A5%E0%A4%B8%E0%A5%8D%E0%A4%A4%E0%A5%8B%E0%A4%A4%E0%A5%8D%E0%A4%B0%E0%A4%AE%E0%A5%8D,
aṭṭālasundarāṣṭakam,अट्टालसुन्दराष्टकम् - विकिस्रोतः,https://sa.wikisource.org/wiki/%E0%A4%85%E0%A4%9F%E0%A5%8D%E0%A4%9F%E0%A4%BE%E0%A4%B2%E0%A4%B8%E0%A5%81%E0%A4%A8%E0%A5%8D%E0%A4%A6%E0%A4%B0%E0%A4%BE%E0%A4%B7%E0%A5%8D%E0%A4%9F%E0%A4%95%E0%A4%AE%E0%A5%8D,
advaitaśatakam,अद्वैतशतकम् - विकिस्रोतः,https://sa.wikisource.org/wiki/%E0%A4%85%E0%A4%A6%E0%A5%8D%E0%A4%B5%E0%A5%88%E0%A4%A4%E0%A4%B6%E0%A4%A4%E0%A4%95%E0%A4%AE%E0%A5%8D,
anasūyāstotram,अनसूयास्तोत्रम् - विकिस्रोतः,https://sa.wikisource.org/wiki/%E0%A4%85%E0%A4%A8%E0%A4%B8%E0%A5%82%E0%A4%AF%E0%A4%BE%E0%A4%B8%E0%A5%8D%E0%A4%A4%E0%A5%8B%E0%A4%A4%E0%A5%8D%E0%A4%B0%E0%A4%AE%E0%A5%8D,
aparājitāstotram,अपराजितास्तोत्रम् - विकिस्रोतः,https://sa.wikisource.org/wiki/%E0%A4%85%E0%A4%AA%E0%A4%B0%E0%A4%BE%E0%A4%9C%E0%A4%BF%E0%A4%A4%E0%A4%BE%E0%A4%B8%E0%A5%8D%E0%A4%A4%E0%A5%8B%E0%A4%A4%E0%A5%8D%E0%A4%B0%E0%A4%AE%E0%A5%8D,
abhilāṣāṣṭakam,अभिलाषाष्टकम् - विकिस्रोतः,https://sa.wikisource.org/wiki/%E0%A4%85%E0%A4%AD%E0%A4%BF%E0%A4%B2%E0%A4%BE%E0%A4%B7%E0%A4%BE%E0%A4%B7%E0%A5%8D%E0%A4%9F%E0%A4%95%E0%A4%AE%E0%A5%8D,
amarakaviviracitaikākṣarīkośaḥ,अमरकविविरचित एकाक्षरी-कोशः - विकिस्रोतः,https://sa.wikisource.org/wiki/%E0%A4%85%E0%A4%AE%E0%A4%B0%E0%A4%95%E0%A4%B5%E0%A4%BF%E0%A4%B5%E0%A4%BF%E0%A4%B0%E0%A4%9A%E0%A4%BF%E0%A4%A4_%E0%A4%8F%E0%A4%95%E0%A4%BE%E0%A4%95%E0%A5%8D%E0%A4%B7%E0%A4%B0%E0%A5%80-%E0%A4%95%E0%A5%8B%E0%A4%B6%E0%A4%83,
amoghaśivakavacam,अमोघशिवकवचम् - विकिस्रोतः,https://sa.wikisource.org/wiki/%E0%A4%85%E0%A4%AE%E0%A5%8B%E0%A4%98%E0%A4%B6%E0%A4%BF%E0%A4%B5%E0%A4%95%E0%A4%B5%E0%A4%9A%E0%A4%AE%E0%A5%8D,
ardhanārīnaṭeśvarastotram,अर्धनारी नटेश्वर स्तोत्रम - विकिस्रोतः,https://sa.wikisource.org/wiki/%E0%A4%85%E0%A4%B0%E0%A5%8D%E0%A4%A7%E0%A4%A8%E0%A4%BE%E0%A4%B0%E0%A5%80_%E0%A4%A8%E0%A4%9F%E0%A5%87%E0%A4%B6%E0%A5%8D%E0%A4%B5%E0%A4%B0_%E0%A4%B8%E0%A5%8D%E0%A4%A4%E0%A5%8B%E0%A4%A4%E0%A5%8D%E0%A4%B0%E0%A4%AE,
avadhūtāṣṭakam,अवधूताष्टकम् - विकिस्रोतः,https://sa.wikisource.org/wiki/%E0%A4%85%E0%A4%B5%E0%A4%A7%E0%A5%82%E0%A4%A4%E0%A4%BE%E0%A4%B7%E0%A5%8D%E0%A4%9F%E0%A4%95%E0%A4%AE%E0%A5%8D,
aśvatthastotram,अश्वत्थस्तोत्रम् - विकिस्रोतः,https://sa.wikisource.org/wiki/%E0%A4%85%E0%A4%B6%E0%A5%8D%E0%A4%B5%E0%A4%A4%E0%A5%8D%E0%A4%A5%E0%A4%B8%E0%A5%8D%E0%A4%A4%E0%A5%8B%E0%A4%A4%E0%A5%8D%E0%A4%B0%E0%A4%AE%E0%A5%8D,
aṣṭādaśaśaktipīṭhastotram,अष्टादशशक्तिपीठस्तोत्रम् - विकिस्रोतः,https://sa.wikisource.org/wiki/%E0%A4%85%E0%A4%B7%E0%A5%8D%E0%A4%9F%E0%A4%BE%E0%A4%A6%E0%A4%B6%E0%A4%B6%E0%A4%95%E0%A5%8D%E0%A4%A4%E0%A4%BF%E0%A4%AA%E0%A5%80%E0%A4%A0%E0%A4%B8%E0%A5%8D%E0%A4%A4%E0%A5%8B%E0%A4%A4%E0%A5%8D%E0%A4%B0%E0%A4%AE%E0%A5%8D,
āṃjaneyadvādaśanāmastotram,आंजनेय द्वादशनामस्तोत्रम् - विकिस्रोतः,https://sa.wikisource.org/wiki/%E0%A4%86%E0%A4%82%E0%A4%9C%E0%A4%A8%E0%A5%87%E0%A4%AF_%E0%A4%A6%E0%A5%8D%E0%A4%B5%E0%A4%BE%E0%A4%A6%E0%A4%B6%E0%A4%A8%E0%A4%BE%E0%A4%AE%E0%A4%B8%E0%A5%8D%E0%A4%A4%E0%A5%8B%E0%A4%A4%E0%A5%8D%E0%A4%B0%E0%A4%AE%E0%A5%8D,
āñjaneyasahasranāmastotram,आञ्जनेयसहस्रनामस्तोत्रम् - विकिस्रोतः,https://sa.wikisource.org/wiki/%E0%A4%86%E0%A4%9E%E0%A5%8D%E0%A4%9C%E0%A4%A8%E0%A5%87%E0%A4%AF%E0%A4%B8%E0%A4%B9%E0%A4%B8%E0%A5%8D%E0%A4%B0%E0%A4%A8%E0%A4%BE%E0%A4%AE%E0%A4%B8%E0%A5%8D%E0%A4%A4%E0%A5%8B%E0%A4%A4%E0%A5%8D%E0%A4%B0%E0%A4%AE%E0%A5%8D,
āñjaneyasahasranāmāvaliḥ,आञ्जनेयसहस्रनामावलिः - विकिस्रोतः,https://sa.wikisource.org/wiki/%E0%A4%86%E0%A4%9E%E0%A5%8D%E0%A4%9C%E0%A4%A8%E0%A5%87%E0%A4%AF%E0%A4%B8%E0%A4%B9%E0%A4%B8%E0%A5%8D%E0%A4%B0%E0%A4%A8%E0%A4%BE%E0%A4%AE%E0%A4%BE%E0%A4%B5%E0%A4%B2%E0%A4%BF%E0%A4%83,
ādyāstotram,आद्यास्तोत्रम् - विकिस्रोतः,https://sa.wikisource.org/wiki/%E0%A4%86%E0%A4%A6%E0%A5%8D%E0%A4%AF%E0%A4%BE%E0%A4%B8%E0%A5%8D%E0%A4%A4%E0%A5%8B%E0%A4%A4%E0%A5%8D%E0%A4%B0%E0%A4%AE%E0%A5%8D,
ānandasāgarastavaḥ,आनन्दसागरस्तवः - विकिस्रोतः,https://sa.wikisource.org/wiki/%E0%A4%86%E0%A4%A8%E0%A4%A8%E0%A5%8D%E0%A4%A6%E0%A4%B8%E0%A4%BE%E0%A4%97%E0%A4%B0%E0%A4%B8%E0%A5%8D%E0%A4%A4%E0%A4%B5%E0%A4%83,
ārttatrāṇastotram,आर्त्तत्राणस्तोत्रम् - विकिस्रोतः,https://sa.wikisource.org/wiki/%E0%A4%86%E0%A4%B0%E0%A5%8D%E0%A4%A4%E0%A5%8D%E0%A4%A4%E0%A4%A4%E0%A5%8D%E0%A4%B0%E0%A4%BE%E0%A4%A3%E0%A4%B8%E0%A5%8D%E0%A4%A4%E0%A5%8B%E0%A4%A4%E0%A5%8D%E0%A4%B0%E0%A4%AE%E0%A5%8D,
āśrayāṣṭakam,आश्रयाष्टकम् - विकिस्रोतः,https://sa.wikisource.org/wiki/%E0%A4%86%E0%A4%B6%E0%A5%8D%E0%A4%B0%E0%A4%AF%E0%A4%BE%E0%A4%B7%E0%A5%8D%E0%A4%9F%E0%A4%95%E0%A4%AE%E0%A5%8D,
indrasahasranāmastotram,इन्द्रसहस्रनामस्तोत्रम् - विकिस्रोतः,https://sa.wikisource.org/wiki/%E0%A4%87%E0%A4%A8%E0%A5%8D%E0%A4%A6%E0%A5%8D%E0%A4%B0%E0%A4%B8%E0%A4%B9%E0%A4%B8%E0%A5%8D%E0%A4%B0%E0%A4%A8%E0%A4%BE%E0%A4%AE%E0%A4%B8%E0%A5%8D%E0%A4%A4%E0%A5%8B%E0%A4%A4%E0%A5%8D%E0%A4%B0%E0%A4%AE%E0%A5%8D,
umāsahasranāmastotram,उमासहस्रनामस्तोत्रम् - विकिस्रोतः,https://sa.wikisource.org/wiki/%E0%A4%89%E0%A4%AE%E0%A4%BE%E0%A4%B8%E0%A4%B9%E0%A4%B8%E0%A5%8D%E0%A4%B0%E0%A4%A8%E0%A4%BE%E0%A4%AE%E0%A4%B8%E0%A5%8D%E0%A4%A4%E0%A5%8B%E0%A4%A4%E0%A5%8D%E0%A4%B0%E0%A4%AE%E0%A5%8D,
ekātmatāstotram,एकात्मतास्तोत्रम् - विकिस्रोतः,https://sa.wikisource.org/wiki/%E0%A4%8F%E0%A4%95%E0%A4%BE%E0%A4%A4%E0%A5%8D%E0%A4%AE%E0%A4%A4%E0%A4%BE%E0%A4%B8%E0%A5%8D%E0%A4%A4%E0%A5%8B%E0%A4%A4%E0%A5%8D%E0%A4%B0%E0%A4%AE%E0%A5%8D,
ekādaśamukhahanumatkavacam,एकात्मतास्तोत्रम् - विकिस्रोतः,https://sa.wikisource.org/wiki/%E0%A4%8F%E0%A4%95%E0%A4%BE%E0%A4%A4%E0%A5%8D%E0%A4%AE%E0%A4%A4%E0%A4%BE%E0%A4%B8%E0%A5%8D%E0%A4%A4%E0%A5%8B%E0%A4%A4%E0%A5%8D%E0%A4%B0%E0%A4%AE%E0%A5%8D,
kakārādikālīsahasranāmastotram,ककारादि कालीसहस्रनामस्तोत्रम् - विकिस्रोतः,https://sa.wikisource.org/wiki/%E0%A4%95%E0%A4%95%E0%A4%BE%E0%A4%B0%E0%A4%BE%E0%A4%A6%E0%A4%BF_%E0%A4%95%E0%A4%BE%E0%A4%B2%E0%A5%80%E0%A4%B8%E0%A4%B9%E0%A4%B8%E0%A5%8D%E0%A4%B0%E0%A4%A8%E0%A4%BE%E0%A4%AE%E0%A4%B8%E0%A5%8D%E0%A4%A4%E0%A5%8B%E0%A4%A4%E0%A5%8D%E0%A4%B0%E0%A4%AE%E0%A5%8D,
kakārādikālīśatanāmastotram,ककारादिकालीशतनामस्तोत्रम् - विकिस्रोतः,https://sa.wikisource.org/wiki/%E0%A4%95%E0%A4%95%E0%A4%BE%E0%A4%B0%E0%A4%BE%E0%A4%A6%E0%A4%BF%E0%A4%95%E0%A4%BE%E0%A4%B2%E0%A5%80%E0%A4%B6%E0%A4%A4%E0%A4%A8%E0%A4%BE%E0%A4%AE%E0%A4%B8%E0%A5%8D%E0%A4%A4%E0%A5%8B%E0%A4%A4%E0%A5%8D%E0%A4%B0%E0%A4%AE%E0%A5%8D,
kamalāpatyaṣṭakam,कमलापत्यष्टकम् - विकिस्रोतः,https://sa.wikisource.org/wiki/%E0%A4%95%E0%A4%AE%E0%A4%B2%E0%A4%BE%E0%A4%AA%E0%A4%A4%E0%A5%8D%E0%A4%AF%E0%A4%B7%E0%A5%8D%E0%A4%9F%E0%A4%95%E0%A4%AE%E0%A5%8D,
karadarśanam,करदर्शनम् - विकिस्रोतः,https://sa.wikisource.org/wiki/%E0%A4%95%E0%A4%B0%E0%A4%A6%E0%A4%B0%E0%A5%8D%E0%A4%B6%E0%A4%A8%E0%A4%AE%E0%A5%8D,
kākinyaṣṭottarasahasranāmastotram,काकिन्यष्टोत्तरसहस्रनामस्तोत्रम् - विकिस्रोतः,https://sa.wikisource.org/wiki/%E0%A4%95%E0%A4%BE%E0%A4%95%E0%A4%BF%E0%A4%A8%E0%A5%8D%E0%A4%AF%E0%A4%B7%E0%A5%8D%E0%A4%9F%E0%A5%8B%E0%A4%A4%E0%A5%8D%E0%A4%A4%E0%A4%B0%E0%A4%B8%E0%A4%B9%E0%A4%B8%E0%A5%8D%E0%A4%B0%E0%A4%A8%E0%A4%BE%E0%A4%AE%E0%A4%B8%E0%A5%8D%E0%A4%A4%E0%A5%8B%E0%A4%A4%E0%A5%8D%E0%A4%B0%E0%A4%AE%E0%A5%8D,
kātyāyanyaṣṭakam,कात्यायन्यष्टकम् - विकिस्रोतः,https://sa.wikisource.org/wiki/%E0%A4%95%E0%A4%BE%E0%A4%A4%E0%A5%8D%E0%A4%AF%E0%A4%BE%E0%A4%AF%E0%A4%A8%E0%A5%8D%E0%A4%AF%E0%A4%B7%E0%A5%8D%E0%A4%9F%E0%A4%95%E0%A4%AE%E0%A5%8D,
kālabhairavāṣṭakam,कालभैरवाष्टकम् - विकिस्रोतः,https://sa.wikisource.org/wiki/%E0%A4%95%E0%A4%BE%E0%A4%B2%E0%A4%AD%E0%A5%88%E0%A4%B0%E0%A4%B5%E0%A4%BE%E0%A4%B7%E0%A5%8D%E0%A4%9F%E0%A4%95%E0%A4%AE%E0%A5%8D,
kālīsahasranāmastotram,कालीसहस्रनामस्तोत्रम् - विकिस्रोतः,https://sa.wikisource.org/wiki/%E0%A4%95%E0%A4%BE%E0%A4%B2%E0%A5%80%E0%A4%B8%E0%A4%B9%E0%A4%B8%E0%A5%8D%E0%A4%B0%E0%A4%A8%E0%A4%BE%E0%A4%AE%E0%A4%B8%E0%A5%8D%E0%A4%A4%E0%A5%8B%E0%A4%A4%E0%A5%8D%E0%A4%B0%E0%A4%AE%E0%A5%8D,
kālīsahasranāmastotram (bṛhannīlatantram),कालीसहस्रनामस्तोत्रम् (बृहन्नीलतन्त्रम्) - विकिस्रोतः,https://sa.wikisource.org/wiki/%E0%A4%95%E0%A4%BE%E0%A4%B2%E0%A5%80%E0%A4%B8%E0%A4%B9%E0%A4%B8%E0%A5%8D%E0%A4%B0%E0%A4%A8%E0%A4%BE%E0%A4%AE%E0%A4%B8%E0%A5%8D%E0%A4%A4%E0%A5%8B%E0%A4%A4%E0%A5%8D%E0%A4%B0%E0%A4%AE%E0%A5%8D_(%E0%A4%AC%E0%A5%83%E0%A4%B9%E0%A4%A8%E0%A5%8D%E0%A4%A8%E0%A5%80%E0%A4%B2%E0%A4%A4%E0%A4%A8%E0%A5%8D%E0%A4%A4%E0%A5%8D%E0%A4%B0%E0%A4%AE%E0%A5%8D),
kāśīviśveśvarastotram,काशीविश्वेश्वरस्तोत्रम् - विकिस्रोतः,https://sa.wikisource.org/wiki/%E0%A4%95%E0%A4%BE%E0%A4%B6%E0%A5%80%E0%A4%B5%E0%A4%BF%E0%A4%B6%E0%A5%8D%E0%A4%B5%E0%A5%87%E0%A4%B6%E0%A5%8D%E0%A4%B5%E0%A4%B0%E0%A4%B8%E0%A5%8D%E0%A4%A4%E0%A5%8B%E0%A4%A4%E0%A5%8D%E0%A4%B0%E0%A4%AE%E0%A5%8D,
kirātāṣṭakam,किराताष्टकम् - विकिस्रोतः,https://sa.wikisource.org/wiki/%E0%A4%95%E0%A4%BF%E0%A4%B0%E0%A4%BE%E0%A4%A4%E0%A4%BE%E0%A4%B7%E0%A5%8D%E0%A4%9F%E0%A4%95%E0%A4%AE%E0%A5%8D,
kuṇḍalinīsahasranāmastotram,कुण्डलिनीसहस्रनामस्तोत्रम् - विकिस्रोतः,https://sa.wikisource.org/wiki/%E0%A4%95%E0%A5%81%E0%A4%A3%E0%A5%8D%E0%A4%A1%E0%A4%B2%E0%A4%BF%E0%A4%A8%E0%A5%80%E0%A4%B8%E0%A4%B9%E0%A4%B8%E0%A5%8D%E0%A4%B0%E0%A4%A8%E0%A4%BE%E0%A4%AE%E0%A4%B8%E0%A5%8D%E0%A4%A4%E0%A5%8B%E0%A4%A4%E0%A5%8D%E0%A4%B0%E0%A4%AE%E0%A5%8D,
kumārīsahasranāmastotram,कुमारीसहस्रनामस्तोत्रम् - विकिस्रोतः,https://sa.wikisource.org/wiki/%E0%A4%95%E0%A5%81%E0%A4%AE%E0%A4%BE%E0%A4%B0%E0%A5%80%E0%A4%B8%E0%A4%B9%E0%A4%B8%E0%A5%8D%E0%A4%B0%E0%A4%A8%E0%A4%BE%E0%A4%AE%E0%A4%B8%E0%A5%8D%E0%A4%A4%E0%A5%8B%E0%A4%A4%E0%A5%8D%E0%A4%B0%E0%A4%AE%E0%A5%8D,
kṛṣṇasahasranāmastotram,कृष्णसहस्रनामस्तोत्रम् - विकिस्रोतः,https://sa.wikisource.org/wiki/%E0%A4%95%E0%A5%83%E0%A4%B7%E0%A5%8D%E0%A4%A3%E0%A4%B8%E0%A4%B9%E0%A4%B8%E0%A5%8D%E0%A4%B0%E0%A4%A8%E0%A4%BE%E0%A4%AE%E0%A4%B8%E0%A5%8D%E0%A4%A4%E0%A5%8B%E0%A4%A4%E0%A5%8D%E0%A4%B0%E0%A4%AE%E0%A5%8D,
kṛṣṇasahasranāmastotram (gargasaṃhitā),कृष्णसहस्रनामस्तोत्रम् (गर्गसंहिता) - विकिस्रोतः,https://sa.wikisource.org/wiki/%E0%A4%95%E0%A5%83%E0%A4%B7%E0%A5%8D%E0%A4%A3%E0%A4%B8%E0%A4%B9%E0%A4%B8%E0%A5%8D%E0%A4%B0%E0%A4%A8%E0%A4%BE%E0%A4%AE%E0%A4%B8%E0%A5%8D%E0%A4%A4%E0%A5%8B%E0%A4%A4%E0%A5%8D%E0%A4%B0%E0%A4%AE%E0%A5%8D_(%E0%A4%97%E0%A4%B0%E0%A5%8D%E0%A4%97%E0%A4%B8%E0%A4%82%E0%A4%B9%E0%A4%BF%E0%A4%A4%E0%A4%BE),
kṛṣṇasahasranāmastotram (sātvatatantram),कृष्णसहस्रनामस्तोत्रम् (सात्वततन्त्रम्) - विकिस्रोतः,https://sa.wikisource.org/wiki/%E0%A4%95%E0%A5%83%E0%A4%B7%E0%A5%8D%E0%A4%A3%E0%A4%B8%E0%A4%B9%E0%A4%B8%E0%A5%8D%E0%A4%B0%E0%A4%A8%E0%A4%BE%E0%A4%AE%E0%A4%B8%E0%A5%8D%E0%A4%A4%E0%A5%8B%E0%A4%A4%E0%A5%8D%E0%A4%B0%E0%A4%AE%E0%A5%8D_(%E0%A4%B8%E0%A4%BE%E0%A4%A4%E0%A5%8D%E0%A4%B5%E0%A4%A4%E0%A4%A4%E0%A4%A8%E0%A5%8D%E0%A4%A4%E0%A5%8D%E0%A4%B0%E0%A4%AE%E0%A5%8D),
kaupīnapañcakam,कौपीनपञ्चकम् - विकिस्रोतः,https://sa.wikisource.org/wiki/%E0%A4%95%E0%A5%8C%E0%A4%AA%E0%A5%80%E0%A4%A8%E0%A4%AA%E0%A4%9E%E0%A5%8D%E0%A4%9A%E0%A4%95%E0%A4%AE%E0%A5%8D,
kṣamāprārthanā,क्षमाप्रार्थना - विकिस्रोतः,https://sa.wikisource.org/wiki/%E0%A4%95%E0%A5%8D%E0%A4%B7%E0%A4%AE%E0%A4%BE%E0%A4%AA%E0%A5%8D%E0%A4%B0%E0%A4%BE%E0%A4%B0%E0%A5%8D%E0%A4%A5%E0%A4%A8%E0%A4%BE,
gaṃgāṣṭakam (śaṃkarabhagavatakṛtam),गंगाष्टकम् (शंकरभगवतकृतम्) - विकिस्रोतः,https://sa.wikisource.org/wiki/%E0%A4%97%E0%A4%82%E0%A4%97%E0%A4%BE%E0%A4%B7%E0%A5%8D%E0%A4%9F%E0%A4%95%E0%A4%AE%E0%A5%8D_(%E0%A4%B6%E0%A4%82%E0%A4%95%E0%A4%B0%E0%A4%AD%E0%A4%97%E0%A4%B5%E0%A4%A4%E0%A4%95%E0%A5%83%E0%A4%A4%E0%A4%AE%E0%A5%8D),
gaṅgāṣṭakam (kālidāsakṛtam),गङ्गाष्टकम् (कालिदासकृतम्) - विकिस्रोतः,https://sa.wikisource.org/wiki/%E0%A4%97%E0%A4%99%E0%A5%8D%E0%A4%97%E0%A4%BE%E0%A4%B7%E0%A5%8D%E0%A4%9F%E0%A4%95%E0%A4%AE%E0%A5%8D_(%E0%A4%95%E0%A4%BE%E0%A4%B2%E0%A4%BF%E0%A4%A6%E0%A4%BE%E0%A4%B8%E0%A4%95%E0%A5%83%E0%A4%A4%E0%A4%AE%E0%A5%8D),
gaṅgāṣṭakam (vālmīkikṛtam),गङ्गाष्टकम् (वाल्मीकिकृतम्) - विकिस्रोतः,https://sa.wikisource.org/wiki/%E0%A4%97%E0%A4%99%E0%A5%8D%E0%A4%97%E0%A4%BE%E0%A4%B7%E0%A5%8D%E0%A4%9F%E0%A4%95%E0%A4%AE%E0%A5%8D_(%E0%A4%B5%E0%A4%BE%E0%A4%B2%E0%A5%8D%E0%A4%AE%E0%A5%80%E0%A4%95%E0%A4%BF%E0%A4%95%E0%A5%83%E0%A4%A4%E0%A4%AE%E0%A5%8D),
gaṇapatyatharvaśīrṣam,गणपत्यथर्वशीर्षम् - विकिस्रोतः,https://sa.wikisource.org/wiki/%E0%A4%97%E0%A4%A3%E0%A4%AA%E0%A4%A4%E0%A5%8D%E0%A4%AF%E0%A4%A5%E0%A4%B0%E0%A5%8D%E0%A4%B5%E0%A4%B6%E0%A5%80%E0%A4%B0%E0%A5%8D%E0%A4%B7%E0%A4%AE%E0%A5%8D,
gaṇeśapaṃcaratnastotram,गणेशपंचरत्न स्तोत्रम् - विकिस्रोतः,https://sa.wikisource.org/wiki/%E0%A4%97%E0%A4%A3%E0%A5%87%E0%A4%B6%E0%A4%AA%E0%A4%82%E0%A4%9A%E0%A4%B0%E0%A4%A4%E0%A5%8D%E0%A4%A8_%E0%A4%B8%E0%A5%8D%E0%A4%A4%E0%A5%8B%E0%A4%A4%E0%A5%8D%E0%A4%B0%E0%A4%AE%E0%A5%8D,
gaṇeśāṣṭakam,गणेशाष्टकम् - विकिस्रोतः,https://sa.wikisource.org/wiki/%E0%A4%97%E0%A4%A3%E0%A5%87%E0%A4%B6%E0%A4%BE%E0%A4%B7%E0%A5%8D%E0%A4%9F%E0%A4%95%E0%A4%AE%E0%A5%8D,
gāyatrīmantraḥ,गायत्रीमन्त्रः - विकिस्रोतः,https://sa.wikisource.org/wiki/%E0%A4%97%E0%A4%BE%E0%A4%AF%E0%A4%A4%E0%A5%8D%E0%A4%B0%E0%A5%80%E0%A4%AE%E0%A4%A8%E0%A5%8D%E0%A4%A4%E0%A5%8D%E0%A4%B0%E0%A4%83,
gāyatrīsahasranāmastotram (devībhāgavatam),गायत्रीसहस्रनामस्तोत्रम् (देवीभागवतम्) - विकिस्रोतः,https://sa.wikisource.org/wiki/%E0%A4%97%E0%A4%BE%E0%A4%AF%E0%A4%A4%E0%A5%8D%E0%A4%B0%E0%A5%80%E0%A4%B8%E0%A4%B9%E0%A4%B8%E0%A5%8D%E0%A4%B0%E0%A4%A8%E0%A4%BE%E0%A4%AE%E0%A4%B8%E0%A5%8D%E0%A4%A4%E0%A5%8B%E0%A4%A4%E0%A5%8D%E0%A4%B0%E0%A4%AE%E0%A5%8D_(%E0%A4%A6%E0%A5%87%E0%A4%B5%E0%A5%80%E0%A4%AD%E0%A4%BE%E0%A4%97%E0%A4%B5%E0%A4%A4%E0%A4%AE%E0%A5%8D),
gāyatryaṣṭakam (śaṅkarācāryakṛtam),गायत्र्यष्टकम् (शङ्कराचार्यकृतम्) - विकिस्रोतः,https://sa.wikisource.org/wiki/%E0%A4%97%E0%A4%BE%E0%A4%AF%E0%A4%A4%E0%A5%8D%E0%A4%B0%E0%A5%8D%E0%A4%AF%E0%A4%B7%E0%A5%8D%E0%A4%9F%E0%A4%95%E0%A4%AE%E0%A5%8D_(%E0%A4%B6%E0%A4%99%E0%A5%8D%E0%A4%95%E0%A4%B0%E0%A4%BE%E0%A4%9A%E0%A4%BE%E0%A4%B0%E0%A5%8D%E0%A4%AF%E0%A4%95%E0%A5%83%E0%A4%A4%E0%A4%AE%E0%A5%8D),
godāvarīstotram,गोदावरीस्तोत्रम् - विकिस्रोतः,https://sa.wikisource.org/wiki/%E0%A4%97%E0%A5%8B%E0%A4%A6%E0%A4%BE%E0%A4%B5%E0%A4%B0%E0%A5%80%E0%A4%B8%E0%A5%8D%E0%A4%A4%E0%A5%8B%E0%A4%A4%E0%A5%8D%E0%A4%B0%E0%A4%AE%E0%A5%8D,
gopālasahasranāmastotram,गोपालसहस्रनामस्तोत्रम् - विकिस्रोतः,https://sa.wikisource.org/wiki/%E0%A4%97%E0%A5%8B%E0%A4%AA%E0%A4%BE%E0%A4%B2%E0%A4%B8%E0%A4%B9%E0%A4%B8%E0%A5%8D%E0%A4%B0%E0%A4%A8%E0%A4%BE%E0%A4%AE%E0%A4%B8%E0%A5%8D%E0%A4%A4%E0%A5%8B%E0%A4%A4%E0%A5%8D%E0%A4%B0%E0%A4%AE%E0%A5%8D,
gopālāṣṭakam (paramahaṃsasvāmibrahmānandakṛtam),गोपालाष्टकम् (परमहंसस्वामिब्रह्मानन्दकृतम्) - विकिस्रोतः,https://sa.wikisource.org/wiki/%E0%A4%97%E0%A5%8B%E0%A4%AA%E0%A4%BE%E0%A4%B2%E0%A4%BE%E0%A4%B7%E0%A5%8D%E0%A4%9F%E0%A4%95%E0%A4%AE%E0%A5%8D_(%E0%A4%AA%E0%A4%B0%E0%A4%AE%E0%A4%B9%E0%A4%82%E0%A4%B8%E0%A4%B8%E0%A5%8D%E0%A4%B5%E0%A4%BE%E0%A4%AE%E0%A4%BF%E0%A4%AC%E0%A5%8D%E0%A4%B0%E0%A4%B9%E0%A5%8D%E0%A4%AE%E0%A4%BE%E0%A4%A8%E0%A4%A8%E0%A5%8D%E0%A4%A6%E0%A4%95%E0%A5%83%E0%A4%A4%E0%A4%AE%E0%A5%8D),
gauragaṇoddeśadīpikā,गौरगणोद्देशदीपिका - विकिस्रोतः,https://sa.wikisource.org/wiki/%E0%A4%97%E0%A5%8C%E0%A4%B0%E0%A4%97%E0%A4%A3%E0%A5%8B%E0%A4%A6%E0%A5%8D%E0%A4%A6%E0%A5%87%E0%A4%B6%E0%A4%A6%E0%A5%80%E0%A4%AA%E0%A4%BF%E0%A4%95%E0%A4%BE,
cidambaraṃ śrīnaṭarājastutī,चिदम्बरं श्रीनटराजस्तुती - विकिस्रोतः,https://sa.wikisource.org/wiki/%E0%A4%9A%E0%A4%BF%E0%A4%A6%E0%A4%AE%E0%A5%8D%E0%A4%AC%E0%A4%B0%E0%A4%82_%E0%A4%B6%E0%A5%8D%E0%A4%B0%E0%A5%80%E0%A4%A8%E0%A4%9F%E0%A4%B0%E0%A4%BE%E0%A4%9C%E0%A4%B8%E0%A5%8D%E0%A4%A4%E0%A5%81%E0%A4%A4%E0%A5%80,
chinnamastāsahasranāmastotram,छिन्नमस्तासहस्रनामस्तोत्रम् - विकिस्रोतः,https://sa.wikisource.org/wiki/%E0%A4%9B%E0%A4%BF%E0%A4%A8%E0%A5%8D%E0%A4%A8%E0%A4%AE%E0%A4%B8%E0%A5%8D%E0%A4%A4%E0%A4%BE%E0%A4%B8%E0%A4%B9%E0%A4%B8%E0%A5%8D%E0%A4%B0%E0%A4%A8%E0%A4%BE%E0%A4%AE%E0%A4%B8%E0%A5%8D%E0%A4%A4%E0%A5%8B%E0%A4%A4%E0%A5%8D%E0%A4%B0%E0%A4%AE%E0%A5%8D,
jagannāthasahasranāmastotram,जगन्नाथसहस्रनामस्तोत्रम् - विकिस्रोतः,https://sa.wikisource.org/wiki/%E0%A4%9C%E0%A4%97%E0%A4%A8%E0%A5%8D%E0%A4%A8%E0%A4%BE%E0%A4%A5%E0%A4%B8%E0%A4%B9%E0%A4%B8%E0%A5%8D%E0%A4%B0%E0%A4%A8%E0%A4%BE%E0%A4%AE%E0%A4%B8%E0%A5%8D%E0%A4%A4%E0%A5%8B%E0%A4%A4%E0%A5%8D%E0%A4%B0%E0%A4%AE%E0%A5%8D,
jyotirliṅgam,ज्योतिर्लिङ्गम् - विकिस्रोतः,https://sa.wikisource.org/wiki/%E0%A4%9C%E0%A5%8D%E0%A4%AF%E0%A5%8B%E0%A4%A4%E0%A4%BF%E0%A4%B0%E0%A5%8D%E0%A4%B2%E0%A4%BF%E0%A4%99%E0%A5%8D%E0%A4%97%E0%A4%AE%E0%A5%8D,
tārāsahasranāmastotram,तारासहस्रनामस्तोत्रम् - विकिस्रोतः,https://sa.wikisource.org/wiki/%E0%A4%A4%E0%A4%BE%E0%A4%B0%E0%A4%BE%E0%A4%B8%E0%A4%B9%E0%A4%B8%E0%A5%8D%E0%A4%B0%E0%A4%A8%E0%A4%BE%E0%A4%AE%E0%A4%B8%E0%A5%8D%E0%A4%A4%E0%A5%8B%E0%A4%A4%E0%A5%8D%E0%A4%B0%E0%A4%AE%E0%A5%8D,
tulajāṣṭakam,तुलजाष्टकम् - विकिस्रोतः,https://sa.wikisource.org/wiki/%E0%A4%A4%E0%A5%81%E0%A4%B2%E0%A4%9C%E0%A4%BE%E0%A4%B7%E0%A5%8D%E0%A4%9F%E0%A4%95%E0%A4%AE%E0%A5%8D,
dattalīlāmaṃtra,दत्तलीला मंत्र - विकिस्रोतः,https://sa.wikisource.org/wiki/%E0%A4%A6%E0%A4%A4%E0%A5%8D%E0%A4%A4%E0%A4%B2%E0%A5%80%E0%A4%B2%E0%A4%BE_%E0%A4%AE%E0%A4%82%E0%A4%A4%E0%A5%8D%E0%A4%B0,
dattātreyadvādaśaḥ nāma stotram,दत्तात्रेय द्वादशः नाम स्तोत्रम् - विकिस्रोतः,https://sa.wikisource.org/wiki/%E0%A4%A6%E0%A4%A4%E0%A5%8D%E0%A4%A4%E0%A4%BE%E0%A4%A4%E0%A5%8D%E0%A4%B0%E0%A5%87%E0%A4%AF_%E0%A4%A6%E0%A5%8D%E0%A4%B5%E0%A4%BE%E0%A4%A6%E0%A4%B6%E0%A4%83_%E0%A4%A8%E0%A4%BE%E0%A4%AE_%E0%A4%B8%E0%A5%8D%E0%A4%A4%E0%A5%8B%E0%A4%A4%E0%A5%8D%E0%A4%B0%E0%A4%AE%E0%A5%8D,
devyaparādhakṣamāpanastotram,देव्यपराधक्षमापनस्तोत्रम् - विकिस्रोतः,https://sa.wikisource.org/wiki/%E0%A4%A6%E0%A5%87%E0%A4%B5%E0%A5%8D%E0%A4%AF%E0%A4%AA%E0%A4%B0%E0%A4%BE%E0%A4%A7%E0%A4%95%E0%A5%8D%E0%A4%B7%E0%A4%AE%E0%A4%BE%E0%A4%AA%E0%A4%A8%E0%A4%B8%E0%A5%8D%E0%A4%A4%E0%A5%8B%E0%A4%A4%E0%A5%8D%E0%A4%B0%E0%A4%AE%E0%A5%8D,
dhanalakṣmīstotram,धनलक्ष्मीस्तोत्रम् - विकिस्रोतः,https://sa.wikisource.org/wiki/%E0%A4%A7%E0%A4%A8%E0%A4%B2%E0%A4%95%E0%A5%8D%E0%A4%B7%E0%A5%8D%E0%A4%AE%E0%A5%80%E0%A4%B8%E0%A5%8D%E0%A4%A4%E0%A5%8B%E0%A4%A4%E0%A5%8D%E0%A4%B0%E0%A4%AE%E0%A5%8D,
narmadāṣṭakam,नर्मदाष्टकम् - विकिस्रोतः,https://sa.wikisource.org/wiki/%E0%A4%A8%E0%A4%B0%E0%A5%8D%E0%A4%AE%E0%A4%A6%E0%A4%BE%E0%A4%B7%E0%A5%8D%E0%A4%9F%E0%A4%95%E0%A4%AE%E0%A5%8D,
navanāgastotram,नवनागस्तोत्रम् - विकिस्रोतः,https://sa.wikisource.org/wiki/%E0%A4%A8%E0%A4%B5%E0%A4%A8%E0%A4%BE%E0%A4%97%E0%A4%B8%E0%A5%8D%E0%A4%A4%E0%A5%8B%E0%A4%A4%E0%A5%8D%E0%A4%B0%E0%A4%AE%E0%A5%8D,
nirvāṇamañjarī,निर्वाणमञ्जरी - विकिस्रोतः,https://sa.wikisource.org/wiki/%E0%A4%A8%E0%A4%BF%E0%A4%B0%E0%A5%8D%E0%A4%B5%E0%A4%BE%E0%A4%A3%E0%A4%AE%E0%A4%9E%E0%A5%8D%E0%A4%9C%E0%A4%B0%E0%A5%80,
nirvāṇaṣaṭkam,निर्वाणषट्कम् - विकिस्रोतः,https://sa.wikisource.org/wiki/%E0%A4%A8%E0%A4%BF%E0%A4%B0%E0%A5%8D%E0%A4%B5%E0%A4%BE%E0%A4%A3%E0%A4%B7%E0%A4%9F%E0%A5%8D%E0%A4%95%E0%A4%AE%E0%A5%8D,
nṛsiṃhasarasvatyaṣṭakam,नृसिंहसरस्वत्यष्टकम् - विकिस्रोतः,https://sa.wikisource.org/wiki/%E0%A4%A8%E0%A5%83%E0%A4%B8%E0%A4%BF%E0%A4%82%E0%A4%B9%E0%A4%B8%E0%A4%B0%E0%A4%B8%E0%A5%8D%E0%A4%B5%E0%A4%A4%E0%A5%8D%E0%A4%AF%E0%A4%B7%E0%A5%8D%E0%A4%9F%E0%A4%95%E0%A4%AE%E0%A5%8D,
pañcamukhihanumatkavacam,पञ्चमुखिहनुमत्कवचम् - विकिस्रोतः,https://sa.wikisource.org/wiki/%E0%A4%AA%E0%A4%9E%E0%A5%8D%E0%A4%9A%E0%A4%AE%E0%A5%81%E0%A4%96%E0%A4%BF%E0%A4%B9%E0%A4%A8%E0%A5%81%E0%A4%AE%E0%A4%A4%E0%A5%8D%E0%A4%95%E0%A4%B5%E0%A4%9A%E0%A4%AE%E0%A5%8D,
paraśurāmastotram,परशुरामस्तोत्रम् - विकिस्रोतः,https://sa.wikisource.org/wiki/%E0%A4%AA%E0%A4%B0%E0%A4%B6%E0%A5%81%E0%A4%B0%E0%A4%BE%E0%A4%AE%E0%A4%B8%E0%A5%8D%E0%A4%A4%E0%A5%8B%E0%A4%A4%E0%A5%8D%E0%A4%B0%E0%A4%AE%E0%A5%8D,
puruṣasūktam,पुरुषसूक्तम् - विकिस्रोतः,https://sa.wikisource.org/wiki/%E0%A4%AA%E0%A5%81%E0%A4%B0%E0%A5%81%E0%A4%B7%E0%A4%B8%E0%A5%82%E0%A4%95%E0%A5%8D%E0%A4%A4%E0%A4%AE%E0%A5%8D,
prajñāvivardhanastotra,प्रज्ञाविवर्धन स्तोत्र - विकिस्रोतः,https://sa.wikisource.org/wiki/%E0%A4%AA%E0%A5%8D%E0%A4%B0%E0%A4%9C%E0%A5%8D%E0%A4%9E%E0%A4%BE%E0%A4%B5%E0%A4%BF%E0%A4%B5%E0%A4%B0%E0%A5%8D%E0%A4%A7%E0%A4%A8_%E0%A4%B8%E0%A5%8D%E0%A4%A4%E0%A5%8B%E0%A4%A4%E0%A5%8D%E0%A4%B0,
prātaḥsmaraṇam,प्रात:स्मरणम् - विकिस्रोतः,https://sa.wikisource.org/wiki/%E0%A4%AA%E0%A5%8D%E0%A4%B0%E0%A4%BE%E0%A4%A4:%E0%A4%B8%E0%A5%8D%E0%A4%AE%E0%A4%B0%E0%A4%A3%E0%A4%AE%E0%A5%8D,
brahmānucintanam,ब्रह्मानुचिन्तनम् - विकिस्रोतः,https://sa.wikisource.org/wiki/%E0%A4%AC%E0%A5%8D%E0%A4%B0%E0%A4%B9%E0%A5%8D%E0%A4%AE%E0%A4%BE%E0%A4%A8%E0%A5%81%E0%A4%9A%E0%A4%BF%E0%A4%A8%E0%A5%8D%E0%A4%A4%E0%A4%A8%E0%A4%AE%E0%A5%8D,
bhūmivandanam,भूमिवन्दनम् - विकिस्रोतः,https://sa.wikisource.org/wiki/%E0%A4%AD%E0%A5%82%E0%A4%AE%E0%A4%BF%E0%A4%B5%E0%A4%A8%E0%A5%8D%E0%A4%A6%E0%A4%A8%E0%A4%AE%E0%A5%8D,
manīṣāpañcakam,मनीषापञ्चकम् - विकिस्रोतः,https://sa.wikisource.org/wiki/%E0%A4%AE%E0%A4%A8%E0%A5%80%E0%A4%B7%E0%A4%BE%E0%A4%AA%E0%A4%9E%E0%A5%8D%E0%A4%9A%E0%A4%95%E0%A4%AE%E0%A5%8D,
malhārīkavacam,मल्हारीकवचम् - विकिस्रोतः,https://sa.wikisource.org/wiki/%E0%A4%AE%E0%A4%B2%E0%A5%8D%E0%A4%B9%E0%A4%BE%E0%A4%B0%E0%A5%80%E0%A4%95%E0%A4%B5%E0%A4%9A%E0%A4%AE%E0%A5%8D,
mahāmahimānvitaṃ ādityastotram,महामहिमान्वितं आदित्यस्तोत्रम् - विकिस्रोतः,https://sa.wikisource.org/wiki/%E0%A4%AE%E0%A4%B9%E0%A4%BE%E0%A4%AE%E0%A4%B9%E0%A4%BF%E0%A4%AE%E0%A4%BE%E0%A4%A8%E0%A5%8D%E0%A4%B5%E0%A4%BF%E0%A4%A4%E0%A4%82_%E0%A4%86%E0%A4%A6%E0%A4%BF%E0%A4%A4%E0%A5%8D%E0%A4%AF%E0%A4%B8%E0%A5%8D%E0%A4%A4%E0%A5%8B%E0%A4%A4%E0%A5%8D%E0%A4%B0%E0%A4%AE%E0%A5%8D,
māṃgalyastavaḥ,माङ्गल्यस्तवः - विकिस्रोतः,https://sa.wikisource.org/wiki/%E0%A4%AE%E0%A4%BE%E0%A4%99%E0%A5%8D%E0%A4%97%E0%A4%B2%E0%A5%8D%E0%A4%AF%E0%A4%B8%E0%A5%8D%E0%A4%A4%E0%A4%B5%E0%A4%83,
mānasollāsaḥ,मानसोल्लासः - विकिस्रोतः,https://sa.wikisource.org/wiki/%E0%A4%AE%E0%A4%BE%E0%A4%A8%E0%A4%B8%E0%A5%8B%E0%A4%B2%E0%A5%8D%E0%A4%B2%E0%A4%BE%E0%A4%B8%E0%A4%83,
rudrāṣṭakam,रुद्राष्टकम् - विकिस्रोतः,https://sa.wikisource.org/wiki/%E0%A4%B0%E0%A5%81%E0%A4%A6%E0%A5%8D%E0%A4%B0%E0%A4%BE%E0%A4%B7%E0%A5%8D%E0%A4%9F%E0%A4%95%E0%A4%AE%E0%A5%8D,
lakṣmīślokaḥ,लक्ष्मी श्लोकः - विकिस्रोतः,https://sa.wikisource.org/wiki/%E0%A4%B2%E0%A4%95%E0%A5%8D%E0%A4%B7%E0%A5%8D%E0%A4%AE%E0%A5%80_%E0%A4%B6%E0%A5%8D%E0%A4%B2%E0%A5%8B%E0%A4%95%E0%A4%83,
lakṣmīnārāyaṇastotram,लक्ष्मीनारायणस्तोत्रम् - विकिस्रोतः,https://sa.wikisource.org/wiki/%E0%A4%B2%E0%A4%95%E0%A5%8D%E0%A4%B7%E0%A5%8D%E0%A4%AE%E0%A5%80%E0%A4%A8%E0%A4%BE%E0%A4%B0%E0%A4%BE%E0%A4%AF%E0%A4%A3%E0%A4%B8%E0%A5%8D%E0%A4%A4%E0%A5%8B%E0%A4%A4%E0%A5%8D%E0%A4%B0%E0%A4%AE%E0%A5%8D,
vilomākṣararāmakṛṣṇakāvyam,विलोमाक्षररामकृष्णकाव्यम् - विकिस्रोतः,https://sa.wikisource.org/wiki/%E0%A4%B5%E0%A4%BF%E0%A4%B2%E0%A5%8B%E0%A4%AE%E0%A4%BE%E0%A4%95%E0%A5%8D%E0%A4%B7%E0%A4%B0%E0%A4%B0%E0%A4%BE%E0%A4%AE%E0%A4%95%E0%A5%83%E0%A4%B7%E0%A5%8D%E0%A4%A3%E0%A4%95%E0%A4%BE%E0%A4%B5%E0%A5%8D%E0%A4%AF%E0%A4%AE%E0%A5%8D,
vedasāraśivastotram,वेदसारशिवस्तोत्रम् - विकिस्रोतः,https://sa.wikisource.org/wiki/%E0%A4%B5%E0%A5%87%E0%A4%A6%E0%A4%B8%E0%A4%BE%E0%A4%B0%E0%A4%B6%E0%A4%BF%E0%A4%B5%E0%A4%B8%E0%A5%8D%E0%A4%A4%E0%A5%8B%E0%A4%A4%E0%A5%8D%E0%A4%B0%E0%A4%AE%E0%A5%8D,
dhanyāṣṭaka,धन्याष्टकम् - विकिस्रोतः,https://sa.wikisource.org/wiki/%E0%A4%A7%E0%A4%A8%E0%A5%8D%E0%A4%AF%E0%A4%BE%E0%A4%B7%E0%A5%8D%E0%A4%9F%E0%A4%95%E0%A4%AE%E0%A5%8D,
brahmajñānāvalī,ब्रह्मज्ञानावली - विकिस्रोतः,https://sa.wikisource.org/wiki/%E0%A4%AC%E0%A5%8D%E0%A4%B0%E0%A4%B9%E0%A5%8D%E0%A4%AE%E0%A4%9C%E0%A5%8D%E0%A4%9E%E0%A4%BE%E0%A4%A8%E0%A4%BE%E0%A4%B5%E0%A4%B2%E0%A5%80,
vairāgyapañcakam,वैराग्यपञ्चकम् - विकिस्रोतः,https://sa.wikisource.org/wiki/%E0%A4%B5%E0%A5%88%E0%A4%B0%E0%A4%BE%E0%A4%97%E0%A5%8D%E0%A4%AF%E0%A4%AA%E0%A4%9E%E0%A5%8D%E0%A4%9A%E0%A4%95%E0%A4%AE%E0%A5%8D,
śaṃkarastotram,शंकरस्तोत्रम् - विकिस्रोतः,https://sa.wikisource.org/wiki/%E0%A4%B6%E0%A4%82%E0%A4%95%E0%A4%B0%E0%A4%B8%E0%A5%8D%E0%A4%A4%E0%A5%8B%E0%A4%A4%E0%A5%8D%E0%A4%B0%E0%A4%AE%E0%A5%8D,
śakrādayastuti,शक्रादय स्तुति - विकिस्रोतः,https://sa.wikisource.org/wiki/%E0%A4%B6%E0%A4%95%E0%A5%8D%E0%A4%B0%E0%A4%BE%E0%A4%A6%E0%A4%AF_%E0%A4%B8%E0%A5%8D%E0%A4%A4%E0%A5%81%E0%A4%A4%E0%A4%BF,
śaṅkaracāryāṣṭottarasahasranāmāvaliḥ,शङ्करचार्य अष्टोत्तरसहस्रनामावलिः - विकिस्रोतः,https://sa.wikisource.org/wiki/%E0%A4%B6%E0%A4%99%E0%A5%8D%E0%A4%95%E0%A4%B0%E0%A4%9A%E0%A4%BE%E0%A4%B0%E0%A5%8D%E0%A4%AF_%E0%A4%85%E0%A4%B7%E0%A5%8D%E0%A4%9F%E0%A5%8B%E0%A4%A4%E0%A5%8D%E0%A4%A4%E0%A4%B0%E0%A4%B8%E0%A4%B9%E0%A4%B8%E0%A5%8D%E0%A4%B0%E0%A4%A8%E0%A4%BE%E0%A4%AE%E0%A4%BE%E0%A4%B5%E0%A4%B2%E0%A4%BF%E0%A4%83,
śaṅkarācāryāṣṭottaraśatanāmastotram,शङ्कराचार्याष्टोत्तरशतनामस्तोत्रम् - विकिस्रोतः,https://sa.wikisource.org/wiki/%E0%A4%B6%E0%A4%99%E0%A5%8D%E0%A4%95%E0%A4%B0%E0%A4%BE%E0%A4%9A%E0%A4%BE%E0%A4%B0%E0%A5%8D%E0%A4%AF%E0%A4%BE%E0%A4%B7%E0%A5%8D%E0%A4%9F%E0%A5%8B%E0%A4%A4%E0%A5%8D%E0%A4%A4%E0%A4%B0%E0%A4%B6%E0%A4%A4%E0%A4%A8%E0%A4%BE%E0%A4%AE%E0%A4%B8%E0%A5%8D%E0%A4%A4%E0%A5%8B%E0%A4%A4%E0%A5%8D%E0%A4%B0%E0%A4%AE%E0%A5%8D,
śanimaṃtra,शनि मंत्र - विकिस्रोतः,https://sa.wikisource.org/wiki/%E0%A4%B6%E0%A4%A8%E0%A4%BF_%E0%A4%AE%E0%A4%82%E0%A4%A4%E0%A5%8D%E0%A4%B0,
śanivajrapaṃjarakavacam,शनिवज्रपंजरकवचम् - विकिस्रोतः,https://sa.wikisource.org/wiki/%E0%A4%B6%E0%A4%A8%E0%A4%BF%E0%A4%B5%E0%A4%9C%E0%A5%8D%E0%A4%B0%E0%A4%AA%E0%A4%82%E0%A4%9C%E0%A4%B0%E0%A4%95%E0%A4%B5%E0%A4%9A%E0%A4%AE%E0%A5%8D,
śanistotram,शनिस्तोत्रम् - विकिस्रोतः,https://sa.wikisource.org/wiki/%E0%A4%B6%E0%A4%A8%E0%A4%BF%E0%A4%B8%E0%A5%8D%E0%A4%A4%E0%A5%8B%E0%A4%A4%E0%A5%8D%E0%A4%B0%E0%A4%AE%E0%A5%8D,
śāntimantraḥ,शान्तिमन्त्रः - विकिस्रोतः,https://sa.wikisource.org/wiki/%E0%A4%B6%E0%A4%BE%E0%A4%A8%E0%A5%8D%E0%A4%A4%E0%A4%BF%E0%A4%AE%E0%A4%A8%E0%A5%8D%E0%A4%A4%E0%A5%8D%E0%A4%B0%E0%A4%83,
śābarīkavacam,शाबरीकवचम् - विकिस्रोतः,https://sa.wikisource.org/wiki/%E0%A4%B6%E0%A4%BE%E0%A4%AC%E0%A4%B0%E0%A5%80%E0%A4%95%E0%A4%B5%E0%A4%9A%E0%A4%AE%E0%A5%8D,
śāradāpañcaratnastutiḥ,शारदापञ्चरत्नस्तुतिः - विकिस्रोतः,https://sa.wikisource.org/wiki/%E0%A4%B6%E0%A4%BE%E0%A4%B0%E0%A4%A6%E0%A4%BE%E0%A4%AA%E0%A4%9E%E0%A5%8D%E0%A4%9A%E0%A4%B0%E0%A4%A4%E0%A5%8D%E0%A4%A8%E0%A4%B8%E0%A5%8D%E0%A4%A4%E0%A5%81%E0%A4%A4%E0%A4%BF%E0%A4%83,
śāradābhujaṅgaprayātāṣṭakam,शारदाभुजङ्गप्रयाताष्टकम् - विकिस्रोतः,https://sa.wikisource.org/wiki/%E0%A4%B6%E0%A4%BE%E0%A4%B0%E0%A4%A6%E0%A4%BE%E0%A4%AD%E0%A5%81%E0%A4%9C%E0%A4%99%E0%A5%8D%E0%A4%97%E0%A4%AA%E0%A5%8D%E0%A4%B0%E0%A4%AF%E0%A4%BE%E0%A4%A4%E0%A4%BE%E0%A4%B7%E0%A5%8D%E0%A4%9F%E0%A4%95%E0%A4%AE%E0%A5%8D,
śāradābhujaṅgastotram,शारदाभुजङ्गस्तोत्रम् - विकिस्रोतः,https://sa.wikisource.org/wiki/%E0%A4%B6%E0%A4%BE%E0%A4%B0%E0%A4%A6%E0%A4%BE%E0%A4%AD%E0%A5%81%E0%A4%9C%E0%A4%99%E0%A5%8D%E0%A4%97%E0%A4%B8%E0%A5%8D%E0%A4%A4%E0%A5%8B%E0%A4%A4%E0%A5%8D%E0%A4%B0%E0%A4%AE%E0%A5%8D,
śāradāstavanam,शारदास्तवनम् - विकिस्रोतः,https://sa.wikisource.org/wiki/%E0%A4%B6%E0%A4%BE%E0%A4%B0%E0%A4%A6%E0%A4%BE%E0%A4%B8%E0%A5%8D%E0%A4%A4%E0%A4%B5%E0%A4%A8%E0%A4%AE%E0%A5%8D,
śikṣāṣṭakam,शिक्षाष्टकम् - विकिस्रोतः,https://sa.wikisource.org/wiki/%E0%A4%B6%E0%A4%BF%E0%A4%95%E0%A5%8D%E0%A4%B7%E0%A4%BE%E0%A4%B7%E0%A5%8D%E0%A4%9F%E0%A4%95%E0%A4%AE%E0%A5%8D,
śivāratī,शिव आरती - विकिस्रोतः,https://sa.wikisource.org/wiki/%E0%A4%B6%E0%A4%BF%E0%A4%B5_%E0%A4%86%E0%A4%B0%E0%A4%A4%E0%A5%80,
śivatāṇḍavastotram,शिवताण्डवस्तोत्रम् - विकिस्रोतः,https://sa.wikisource.org/wiki/%E0%A4%B6%E0%A4%BF%E0%A4%B5%E0%A4%A4%E0%A4%BE%E0%A4%A3%E0%A5%8D%E0%A4%A1%E0%A4%B5%E0%A4%B8%E0%A5%8D%E0%A4%A4%E0%A5%8B%E0%A4%A4%E0%A5%8D%E0%A4%B0%E0%A4%AE%E0%A5%8D,
śivabhujaṅgam,शिवभुजङ्गम् - विकिस्रोतः,https://sa.wikisource.org/wiki/%E0%A4%B6%E0%A4%BF%E0%A4%B5%E0%A4%AD%E0%A5%81%E0%A4%9C%E0%A4%99%E0%A5%8D%E0%A4%97%E0%A4%AE%E0%A5%8D,
śivamānasapūjā,शिवमानसपूजा - विकिस्रोतः,https://sa.wikisource.org/wiki/%E0%A4%B6%E0%A4%BF%E0%A4%B5%E0%A4%AE%E0%A4%BE%E0%A4%A8%E0%A4%B8%E0%A4%AA%E0%A5%82%E0%A4%9C%E0%A4%BE,
śivaṣaḍākṣarastotram,शिवषडाक्षरस्तोत्रम् - विकिस्रोतः,https://sa.wikisource.org/wiki/%E0%A4%B6%E0%A4%BF%E0%A4%B5%E0%A4%B7%E0%A4%A1%E0%A4%BE%E0%A4%95%E0%A5%8D%E0%A4%B7%E0%A4%B0%E0%A4%B8%E0%A5%8D%E0%A4%A4%E0%A5%8B%E0%A4%A4%E0%A5%8D%E0%A4%B0%E0%A4%AE%E0%A5%8D,
śryāñjaneyasahasranāmastotram,श्री आञ्जनेय सहस्रनामस्तोत्रम् - विकिस्रोतः,https://sa.wikisource.org/wiki/%E0%A4%B6%E0%A5%8D%E0%A4%B0%E0%A5%80_%E0%A4%86%E0%A4%9E%E0%A5%8D%E0%A4%9C%E0%A4%A8%E0%A5%87%E0%A4%AF_%E0%A4%B8%E0%A4%B9%E0%A4%B8%E0%A5%8D%E0%A4%B0%E0%A4%A8%E0%A4%BE%E0%A4%AE%E0%A4%B8%E0%A5%8D%E0%A4%A4%E0%A5%8B%E0%A4%A4%E0%A5%8D%E0%A4%B0%E0%A4%AE%E0%A5%8D,
śryādimātāśubhanāśinīstavanam,श्री आदिमाता अशुभनाशिनी स्तवनम् - विकिस्रोतः,https://sa.wikisource.org/wiki/%E0%A4%B6%E0%A5%8D%E0%A4%B0%E0%A5%80_%E0%A4%86%E0%A4%A6%E0%A4%BF%E0%A4%AE%E0%A4%BE%E0%A4%A4%E0%A4%BE_%E0%A4%85%E0%A4%B6%E0%A5%81%E0%A4%AD%E0%A4%A8%E0%A4%BE%E0%A4%B6%E0%A4%BF%E0%A4%A8%E0%A5%80_%E0%A4%B8%E0%A5%8D%E0%A4%A4%E0%A4%B5%E0%A4%A8%E0%A4%AE%E0%A5%8D,
śryādimātāśubhaṃkarāstavanam,श्री आदिमाता शुभंकरा स्तवनम् - विकिस्रोतः,https://sa.wikisource.org/wiki/%E0%A4%B6%E0%A5%8D%E0%A4%B0%E0%A5%80_%E0%A4%86%E0%A4%A6%E0%A4%BF%E0%A4%AE%E0%A4%BE%E0%A4%A4%E0%A4%BE_%E0%A4%B6%E0%A5%81%E0%A4%AD%E0%A4%82%E0%A4%95%E0%A4%B0%E0%A4%BE_%E0%A4%B8%E0%A5%8D%E0%A4%A4%E0%A4%B5%E0%A4%A8%E0%A4%AE%E0%A5%8D,
śrīgaṇeśastuti,श्री गणेश स्तुति - विकिस्रोतः,https://sa.wikisource.org/wiki/%E0%A4%B6%E0%A5%8D%E0%A4%B0%E0%A5%80_%E0%A4%97%E0%A4%A3%E0%A5%87%E0%A4%B6_%E0%A4%B8%E0%A5%8D%E0%A4%A4%E0%A5%81%E0%A4%A4%E0%A4%BF,
śrīdurgāsaptaśatīsāra,श्री दुर्गासप्तशती सार - विकिस्रोतः,https://sa.wikisource.org/wiki/%E0%A4%B6%E0%A5%8D%E0%A4%B0%E0%A5%80_%E0%A4%A6%E0%A5%81%E0%A4%B0%E0%A5%8D%E0%A4%97%E0%A4%BE%E0%A4%B8%E0%A4%AA%E0%A5%8D%E0%A4%A4%E0%A4%B6%E0%A4%A4%E0%A5%80_%E0%A4%B8%E0%A4%BE%E0%A4%B0,
śrīviṣṇupurāṇameṃkathitendradvārākṛtaśrīlakṣmīstuti,श्री विष्णु पुराण में कथित इन्द्र द्वारा कृत श्री लक्ष्मी स्तुति - विकिस्रोतः,https://sa.wikisource.org/wiki/%E0%A4%B6%E0%A5%8D%E0%A4%B0%E0%A5%80_%E0%A4%B5%E0%A4%BF%E0%A4%B7%E0%A5%8D%E0%A4%A3%E0%A5%81_%E0%A4%AA%E0%A5%81%E0%A4%B0%E0%A4%BE%E0%A4%A3_%E0%A4%AE%E0%A5%87%E0%A4%82_%E0%A4%95%E0%A4%A5%E0%A4%BF%E0%A4%A4_%E0%A4%87%E0%A4%A8%E0%A5%8D%E0%A4%A6%E0%A5%8D%E0%A4%B0_%E0%A4%A6%E0%A5%8D%E0%A4%B5%E0%A4%BE%E0%A4%B0%E0%A4%BE_%E0%A4%95%E0%A5%83%E0%A4%A4_%E0%A4%B6%E0%A5%8D%E0%A4%B0%E0%A5%80_%E0%A4%B2%E0%A4%95%E0%A5%8D%E0%A4%B7%E0%A5%8D%E0%A4%AE%E0%A5%80_%E0%A4%B8%E0%A5%8D%E0%A4%A4%E0%A5%81%E0%A4%A4%E0%A4%BF,
śrīsubrahmaṇyasahasranāmastotram,श्री सुब्रह्मण्य भुजङ्गम् - विकिस्रोतः,https://sa.wikisource.org/wiki/%E0%A4%B6%E0%A5%8D%E0%A4%B0%E0%A5%80_%E0%A4%B8%E0%A5%81%E0%A4%AC%E0%A5%8D%E0%A4%B0%E0%A4%B9%E0%A5%8D%E0%A4%AE%E0%A4%A3%E0%A5%8D%E0%A4%AF_%E0%A4%AD%E0%A5%81%E0%A4%9C%E0%A4%99%E0%A5%8D%E0%A4%97%E0%A4%AE%E0%A5%8D,
śrīsubrahmaṇyastotram,श्री सुब्रह्मण्य स्तोत्रम् - विकिस्रोतः,https://sa.wikisource.org/wiki/%E0%A4%B6%E0%A5%8D%E0%A4%B0%E0%A5%80_%E0%A4%B8%E0%A5%81%E0%A4%AC%E0%A5%8D%E0%A4%B0%E0%A4%B9%E0%A5%8D%E0%A4%AE%E0%A4%A3%E0%A5%8D%E0%A4%AF_%E0%A4%B8%E0%A5%8D%E0%A4%A4%E0%A5%8B%E0%A4%A4%E0%A5%8D%E0%A4%B0%E0%A4%AE%E0%A5%8D,
śrīsubrahmaṇyapañcaratnam,श्री सुब्रह्मण्यपञ्चरत्नम् - विकिस्रोतः,https://sa.wikisource.org/wiki/%E0%A4%B6%E0%A5%8D%E0%A4%B0%E0%A5%80_%E0%A4%B8%E0%A5%81%E0%A4%AC%E0%A5%8D%E0%A4%B0%E0%A4%B9%E0%A5%8D%E0%A4%AE%E0%A4%A3%E0%A5%8D%E0%A4%AF%E0%A4%AA%E0%A4%9E%E0%A5%8D%E0%A4%9A%E0%A4%B0%E0%A4%A4%E0%A5%8D%E0%A4%A8%E0%A4%AE%E0%A5%8D,
śrīsūktam,श्री सूक्तम् - विकिस्रोतः,https://sa.wikisource.org/wiki/%E0%A4%B6%E0%A5%8D%E0%A4%B0%E0%A5%80_%E0%A4%B8%E0%A5%82%E0%A4%95%E0%A5%8D%E0%A4%A4%E0%A4%AE%E0%A5%8D,
śryaṅgārakāṣṭottaraśatanāmastotram,श्रीअङ्गारकाष्टोत्तरशतनामस्तोत्रम् - विकिस्रोतः,https://sa.wikisource.org/wiki/%E0%A4%B6%E0%A5%8D%E0%A4%B0%E0%A5%80%E0%A4%85%E0%A4%99%E0%A5%8D%E0%A4%97%E0%A4%BE%E0%A4%B0%E0%A4%95%E0%A4%BE%E0%A4%B7%E0%A5%8D%E0%A4%9F%E0%A5%8B%E0%A4%A4%E0%A5%8D%E0%A4%A4%E0%A4%B0%E0%A4%B6%E0%A4%A4%E0%A4%A8%E0%A4%BE%E0%A4%AE%E0%A4%B8%E0%A5%8D%E0%A4%A4%E0%A5%8B%E0%A4%A4%E0%A5%8D%E0%A4%B0%E0%A4%AE%E0%A5%8D,
śrīkamalajadayitāṣṭakam,श्रीकमलजदयिताष्टकम् - विकिस्रोतः,https://sa.wikisource.org/wiki/%E0%A4%B6%E0%A5%8D%E0%A4%B0%E0%A5%80%E0%A4%95%E0%A4%AE%E0%A4%B2%E0%A4%9C%E0%A4%A6%E0%A4%AF%E0%A4%BF%E0%A4%A4%E0%A4%BE%E0%A4%B7%E0%A5%8D%E0%A4%9F%E0%A4%95%E0%A4%AE%E0%A5%8D,
śrīkamalākavacam,श्रीकमलाकवचम् - विकिस्रोतः,https://sa.wikisource.org/wiki/%E0%A4%B6%E0%A5%8D%E0%A4%B0%E0%A5%80%E0%A4%95%E0%A4%AE%E0%A4%B2%E0%A4%BE%E0%A4%95%E0%A4%B5%E0%A4%9A%E0%A4%AE%E0%A5%8D,
śrīkṛṣṇacaitanyasahasranāmastotram,श्रीकृष्णचैतन्यसहस्रनामस्तोत्रम् - विकिस्रोतः,https://sa.wikisource.org/wiki/%E0%A4%B6%E0%A5%8D%E0%A4%B0%E0%A5%80%E0%A4%95%E0%A5%83%E0%A4%B7%E0%A5%8D%E0%A4%A3%E0%A4%9A%E0%A5%88%E0%A4%A4%E0%A4%A8%E0%A5%8D%E0%A4%AF%E0%A4%B8%E0%A4%B9%E0%A4%B8%E0%A5%8D%E0%A4%B0%E0%A4%A8%E0%A4%BE%E0%A4%AE%E0%A4%B8%E0%A5%8D%E0%A4%A4%E0%A5%8B%E0%A4%A4%E0%A5%8D%E0%A4%B0%E0%A4%AE%E0%A5%8D,
śrīkṛṣṇalīlāmṛtam,श्रीकृष्णलीलामृतम् - विकिस्रोतः,https://sa.wikisource.org/wiki/%E0%A4%B6%E0%A5%8D%E0%A4%B0%E0%A5%80%E0%A4%95%E0%A5%83%E0%A4%B7%E0%A5%8D%E0%A4%A3%E0%A4%B2%E0%A5%80%E0%A4%B2%E0%A4%BE%E0%A4%AE%E0%A5%83%E0%A4%A4%E0%A4%AE%E0%A5%8D,
śrīgaṇapatistotram,श्रीगणपतिस्तोत्रम् - विकिस्रोतः,https://sa.wikisource.org/wiki/%E0%A4%B6%E0%A5%8D%E0%A4%B0%E0%A5%80%E0%A4%97%E0%A4%A3%E0%A4%AA%E0%A4%A4%E0%A4%BF%E0%A4%B8%E0%A5%8D%E0%A4%A4%E0%A5%8B%E0%A4%A4%E0%A5%8D%E0%A4%B0%E0%A4%AE%E0%A5%8D,
śrīgaṇeśāṣṭotaranāmāvalī,श्रीगणेश-अष्टोतरनामावली - विकिस्रोतः,https://sa.wikisource.org/wiki/%E0%A4%B6%E0%A5%8D%E0%A4%B0%E0%A5%80%E0%A4%97%E0%A4%A3%E0%A5%87%E0%A4%B6-%E0%A4%85%E0%A4%B7%E0%A5%8D%E0%A4%9F%E0%A5%8B%E0%A4%A4%E0%A4%B0%E0%A4%A8%E0%A4%BE%E0%A4%AE%E0%A4%BE%E0%A4%B5%E0%A4%B2%E0%A5%80,
śrīgāyatrīśāpavimocanam,श्रीगायत्रीशापविमोचनम् - विकिस्रोतः,https://sa.wikisource.org/wiki/%E0%A4%B6%E0%A5%8D%E0%A4%B0%E0%A5%80%E0%A4%97%E0%A4%BE%E0%A4%AF%E0%A4%A4%E0%A5%8D%E0%A4%B0%E0%A5%80%E0%A4%B6%E0%A4%BE%E0%A4%AA%E0%A4%B5%E0%A4%BF%E0%A4%AE%E0%A5%8B%E0%A4%9A%E0%A4%A8%E0%A4%AE%E0%A5%8D,
śrīgāyatrīsahasranāmastotram,श्रीगायत्रीसहस्रनामस्तोत्रम् - विकिस्रोतः,https://sa.wikisource.org/wiki/%E0%A4%B6%E0%A5%8D%E0%A4%B0%E0%A5%80%E0%A4%97%E0%A4%BE%E0%A4%AF%E0%A4%A4%E0%A5%8D%E0%A4%B0%E0%A5%80%E0%A4%B8%E0%A4%B9%E0%A4%B8%E0%A5%8D%E0%A4%B0%E0%A4%A8%E0%A4%BE%E0%A4%AE%E0%A4%B8%E0%A5%8D%E0%A4%A4%E0%A5%8B%E0%A4%A4%E0%A5%8D%E0%A4%B0%E0%A4%AE%E0%A5%8D,
śrījagadambikāstotram,श्रीजगदम्बिकास्तोत्रम् - विकिस्रोतः,https://sa.wikisource.org/wiki/%E0%A4%B6%E0%A5%8D%E0%A4%B0%E0%A5%80%E0%A4%9C%E0%A4%97%E0%A4%A6%E0%A4%AE%E0%A5%8D%E0%A4%AC%E0%A4%BF%E0%A4%95%E0%A4%BE%E0%A4%B8%E0%A5%8D%E0%A4%A4%E0%A5%8B%E0%A4%A4%E0%A5%8D%E0%A4%B0%E0%A4%AE%E0%A5%8D,
śrījñāneśvarastotram,श्रीज्ञानेश्वरस्तोत्रम् - विकिस्रोतः,https://sa.wikisource.org/wiki/%E0%A4%B6%E0%A5%8D%E0%A4%B0%E0%A5%80%E0%A4%9C%E0%A5%8D%E0%A4%9E%E0%A4%BE%E0%A4%A8%E0%A5%87%E0%A4%B6%E0%A5%8D%E0%A4%B5%E0%A4%B0%E0%A4%B8%E0%A5%8D%E0%A4%A4%E0%A5%8B%E0%A4%A4%E0%A5%8D%E0%A4%B0%E0%A4%AE%E0%A5%8D,
śrīdattātreyastutiḥ,श्रीदत्तात्रेयस्तुतिः - विकिस्रोतः,https://sa.wikisource.org/wiki/%E0%A4%B6%E0%A5%8D%E0%A4%B0%E0%A5%80%E0%A4%A6%E0%A4%A4%E0%A5%8D%E0%A4%A4%E0%A4%BE%E0%A4%A4%E0%A5%8D%E0%A4%B0%E0%A5%87%E0%A4%AF%E0%A4%B8%E0%A5%8D%E0%A4%A4%E0%A5%81%E0%A4%A4%E0%A4%BF%E0%A4%83,
śrīdattātreyastotram,श्रीदत्तात्रेयस्तोत्रम् - विकिस्रोतः,https://sa.wikisource.org/wiki/%E0%A4%B6%E0%A5%8D%E0%A4%B0%E0%A5%80%E0%A4%A6%E0%A4%A4%E0%A5%8D%E0%A4%A4%E0%A4%BE%E0%A4%A4%E0%A5%8D%E0%A4%B0%E0%A5%87%E0%A4%AF%E0%A4%B8%E0%A5%8D%E0%A4%A4%E0%A5%8B%E0%A4%A4%E0%A5%8D%E0%A4%B0%E0%A4%AE%E0%A5%8D,
śrīdevyatharvaśīrṣam,श्रीदेव्यथर्वशीर्षम् - विकिस्रोतः,https://sa.wikisource.org/wiki/%E0%A4%B6%E0%A5%8D%E0%A4%B0%E0%A5%80%E0%A4%A6%E0%A5%87%E0%A4%B5%E0%A5%8D%E0%A4%AF%E0%A4%A5%E0%A4%B0%E0%A5%8D%E0%A4%B5%E0%A4%B6%E0%A5%80%E0%A4%B0%E0%A5%8D%E0%A4%B7%E0%A4%AE%E0%A5%8D,
śrīnṛsiṃhasarasvatīprārthanāṣṭakam,श्रीनृसिंहसरस्वतीप्रार्थनाष्टकम् - विकिस्रोतः,https://sa.wikisource.org/wiki/%E0%A4%B6%E0%A5%8D%E0%A4%B0%E0%A5%80%E0%A4%A8%E0%A5%83%E0%A4%B8%E0%A4%BF%E0%A4%82%E0%A4%B9%E0%A4%B8%E0%A4%B0%E0%A4%B8%E0%A5%8D%E0%A4%B5%E0%A4%A4%E0%A5%80%E0%A4%AA%E0%A5%8D%E0%A4%B0%E0%A4%BE%E0%A4%B0%E0%A5%8D%E0%A4%A5%E0%A4%A8%E0%A4%BE%E0%A4%B7%E0%A5%8D%E0%A4%9F%E0%A4%95%E0%A4%AE%E0%A5%8D,
śrībilvāṣṭakam,श्रीबिल्वाष्टकम् - विकिस्रोतः,https://sa.wikisource.org/wiki/%E0%A4%B6%E0%A5%8D%E0%A4%B0%E0%A5%80%E0%A4%AC%E0%A4%BF%E0%A4%B2%E0%A5%8D%E0%A4%B5%E0%A4%BE%E0%A4%B7%E0%A5%8D%E0%A4%9F%E0%A4%95%E0%A4%AE%E0%A5%8D,
śrībhavānyaṣṭakam,श्रीभवान्यष्टकम् - विकिस्रोतः,https://sa.wikisource.org/wiki/%E0%A4%B6%E0%A5%8D%E0%A4%B0%E0%A5%80%E0%A4%AD%E0%A4%B5%E0%A4%BE%E0%A4%A8%E0%A5%8D%E0%A4%AF%E0%A4%B7%E0%A5%8D%E0%A4%9F%E0%A4%95%E0%A4%AE%E0%A5%8D,
śrīmacchaṅkarācāryakṛtaṃ śrīkṛṣṇāṣṭakam,श्रीमच्छङ्कराचार्यकृतं श्रीकृष्णाष्टकम् - विकिस्रोतः,https://sa.wikisource.org/wiki/%E0%A4%B6%E0%A5%8D%E0%A4%B0%E0%A5%80%E0%A4%AE%E0%A4%9A%E0%A5%8D%E0%A4%9B%E0%A4%99%E0%A5%8D%E0%A4%95%E0%A4%B0%E0%A4%BE%E0%A4%9A%E0%A4%BE%E0%A4%B0%E0%A5%8D%E0%A4%AF%E0%A4%95%E0%A5%83%E0%A4%A4%E0%A4%82_%E0%A4%B6%E0%A5%8D%E0%A4%B0%E0%A5%80%E0%A4%95%E0%A5%83%E0%A4%B7%E0%A5%8D%E0%A4%A3%E0%A4%BE%E0%A4%B7%E0%A5%8D%E0%A4%9F%E0%A4%95%E0%A4%AE%E0%A5%8D,
śrīmadāñjaneyāṣṭottaraśatanāmastotram kālikārahasyataḥ,श्रीमदाञ्जनेयाष्टोत्तरशतनामस्तोत्रम् कालिकारहस्यतः - विकिस्रोतः,https://sa.wikisource.org/wiki/%E0%A4%B6%E0%A5%8D%E0%A4%B0%E0%A5%80%E0%A4%AE%E0%A4%A6%E0%A4%BE%E0%A4%9E%E0%A5%8D%E0%A4%9C%E0%A4%A8%E0%A5%87%E0%A4%AF%E0%A4%BE%E0%A4%B7%E0%A5%8D%E0%A4%9F%E0%A5%8B%E0%A4%A4%E0%A5%8D%E0%A4%A4%E0%A4%B0%E0%A4%B6%E0%A4%A4%E0%A4%A8%E0%A4%BE%E0%A4%AE%E0%A4%B8%E0%A5%8D%E0%A4%A4%E0%A5%8B%E0%A4%A4%E0%A5%8D%E0%A4%B0%E0%A4%AE%E0%A5%8D_%E0%A4%95%E0%A4%BE%E0%A4%B2%E0%A4%BF%E0%A4%95%E0%A4%BE%E0%A4%B0%E0%A4%B9%E0%A4%B8%E0%A5%8D%E0%A4%AF%E0%A4%A4%E0%A4%83,
śrīrādhākavacam,श्रीराधाकवचम् - विकिस्रोतः,https://sa.wikisource.org/wiki/%E0%A4%B6%E0%A5%8D%E0%A4%B0%E0%A5%80%E0%A4%B0%E0%A4%BE%E0%A4%A7%E0%A4%BE%E0%A4%95%E0%A4%B5%E0%A4%9A%E0%A4%AE%E0%A5%8D,
śrīrādhākṛṣṇasahasranāmastotram,श्रीराधाकृष्णसहस्रनामस्तोत्रम् - विकिस्रोतः,https://sa.wikisource.org/wiki/%E0%A4%B6%E0%A5%8D%E0%A4%B0%E0%A5%80%E0%A4%B0%E0%A4%BE%E0%A4%A7%E0%A4%BE%E0%A4%95%E0%A5%83%E0%A4%B7%E0%A5%8D%E0%A4%A3%E0%A4%B8%E0%A4%B9%E0%A4%B8%E0%A5%8D%E0%A4%B0%E0%A4%A8%E0%A4%BE%E0%A4%AE%E0%A4%B8%E0%A5%8D%E0%A4%A4%E0%A5%8B%E0%A4%A4%E0%A5%8D%E0%A4%B0%E0%A4%AE%E0%A5%8D,
śrīrāmacaṃdrastotram,श्रीरामचंद्रस्तोत्रम् - विकिस्रोतः,https://sa.wikisource.org/wiki/%E0%A4%B6%E0%A5%8D%E0%A4%B0%E0%A5%80%E0%A4%B0%E0%A4%BE%E0%A4%AE%E0%A4%9A%E0%A4%82%E0%A4%A6%E0%A5%8D%E0%A4%B0%E0%A4%B8%E0%A5%8D%E0%A4%A4%E0%A5%8B%E0%A4%A4%E0%A5%8D%E0%A4%B0%E0%A4%AE%E0%A5%8D,
śrīrāmarakṣāstotram,श्रीरामरक्षास्तोत्रम् - विकिस्रोतः,https://sa.wikisource.org/wiki/%E0%A4%B6%E0%A5%8D%E0%A4%B0%E0%A5%80%E0%A4%B0%E0%A4%BE%E0%A4%AE%E0%A4%B0%E0%A4%95%E0%A5%8D%E0%A4%B7%E0%A4%BE%E0%A4%B8%E0%A5%8D%E0%A4%A4%E0%A5%8B%E0%A4%A4%E0%A5%8D%E0%A4%B0%E0%A4%AE%E0%A5%8D,
śrīreṇukāstotram,श्रीरेणुकास्तोत्रम् - विकिस्रोतः,https://sa.wikisource.org/wiki/%E0%A4%B6%E0%A5%8D%E0%A4%B0%E0%A5%80%E0%A4%B0%E0%A5%87%E0%A4%A3%E0%A5%81%E0%A4%95%E0%A4%BE%E0%A4%B8%E0%A5%8D%E0%A4%A4%E0%A5%8B%E0%A4%A4%E0%A5%8D%E0%A4%B0%E0%A4%AE%E0%A5%8D,
śrīvallabhācāryakṛtaṃ kṛṣṇāṣṭakam,श्रीवल्लभाचार्यकृतं कृष्णाष्टकम् - विकिस्रोतः,https://sa.wikisource.org/wiki/%E0%A4%B6%E0%A5%8D%E0%A4%B0%E0%A5%80%E0%A4%B5%E0%A4%B2%E0%A5%8D%E0%A4%B2%E0%A4%AD%E0%A4%BE%E0%A4%9A%E0%A4%BE%E0%A4%B0%E0%A5%8D%E0%A4%AF%E0%A4%95%E0%A5%83%E0%A4%A4%E0%A4%82_%E0%A4%95%E0%A5%83%E0%A4%B7%E0%A5%8D%E0%A4%A3%E0%A4%BE%E0%A4%B7%E0%A5%8D%E0%A4%9F%E0%A4%95%E0%A4%AE%E0%A5%8D,
śrīvindhyavāsinistotram,श्रीविन्ध्यवासिनिस्तोत्रम् - विकिस्रोतः,https://sa.wikisource.org/wiki/%E0%A4%B6%E0%A5%8D%E0%A4%B0%E0%A5%80%E0%A4%B5%E0%A4%BF%E0%A4%A8%E0%A5%8D%E0%A4%A7%E0%A5%8D%E0%A4%AF%E0%A4%B5%E0%A4%BE%E0%A4%B8%E0%A4%BF%E0%A4%A8%E0%A4%BF%E0%A4%B8%E0%A5%8D%E0%A4%A4%E0%A5%8B%E0%A4%A4%E0%A5%8D%E0%A4%B0%E0%A4%AE%E0%A5%8D,
śrīviṣṇusahasranāmāvaliḥ,श्रीविष्णुसहस्रनामावलिः - विकिस्रोतः,https://sa.wikisource.org/wiki/%E0%A4%B6%E0%A5%8D%E0%A4%B0%E0%A5%80%E0%A4%B5%E0%A4%BF%E0%A4%B7%E0%A5%8D%E0%A4%A3%E0%A5%81%E0%A4%B8%E0%A4%B9%E0%A4%B8%E0%A5%8D%E0%A4%B0%E0%A4%A8%E0%A4%BE%E0%A4%AE%E0%A4%BE%E0%A4%B5%E0%A4%B2%E0%A4%BF%E0%A4%83,
śrīviṣṇoḥ ṣoḍaśanāmastotram,श्रीविष्णो: षोडशनामस्तोत्रम् - विकिस्रोतः,https://sa.wikisource.org/wiki/%E0%A4%B6%E0%A5%8D%E0%A4%B0%E0%A5%80%E0%A4%B5%E0%A4%BF%E0%A4%B7%E0%A5%8D%E0%A4%A3%E0%A5%8B:_%E0%A4%B7%E0%A5%8B%E0%A4%A1%E0%A4%B6%E0%A4%A8%E0%A4%BE%E0%A4%AE%E0%A4%B8%E0%A5%8D%E0%A4%A4%E0%A5%8B%E0%A4%A4%E0%A5%8D%E0%A4%B0%E0%A4%AE%E0%A5%8D,
śrīśivapañcākṣarastotram,श्रीशिवपञ्चाक्षरस्तोत्रम् - विकिस्रोतः,https://sa.wikisource.org/wiki/%E0%A4%B6%E0%A5%8D%E0%A4%B0%E0%A5%80%E0%A4%B6%E0%A4%BF%E0%A4%B5%E0%A4%AA%E0%A4%9E%E0%A5%8D%E0%A4%9A%E0%A4%BE%E0%A4%95%E0%A5%8D%E0%A4%B7%E0%A4%B0%E0%A4%B8%E0%A5%8D%E0%A4%A4%E0%A5%8B%E0%A4%A4%E0%A5%8D%E0%A4%B0%E0%A4%AE%E0%A5%8D,
śrīśivamahimāstotram,श्रीशिवमहिमास्तोत्रम् - विकिस्रोतः,https://sa.wikisource.org/wiki/%E0%A4%B6%E0%A5%8D%E0%A4%B0%E0%A5%80%E0%A4%B6%E0%A4%BF%E0%A4%B5%E0%A4%AE%E0%A4%B9%E0%A4%BF%E0%A4%AE%E0%A4%BE%E0%A4%B8%E0%A5%8D%E0%A4%A4%E0%A5%8B%E0%A4%A4%E0%A5%8D%E0%A4%B0%E0%A4%AE%E0%A5%8D,
śrīsadāśivendrastavaḥ,श्रीसदाशिवेन्द्रस्तवः - विकिस्रोतः,https://sa.wikisource.org/wiki/%E0%A4%B6%E0%A5%8D%E0%A4%B0%E0%A5%80%E0%A4%B8%E0%A4%A6%E0%A4%BE%E0%A4%B6%E0%A4%BF%E0%A4%B5%E0%A5%87%E0%A4%A8%E0%A5%8D%E0%A4%A6%E0%A5%8D%E0%A4%B0%E0%A4%B8%E0%A5%8D%E0%A4%A4%E0%A4%B5%E0%A4%83,
śrīharyaṣṭakam,श्रीहर्यष्टकम् - विकिस्रोतः,https://sa.wikisource.org/wiki/%E0%A4%B6%E0%A5%8D%E0%A4%B0%E0%A5%80%E0%A4%B9%E0%A4%B0%E0%A5%8D%E0%A4%AF%E0%A4%B7%E0%A5%8D%E0%A4%9F%E0%A4%95%E0%A4%AE%E0%A5%8D,
śrutigītā,श्रुतिगीता - विकिस्रोतः,https://sa.wikisource.org/wiki/%E0%A4%B6%E0%A5%8D%E0%A4%B0%E0%A5%81%E0%A4%A4%E0%A4%BF%E0%A4%97%E0%A5%80%E0%A4%A4%E0%A4%BE,
sanātanadevīsūktam,सनातनदेवीसूक्तम् - विकिस्रोतः,https://sa.wikisource.org/wiki/%E0%A4%B8%E0%A4%A8%E0%A4%BE%E0%A4%A4%E0%A4%A8%E0%A4%A6%E0%A5%87%E0%A4%B5%E0%A5%80%E0%A4%B8%E0%A5%82%E0%A4%95%E0%A5%8D%E0%A4%A4%E0%A4%AE%E0%A5%8D,
sarasvatistotram,सरस्वति स्तोत्रम् - विकिस्रोतः,https://sa.wikisource.org/wiki/%E0%A4%B8%E0%A4%B0%E0%A4%B8%E0%A5%8D%E0%A4%B5%E0%A4%A4%E0%A4%BF_%E0%A4%B8%E0%A5%8D%E0%A4%A4%E0%A5%8B%E0%A4%A4%E0%A5%8D%E0%A4%B0%E0%A4%AE%E0%A5%8D,
sādhakapañcakam,साधकपञ्चकम् - विकिस्रोतः,https://sa.wikisource.org/wiki/%E0%A4%B8%E0%A4%BE%E0%A4%A7%E0%A4%95%E0%A4%AA%E0%A4%9E%E0%A5%8D%E0%A4%9A%E0%A4%95%E0%A4%AE%E0%A5%8D,
siddhamaṃgalastotra,सिद्धमंगलस्तोत्र - विकिस्रोतः,https://sa.wikisource.org/wiki/%E0%A4%B8%E0%A4%BF%E0%A4%A6%E0%A5%8D%E0%A4%A7%E0%A4%AE%E0%A4%82%E0%A4%97%E0%A4%B2%E0%A4%B8%E0%A5%8D%E0%A4%A4%E0%A5%8B%E0%A4%A4%E0%A5%8D%E0%A4%B0,
siddhamaṅgalastotram,सिद्धमङ्गलस्तोत्रम् - विकिस्रोतः,https://sa.wikisource.org/wiki/%E0%A4%B8%E0%A4%BF%E0%A4%A6%E0%A5%8D%E0%A4%A7%E0%A4%AE%E0%A4%99%E0%A5%8D%E0%A4%97%E0%A4%B2%E0%A4%B8%E0%A5%8D%E0%A4%A4%E0%A5%8B%E0%A4%A4%E0%A5%8D%E0%A4%B0%E0%A4%AE%E0%A5%8D,
svarūpānusandhānāṣṭakam,स्वरूपानुसन्धानाष्टकम् - विकिस्रोतः,https://sa.wikisource.org/wiki/%E0%A4%B8%E0%A5%8D%E0%A4%B5%E0%A4%B0%E0%A5%82%E0%A4%AA%E0%A4%BE%E0%A4%A8%E0%A5%81%E0%A4%B8%E0%A4%A8%E0%A5%8D%E0%A4%A7%E0%A4%BE%E0%A4%A8%E0%A4%BE%E0%A4%B7%E0%A5%8D%E0%A4%9F%E0%A4%95%E0%A4%AE%E0%A5%8D,
haṃsopaniṣad,हंसोपनिषद् - विकिस्रोतः,https://sa.wikisource.org/wiki/%E0%A4%B9%E0%A4%82%E0%A4%B8%E0%A5%8B%E0%A4%AA%E0%A4%A8%E0%A4%BF%E0%A4%B7%E0%A4%A6%E0%A5%8D,
hastāmalakastotram,हस्तामलकस्तोत्रम् - विकिस्रोतः,https://sa.wikisource.org/wiki/%E0%A4%B9%E0%A4%B8%E0%A5%8D%E0%A4%A4%E0%A4%BE%E0%A4%AE%E0%A4%B2%E0%A4%95%E0%A4%B8%E0%A5%8D%E0%A4%A4%E0%A5%8B%E0%A4%A4%E0%A5%8D%E0%A4%B0%E0%A4%AE%E0%A5%8D,
hemakāmākṣīdaṇḍakam,हेमकामाक्षीदण्डकम् - विकिस्रोतः,https://sa.wikisource.org/wiki/%E0%A4%B9%E0%A5%87%E0%A4%AE%E0%A4%95%E0%A4%BE%E0%A4%AE%E0%A4%BE%E0%A4%95%E0%A5%8D%E0%A4%B7%E0%A5%80%E0%A4%A6%E0%A4%A3%E0%A5%8D%E0%A4%A1%E0%A4%95%E0%A4%AE%E0%A5%8D,
herambastotraṃ gaurikṛtam,हेरम्बस्तोत्रं गौरिकृतम् - विकिस्रोतः,https://sa.wikisource.org/wiki/%E0%A4%B9%E0%A5%87%E0%A4%B0%E0%A4%AE%E0%A5%8D%E0%A4%AC%E0%A4%B8%E0%A5%8D%E0%A4%A4%E0%A5%8B%E0%A4%A4%E0%A5%8D%E0%A4%B0%E0%A4%82_%E0%A4%97%E0%A5%8C%E0%A4%B0%E0%A4%BF%E0%A4%95%E0%A5%83%E0%A4%A4%E0%A4%AE%E0%A5%8D,
herambopasthānam,हेरम्बोपस्थानम् - विकिस्रोतः,https://sa.wikisource.org/wiki/%E0%A4%B9%E0%A5%87%E0%A4%B0%E0%A4%AE%E0%A5%8D%E0%A4%AC%E0%A5%8B%E0%A4%AA%E0%A4%B8%E0%A5%8D%E0%A4%A5%E0%A4%BE%E0%A4%A8%E0%A4%AE%E0%A5%8D,
ṝṇamocanamahāgaṇapatistotram,ॠणमोचनमहागणपतिस्तोत्रम् - विकिस्रोतः,https://sa.wikisource.org/wiki/%E0%A5%A0%E0%A4%A3%E0%A4%AE%E0%A5%8B%E0%A4%9A%E0%A4%A8%E0%A4%AE%E0%A4%B9%E0%A4%BE%E0%A4%97%E0%A4%A3%E0%A4%AA%E0%A4%A4%E0%A4%BF%E0%A4%B8%E0%A5%8D%E0%A4%A4%E0%A5%8B%E0%A4%A4%E0%A5%8D%E0%A4%B0%E0%A4%AE%E0%A5%8D,
agniveśyagṛhyasūtram,https://sa.wikisource.org/wiki/%E0%A4%85%E0%A4%97%E0%A5%8D%E0%A4%A8%E0%A4%BF%E0%A4%B5%E0%A5%87%E0%A4%B6%E0%A5%8D%E0%A4%AF%E0%A4%97%E0%A5%83%E0%A4%B9%E0%A5%8D%E0%A4%AF%E0%A4%B8%E0%A5%82%E0%A4%A4%E0%A5%8D%E0%A4%B0%E0%A4%AE%E0%A5%8D,,
āṅgirasasmṛtiḥ,https://sa.wikisource.org/wiki/%E0%A4%86%E0%A4%99%E0%A5%8D%E0%A4%97%E0%A4%BF%E0%A4%B0%E0%A4%B8%E0%A4%B8%E0%A5%8D%E0%A4%AE%E0%A5%83%E0%A4%A4%E0%A4%BF%E0%A4%83,https://sa.wikisource.org/wiki/%E0%A4%86%E0%A4%99%E0%A5%8D%E0%A4%97%E0%A4%BF%E0%A4%B0%E0%A4%B8%E0%A4%B8%E0%A5%8D%E0%A4%AE%E0%A5%83%E0%A4%A4%E0%A4%BF%E0%A4%83,fully included in gretil
kaśyapasmṛtiḥ,https://sa.wikisource.org/wiki/%E0%A4%95%E0%A4%B6%E0%A5%8D%E0%A4%AF%E0%A4%AA%E0%A4%B8%E0%A5%8D%E0%A4%AE%E0%A5%83%E0%A4%A4%E0%A4%BF%E0%A4%83,https://sa.wikisource.org/wiki/%E0%A4%95%E0%A4%B6%E0%A5%8D%E0%A4%AF%E0%A4%AA%E0%A4%B8%E0%A5%8D%E0%A4%AE%E0%A5%83%E0%A4%A4%E0%A4%BF%E0%A4%83,
kātyāyanasmṛtiḥ,https://sa.wikisource.org/wiki/%E0%A4%95%E0%A4%BE%E0%A4%A4%E0%A5%8D%E0%A4%AF%E0%A4%BE%E0%A4%AF%E0%A4%A8%E0%A4%B8%E0%A5%8D%E0%A4%AE%E0%A5%83%E0%A4%A4%E0%A4%BF%E0%A4%83,https://sa.wikisource.org/wiki/%E0%A4%95%E0%A4%BE%E0%A4%A4%E0%A5%8D%E0%A4%AF%E0%A4%BE%E0%A4%AF%E0%A4%A8%E0%A4%B8%E0%A5%8D%E0%A4%AE%E0%A5%83%E0%A4%A4%E0%A4%BF%E0%A4%83,fully included in gretil
devalasmṛtiḥ,https://sa.wikisource.org/wiki/%E0%A4%A6%E0%A5%87%E0%A4%B5%E0%A4%B2%E0%A4%B8%E0%A5%8D%E0%A4%AE%E0%A5%83%E0%A4%A4%E0%A4%BF%E0%A4%83,https://sa.wikisource.org/wiki/%E0%A4%A6%E0%A5%87%E0%A4%B5%E0%A4%B2%E0%A4%B8%E0%A5%8D%E0%A4%AE%E0%A5%83%E0%A4%A4%E0%A4%BF%E0%A4%83,
nāradasmṛtiḥ,https://sa.wikisource.org/wiki/%E0%A4%A8%E0%A4%BE%E0%A4%B0%E0%A4%A6%E0%A4%B8%E0%A5%8D%E0%A4%AE%E0%A5%83%E0%A4%A4%E0%A4%BF%E0%A4%83,https://sa.wikisource.org/wiki/%E0%A4%A8%E0%A4%BE%E0%A4%B0%E0%A4%A6%E0%A4%B8%E0%A5%8D%E0%A4%AE%E0%A5%83%E0%A4%A4%E0%A4%BF%E0%A4%83,fully included in gretil
parāśarasmṛtiḥ,https://sa.wikisource.org/wiki/%E0%A4%AA%E0%A4%B0%E0%A4%BE%E0%A4%B6%E0%A4%B0%E0%A4%B8%E0%A5%8D%E0%A4%AE%E0%A5%83%E0%A4%A4%E0%A4%BF%E0%A4%83,https://sa.wikisource.org/wiki/%E0%A4%AA%E0%A4%B0%E0%A4%BE%E0%A4%B6%E0%A4%B0%E0%A4%B8%E0%A5%8D%E0%A4%AE%E0%A5%83%E0%A4%A4%E0%A4%BF%E0%A4%83,fully included in gretil
pulastyasmṛtiḥ,https://sa.wikisource.org/wiki/%E0%A4%AA%E0%A5%81%E0%A4%B2%E0%A4%B8%E0%A5%8D%E0%A4%A4%E0%A5%8D%E0%A4%AF%E0%A4%B8%E0%A5%8D%E0%A4%AE%E0%A5%83%E0%A4%A4%E0%A4%BF%E0%A4%83,https://sa.wikisource.org/wiki/%E0%A4%AA%E0%A5%81%E0%A4%B2%E0%A4%B8%E0%A5%8D%E0%A4%A4%E0%A5%8D%E0%A4%AF%E0%A4%B8%E0%A5%8D%E0%A4%AE%E0%A5%83%E0%A4%A4%E0%A4%BF%E0%A4%83,
bṛhadyamasmṛtiḥ,https://sa.wikisource.org/wiki/%E0%A4%AC%E0%A5%83%E0%A4%B9%E0%A4%A6%E0%A5%8D%E0%A4%AF%E0%A4%AE%E0%A4%B8%E0%A5%8D%E0%A4%AE%E0%A5%83%E0%A4%A4%E0%A4%BF%E0%A4%83,https://sa.wikisource.org/wiki/%E0%A4%AC%E0%A5%83%E0%A4%B9%E0%A4%A6%E0%A5%8D%E0%A4%AF%E0%A4%AE%E0%A4%B8%E0%A5%8D%E0%A4%AE%E0%A5%83%E0%A4%A4%E0%A4%BF%E0%A4%83,
bṛhaspatismṛtiḥ,https://sa.wikisource.org/wiki/%E0%A4%AC%E0%A5%83%E0%A4%B9%E0%A4%B8%E0%A5%8D%E0%A4%AA%E0%A4%A4%E0%A4%BF%E0%A4%B8%E0%A5%8D%E0%A4%AE%E0%A5%83%E0%A4%A4%E0%A4%BF%E0%A4%83,https://sa.wikisource.org/wiki/%E0%A4%AC%E0%A5%83%E0%A4%B9%E0%A4%B8%E0%A5%8D%E0%A4%AA%E0%A4%A4%E0%A4%BF%E0%A4%B8%E0%A5%8D%E0%A4%AE%E0%A5%83%E0%A4%A4%E0%A4%BF%E0%A4%83,fully included in gretil
yamasmṛtiḥ,https://sa.wikisource.org/wiki/%E0%A4%AF%E0%A4%AE%E0%A4%B8%E0%A5%8D%E0%A4%AE%E0%A5%83%E0%A4%A4%E0%A4%BF%E0%A4%83,https://sa.wikisource.org/wiki/%E0%A4%AF%E0%A4%AE%E0%A4%B8%E0%A5%8D%E0%A4%AE%E0%A5%83%E0%A4%A4%E0%A4%BF%E0%A4%83,fully included in gretil
viśvāmitrasmṛtiḥ,https://sa.wikisource.org/wiki/%E0%A4%B5%E0%A4%BF%E0%A4%B6%E0%A5%8D%E0%A4%B5%E0%A4%BE%E0%A4%AE%E0%A4%BF%E0%A4%A4%E0%A5%8D%E0%A4%B0%E0%A4%B8%E0%A5%8D%E0%A4%AE%E0%A5%83%E0%A4%A4%E0%A4%BF%E0%A4%83,https://sa.wikisource.org/wiki/%E0%A4%B5%E0%A4%BF%E0%A4%B6%E0%A5%8D%E0%A4%B5%E0%A4%BE%E0%A4%AE%E0%A4%BF%E0%A4%A4%E0%A5%8D%E0%A4%B0%E0%A4%B8%E0%A5%8D%E0%A4%AE%E0%A5%83%E0%A4%A4%E0%A4%BF%E0%A4%83,
viṣṇusmṛtiḥ,https://sa.wikisource.org/wiki/%E0%A4%B5%E0%A4%BF%E0%A4%B7%E0%A5%8D%E0%A4%A3%E0%A5%81%E0%A4%B8%E0%A5%8D%E0%A4%AE%E0%A5%83%E0%A4%A4%E0%A4%BF%E0%A4%83,https://sa.wikisource.org/wiki/%E0%A4%B5%E0%A4%BF%E0%A4%B7%E0%A5%8D%E0%A4%A3%E0%A5%81%E0%A4%B8%E0%A5%8D%E0%A4%AE%E0%A5%83%E0%A4%A4%E0%A4%BF%E0%A4%83,fully included in gretil
manusmṛtiḥ,https://sa.wikisource.org/wiki/%E0%A4%B5%E0%A4%B0%E0%A5%8D%E0%A4%97%E0%A4%83:%E0%A4%AE%E0%A4%A8%E0%A5%81%E0%A4%B8%E0%A5%8D%E0%A4%AE%E0%A5%83%E0%A4%A4%E0%A4%BF%E0%A4%83,https://sa.wikisource.org/wiki/%E0%A4%B5%E0%A4%B0%E0%A5%8D%E0%A4%97%E0%A4%83:%E0%A4%AE%E0%A4%A8%E0%A5%81%E0%A4%B8%E0%A5%8D%E0%A4%AE%E0%A5%83%E0%A4%A4%E0%A4%BF%E0%A4%83,fully included in gretil
yājñavalkyasmṛtiḥ,https://sa.wikisource.org/wiki/%E0%A4%B5%E0%A4%B0%E0%A5%8D%E0%A4%97%E0%A4%83:%E0%A4%AF%E0%A4%BE%E0%A4%9C%E0%A5%8D%E0%A4%9E%E0%A4%B5%E0%A4%B2%E0%A5%8D%E0%A4%95%E0%A5%8D%E0%A4%AF%E0%A4%B8%E0%A5%8D%E0%A4%AE%E0%A5%83%E0%A4%A4%E0%A4%BF%E0%A4%83,,fully included in gretil
akṣamālikopaniṣat,अक्षमालिकोपनिषत् - विकिस्रोतः,https://sa.wikisource.org/wiki/%E0%A4%85%E0%A4%95%E0%A5%8D%E0%A4%B7%E0%A4%AE%E0%A4%BE%E0%A4%B2%E0%A4%BF%E0%A4%95%E0%A5%8B%E0%A4%AA%E0%A4%A8%E0%A4%BF%E0%A4%B7%E0%A4%A4%E0%A5%8D,
akṣyupaniṣat,अक्ष्युपनिषत् - विकिस्रोतः,https://sa.wikisource.org/wiki/%E0%A4%85%E0%A4%95%E0%A5%8D%E0%A4%B7%E0%A5%8D%E0%A4%AF%E0%A5%81%E0%A4%AA%E0%A4%A8%E0%A4%BF%E0%A4%B7%E0%A4%A4%E0%A5%8D,
atharvaśikhaupaniṣad,अथर्वशिखउपनिषद् - विकिस्रोतः,https://sa.wikisource.org/wiki/%E0%A4%85%E0%A4%A5%E0%A4%B0%E0%A5%8D%E0%A4%B5%E0%A4%B6%E0%A4%BF%E0%A4%96%E0%A4%89%E0%A4%AA%E0%A4%A8%E0%A4%BF%E0%A4%B7%E0%A4%A6%E0%A5%8D,
atharvaśiraupaniṣad,,,fully included in gretil
advayatārakopaniṣat,अद्वयतारकोपनिषत् - विकिस्रोतः,https://sa.wikisource.org/wiki/%E0%A4%85%E0%A4%A6%E0%A5%8D%E0%A4%B5%E0%A4%AF%E0%A4%A4%E0%A4%BE%E0%A4%B0%E0%A4%95%E0%A5%8B%E0%A4%AA%E0%A4%A8%E0%A4%BF%E0%A4%B7%E0%A4%A4%E0%A5%8D,
adhyātmopaniṣat,अध्यात्मोपनिषत् - विकिस्रोतः,https://sa.wikisource.org/wiki/%E0%A4%85%E0%A4%A7%E0%A5%8D%E0%A4%AF%E0%A4%BE%E0%A4%A4%E0%A5%8D%E0%A4%AE%E0%A5%8B%E0%A4%AA%E0%A4%A8%E0%A4%BF%E0%A4%B7%E0%A4%A4%E0%A5%8D,
annapūrṇopaniṣat,अन्नपूर्णोपनिषत् - विकिस्रोतः,https://sa.wikisource.org/wiki/%E0%A4%85%E0%A4%A8%E0%A5%8D%E0%A4%A8%E0%A4%AA%E0%A5%82%E0%A4%B0%E0%A5%8D%E0%A4%A3%E0%A5%8B%E0%A4%AA%E0%A4%A8%E0%A4%BF%E0%A4%B7%E0%A4%A4%E0%A5%8D,
amṛtabindūpaniṣad,अमृत-बिन्दु उपनिषद् - विकिस्रोतः,https://sa.wikisource.org/wiki/%E0%A4%85%E0%A4%AE%E0%A5%83%E0%A4%A4-%E0%A4%AC%E0%A4%BF%E0%A4%A8%E0%A5%8D%E0%A4%A6%E0%A5%81_%E0%A4%89%E0%A4%AA%E0%A4%A8%E0%A4%BF%E0%A4%B7%E0%A4%A6%E0%A5%8D,
amṛtanādopaniṣat,अमृतनादोपनिषत् - विकिस्रोतः,https://sa.wikisource.org/wiki/%E0%A4%85%E0%A4%AE%E0%A5%83%E0%A4%A4%E0%A4%A8%E0%A4%BE%E0%A4%A6%E0%A5%8B%E0%A4%AA%E0%A4%A8%E0%A4%BF%E0%A4%B7%E0%A4%A4%E0%A5%8D,
avadhūtopaniṣat,अवधूतोपनिषत् - विकिस्रोतः,https://sa.wikisource.org/wiki/%E0%A4%85%E0%A4%B5%E0%A4%A7%E0%A5%82%E0%A4%A4%E0%A5%8B%E0%A4%AA%E0%A4%A8%E0%A4%BF%E0%A4%B7%E0%A4%A4%E0%A5%8D,
avyaktopaniṣat,अव्यक्तोपनिषत् - विकिस्रोतः,https://sa.wikisource.org/wiki/%E0%A4%85%E0%A4%B5%E0%A5%8D%E0%A4%AF%E0%A4%95%E0%A5%8D%E0%A4%A4%E0%A5%8B%E0%A4%AA%E0%A4%A8%E0%A4%BF%E0%A4%B7%E0%A4%A4%E0%A5%8D,
ātmabodhopaniṣat,आत्मबोधोपनिषत् - विकिस्रोतः,https://sa.wikisource.org/wiki/%E0%A4%86%E0%A4%A4%E0%A5%8D%E0%A4%AE%E0%A4%AC%E0%A5%8B%E0%A4%A7%E0%A5%8B%E0%A4%AA%E0%A4%A8%E0%A4%BF%E0%A4%B7%E0%A4%A4%E0%A5%8D,
ātmopaniṣat,आत्मोपनिषत् - विकिस्रोतः,https://sa.wikisource.org/wiki/%E0%A4%86%E0%A4%A4%E0%A5%8D%E0%A4%AE%E0%A5%8B%E0%A4%AA%E0%A4%A8%E0%A4%BF%E0%A4%B7%E0%A4%A4%E0%A5%8D,
āruṇeyopaniṣad,आरुणेयोपनिषद् - विकिस्रोतः,https://sa.wikisource.org/wiki/%E0%A4%86%E0%A4%B0%E0%A5%81%E0%A4%A3%E0%A5%87%E0%A4%AF%E0%A5%8B%E0%A4%AA%E0%A4%A8%E0%A4%BF%E0%A4%B7%E0%A4%A6%E0%A5%8D,
ārṣeyopaniṣat,आर्षेयोपनिषत् - विकिस्रोतः,https://sa.wikisource.org/wiki/%E0%A4%86%E0%A4%B0%E0%A5%8D%E0%A4%B7%E0%A5%87%E0%A4%AF%E0%A5%8B%E0%A4%AA%E0%A4%A8%E0%A4%BF%E0%A4%B7%E0%A4%A4%E0%A5%8D,
itihāsopaniṣat,इतिहासोपनिषत् - विकिस्रोतः,https://sa.wikisource.org/wiki/%E0%A4%87%E0%A4%A4%E0%A4%BF%E0%A4%B9%E0%A4%BE%E0%A4%B8%E0%A5%8B%E0%A4%AA%E0%A4%A8%E0%A4%BF%E0%A4%B7%E0%A4%A4%E0%A5%8D,
īśādiviṃśottaraśatopaniṣadaḥ,,,fully included in gretil
īśāvāsyopaniṣadbhāṣyam śaṅkarācāryakṛtam,,,fully included in gretil
īśopaniṣat,,,fully included in gretil
ekākṣaropaniṣat,एकाक्षरोपनिषत् - विकिस्रोतः,https://sa.wikisource.org/wiki/%E0%A4%8F%E0%A4%95%E0%A4%BE%E0%A4%95%E0%A5%8D%E0%A4%B7%E0%A4%B0%E0%A5%8B%E0%A4%AA%E0%A4%A8%E0%A4%BF%E0%A4%B7%E0%A4%A4%E0%A5%8D,
aitareyopaniṣad,,,fully included in gretil
aitareyopaniṣadbhāṣyam,,,fully included in gretil
kaṭharudropaniṣat,कठरुद्रोपनिषत् - विकिस्रोतः,https://sa.wikisource.org/wiki/%E0%A4%95%E0%A4%A0%E0%A4%B0%E0%A5%81%E0%A4%A6%E0%A5%8D%E0%A4%B0%E0%A5%8B%E0%A4%AA%E0%A4%A8%E0%A4%BF%E0%A4%B7%E0%A4%A4%E0%A5%8D,
kalisantaraṇopaniṣat,कलिसन्तरणोपनिषत् - विकिस्रोतः,https://sa.wikisource.org/wiki/%E0%A4%95%E0%A4%B2%E0%A4%BF%E0%A4%B8%E0%A4%A8%E0%A5%8D%E0%A4%A4%E0%A4%B0%E0%A4%A3%E0%A5%8B%E0%A4%AA%E0%A4%A8%E0%A4%BF%E0%A4%B7%E0%A4%A4%E0%A5%8D,
kāṭhakopaniṣat,काठकोपनिषत् - विकिस्रोतः,https://sa.wikisource.org/wiki/%E0%A4%95%E0%A4%BE%E0%A4%A0%E0%A4%95%E0%A5%8B%E0%A4%AA%E0%A4%A8%E0%A4%BF%E0%A4%B7%E0%A4%A4%E0%A5%8D,
kaṭhopaniṣat,,,fully included in gretil
kaṭhopaniṣad-śāṅkarabhāṣyam,कठोपनिषद्-शाङ्करभाष्यम् - विकिस्रोतः,https://sa.wikisource.org/wiki/%E0%A4%95%E0%A4%A0%E0%A5%8B%E0%A4%AA%E0%A4%A8%E0%A4%BF%E0%A4%B7%E0%A4%A6%E0%A5%8D-%E0%A4%B6%E0%A4%BE%E0%A4%99%E0%A5%8D%E0%A4%95%E0%A4%B0%E0%A4%AD%E0%A4%BE%E0%A4%B7%E0%A5%8D%E0%A4%AF%E0%A4%AE%E0%A5%8D,fully included in gretil
kaṭhorudropaniṣat,कठरुद्रोपनिषत् - विकिस्रोतः,https://sa.wikisource.org/wiki/%E0%A4%95%E0%A4%A0%E0%A4%B0%E0%A5%81%E0%A4%A6%E0%A5%8D%E0%A4%B0%E0%A5%8B%E0%A4%AA%E0%A4%A8%E0%A4%BF%E0%A4%B7%E0%A4%A4%E0%A5%8D,
kālāgnirudropaniṣat,कालाग्निरुद्रोपनिषत् - विकिस्रोतः,https://sa.wikisource.org/wiki/%E0%A4%95%E0%A4%BE%E0%A4%B2%E0%A4%BE%E0%A4%97%E0%A5%8D%E0%A4%A8%E0%A4%BF%E0%A4%B0%E0%A5%81%E0%A4%A6%E0%A5%8D%E0%A4%B0%E0%A5%8B%E0%A4%AA%E0%A4%A8%E0%A4%BF%E0%A4%B7%E0%A4%A4%E0%A5%8D,
kuṇḍikopaniṣat,कुण्डिकोपनिषत् - विकिस्रोतः,https://sa.wikisource.org/wiki/%E0%A4%95%E0%A5%81%E0%A4%A3%E0%A5%8D%E0%A4%A1%E0%A4%BF%E0%A4%95%E0%A5%8B%E0%A4%AA%E0%A4%A8%E0%A4%BF%E0%A4%B7%E0%A4%A4%E0%A5%8D,
kṛṣṇopaniṣat,कृष्णोपनिषत् - विकिस्रोतः,https://sa.wikisource.org/wiki/%E0%A4%95%E0%A5%83%E0%A4%B7%E0%A5%8D%E0%A4%A3%E0%A5%8B%E0%A4%AA%E0%A4%A8%E0%A4%BF%E0%A4%B7%E0%A4%A4%E0%A5%8D,
kenopaniṣad,केनोपनिषद् - विकिस्रोतः,https://sa.wikisource.org/wiki/%E0%A4%95%E0%A5%87%E0%A4%A8%E0%A5%8B%E0%A4%AA%E0%A4%A8%E0%A4%BF%E0%A4%B7%E0%A4%A6%E0%A5%8D,
kenopaniṣadbhāṣyam,केनोपनिषद्भाष्यम् - विकिस्रोतः,https://sa.wikisource.org/wiki/%E0%A4%95%E0%A5%87%E0%A4%A8%E0%A5%8B%E0%A4%AA%E0%A4%A8%E0%A4%BF%E0%A4%B7%E0%A4%A6%E0%A5%8D%E0%A4%AD%E0%A4%BE%E0%A4%B7%E0%A5%8D%E0%A4%AF%E0%A4%AE%E0%A5%8D,
kaivalyopaniṣad,,,fully included in gretil
kaulopaniṣat,कौलोपनिषत् - विकिस्रोतः,https://sa.wikisource.org/wiki/%E0%A4%95%E0%A5%8C%E0%A4%B2%E0%A5%8B%E0%A4%AA%E0%A4%A8%E0%A4%BF%E0%A4%B7%E0%A4%A4%E0%A5%8D,
kauṣītakibrāhmaṇopaniṣat,कौषीतकिब्राह्मणोपनिषत् - विकिस्रोतः,https://sa.wikisource.org/wiki/%E0%A4%95%E0%A5%8C%E0%A4%B7%E0%A5%80%E0%A4%A4%E0%A4%95%E0%A4%BF%E0%A4%AC%E0%A5%8D%E0%A4%B0%E0%A4%BE%E0%A4%B9%E0%A5%8D%E0%A4%AE%E0%A4%A3%E0%A5%8B%E0%A4%AA%E0%A4%A8%E0%A4%BF%E0%A4%B7%E0%A4%A4%E0%A5%8D,
kṣurikopaniṣat,क्षुरिकोपनिषत् - विकिस्रोतः,https://sa.wikisource.org/wiki/%E0%A4%95%E0%A5%8D%E0%A4%B7%E0%A5%81%E0%A4%B0%E0%A4%BF%E0%A4%95%E0%A5%8B%E0%A4%AA%E0%A4%A8%E0%A4%BF%E0%A4%B7%E0%A4%A4%E0%A5%8D,
gaṇapatyatharvaśīrṣopaniṣat,गणपत्यथर्वशीर्षोपनिषत् - विकिस्रोतः,https://sa.wikisource.org/wiki/%E0%A4%97%E0%A4%A3%E0%A4%AA%E0%A4%A4%E0%A5%8D%E0%A4%AF%E0%A4%A5%E0%A4%B0%E0%A5%8D%E0%A4%B5%E0%A4%B6%E0%A5%80%E0%A4%B0%E0%A5%8D%E0%A4%B7%E0%A5%8B%E0%A4%AA%E0%A4%A8%E0%A4%BF%E0%A4%B7%E0%A4%A4%E0%A5%8D,
garuḍopaniṣat,गरुडोपनिषत् - विकिस्रोतः,https://sa.wikisource.org/wiki/%E0%A4%97%E0%A4%B0%E0%A5%81%E0%A4%A1%E0%A5%8B%E0%A4%AA%E0%A4%A8%E0%A4%BF%E0%A4%B7%E0%A4%A4%E0%A5%8D,
garbhopaniṣad,,,fully included in gretil
gopālatāpinyupaniṣat,गोपालतापिन्युपनिषत् - विकिस्रोतः,https://sa.wikisource.org/wiki/%E0%A4%97%E0%A5%8B%E0%A4%AA%E0%A4%BE%E0%A4%B2%E0%A4%A4%E0%A4%BE%E0%A4%AA%E0%A4%BF%E0%A4%A8%E0%A5%8D%E0%A4%AF%E0%A5%81%E0%A4%AA%E0%A4%A8%E0%A4%BF%E0%A4%B7%E0%A4%A4%E0%A5%8D,
cākṣuṣopaniṣad,चाक्षुष उपनिषद - विकिस्रोतः,https://sa.wikisource.org/wiki/%E0%A4%9A%E0%A4%BE%E0%A4%95%E0%A5%8D%E0%A4%B7%E0%A5%81%E0%A4%B7_%E0%A4%89%E0%A4%AA%E0%A4%A8%E0%A4%BF%E0%A4%B7%E0%A4%A6,
chāndogyopaniṣad,,,fully included in gretil
chāndogyopaniṣadbhāṣyam,,,fully included in gretil
jābālopaniṣat (yajurvedaḥ),जाबालोपनिषत् (यजुर्वेदः) - विकिस्रोतः,https://sa.wikisource.org/wiki/%E0%A4%9C%E0%A4%BE%E0%A4%AC%E0%A4%BE%E0%A4%B2%E0%A5%8B%E0%A4%AA%E0%A4%A8%E0%A4%BF%E0%A4%B7%E0%A4%A4%E0%A5%8D_(%E0%A4%AF%E0%A4%9C%E0%A5%81%E0%A4%B0%E0%A5%8D%E0%A4%B5%E0%A5%87%E0%A4%A6%E0%A4%83),
jābālopaniṣat (sāmavedaḥ),जाबालोपनिषत् (सामवेदः) - विकिस्रोतः,https://sa.wikisource.org/wiki/%E0%A4%9C%E0%A4%BE%E0%A4%AC%E0%A4%BE%E0%A4%B2%E0%A5%8B%E0%A4%AA%E0%A4%A8%E0%A4%BF%E0%A4%B7%E0%A4%A4%E0%A5%8D_(%E0%A4%B8%E0%A4%BE%E0%A4%AE%E0%A4%B5%E0%A5%87%E0%A4%A6%E0%A4%83),
tārasāropaniṣat,तारसारोपनिषत् - विकिस्रोतः,https://sa.wikisource.org/wiki/%E0%A4%A4%E0%A4%BE%E0%A4%B0%E0%A4%B8%E0%A4%BE%E0%A4%B0%E0%A5%8B%E0%A4%AA%E0%A4%A8%E0%A4%BF%E0%A4%B7%E0%A4%A4%E0%A5%8D,
turīyātītopaniṣat,तुरीयातीतोपनिषत् - विकिस्रोतः,https://sa.wikisource.org/wiki/%E0%A4%A4%E0%A5%81%E0%A4%B0%E0%A5%80%E0%A4%AF%E0%A4%BE%E0%A4%A4%E0%A5%80%E0%A4%A4%E0%A5%8B%E0%A4%AA%E0%A4%A8%E0%A4%BF%E0%A4%B7%E0%A4%A4%E0%A5%8D,
tejobindūpaniṣad,तेजोबिन्दूपनिषद् - विकिस्रोतः,https://sa.wikisource.org/wiki/%E0%A4%A4%E0%A5%87%E0%A4%9C%E0%A5%8B%E0%A4%AC%E0%A4%BF%E0%A4%A8%E0%A5%8D%E0%A4%A6%E0%A5%82%E0%A4%AA%E0%A4%A8%E0%A4%BF%E0%A4%B7%E0%A4%A6%E0%A5%8D,
taittarīyopaniṣadbhāṣyam,,,fully included in gretil
tripurātāpinyupaniṣat,त्रिपुरातापिन्युपनिषत् - विकिस्रोतः,https://sa.wikisource.org/wiki/%E0%A4%A4%E0%A5%8D%E0%A4%B0%E0%A4%BF%E0%A4%AA%E0%A5%81%E0%A4%B0%E0%A4%BE%E0%A4%A4%E0%A4%BE%E0%A4%AA%E0%A4%BF%E0%A4%A8%E0%A5%8D%E0%A4%AF%E0%A5%81%E0%A4%AA%E0%A4%A8%E0%A4%BF%E0%A4%B7%E0%A4%A4%E0%A5%8D,
tripuropaniṣat,त्रिपुरोपनिषत् - विकिस्रोतः,https://sa.wikisource.org/wiki/%E0%A4%A4%E0%A5%8D%E0%A4%B0%E0%A4%BF%E0%A4%AA%E0%A5%81%E0%A4%B0%E0%A5%8B%E0%A4%AA%E0%A4%A8%E0%A4%BF%E0%A4%B7%E0%A4%A4%E0%A5%8D,
triśikhibrāhmaṇopaniṣat,त्रिशिखिब्राह्मणोपनिषत् - विकिस्रोतः,https://sa.wikisource.org/wiki/%E0%A4%A4%E0%A5%8D%E0%A4%B0%E0%A4%BF%E0%A4%B6%E0%A4%BF%E0%A4%96%E0%A4%BF%E0%A4%AC%E0%A5%8D%E0%A4%B0%E0%A4%BE%E0%A4%B9%E0%A5%8D%E0%A4%AE%E0%A4%A3%E0%A5%8B%E0%A4%AA%E0%A4%A8%E0%A4%BF%E0%A4%B7%E0%A4%A4%E0%A5%8D,
dakṣiṇāmūrtyupaniṣat,दक्षिणामूर्त्युपनिषत् - विकिस्रोतः,https://sa.wikisource.org/wiki/%E0%A4%A6%E0%A4%95%E0%A5%8D%E0%A4%B7%E0%A4%BF%E0%A4%A3%E0%A4%BE%E0%A4%AE%E0%A5%82%E0%A4%B0%E0%A5%8D%E0%A4%A4%E0%A5%8D%E0%A4%AF%E0%A5%81%E0%A4%AA%E0%A4%A8%E0%A4%BF%E0%A4%B7%E0%A4%A4%E0%A5%8D,
dattātreyopaniṣad,दत्तात्रेय उपनिषद् - विकिस्रोतः,https://sa.wikisource.org/wiki/%E0%A4%A6%E0%A4%A4%E0%A5%8D%E0%A4%A4%E0%A4%BE%E0%A4%A4%E0%A5%8D%E0%A4%B0%E0%A5%87%E0%A4%AF_%E0%A4%89%E0%A4%AA%E0%A4%A8%E0%A4%BF%E0%A4%B7%E0%A4%A6%E0%A5%8D,
devyupaniṣat,देव्युपनिषत् - विकिस्रोतः,https://sa.wikisource.org/wiki/%E0%A4%A6%E0%A5%87%E0%A4%B5%E0%A5%8D%E0%A4%AF%E0%A5%81%E0%A4%AA%E0%A4%A8%E0%A4%BF%E0%A4%B7%E0%A4%A4%E0%A5%8D,
dhyānabindūpaniṣāt,ध्यानबिन्दूपनिषत् - विकिस्रोतः,https://sa.wikisource.org/wiki/%E0%A4%A7%E0%A5%8D%E0%A4%AF%E0%A4%BE%E0%A4%A8%E0%A4%AC%E0%A4%BF%E0%A4%A8%E0%A5%8D%E0%A4%A6%E0%A5%82%E0%A4%AA%E0%A4%A8%E0%A4%BF%E0%A4%B7%E0%A4%A4%E0%A5%8D,
nādabindūpaniṣat,,,fully included in gretil
nāradaparivrājakopaniṣat,नारदपरिव्राजकोपनिषत् - विकिस्रोतः,https://sa.wikisource.org/wiki/%E0%A4%A8%E0%A4%BE%E0%A4%B0%E0%A4%A6%E0%A4%AA%E0%A4%B0%E0%A4%BF%E0%A4%B5%E0%A5%8D%E0%A4%B0%E0%A4%BE%E0%A4%9C%E0%A4%95%E0%A5%8B%E0%A4%AA%E0%A4%A8%E0%A4%BF%E0%A4%B7%E0%A4%A4%E0%A5%8D,
nārāyaṇapūrvatāpinīyopaniṣat,नारायणपूर्वतापिनीयोपनिषत् - विकिस्रोतः,https://sa.wikisource.org/wiki/%E0%A4%A8%E0%A4%BE%E0%A4%B0%E0%A4%BE%E0%A4%AF%E0%A4%A3%E0%A4%AA%E0%A5%82%E0%A4%B0%E0%A5%8D%E0%A4%B5%E0%A4%A4%E0%A4%BE%E0%A4%AA%E0%A4%BF%E0%A4%A8%E0%A5%80%E0%A4%AF%E0%A5%8B%E0%A4%AA%E0%A4%A8%E0%A4%BF%E0%A4%B7%E0%A4%A4%E0%A5%8D,
nārāyaṇottaratāpinīyopaniṣat,नारायणोत्तरतापिनीयोपनिषत् - विकिस्रोतः,https://sa.wikisource.org/wiki/%E0%A4%A8%E0%A4%BE%E0%A4%B0%E0%A4%BE%E0%A4%AF%E0%A4%A3%E0%A5%8B%E0%A4%A4%E0%A5%8D%E0%A4%A4%E0%A4%B0%E0%A4%A4%E0%A4%BE%E0%A4%AA%E0%A4%BF%E0%A4%A8%E0%A5%80%E0%A4%AF%E0%A5%8B%E0%A4%AA%E0%A4%A8%E0%A4%BF%E0%A4%B7%E0%A4%A4%E0%A5%8D,
nārāyaṇopaniṣad,नारायणोपनिषद् - विकिस्रोतः,https://sa.wikisource.org/wiki/%E0%A4%A8%E0%A4%BE%E0%A4%B0%E0%A4%BE%E0%A4%AF%E0%A4%A3%E0%A5%8B%E0%A4%AA%E0%A4%A8%E0%A4%BF%E0%A4%B7%E0%A4%A6%E0%A5%8D,
nirālambopaniṣat,निरालम्बोपनिषत् - विकिस्रोतः,https://sa.wikisource.org/wiki/%E0%A4%A8%E0%A4%BF%E0%A4%B0%E0%A4%BE%E0%A4%B2%E0%A4%AE%E0%A5%8D%E0%A4%AC%E0%A5%8B%E0%A4%AA%E0%A4%A8%E0%A4%BF%E0%A4%B7%E0%A4%A4%E0%A5%8D,
niruktopaniṣat,निरुक्तोपनिषत् - विकिस्रोतः,https://sa.wikisource.org/wiki/%E0%A4%A8%E0%A4%BF%E0%A4%B0%E0%A5%81%E0%A4%95%E0%A5%8D%E0%A4%A4%E0%A5%8B%E0%A4%AA%E0%A4%A8%E0%A4%BF%E0%A4%B7%E0%A4%A4%E0%A5%8D,
nirvāṇopaniṣat,निर्वाणोपनिषत् - विकिस्रोतः,https://sa.wikisource.org/wiki/%E0%A4%A8%E0%A4%BF%E0%A4%B0%E0%A5%8D%E0%A4%B5%E0%A4%BE%E0%A4%A3%E0%A5%8B%E0%A4%AA%E0%A4%A8%E0%A4%BF%E0%A4%B7%E0%A4%A4%E0%A5%8D,
nṛsiṃhatāpanyupaniṣad-1,नृसिंहतापनी उपनिषद्-1 - विकिस्रोतः,https://sa.wikisource.org/wiki/%E0%A4%A8%E0%A5%83%E0%A4%B8%E0%A4%BF%E0%A4%82%E0%A4%B9%E0%A4%A4%E0%A4%BE%E0%A4%AA%E0%A4%A8%E0%A5%80_%E0%A4%89%E0%A4%AA%E0%A4%A8%E0%A4%BF%E0%A4%B7%E0%A4%A6%E0%A5%8D-1,
nṛsiṃhottaratāpanīyopaniṣad,नृसिंहोत्तरतापनीयोपनिषद - विकिस्रोतः,https://sa.wikisource.org/wiki/%E0%A4%A8%E0%A5%83%E0%A4%B8%E0%A4%BF%E0%A4%82%E0%A4%B9%E0%A5%8B%E0%A4%A4%E0%A5%8D%E0%A4%A4%E0%A4%B0%E0%A4%A4%E0%A4%BE%E0%A4%AA%E0%A4%A8%E0%A5%80%E0%A4%AF%E0%A5%8B%E0%A4%AA%E0%A4%A8%E0%A4%BF%E0%A4%B7%E0%A4%A6,
nṛsiṃhapūrvatāpanīyopaniṣadbhāṣyam,नृसिंहपूर्वतापनीयोपनिषद्भाष्यम् - विकिस्रोतः,https://sa.wikisource.org/wiki/%E0%A4%A8%E0%A5%83%E0%A4%B8%E0%A4%BF%E0%A4%82%E0%A4%B9%E0%A4%AA%E0%A5%82%E0%A4%B0%E0%A5%8D%E0%A4%B5%E0%A4%A4%E0%A4%BE%E0%A4%AA%E0%A4%A8%E0%A5%80%E0%A4%AF%E0%A5%8B%E0%A4%AA%E0%A4%A8%E0%A4%BF%E0%A4%B7%E0%A4%A6%E0%A5%8D%E0%A4%AD%E0%A4%BE%E0%A4%B7%E0%A5%8D%E0%A4%AF%E0%A4%AE%E0%A5%8D,
pañcabrahmopaniṣat,पञ्चब्रह्मोपनिषत् - विकिस्रोतः,https://sa.wikisource.org/wiki/%E0%A4%AA%E0%A4%9E%E0%A5%8D%E0%A4%9A%E0%A4%AC%E0%A5%8D%E0%A4%B0%E0%A4%B9%E0%A5%8D%E0%A4%AE%E0%A5%8B%E0%A4%AA%E0%A4%A8%E0%A4%BF%E0%A4%B7%E0%A4%A4%E0%A5%8D,
parabrahmopaniṣat,परब्रह्मोपनिषत् - विकिस्रोतः,https://sa.wikisource.org/wiki/%E0%A4%AA%E0%A4%B0%E0%A4%AC%E0%A5%8D%E0%A4%B0%E0%A4%B9%E0%A5%8D%E0%A4%AE%E0%A5%8B%E0%A4%AA%E0%A4%A8%E0%A4%BF%E0%A4%B7%E0%A4%A4%E0%A5%8D,
paramahaṃsaparivrājakopaniṣat,परमहंसपरिव्राजकोपनिषत् - विकिस्रोतः,https://sa.wikisource.org/wiki/%E0%A4%AA%E0%A4%B0%E0%A4%AE%E0%A4%B9%E0%A4%82%E0%A4%B8%E0%A4%AA%E0%A4%B0%E0%A4%BF%E0%A4%B5%E0%A5%8D%E0%A4%B0%E0%A4%BE%E0%A4%9C%E0%A4%95%E0%A5%8B%E0%A4%AA%E0%A4%A8%E0%A4%BF%E0%A4%B7%E0%A4%A4%E0%A5%8D,
paramahaṃsopaniṣad,परमहंसोपनिषद् - विकिस्रोतः,https://sa.wikisource.org/wiki/%E0%A4%AA%E0%A4%B0%E0%A4%AE%E0%A4%B9%E0%A4%82%E0%A4%B8%E0%A5%8B%E0%A4%AA%E0%A4%A8%E0%A4%BF%E0%A4%B7%E0%A4%A6%E0%A5%8D,
parivrādpaniṣad (nāradaparivrājaka),परिव्रात् उपनिषद् (नारदपरिव्राजक) - विकिस्रोतः,https://sa.wikisource.org/wiki/%E0%A4%AA%E0%A4%B0%E0%A4%BF%E0%A4%B5%E0%A5%8D%E0%A4%B0%E0%A4%BE%E0%A4%A4%E0%A5%8D_%E0%A4%89%E0%A4%AA%E0%A4%A8%E0%A4%BF%E0%A4%B7%E0%A4%A6%E0%A5%8D_(%E0%A4%A8%E0%A4%BE%E0%A4%B0%E0%A4%A6%E0%A4%AA%E0%A4%B0%E0%A4%BF%E0%A4%B5%E0%A5%8D%E0%A4%B0%E0%A4%BE%E0%A4%9C%E0%A4%95),
pāśupatabrahmopaniṣat,पाशुपतब्रह्मोपनिषत् - विकिस्रोतः,https://sa.wikisource.org/wiki/%E0%A4%AA%E0%A4%BE%E0%A4%B6%E0%A5%81%E0%A4%AA%E0%A4%A4%E0%A4%AC%E0%A5%8D%E0%A4%B0%E0%A4%B9%E0%A5%8D%E0%A4%AE%E0%A5%8B%E0%A4%AA%E0%A4%A8%E0%A4%BF%E0%A4%B7%E0%A4%A4%E0%A5%8D,
piṇḍopaniṣat,पिण्डोपनिषत् - विकिस्रोतः,https://sa.wikisource.org/wiki/%E0%A4%AA%E0%A4%BF%E0%A4%A3%E0%A5%8D%E0%A4%A1%E0%A5%8B%E0%A4%AA%E0%A4%A8%E0%A4%BF%E0%A4%B7%E0%A4%A4%E0%A5%8D,
paiṅgalopaniṣat,पैङ्गलोपनिषत् - विकिस्रोतः,https://sa.wikisource.org/wiki/%E0%A4%AA%E0%A5%88%E0%A4%99%E0%A5%8D%E0%A4%97%E0%A4%B2%E0%A5%8B%E0%A4%AA%E0%A4%A8%E0%A4%BF%E0%A4%B7%E0%A4%A4%E0%A5%8D,
praṇavopaniṣat (1),प्रणवोपनिषत् (१) - विकिस्रोतः,https://sa.wikisource.org/wiki/%E0%A4%AA%E0%A5%8D%E0%A4%B0%E0%A4%A3%E0%A4%B5%E0%A5%8B%E0%A4%AA%E0%A4%A8%E0%A4%BF%E0%A4%B7%E0%A4%A4%E0%A5%8D_(%E0%A5%A7),
praṇavopaniṣat (2),प्रणवोपनिषत् (२) - विकिस्रोतः,https://sa.wikisource.org/wiki/%E0%A4%AA%E0%A5%8D%E0%A4%B0%E0%A4%A3%E0%A4%B5%E0%A5%8B%E0%A4%AA%E0%A4%A8%E0%A4%BF%E0%A4%B7%E0%A4%A4%E0%A5%8D_(%E0%A5%A8),
praśna upaniṣad,,,fully included in gretil
praśnopaniṣadbhāṣyam,,,fully included in gretil
prāṇāgnihotropaniṣat,प्राणाग्निहोत्रोपनिषत् - विकिस्रोतः,https://sa.wikisource.org/wiki/%E0%A4%AA%E0%A5%8D%E0%A4%B0%E0%A4%BE%E0%A4%A3%E0%A4%BE%E0%A4%97%E0%A5%8D%E0%A4%A8%E0%A4%BF%E0%A4%B9%E0%A5%8B%E0%A4%A4%E0%A5%8D%E0%A4%B0%E0%A5%8B%E0%A4%AA%E0%A4%A8%E0%A4%BF%E0%A4%B7%E0%A4%A4%E0%A5%8D,
bahvṛcopaniṣat,बह्वृचोपनिषत् - विकिस्रोतः,https://sa.wikisource.org/wiki/%E0%A4%AC%E0%A4%B9%E0%A5%8D%E0%A4%B5%E0%A5%83%E0%A4%9A%E0%A5%8B%E0%A4%AA%E0%A4%A8%E0%A4%BF%E0%A4%B7%E0%A4%A4%E0%A5%8D,
bṛhajjābālopaniṣat,बृहज्जाबालोपनिषत् - विकिस्रोतः,https://sa.wikisource.org/wiki/%E0%A4%AC%E0%A5%83%E0%A4%B9%E0%A4%9C%E0%A5%8D%E0%A4%9C%E0%A4%BE%E0%A4%AC%E0%A4%BE%E0%A4%B2%E0%A5%8B%E0%A4%AA%E0%A4%A8%E0%A4%BF%E0%A4%B7%E0%A4%A4%E0%A5%8D,
bṛhadāraṇyakopaniṣad,,,fully included in gretil
bṛhadāraṇyakopaniṣadbhāṣyam,,,fully included in gretil
brahmabindūpaniṣad,,,fully included in gretil
brahmavidyopaniṣat,ब्रह्मविद्योपनिषत् - विकिस्रोतः,https://sa.wikisource.org/wiki/%E0%A4%AC%E0%A5%8D%E0%A4%B0%E0%A4%B9%E0%A5%8D%E0%A4%AE%E0%A4%B5%E0%A4%BF%E0%A4%A6%E0%A5%8D%E0%A4%AF%E0%A5%8B%E0%A4%AA%E0%A4%A8%E0%A4%BF%E0%A4%B7%E0%A4%A4%E0%A5%8D,
brahmopaniṣad,ब्रह्मोपनिषद् - विकिस्रोतः,https://sa.wikisource.org/wiki/%E0%A4%AC%E0%A5%8D%E0%A4%B0%E0%A4%B9%E0%A5%8D%E0%A4%AE%E0%A5%8B%E0%A4%AA%E0%A4%A8%E0%A4%BF%E0%A4%B7%E0%A4%A6%E0%A5%8D,
bhasmajābālopaniṣat,भस्मजाबालोपनिषत् - विकिस्रोतः,https://sa.wikisource.org/wiki/%E0%A4%AD%E0%A4%B8%E0%A5%8D%E0%A4%AE%E0%A4%9C%E0%A4%BE%E0%A4%AC%E0%A4%BE%E0%A4%B2%E0%A5%8B%E0%A4%AA%E0%A4%A8%E0%A4%BF%E0%A4%B7%E0%A4%A4%E0%A5%8D,
bhāvopaniṣat,भावोपनिषत् - विकिस्रोतः,https://sa.wikisource.org/wiki/%E0%A4%AD%E0%A4%BE%E0%A4%B5%E0%A5%8B%E0%A4%AA%E0%A4%A8%E0%A4%BF%E0%A4%B7%E0%A4%A4%E0%A5%8D,
bhikṣukopaniṣat,भिक्षुकोपनिषत् - विकिस्रोतः,https://sa.wikisource.org/wiki/%E0%A4%AD%E0%A4%BF%E0%A4%95%E0%A5%8D%E0%A4%B7%E0%A5%81%E0%A4%95%E0%A5%8B%E0%A4%AA%E0%A4%A8%E0%A4%BF%E0%A4%B7%E0%A4%A4%E0%A5%8D,
maṇḍalabrāhmaṇopaniṣat,मण्डलब्राह्मणोपनिषत् - विकिस्रोतः,https://sa.wikisource.org/wiki/%E0%A4%AE%E0%A4%A3%E0%A5%8D%E0%A4%A1%E0%A4%B2%E0%A4%AC%E0%A5%8D%E0%A4%B0%E0%A4%BE%E0%A4%B9%E0%A5%8D%E0%A4%AE%E0%A4%A3%E0%A5%8B%E0%A4%AA%E0%A4%A8%E0%A4%BF%E0%A4%B7%E0%A4%A4%E0%A5%8D,
mahānārāyaṇopaniṣat,महानारायणोपनिषत् - विकिस्रोतः,https://sa.wikisource.org/wiki/%E0%A4%AE%E0%A4%B9%E0%A4%BE%E0%A4%A8%E0%A4%BE%E0%A4%B0%E0%A4%BE%E0%A4%AF%E0%A4%A3%E0%A5%8B%E0%A4%AA%E0%A4%A8%E0%A4%BF%E0%A4%B7%E0%A4%A4%E0%A5%8D,
mahāvākyopaniṣat,महावाक्योपनिषत् - विकिस्रोतः,https://sa.wikisource.org/wiki/%E0%A4%AE%E0%A4%B9%E0%A4%BE%E0%A4%B5%E0%A4%BE%E0%A4%95%E0%A5%8D%E0%A4%AF%E0%A5%8B%E0%A4%AA%E0%A4%A8%E0%A4%BF%E0%A4%B7%E0%A4%A4%E0%A5%8D,
mahopaniṣat,महोपनिषत् - विकिस्रोतः,https://sa.wikisource.org/wiki/%E0%A4%AE%E0%A4%B9%E0%A5%8B%E0%A4%AA%E0%A4%A8%E0%A4%BF%E0%A4%B7%E0%A4%A4%E0%A5%8D,
māntrikopaniṣat,मान्त्रिकोपनिषत् - विकिस्रोतः,https://sa.wikisource.org/wiki/%E0%A4%AE%E0%A4%BE%E0%A4%A8%E0%A5%8D%E0%A4%A4%E0%A5%8D%E0%A4%B0%E0%A4%BF%E0%A4%95%E0%A5%8B%E0%A4%AA%E0%A4%A8%E0%A4%BF%E0%A4%B7%E0%A4%A4%E0%A5%8D,
muktikopaniṣat,मुक्तिकोपनिषत् - विकिस्रोतः,https://sa.wikisource.org/wiki/%E0%A4%AE%E0%A5%81%E0%A4%95%E0%A5%8D%E0%A4%A4%E0%A4%BF%E0%A4%95%E0%A5%8B%E0%A4%AA%E0%A4%A8%E0%A4%BF%E0%A4%B7%E0%A4%A4%E0%A5%8D,
muṇḍakopaniṣad,मुण्डकोपनिषद् - विकिस्रोतः,https://sa.wikisource.org/wiki/%E0%A4%AE%E0%A5%81%E0%A4%A3%E0%A5%8D%E0%A4%A1%E0%A4%95%E0%A5%8B%E0%A4%AA%E0%A4%A8%E0%A4%BF%E0%A4%B7%E0%A4%A6%E0%A5%8D,
muṇḍakopaniṣadbhāṣyam,माण्डूक्योपनिषद्भाष्यम् - विकिस्रोतः,https://sa.wikisource.org/wiki/%E0%A4%AE%E0%A4%BE%E0%A4%A3%E0%A5%8D%E0%A4%A1%E0%A5%82%E0%A4%95%E0%A5%8D%E0%A4%AF%E0%A5%8B%E0%A4%AA%E0%A4%A8%E0%A4%BF%E0%A4%B7%E0%A4%A6%E0%A5%8D%E0%A4%AD%E0%A4%BE%E0%A4%B7%E0%A5%8D%E0%A4%AF%E0%A4%AE%E0%A5%8D,
māṇḍūkyopaniṣadbhāṣyam,,,fully included in gretil
mudgalopaniṣat,मुद्गलोपनिषत् - विकिस्रोतः,https://sa.wikisource.org/wiki/%E0%A4%AE%E0%A5%81%E0%A4%A6%E0%A5%8D%E0%A4%97%E0%A4%B2%E0%A5%8B%E0%A4%AA%E0%A4%A8%E0%A4%BF%E0%A4%B7%E0%A4%A4%E0%A5%8D,
maitrāyaṇyupaniṣat,मैत्रायण्युपनिषत् - विकिस्रोतः,https://sa.wikisource.org/wiki/%E0%A4%AE%E0%A5%88%E0%A4%A4%E0%A5%8D%E0%A4%B0%E0%A4%BE%E0%A4%AF%E0%A4%A3%E0%A5%8D%E0%A4%AF%E0%A5%81%E0%A4%AA%E0%A4%A8%E0%A4%BF%E0%A4%B7%E0%A4%A4%E0%A5%8D,
maitreyyupaniṣat,मैत्रेय्युपनिषत् - विकिस्रोतः,https://sa.wikisource.org/wiki/%E0%A4%AE%E0%A5%88%E0%A4%A4%E0%A5%8D%E0%A4%B0%E0%A5%87%E0%A4%AF%E0%A5%8D%E0%A4%AF%E0%A5%81%E0%A4%AA%E0%A4%A8%E0%A4%BF%E0%A4%B7%E0%A4%A4%E0%A5%8D,
maithilīmahopaṣat,मैथिलीमहोपनिषत् - विकिस्रोतः,https://sa.wikisource.org/wiki/%E0%A4%AE%E0%A5%88%E0%A4%A5%E0%A4%BF%E0%A4%B2%E0%A5%80%E0%A4%AE%E0%A4%B9%E0%A5%8B%E0%A4%AA%E0%A4%A8%E0%A4%BF%E0%A4%B7%E0%A4%A4%E0%A5%8D,
yājñavalkyopaniṣat,याज्ञवल्क्योपनिषत् - विकिस्रोतः,https://sa.wikisource.org/wiki/%E0%A4%AF%E0%A4%BE%E0%A4%9C%E0%A5%8D%E0%A4%9E%E0%A4%B5%E0%A4%B2%E0%A5%8D%E0%A4%95%E0%A5%8D%E0%A4%AF%E0%A5%8B%E0%A4%AA%E0%A4%A8%E0%A4%BF%E0%A4%B7%E0%A4%A4%E0%A5%8D,
yogakuṇḍalyupaniṣat,योगकुण्डल्युपनिषत् - विकिस्रोतः,https://sa.wikisource.org/wiki/%E0%A4%AF%E0%A5%8B%E0%A4%97%E0%A4%95%E0%A5%81%E0%A4%A3%E0%A5%8D%E0%A4%A1%E0%A4%B2%E0%A5%8D%E0%A4%AF%E0%A5%81%E0%A4%AA%E0%A4%A8%E0%A4%BF%E0%A4%B7%E0%A4%A4%E0%A5%8D,
yogacūḍāmaṇyupaniṣat,योगचूडामण्युपनिषत् - विकिस्रोतः,https://sa.wikisource.org/wiki/%E0%A4%AF%E0%A5%8B%E0%A4%97%E0%A4%9A%E0%A5%82%E0%A4%A1%E0%A4%BE%E0%A4%AE%E0%A4%A3%E0%A5%8D%E0%A4%AF%E0%A5%81%E0%A4%AA%E0%A4%A8%E0%A4%BF%E0%A4%B7%E0%A4%A4%E0%A5%8D,
yogatattvopaniṣat,योगतत्त्वोपनिषत् - विकिस्रोतः,https://sa.wikisource.org/wiki/%E0%A4%AF%E0%A5%8B%E0%A4%97%E0%A4%A4%E0%A4%A4%E0%A5%8D%E0%A4%A4%E0%A5%8D%E0%A4%B5%E0%A5%8B%E0%A4%AA%E0%A4%A8%E0%A4%BF%E0%A4%B7%E0%A4%A4%E0%A5%8D,
yogaśikṣopaniṣad,योगशिक्षोपनिषद् - विकिस्रोतः,https://sa.wikisource.org/wiki/%E0%A4%AF%E0%A5%8B%E0%A4%97%E0%A4%B6%E0%A4%BF%E0%A4%95%E0%A5%8D%E0%A4%B7%E0%A5%8B%E0%A4%AA%E0%A4%A8%E0%A4%BF%E0%A4%B7%E0%A4%A6%E0%A5%8D,
rādhopaniṣat,राधोपनिषत् - विकिस्रोतः,https://sa.wikisource.org/wiki/%E0%A4%B0%E0%A4%BE%E0%A4%A7%E0%A5%8B%E0%A4%AA%E0%A4%A8%E0%A4%BF%E0%A4%B7%E0%A4%A4%E0%A5%8D,
rāmatāpinyupaniṣat,रामतापिन्युपनिषत् - विकिस्रोतः,https://sa.wikisource.org/wiki/%E0%A4%B0%E0%A4%BE%E0%A4%AE%E0%A4%A4%E0%A4%BE%E0%A4%AA%E0%A4%BF%E0%A4%A8%E0%A5%8D%E0%A4%AF%E0%A5%81%E0%A4%AA%E0%A4%A8%E0%A4%BF%E0%A4%B7%E0%A4%A4%E0%A5%8D,
rāmarahasyopaniṣat,रामरहस्योपनिषत् - विकिस्रोतः,https://sa.wikisource.org/wiki/%E0%A4%B0%E0%A4%BE%E0%A4%AE%E0%A4%B0%E0%A4%B9%E0%A4%B8%E0%A5%8D%E0%A4%AF%E0%A5%8B%E0%A4%AA%E0%A4%A8%E0%A4%BF%E0%A4%B7%E0%A4%A4%E0%A5%8D,
rudrahṛdayopaniṣat,रुद्रहृदयोपनिषत् - विकिस्रोतः,https://sa.wikisource.org/wiki/%E0%A4%B0%E0%A5%81%E0%A4%A6%E0%A5%8D%E0%A4%B0%E0%A4%B9%E0%A5%83%E0%A4%A6%E0%A4%AF%E0%A5%8B%E0%A4%AA%E0%A4%A8%E0%A4%BF%E0%A4%B7%E0%A4%A4%E0%A5%8D,
rudrākṣajābālopaniṣat,रुद्राक्षजाबालोपनिषत् - विकिस्रोतः,https://sa.wikisource.org/wiki/%E0%A4%B0%E0%A5%81%E0%A4%A6%E0%A5%8D%E0%A4%B0%E0%A4%BE%E0%A4%95%E0%A5%8D%E0%A4%B7%E0%A4%9C%E0%A4%BE%E0%A4%AC%E0%A4%BE%E0%A4%B2%E0%A5%8B%E0%A4%AA%E0%A4%A8%E0%A4%BF%E0%A4%B7%E0%A4%A4%E0%A5%8D,
vajrasūcyupaniṣat,वज्रसूच्युपनिषत् - विकिस्रोतः,https://sa.wikisource.org/wiki/%E0%A4%B5%E0%A4%9C%E0%A5%8D%E0%A4%B0%E0%A4%B8%E0%A5%82%E0%A4%9A%E0%A5%8D%E0%A4%AF%E0%A5%81%E0%A4%AA%E0%A4%A8%E0%A4%BF%E0%A4%B7%E0%A4%A4%E0%A5%8D,
varāhopaniṣat,वराहोपनिषत् - विकिस्रोतः,https://sa.wikisource.org/wiki/%E0%A4%B5%E0%A4%B0%E0%A4%BE%E0%A4%B9%E0%A5%8B%E0%A4%AA%E0%A4%A8%E0%A4%BF%E0%A4%B7%E0%A4%A4%E0%A5%8D,
vāsudevopaniṣat,वासुदेवोपनिषत् - विकिस्रोतः,https://sa.wikisource.org/wiki/%E0%A4%B5%E0%A4%BE%E0%A4%B8%E0%A5%81%E0%A4%A6%E0%A5%87%E0%A4%B5%E0%A5%8B%E0%A4%AA%E0%A4%A8%E0%A4%BF%E0%A4%B7%E0%A4%A4%E0%A5%8D,
vāstusūtropaniṣat,वास्तुसूत्रोपनिषत् - विकिस्रोतः,https://sa.wikisource.org/wiki/%E0%A4%B5%E0%A4%BE%E0%A4%B8%E0%A5%8D%E0%A4%A4%E0%A5%81%E0%A4%B8%E0%A5%82%E0%A4%A4%E0%A5%8D%E0%A4%B0%E0%A5%8B%E0%A4%AA%E0%A4%A8%E0%A4%BF%E0%A4%B7%E0%A4%A4%E0%A5%8D,
viśvaṃbharopaniṣat,विश्वंभरोपनिषत् - विकिस्रोतः,https://sa.wikisource.org/wiki/%E0%A4%B5%E0%A4%BF%E0%A4%B6%E0%A5%8D%E0%A4%B5%E0%A4%82%E0%A4%AD%E0%A4%B0%E0%A5%8B%E0%A4%AA%E0%A4%A8%E0%A4%BF%E0%A4%B7%E0%A4%A4%E0%A5%8D,
śarabhopaniṣat,शरभोपनिषत् - विकिस्रोतः,https://sa.wikisource.org/wiki/%E0%A4%B6%E0%A4%B0%E0%A4%AD%E0%A5%8B%E0%A4%AA%E0%A4%A8%E0%A4%BF%E0%A4%B7%E0%A4%A4%E0%A5%8D,
śāṭyāyanīyopaniṣat,शाट्यायनीयोपनिषत् - विकिस्रोतः,https://sa.wikisource.org/wiki/%E0%A4%B6%E0%A4%BE%E0%A4%9F%E0%A5%8D%E0%A4%AF%E0%A4%BE%E0%A4%AF%E0%A4%A8%E0%A5%80%E0%A4%AF%E0%A5%8B%E0%A4%AA%E0%A4%A8%E0%A4%BF%E0%A4%B7%E0%A4%A4%E0%A5%8D,
śāṇḍilyopaniṣat,शाण्डिल्योपनिषत् - विकिस्रोतः,https://sa.wikisource.org/wiki/%E0%A4%B6%E0%A4%BE%E0%A4%A3%E0%A5%8D%E0%A4%A1%E0%A4%BF%E0%A4%B2%E0%A5%8D%E0%A4%AF%E0%A5%8B%E0%A4%AA%E0%A4%A8%E0%A4%BF%E0%A4%B7%E0%A4%A4%E0%A5%8D,
śārīrakamīmāṃsāsūtrabhāṣyam,शारीरकमीमांसासूत्रभाष्यम् - विकिस्रोतः,https://sa.wikisource.org/wiki/%E0%A4%B6%E0%A4%BE%E0%A4%B0%E0%A5%80%E0%A4%B0%E0%A4%95%E0%A4%AE%E0%A5%80%E0%A4%AE%E0%A4%BE%E0%A4%82%E0%A4%B8%E0%A4%BE%E0%A4%B8%E0%A5%82%E0%A4%A4%E0%A5%8D%E0%A4%B0%E0%A4%AD%E0%A4%BE%E0%A4%B7%E0%A5%8D%E0%A4%AF%E0%A4%AE%E0%A5%8D,
śārīrakopaniṣat,शारीरकोपनिषत् - विकिस्रोतः,https://sa.wikisource.org/wiki/%E0%A4%B6%E0%A4%BE%E0%A4%B0%E0%A5%80%E0%A4%B0%E0%A4%95%E0%A5%8B%E0%A4%AA%E0%A4%A8%E0%A4%BF%E0%A4%B7%E0%A4%A4%E0%A5%8D,
śukarahasyopaniṣat,शुकरहस्योपनिषत् - विकिस्रोतः,https://sa.wikisource.org/wiki/%E0%A4%B6%E0%A5%81%E0%A4%95%E0%A4%B0%E0%A4%B9%E0%A4%B8%E0%A5%8D%E0%A4%AF%E0%A5%8B%E0%A4%AA%E0%A4%A8%E0%A4%BF%E0%A4%B7%E0%A4%A4%E0%A5%8D,
śvetāśvataropaniṣat,,,fully included in gretil
saṃnyāsopaniṣat,संन्यासोपनिषत् - विकिस्रोतः,https://sa.wikisource.org/wiki/%E0%A4%B8%E0%A4%82%E0%A4%A8%E0%A5%8D%E0%A4%AF%E0%A4%BE%E0%A4%B8%E0%A5%8B%E0%A4%AA%E0%A4%A8%E0%A4%BF%E0%A4%B7%E0%A4%A4%E0%A5%8D,
sarasvatīrahasyopaniṣat,सरस्वतीरहस्योपनिषत् - विकिस्रोतः,https://sa.wikisource.org/wiki/%E0%A4%B8%E0%A4%B0%E0%A4%B8%E0%A5%8D%E0%A4%B5%E0%A4%A4%E0%A5%80%E0%A4%B0%E0%A4%B9%E0%A4%B8%E0%A5%8D%E0%A4%AF%E0%A5%8B%E0%A4%AA%E0%A4%A8%E0%A4%BF%E0%A4%B7%E0%A4%A4%E0%A5%8D,
sarvasāropaniṣat,सर्वसारोपनिषत् - विकिस्रोतः,https://sa.wikisource.org/wiki/%E0%A4%B8%E0%A4%B0%E0%A5%8D%E0%A4%B5%E0%A4%B8%E0%A4%BE%E0%A4%B0%E0%A5%8B%E0%A4%AA%E0%A4%A8%E0%A4%BF%E0%A4%B7%E0%A4%A4%E0%A5%8D,
sāmarahasyopaniṣat,सामरहस्योपनिषत् - विकिस्रोतः,https://sa.wikisource.org/wiki/%E0%A4%B8%E0%A4%BE%E0%A4%AE%E0%A4%B0%E0%A4%B9%E0%A4%B8%E0%A5%8D%E0%A4%AF%E0%A5%8B%E0%A4%AA%E0%A4%A8%E0%A4%BF%E0%A4%B7%E0%A4%A4%E0%A5%8D,
sāvitryupaniṣat,सावित्र्युपनिषत् - विकिस्रोतः,https://sa.wikisource.org/wiki/%E0%A4%B8%E0%A4%BE%E0%A4%B5%E0%A4%BF%E0%A4%A4%E0%A5%8D%E0%A4%B0%E0%A5%8D%E0%A4%AF%E0%A5%81%E0%A4%AA%E0%A4%A8%E0%A4%BF%E0%A4%B7%E0%A4%A4%E0%A5%8D,
sītopaniṣat,सीतोपनिषत् - विकिस्रोतः,https://sa.wikisource.org/wiki/%E0%A4%B8%E0%A5%80%E0%A4%A4%E0%A5%8B%E0%A4%AA%E0%A4%A8%E0%A4%BF%E0%A4%B7%E0%A4%A4%E0%A5%8D,
suktikopaniṣat,मुक्तिकोपनिषत् - विकिस्रोतः,https://sa.wikisource.org/wiki/%E0%A4%AE%E0%A5%81%E0%A4%95%E0%A5%8D%E0%A4%A4%E0%A4%BF%E0%A4%95%E0%A5%8B%E0%A4%AA%E0%A4%A8%E0%A4%BF%E0%A4%B7%E0%A4%A4%E0%A5%8D,
subālopaniṣat,सुबालोपनिषत् - विकिस्रोतः,https://sa.wikisource.org/wiki/%E0%A4%B8%E0%A5%81%E0%A4%AC%E0%A4%BE%E0%A4%B2%E0%A5%8B%E0%A4%AA%E0%A4%A8%E0%A4%BF%E0%A4%B7%E0%A4%A4%E0%A5%8D,
sūryopaniṣat,सूर्योपनिषत् - विकिस्रोतः,https://sa.wikisource.org/wiki/%E0%A4%B8%E0%A5%82%E0%A4%B0%E0%A5%8D%E0%A4%AF%E0%A5%8B%E0%A4%AA%E0%A4%A8%E0%A4%BF%E0%A4%B7%E0%A4%A4%E0%A5%8D,
saubhāgyalakṣmyupaniṣat,सौभाग्यलक्ष्म्युपनिषत् - विकिस्रोतः,https://sa.wikisource.org/wiki/%E0%A4%B8%E0%A5%8C%E0%A4%AD%E0%A4%BE%E0%A4%97%E0%A5%8D%E0%A4%AF%E0%A4%B2%E0%A4%95%E0%A5%8D%E0%A4%B7%E0%A5%8D%E0%A4%AE%E0%A5%8D%E0%A4%AF%E0%A5%81%E0%A4%AA%E0%A4%A8%E0%A4%BF%E0%A4%B7%E0%A4%A4%E0%A5%8D,
skandopaniṣad,स्कन्द उपनिषद् - विकिस्रोतः,https://sa.wikisource.org/wiki/%E0%A4%B8%E0%A5%8D%E0%A4%95%E0%A4%A8%E0%A5%8D%E0%A4%A6_%E0%A4%89%E0%A4%AA%E0%A4%A8%E0%A4%BF%E0%A4%B7%E0%A4%A6%E0%A5%8D,
hayagrīvopaniṣat,हयग्रीवोपनिषत् - विकिस्रोतः,https://sa.wikisource.org/wiki/%E0%A4%B9%E0%A4%AF%E0%A4%97%E0%A5%8D%E0%A4%B0%E0%A5%80%E0%A4%B5%E0%A5%8B%E0%A4%AA%E0%A4%A8%E0%A4%BF%E0%A4%B7%E0%A4%A4%E0%A5%8D,
haṃsopaniṣat,हंसोपनिषद् - विकिस्रोतः,https://sa.wikisource.org/wiki/%E0%A4%B9%E0%A4%82%E0%A4%B8%E0%A5%8B%E0%A4%AA%E0%A4%A8%E0%A4%BF%E0%A4%B7%E0%A4%A6%E0%A5%8D,
keśavakṛtā kauśikapaddhatiḥ,,,included in gretil
āgniveśyagṛhyasūtram,आग्निवेश्यगृह्यसूत्रम् - विकिस्रोतः,https://sa.wikisource.org/wiki/%E0%A4%86%E0%A4%97%E0%A5%8D%E0%A4%A8%E0%A4%BF%E0%A4%B5%E0%A5%87%E0%A4%B6%E0%A5%8D%E0%A4%AF%E0%A4%97%E0%A5%83%E0%A4%B9%E0%A5%8D%E0%A4%AF%E0%A4%B8%E0%A5%82%E0%A4%A4%E0%A5%8D%E0%A4%B0%E0%A4%AE%E0%A5%8D,
āpastambagṛhyasūtrāṇi haradattasya anukūlā sudarśanasūreḥ tātparyadarśanam ca,,,included in gretil
āpastambagṛhyasūtram,,,included in gretil
āśvalāyanagṛhyakārikāḥ,आश्वलायनगृह्यकारिकाः - विकिस्रोतः,https://sa.wikisource.org/wiki/%E0%A4%86%E0%A4%B6%E0%A5%8D%E0%A4%B5%E0%A4%B2%E0%A4%BE%E0%A4%AF%E0%A4%A8%E0%A4%97%E0%A5%83%E0%A4%B9%E0%A5%8D%E0%A4%AF%E0%A4%95%E0%A4%BE%E0%A4%B0%E0%A4%BF%E0%A4%95%E0%A4%BE%E0%A4%83,
āśvalāyanagṛhyapariśiṣṭam,आश्वलायनगृह्यपरिशिष्टम् - विकिस्रोतः,https://sa.wikisource.org/wiki/%E0%A4%86%E0%A4%B6%E0%A5%8D%E0%A4%B5%E0%A4%B2%E0%A4%BE%E0%A4%AF%E0%A4%A8%E0%A4%97%E0%A5%83%E0%A4%B9%E0%A5%8D%E0%A4%AF%E0%A4%AA%E0%A4%B0%E0%A4%BF%E0%A4%B6%E0%A4%BF%E0%A4%B7%E0%A5%8D%E0%A4%9F%E0%A4%AE%E0%A5%8D,
āśvalāyanagṛhyasūtram,,,included in gretil
kāṭhakagṛhyasūtram,काठकगृह्यसूत्रम् - विकिस्रोतः,https://sa.wikisource.org/wiki/%E0%A4%95%E0%A4%BE%E0%A4%A0%E0%A4%95%E0%A4%97%E0%A5%83%E0%A4%B9%E0%A5%8D%E0%A4%AF%E0%A4%B8%E0%A5%82%E0%A4%A4%E0%A5%8D%E0%A4%B0%E0%A4%AE%E0%A5%8D,
kauthumagṛhyasūtram,,,included in gretil
kauśikasūtram,,,included in gretil
kauṣītakagṛhyasūtram,,,included in gretil
khādiragṛhyasūtram,खादिरगृह्यसूत्रम् - विकिस्रोतः,https://sa.wikisource.org/wiki/%E0%A4%96%E0%A4%BE%E0%A4%A6%E0%A4%BF%E0%A4%B0%E0%A4%97%E0%A5%83%E0%A4%B9%E0%A5%8D%E0%A4%AF%E0%A4%B8%E0%A5%82%E0%A4%A4%E0%A5%8D%E0%A4%B0%E0%A4%AE%E0%A5%8D,
saṃskāraratnamālā,संस्काररत्नमाला (भागः १) - विकिस्रोतः,https://sa.wikisource.org/wiki/%E0%A4%B8%E0%A4%82%E0%A4%B8%E0%A5%8D%E0%A4%95%E0%A4%BE%E0%A4%B0%E0%A4%B0%E0%A4%A4%E0%A5%8D%E0%A4%A8%E0%A4%AE%E0%A4%BE%E0%A4%B2%E0%A4%BE_(%E0%A4%AD%E0%A4%BE%E0%A4%97%E0%A4%83_%E0%A5%A7),
gobhilagṛhyasūtram,गोभिलगृह्यसूत्रम् - विकिस्रोतः,https://sa.wikisource.org/wiki/%E0%A4%97%E0%A5%8B%E0%A4%AD%E0%A4%BF%E0%A4%B2%E0%A4%97%E0%A5%83%E0%A4%B9%E0%A5%8D%E0%A4%AF%E0%A4%B8%E0%A5%82%E0%A4%A4%E0%A5%8D%E0%A4%B0%E0%A4%AE%E0%A5%8D,
jaiminigṛhyasūtram,,,included in gretil
pāraskaragṛhyasūtram,पारस्करगृह्यसूत्रम् - विकिस्रोतः,https://sa.wikisource.org/wiki/%E0%A4%AA%E0%A4%BE%E0%A4%B0%E0%A4%B8%E0%A5%8D%E0%A4%95%E0%A4%B0%E0%A4%97%E0%A5%83%E0%A4%B9%E0%A5%8D%E0%A4%AF%E0%A4%B8%E0%A5%82%E0%A4%A4%E0%A5%8D%E0%A4%B0%E0%A4%AE%E0%A5%8D,
baudhāyanagṛhyasūtram,बौधायनगृह्यसूत्रम् - विकिस्रोतः,https://sa.wikisource.org/wiki/%E0%A4%AC%E0%A5%8C%E0%A4%A7%E0%A4%BE%E0%A4%AF%E0%A4%A8%E0%A4%97%E0%A5%83%E0%A4%B9%E0%A5%8D%E0%A4%AF%E0%A4%B8%E0%A5%82%E0%A4%A4%E0%A5%8D%E0%A4%B0%E0%A4%AE%E0%A5%8D,
bodhāyanagṛhyaparibhāṣāsūtram,बौधायनगृह्यसूत्रम् - विकिस्रोतः,https://sa.wikisource.org/wiki/%E0%A4%AC%E0%A5%8C%E0%A4%A7%E0%A4%BE%E0%A4%AF%E0%A4%A8%E0%A4%97%E0%A5%83%E0%A4%B9%E0%A5%8D%E0%A4%AF%E0%A4%B8%E0%A5%82%E0%A4%A4%E0%A5%8D%E0%A4%B0%E0%A4%AE%E0%A5%8D,
bodhāyanagṛhyaśeṣasūtram,बौधायनगृह्यसूत्रम् - विकिस्रोतः,https://sa.wikisource.org/wiki/%E0%A4%AC%E0%A5%8C%E0%A4%A7%E0%A4%BE%E0%A4%AF%E0%A4%A8%E0%A4%97%E0%A5%83%E0%A4%B9%E0%A5%8D%E0%A4%AF%E0%A4%B8%E0%A5%82%E0%A4%A4%E0%A5%8D%E0%A4%B0%E0%A4%AE%E0%A5%8D,
bhāradvājagṛhyasūtram,भारद्वाजगृह्यसूत्रम् - विकिस्रोतः,https://sa.wikisource.org/wiki/%E0%A4%AD%E0%A4%BE%E0%A4%B0%E0%A4%A6%E0%A5%8D%E0%A4%B5%E0%A4%BE%E0%A4%9C%E0%A4%97%E0%A5%83%E0%A4%B9%E0%A5%8D%E0%A4%AF%E0%A4%B8%E0%A5%82%E0%A4%A4%E0%A5%8D%E0%A4%B0%E0%A4%AE%E0%A5%8D,
mānavagṛhyasūtram,,,included in gretil
laugākṣigṛhyasūtrāṇi,लौगाक्षि गृह्य सूत्राणि - विकिस्रोतः,https://sa.wikisource.org/wiki/%E0%A4%B2%E0%A5%8C%E0%A4%97%E0%A4%BE%E0%A4%95%E0%A5%8D%E0%A4%B7%E0%A4%BF_%E0%A4%97%E0%A5%83%E0%A4%B9%E0%A5%8D%E0%A4%AF_%E0%A4%B8%E0%A5%82%E0%A4%A4%E0%A5%8D%E0%A4%B0%E0%A4%BE%E0%A4%A3%E0%A4%BF,
vārāhagṛhyasūtram,,,included in gretil
śāṅkhāyanagṛhyasūtram,,,included in gretil
hiraṇyakeśigṛhyasūtram,हिरण्यकेशिगृह्यसूत्रम् - विकिस्रोतः,https://sa.wikisource.org/wiki/%E0%A4%B9%E0%A4%BF%E0%A4%B0%E0%A4%A3%E0%A5%8D%E0%A4%AF%E0%A4%95%E0%A5%87%E0%A4%B6%E0%A4%BF%E0%A4%97%E0%A5%83%E0%A4%B9%E0%A5%8D%E0%A4%AF%E0%A4%B8%E0%A5%82%E0%A4%A4%E0%A5%8D%E0%A4%B0%E0%A4%AE%E0%A5%8D,
āpastambadharmasūtram,,,included in gretil
gautamadharmasūtram,,,included in gretil
bodhāyanadharmasūtram,कल्पः/धर्मसूत्राणि/बोधायन-धर्मसूत्राणि - विकिस्रोतः,https://sa.wikisource.org/wiki/%E0%A4%95%E0%A4%B2%E0%A5%8D%E0%A4%AA%E0%A4%83/%E0%A4%A7%E0%A4%B0%E0%A5%8D%E0%A4%AE%E0%A4%B8%E0%A5%82%E0%A4%A4%E0%A5%8D%E0%A4%B0%E0%A4%BE%E0%A4%A3%E0%A4%BF/%E0%A4%AC%E0%A5%8B%E0%A4%A7%E0%A4%BE%E0%A4%AF%E0%A4%A8-%E0%A4%A7%E0%A4%B0%E0%A5%8D%E0%A4%AE%E0%A4%B8%E0%A5%82%E0%A4%A4%E0%A5%8D%E0%A4%B0%E0%A4%BE%E0%A4%A3%E0%A4%BF,
vaikhānasadharmasūtram,कल्पः/धर्मसूत्राणि/वैखानस-धर्मसूत्राणि - विकिस्रोतः,https://sa.wikisource.org/wiki/%E0%A4%95%E0%A4%B2%E0%A5%8D%E0%A4%AA%E0%A4%83/%E0%A4%A7%E0%A4%B0%E0%A5%8D%E0%A4%AE%E0%A4%B8%E0%A5%82%E0%A4%A4%E0%A5%8D%E0%A4%B0%E0%A4%BE%E0%A4%A3%E0%A4%BF/%E0%A4%B5%E0%A5%88%E0%A4%96%E0%A4%BE%E0%A4%A8%E0%A4%B8-%E0%A4%A7%E0%A4%B0%E0%A5%8D%E0%A4%AE%E0%A4%B8%E0%A5%82%E0%A4%A4%E0%A5%8D%E0%A4%B0%E0%A4%BE%E0%A4%A3%E0%A4%BF,
āpastambaśulbasūtrāṇi,कल्पः/शुल्बसूत्राणि/आपस्तम्बशुल्बसूत्राणि - विकिस्रोतः,https://sa.wikisource.org/wiki/%E0%A4%95%E0%A4%B2%E0%A5%8D%E0%A4%AA%E0%A4%83/%E0%A4%B6%E0%A5%81%E0%A4%B2%E0%A5%8D%E0%A4%AC%E0%A4%B8%E0%A5%82%E0%A4%A4%E0%A5%8D%E0%A4%B0%E0%A4%BE%E0%A4%A3%E0%A4%BF/%E0%A4%86%E0%A4%AA%E0%A4%B8%E0%A5%8D%E0%A4%A4%E0%A4%AE%E0%A5%8D%E0%A4%AC%E0%A4%B6%E0%A5%81%E0%A4%B2%E0%A5%8D%E0%A4%AC%E0%A4%B8%E0%A5%82%E0%A4%A4%E0%A5%8D%E0%A4%B0%E0%A4%BE%E0%A4%A3%E0%A4%BF,
kātyāyanaśulbasūtram,कात्यायनशुल्बसूत्रम् - विकिस्रोतः,https://sa.wikisource.org/wiki/%E0%A4%95%E0%A4%BE%E0%A4%A4%E0%A5%8D%E0%A4%AF%E0%A4%BE%E0%A4%AF%E0%A4%A8%E0%A4%B6%E0%A5%81%E0%A4%B2%E0%A5%8D%E0%A4%AC%E0%A4%B8%E0%A5%82%E0%A4%A4%E0%A5%8D%E0%A4%B0%E0%A4%AE%E0%A5%8D,
baudhāyanaśulbasūtram,बौधायनशुल्बसूत्रम् - विकिस्रोतः,https://sa.wikisource.org/wiki/%E0%A4%AC%E0%A5%8C%E0%A4%A7%E0%A4%BE%E0%A4%AF%E0%A4%A8%E0%A4%B6%E0%A5%81%E0%A4%B2%E0%A5%8D%E0%A4%AC%E0%A4%B8%E0%A5%82%E0%A4%A4%E0%A5%8D%E0%A4%B0%E0%A4%AE%E0%A5%8D,
mānavaśulbasūtram,मानवशुल्बसूत्रम् - विकिस्रोतः,https://sa.wikisource.org/wiki/%E0%A4%AE%E0%A4%BE%E0%A4%A8%E0%A4%B5%E0%A4%B6%E0%A5%81%E0%A4%B2%E0%A5%8D%E0%A4%AC%E0%A4%B8%E0%A5%82%E0%A4%A4%E0%A5%8D%E0%A4%B0%E0%A4%AE%E0%A5%8D,
āpastambaśrautasūtram,आपस्तम्ब-श्रौतसूत्रम् - विकिस्रोतः,https://sa.wikisource.org/wiki/%E0%A4%86%E0%A4%AA%E0%A4%B8%E0%A5%8D%E0%A4%A4%E0%A4%AE%E0%A5%8D%E0%A4%AC-%E0%A4%B6%E0%A5%8D%E0%A4%B0%E0%A5%8C%E0%A4%A4%E0%A4%B8%E0%A5%82%E0%A4%A4%E0%A5%8D%E0%A4%B0%E0%A4%AE%E0%A5%8D,
āpastambīyaśrautasūtram,आपस्तम्बीयश्रौतसूत्रम् - विकिस्रोतः,https://sa.wikisource.org/wiki/%E0%A4%86%E0%A4%AA%E0%A4%B8%E0%A5%8D%E0%A4%A4%E0%A4%AE%E0%A5%8D%E0%A4%AC%E0%A5%80%E0%A4%AF%E0%A4%B6%E0%A5%8D%E0%A4%B0%E0%A5%8C%E0%A4%A4%E0%A4%B8%E0%A5%82%E0%A4%A4%E0%A5%8D%E0%A4%B0%E0%A4%AE%E0%A5%8D,
ārṣeyakalpaḥ,आर्षेयकल्पः - विकिस्रोतः,https://sa.wikisource.org/wiki/%E0%A4%86%E0%A4%B0%E0%A5%8D%E0%A4%B7%E0%A5%87%E0%A4%AF%E0%A4%95%E0%A4%B2%E0%A5%8D%E0%A4%AA%E0%A4%83,
āśvalāyanaśrautasūtram,,,included in gretil
kātyāyanaśrautasūtram,कल्पः/श्रौतसूत्राणि/कात्यायन-श्रौतसूत्रम् - विकिस्रोतः,https://sa.wikisource.org/wiki/%E0%A4%95%E0%A4%B2%E0%A5%8D%E0%A4%AA%E0%A4%83/%E0%A4%B6%E0%A5%8D%E0%A4%B0%E0%A5%8C%E0%A4%A4%E0%A4%B8%E0%A5%82%E0%A4%A4%E0%A5%8D%E0%A4%B0%E0%A4%BE%E0%A4%A3%E0%A4%BF/%E0%A4%95%E0%A4%BE%E0%A4%A4%E0%A5%8D%E0%A4%AF%E0%A4%BE%E0%A4%AF%E0%A4%A8-%E0%A4%B6%E0%A5%8D%E0%A4%B0%E0%A5%8C%E0%A4%A4%E0%A4%B8%E0%A5%82%E0%A4%A4%E0%A5%8D%E0%A4%B0%E0%A4%AE%E0%A5%8D,
kṣudrakalpasūtram,कल्पः/श्रौतसूत्राणि/क्षुद्रकल्पसूत्रम् - विकिस्रोतः,https://sa.wikisource.org/wiki/%E0%A4%95%E0%A4%B2%E0%A5%8D%E0%A4%AA%E0%A4%83/%E0%A4%B6%E0%A5%8D%E0%A4%B0%E0%A5%8C%E0%A4%A4%E0%A4%B8%E0%A5%82%E0%A4%A4%E0%A5%8D%E0%A4%B0%E0%A4%BE%E0%A4%A3%E0%A4%BF/%E0%A4%95%E0%A5%8D%E0%A4%B7%E0%A5%81%E0%A4%A6%E0%A5%8D%E0%A4%B0%E0%A4%95%E0%A4%B2%E0%A5%8D%E0%A4%AA%E0%A4%B8%E0%A5%82%E0%A4%A4%E0%A5%8D%E0%A4%B0%E0%A4%AE%E0%A5%8D,
drāhyāyaṇaśrautasūtram,कल्पः/श्रौतसूत्राणि/द्राह्यायणश्रौतसूत्रम् - विकिस्रोतः,https://sa.wikisource.org/wiki/%E0%A4%95%E0%A4%B2%E0%A5%8D%E0%A4%AA%E0%A4%83/%E0%A4%B6%E0%A5%8D%E0%A4%B0%E0%A5%8C%E0%A4%A4%E0%A4%B8%E0%A5%82%E0%A4%A4%E0%A5%8D%E0%A4%B0%E0%A4%BE%E0%A4%A3%E0%A4%BF/%E0%A4%A6%E0%A5%8D%E0%A4%B0%E0%A4%BE%E0%A4%B9%E0%A5%8D%E0%A4%AF%E0%A4%BE%E0%A4%AF%E0%A4%A3%E0%A4%B6%E0%A5%8D%E0%A4%B0%E0%A5%8C%E0%A4%A4%E0%A4%B8%E0%A5%82%E0%A4%A4%E0%A5%8D%E0%A4%B0%E0%A4%AE%E0%A5%8D,
bhāradvājaśrautasūtram,कल्पः/श्रौतसूत्राणि/भारद्वाज-श्रौतसूत्रम् - विकिस्रोतः,https://sa.wikisource.org/wiki/%E0%A4%95%E0%A4%B2%E0%A5%8D%E0%A4%AA%E0%A4%83/%E0%A4%B6%E0%A5%8D%E0%A4%B0%E0%A5%8C%E0%A4%A4%E0%A4%B8%E0%A5%82%E0%A4%A4%E0%A5%8D%E0%A4%B0%E0%A4%BE%E0%A4%A3%E0%A4%BF/%E0%A4%AD%E0%A4%BE%E0%A4%B0%E0%A4%A6%E0%A5%8D%E0%A4%B5%E0%A4%BE%E0%A4%9C-%E0%A4%B6%E0%A5%8D%E0%A4%B0%E0%A5%8C%E0%A4%A4%E0%A4%B8%E0%A5%82%E0%A4%A4%E0%A5%8D%E0%A4%B0%E0%A4%AE%E0%A5%8D,
baudhāyanaśrautasūtram,बौधायनश्रौतसूत्रम् - विकिस्रोतः,https://sa.wikisource.org/wiki/%E0%A4%AC%E0%A5%8C%E0%A4%A7%E0%A4%BE%E0%A4%AF%E0%A4%A8%E0%A4%B6%E0%A5%8D%E0%A4%B0%E0%A5%8C%E0%A4%A4%E0%A4%B8%E0%A5%82%E0%A4%A4%E0%A5%8D%E0%A4%B0%E0%A4%AE%E0%A5%8D,
mānavaśrautasūtram,कल्पः/श्रौतसूत्राणि/मानव-श्रौतसूत्रम् - विकिस्रोतः,https://sa.wikisource.org/wiki/%E0%A4%95%E0%A4%B2%E0%A5%8D%E0%A4%AA%E0%A4%83/%E0%A4%B6%E0%A5%8D%E0%A4%B0%E0%A5%8C%E0%A4%A4%E0%A4%B8%E0%A5%82%E0%A4%A4%E0%A5%8D%E0%A4%B0%E0%A4%BE%E0%A4%A3%E0%A4%BF/%E0%A4%AE%E0%A4%BE%E0%A4%A8%E0%A4%B5-%E0%A4%B6%E0%A5%8D%E0%A4%B0%E0%A5%8C%E0%A4%A4%E0%A4%B8%E0%A5%82%E0%A4%A4%E0%A5%8D%E0%A4%B0%E0%A4%AE%E0%A5%8D,
maśakakalpasūtram,मशककल्पसूत्रम् - विकिस्रोतः,https://sa.wikisource.org/wiki/%E0%A4%AE%E0%A4%B6%E0%A4%95%E0%A4%95%E0%A4%B2%E0%A5%8D%E0%A4%AA%E0%A4%B8%E0%A5%82%E0%A4%A4%E0%A5%8D%E0%A4%B0%E0%A4%AE%E0%A5%8D,
vaikhānasaśrautasūtram,कल्पः/श्रौतसूत्राणि/वैखानस-श्रौतसूत्रम् - विकिस्रोतः,https://sa.wikisource.org/wiki/%E0%A4%95%E0%A4%B2%E0%A5%8D%E0%A4%AA%E0%A4%83/%E0%A4%B6%E0%A5%8D%E0%A4%B0%E0%A5%8C%E0%A4%A4%E0%A4%B8%E0%A5%82%E0%A4%A4%E0%A5%8D%E0%A4%B0%E0%A4%BE%E0%A4%A3%E0%A4%BF/%E0%A4%B5%E0%A5%88%E0%A4%96%E0%A4%BE%E0%A4%A8%E0%A4%B8-%E0%A4%B6%E0%A5%8D%E0%A4%B0%E0%A5%8C%E0%A4%A4%E0%A4%B8%E0%A5%82%E0%A4%A4%E0%A5%8D%E0%A4%B0%E0%A4%AE%E0%A5%8D,
vaitānaśrautasūtram,,,included in gretil
śāṅkhāyanaśrautasūtram,,,included in gretil
śrautapadārthanirvacanam,कल्पः/श्रौतसूत्राणि/श्रौतपदार्थनिर्वचनम् - विकिस्रोतः,https://sa.wikisource.org/wiki/%E0%A4%95%E0%A4%B2%E0%A5%8D%E0%A4%AA%E0%A4%83/%E0%A4%B6%E0%A5%8D%E0%A4%B0%E0%A5%8C%E0%A4%A4%E0%A4%B8%E0%A5%82%E0%A4%A4%E0%A5%8D%E0%A4%B0%E0%A4%BE%E0%A4%A3%E0%A4%BF/%E0%A4%B6%E0%A5%8D%E0%A4%B0%E0%A5%8C%E0%A4%A4%E0%A4%AA%E0%A4%A6%E0%A4%BE%E0%A4%B0%E0%A5%8D%E0%A4%A5%E0%A4%A8%E0%A4%BF%E0%A4%B0%E0%A5%8D%E0%A4%B5%E0%A4%9A%E0%A4%A8%E0%A4%AE%E0%A5%8D,
hiraṇyakeśiśrautasūtram,कल्पः/श्रौतसूत्राणि/हिरण्यकेशि-श्रौतसूत्रम् - विकिस्रोतः,https://sa.wikisource.org/wiki/%E0%A4%95%E0%A4%B2%E0%A5%8D%E0%A4%AA%E0%A4%83/%E0%A4%B6%E0%A5%8D%E0%A4%B0%E0%A5%8C%E0%A4%A4%E0%A4%B8%E0%A5%82%E0%A4%A4%E0%A5%8D%E0%A4%B0%E0%A4%BE%E0%A4%A3%E0%A4%BF/%E0%A4%B9%E0%A4%BF%E0%A4%B0%E0%A4%A3%E0%A5%8D%E0%A4%AF%E0%A4%95%E0%A5%87%E0%A4%B6%E0%A4%BF-%E0%A4%B6%E0%A5%8D%E0%A4%B0%E0%A5%8C%E0%A4%A4%E0%A4%B8%E0%A5%82%E0%A4%A4%E0%A5%8D%E0%A4%B0%E0%A4%AE%E0%A5%8D,
anukramaṇikā:āpastambīyaṃ śrautasūtram,अनुक्रमणिका:आपस्तम्बीयं श्रौतसूत्रम्.djvu - विकिस्रोतः,https://sa.wikisource.org/wiki/%E0%A4%85%E0%A4%A8%E0%A5%81%E0%A4%95%E0%A5%8D%E0%A4%B0%E0%A4%AE%E0%A4%A3%E0%A4%BF%E0%A4%95%E0%A4%BE:%E0%A4%86%E0%A4%AA%E0%A4%B8%E0%A5%8D%E0%A4%A4%E0%A4%AE%E0%A5%8D%E0%A4%AC%E0%A5%80%E0%A4%AF%E0%A4%82_%E0%A4%B6%E0%A5%8D%E0%A4%B0%E0%A5%8C%E0%A4%A4%E0%A4%B8%E0%A5%82%E0%A4%A4%E0%A5%8D%E0%A4%B0%E0%A4%AE%E0%A5%8D.djvu,
manusmṛtiḥ,,,included in gretil
yājñavalkyasmṛtiḥ,,,included in gretil
āṅgirasasmṛtiḥ,,,included in gretil
kaśyapasmṛtiḥ,कश्यपस्मृतिः - विकिस्रोतः,https://sa.wikisource.org/wiki/%E0%A4%95%E0%A4%B6%E0%A5%8D%E0%A4%AF%E0%A4%AA%E0%A4%B8%E0%A5%8D%E0%A4%AE%E0%A5%83%E0%A4%A4%E0%A4%BF%E0%A4%83,
kātyāyanasmṛtiḥ,,,included in gretil
devalasmṛtiḥ,देवलस्मृतिः - विकिस्रोतः,https://sa.wikisource.org/wiki/%E0%A4%A6%E0%A5%87%E0%A4%B5%E0%A4%B2%E0%A4%B8%E0%A5%8D%E0%A4%AE%E0%A5%83%E0%A4%A4%E0%A4%BF%E0%A4%83,
nāradasmṛtiḥ,,,included in gretil
parāśarasmṛtiḥ,,,included in gretil
pulastyasmṛtiḥ,पुलस्त्यस्मृतिः - विकिस्रोतः,https://sa.wikisource.org/wiki/%E0%A4%AA%E0%A5%81%E0%A4%B2%E0%A4%B8%E0%A5%8D%E0%A4%A4%E0%A5%8D%E0%A4%AF%E0%A4%B8%E0%A5%8D%E0%A4%AE%E0%A5%83%E0%A4%A4%E0%A4%BF%E0%A4%83,
bṛhadyamasmṛtiḥ,बृहद्यमस्मृतिः - विकिस्रोतः,https://sa.wikisource.org/wiki/%E0%A4%AC%E0%A5%83%E0%A4%B9%E0%A4%A6%E0%A5%8D%E0%A4%AF%E0%A4%AE%E0%A4%B8%E0%A5%8D%E0%A4%AE%E0%A5%83%E0%A4%A4%E0%A4%BF%E0%A4%83,
bṛhaspatismṛtiḥ,,,included in gretil
bṛhaspatismṛtiḥ,,,included in gretil
yamasmṛtiḥ,,,included in gretil
viśvāmitrasmṛtiḥ,विश्वामित्रस्मृतिः - विकिस्रोतः,https://sa.wikisource.org/wiki/%E0%A4%B5%E0%A4%BF%E0%A4%B6%E0%A5%8D%E0%A4%B5%E0%A4%BE%E0%A4%AE%E0%A4%BF%E0%A4%A4%E0%A5%8D%E0%A4%B0%E0%A4%B8%E0%A5%8D%E0%A4%AE%E0%A5%83%E0%A4%A4%E0%A4%BF%E0%A4%83,
viṣṇusmṛtiḥ,,,included in gretil
āryamañjuśrīmūlakalpam,आर्यमञ्जुश्रीमूलकल्पम्-भागः १ - विकिस्रोतः,https://sa.wikisource.org/wiki/%E0%A4%86%E0%A4%B0%E0%A5%8D%E0%A4%AF%E0%A4%AE%E0%A4%9E%E0%A5%8D%E0%A4%9C%E0%A5%81%E0%A4%B6%E0%A5%8D%E0%A4%B0%E0%A5%80%E0%A4%AE%E0%A5%82%E0%A4%B2%E0%A4%95%E0%A4%B2%E0%A5%8D%E0%A4%AA%E0%A4%AE%E0%A5%8D-%E0%A4%AD%E0%A4%BE%E0%A4%97%E0%A4%83_%E0%A5%A7,
chandomañjarī,छन्दोमञ्जरी - विकिस्रोतः,https://sa.wikisource.org/wiki/%E0%A4%9B%E0%A4%A8%E0%A5%8D%E0%A4%A6%E0%A5%8B%E0%A4%AE%E0%A4%9E%E0%A5%8D%E0%A4%9C%E0%A4%B0%E0%A5%80,
piṅgalachandaḥsūtram,पिङ्गलछन्दःसूत्रम् - विकिस्रोतः,https://sa.wikisource.org/wiki/%E0%A4%AA%E0%A4%BF%E0%A4%99%E0%A5%8D%E0%A4%97%E0%A4%B2%E0%A4%9B%E0%A4%A8%E0%A5%8D%E0%A4%A6%E0%A4%83%E0%A4%B8%E0%A5%82%E0%A4%A4%E0%A5%8D%E0%A4%B0%E0%A4%AE%E0%A5%8D,
bṛhaddevatā,बृहद्देवता - विकिस्रोतः,https://sa.wikisource.org/wiki/%E0%A4%AC%E0%A5%83%E0%A4%B9%E0%A4%A6%E0%A5%8D%E0%A4%A6%E0%A5%87%E0%A4%B5%E0%A4%A4%E0%A4%BE,
vṛttamālāstutiḥ,,,included in gretil
vṛttaratnākaraḥ,,,included in gretil
sukavihṛdayānandinī,,,
ātharvaṇajyotiṣam,आथर्वणज्योतिषम् - विकिस्रोतः,https://sa.wikisource.org/wiki/%E0%A4%86%E0%A4%A5%E0%A4%B0%E0%A5%8D%E0%A4%B5%E0%A4%A3%E0%A4%9C%E0%A5%8D%E0%A4%AF%E0%A5%8B%E0%A4%A4%E0%A4%BF%E0%A4%B7%E0%A4%AE%E0%A5%8D,
āryabhaṭīyam,,,included in gretil
karaṇakaustubhaḥ,करणकौस्तुभः - विकिस्रोतः,https://sa.wikisource.org/wiki/%E0%A4%95%E0%A4%B0%E0%A4%A3%E0%A4%95%E0%A5%8C%E0%A4%B8%E0%A5%8D%E0%A4%A4%E0%A5%81%E0%A4%AD%E0%A4%83,
karaṇapaddhatiḥ,करणपद्धतिः - विकिस्रोतः,https://sa.wikisource.org/wiki/%E0%A4%95%E0%A4%B0%E0%A4%A3%E0%A4%AA%E0%A4%A6%E0%A5%8D%E0%A4%A7%E0%A4%A4%E0%A4%BF%E0%A4%83,
karaṇaprakāśaḥ,करणप्रकाशः - विकिस्रोतः,https://sa.wikisource.org/wiki/%E0%A4%95%E0%A4%B0%E0%A4%A3%E0%A4%AA%E0%A5%8D%E0%A4%B0%E0%A4%95%E0%A4%BE%E0%A4%B6%E0%A4%83,
karmapradīpaḥ,कर्मप्रदीपः (प्रपाठकः १ खण्डः १) - विकिस्रोतः,https://sa.wikisource.org/wiki/%E0%A4%95%E0%A4%B0%E0%A5%8D%E0%A4%AE%E0%A4%AA%E0%A5%8D%E0%A4%B0%E0%A4%A6%E0%A5%80%E0%A4%AA%E0%A4%83_(%E0%A4%AA%E0%A5%8D%E0%A4%B0%E0%A4%AA%E0%A4%BE%E0%A4%A0%E0%A4%95%E0%A4%83_%E0%A5%A7_%E0%A4%96%E0%A4%A3%E0%A5%8D%E0%A4%A1%E0%A4%83_%E0%A5%A7),
golādhyāyaḥ,गोलाध्यायः (सिद्धान्तशिरोमणेः प्रथमो भागः) - विकिस्रोतः,https://sa.wikisource.org/wiki/%E0%A4%97%E0%A5%8B%E0%A4%B2%E0%A4%BE%E0%A4%A7%E0%A5%8D%E0%A4%AF%E0%A4%BE%E0%A4%AF%E0%A4%83_(%E0%A4%B8%E0%A4%BF%E0%A4%A6%E0%A5%8D%E0%A4%A7%E0%A4%BE%E0%A4%A8%E0%A5%8D%E0%A4%A4%E0%A4%B6%E0%A4%BF%E0%A4%B0%E0%A5%8B%E0%A4%AE%E0%A4%A3%E0%A5%87%E0%A4%83_%E0%A4%AA%E0%A5%8D%E0%A4%B0%E0%A4%A5%E0%A4%AE%E0%A5%8B_%E0%A4%AD%E0%A4%BE%E0%A4%97%E0%A4%83),
nāradasaṃhitā,नारदसंहिता - विकिस्रोतः,https://sa.wikisource.org/wiki/%E0%A4%A8%E0%A4%BE%E0%A4%B0%E0%A4%A6%E0%A4%B8%E0%A4%82%E0%A4%B9%E0%A4%BF%E0%A4%A4%E0%A4%BE,
bṛhatsāmudrikāśāstra,बृहत्सामुद्रिकाशास्त्र - विकिस्रोतः,https://sa.wikisource.org/wiki/%E0%A4%AC%E0%A5%83%E0%A4%B9%E0%A4%A4%E0%A5%8D%E0%A4%B8%E0%A4%BE%E0%A4%AE%E0%A5%81%E0%A4%A6%E0%A5%8D%E0%A4%B0%E0%A4%BF%E0%A4%95%E0%A4%BE%E0%A4%B6%E0%A4%BE%E0%A4%B8%E0%A5%8D%E0%A4%A4%E0%A5%8D%E0%A4%B0,
muhūrtadīpakaḥ,मुहूर्तदीपकः - विकिस्रोतः,https://sa.wikisource.org/wiki/%E0%A4%AE%E0%A5%81%E0%A4%B9%E0%A5%82%E0%A4%B0%E0%A5%8D%E0%A4%A4%E0%A4%A6%E0%A5%80%E0%A4%AA%E0%A4%95%E0%A4%83,
yājuṣajyotiṣam,याजुषज्योतिषम् - विकिस्रोतः,https://sa.wikisource.org/wiki/%E0%A4%AF%E0%A4%BE%E0%A4%9C%E0%A5%81%E0%A4%B7%E0%A4%9C%E0%A5%8D%E0%A4%AF%E0%A5%8B%E0%A4%A4%E0%A4%BF%E0%A4%B7%E0%A4%AE%E0%A5%8D,
līlāvatī,,,included in gretil
vāstuvidyā,वास्तुविद्या - विकिस्रोतः,https://sa.wikisource.org/wiki/%E0%A4%B5%E0%A4%BE%E0%A4%B8%E0%A5%8D%E0%A4%A4%E0%A5%81%E0%A4%B5%E0%A4%BF%E0%A4%A6%E0%A5%8D%E0%A4%AF%E0%A4%BE,
siddhāntatattvavivekaḥ,सिद्धान्ततत्त्वविवेकः - विकिस्रोतः,https://sa.wikisource.org/wiki/%E0%A4%B8%E0%A4%BF%E0%A4%A6%E0%A5%8D%E0%A4%A7%E0%A4%BE%E0%A4%A8%E0%A5%8D%E0%A4%A4%E0%A4%A4%E0%A4%A4%E0%A5%8D%E0%A4%A4%E0%A5%8D%E0%A4%B5%E0%A4%B5%E0%A4%BF%E0%A4%B5%E0%A5%87%E0%A4%95%E0%A4%83,
siddhāntadarpaṇaḥ,सिद्धान्तदर्पणः - विकिस्रोतः,https://sa.wikisource.org/wiki/%E0%A4%B8%E0%A4%BF%E0%A4%A6%E0%A5%8D%E0%A4%A7%E0%A4%BE%E0%A4%A8%E0%A5%8D%E0%A4%A4%E0%A4%A6%E0%A4%B0%E0%A5%8D%E0%A4%AA%E0%A4%A3%E0%A4%83,
niruktam,निरुक्तम् - विकिस्रोतः,https://sa.wikisource.org/wiki/%E0%A4%A8%E0%A4%BF%E0%A4%B0%E0%A5%81%E0%A4%95%E0%A5%8D%E0%A4%A4%E0%A4%AE%E0%A5%8D,
aṣṭādhyāyī,,,included in gretil
kāśikāvṛttiḥ,,,included in gretil
laghusiddhāntakaumudī,,,included in gretil
vākyapadīyam,,,included in gretil
vākyapadīyam (savṛtti),वाक्यपदीयम् (सवृत्ति) - विकिस्रोतः,https://sa.wikisource.org/wiki/%E0%A4%B5%E0%A4%BE%E0%A4%95%E0%A5%8D%E0%A4%AF%E0%A4%AA%E0%A4%A6%E0%A5%80%E0%A4%AF%E0%A4%AE%E0%A5%8D_(%E0%A4%B8%E0%A4%B5%E0%A5%83%E0%A4%A4%E0%A5%8D%E0%A4%A4%E0%A4%BF),
aṣṭādhyāyī (śikṣāparibhāṣādisahitā),अष्टाध्यायी (शिक्षापरिभाषादिसहिता) - विकिस्रोतः,https://sa.wikisource.org/wiki/%E0%A4%85%E0%A4%B7%E0%A5%8D%E0%A4%9F%E0%A4%BE%E0%A4%A7%E0%A5%8D%E0%A4%AF%E0%A4%BE%E0%A4%AF%E0%A5%80_(%E0%A4%B6%E0%A4%BF%E0%A4%95%E0%A5%8D%E0%A4%B7%E0%A4%BE%E0%A4%AA%E0%A4%B0%E0%A4%BF%E0%A4%AD%E0%A4%BE%E0%A4%B7%E0%A4%BE%E0%A4%A6%E0%A4%BF%E0%A4%B8%E0%A4%B9%E0%A4%BF%E0%A4%A4%E0%A4%BE),
aṣṭādhyāyī-gaṇapāṭhaḥ,अष्टाध्यायी-गणपाठः - विकिस्रोतः,https://sa.wikisource.org/wiki/%E0%A4%85%E0%A4%B7%E0%A5%8D%E0%A4%9F%E0%A4%BE%E0%A4%A7%E0%A5%8D%E0%A4%AF%E0%A4%BE%E0%A4%AF%E0%A5%80-%E0%A4%97%E0%A4%A3%E0%A4%AA%E0%A4%BE%E0%A4%A0%E0%A4%83,
aṣṭādhyāyī-dhātupāṭhaḥ,अष्टाध्यायी-धातुपाठः - विकिस्रोतः,https://sa.wikisource.org/wiki/%E0%A4%85%E0%A4%B7%E0%A5%8D%E0%A4%9F%E0%A4%BE%E0%A4%A7%E0%A5%8D%E0%A4%AF%E0%A4%BE%E0%A4%AF%E0%A5%80-%E0%A4%A7%E0%A4%BE%E0%A4%A4%E0%A5%81%E0%A4%AA%E0%A4%BE%E0%A4%A0%E0%A4%83,
uṇādikośaḥ,उणादिकोशः - विकिस्रोतः,https://sa.wikisource.org/wiki/%E0%A4%89%E0%A4%A3%E0%A4%BE%E0%A4%A6%E0%A4%BF%E0%A4%95%E0%A5%8B%E0%A4%B6%E0%A4%83,
uṇādisūtrāṇi,उणादिसूत्राणि - विकिस्रोतः,https://sa.wikisource.org/wiki/%E0%A4%89%E0%A4%A3%E0%A4%BE%E0%A4%A6%E0%A4%BF%E0%A4%B8%E0%A5%82%E0%A4%A4%E0%A5%8D%E0%A4%B0%E0%A4%BE%E0%A4%A3%E0%A4%BF,
upasargavṛttiḥ,उपसर्गवृत्तिः - विकिस्रोतः,https://sa.wikisource.org/wiki/%E0%A4%89%E0%A4%AA%E0%A4%B8%E0%A4%B0%E0%A5%8D%E0%A4%97%E0%A4%B5%E0%A5%83%E0%A4%A4%E0%A5%8D%E0%A4%A4%E0%A4%BF%E0%A4%83,
kāśikā,,,included in gretil
kāśikā (padamañjarīvyākhyāsahitā),काशिका (पदमञ्जरीव्याख्यासहिता) - विकिस्रोतः,https://sa.wikisource.org/wiki/%E0%A4%95%E0%A4%BE%E0%A4%B6%E0%A4%BF%E0%A4%95%E0%A4%BE_(%E0%A4%AA%E0%A4%A6%E0%A4%AE%E0%A4%9E%E0%A5%8D%E0%A4%9C%E0%A4%B0%E0%A5%80%E0%A4%B5%E0%A5%8D%E0%A4%AF%E0%A4%BE%E0%A4%96%E0%A5%8D%E0%A4%AF%E0%A4%BE%E0%A4%B8%E0%A4%B9%E0%A4%BF%E0%A4%A4%E0%A4%BE),
kāśikāvivaraṇapañjikā,काशिकाविवरणपञ्जिका - विकिस्रोतः,https://sa.wikisource.org/wiki/%E0%A4%95%E0%A4%BE%E0%A4%B6%E0%A4%BF%E0%A4%95%E0%A4%BE%E0%A4%B5%E0%A4%BF%E0%A4%B5%E0%A4%B0%E0%A4%A3%E0%A4%AA%E0%A4%9E%E0%A5%8D%E0%A4%9C%E0%A4%BF%E0%A4%95%E0%A4%BE,
jñāpakasaṃgrahaḥ,ज्ञापकसंग्रहः - विकिस्रोतः,https://sa.wikisource.org/wiki/%E0%A4%9C%E0%A5%8D%E0%A4%9E%E0%A4%BE%E0%A4%AA%E0%A4%95%E0%A4%B8%E0%A4%82%E0%A4%97%E0%A5%8D%E0%A4%B0%E0%A4%B9%E0%A4%83,
jñāpakasaṃgrahapariśiṣṭam,ज्ञापकसंग्रहपरिशिष्टम् - विकिस्रोतः,https://sa.wikisource.org/wiki/%E0%A4%9C%E0%A5%8D%E0%A4%9E%E0%A4%BE%E0%A4%AA%E0%A4%95%E0%A4%B8%E0%A4%82%E0%A4%97%E0%A5%8D%E0%A4%B0%E0%A4%B9%E0%A4%AA%E0%A4%B0%E0%A4%BF%E0%A4%B6%E0%A4%BF%E0%A4%B7%E0%A5%8D%E0%A4%9F%E0%A4%AE%E0%A5%8D,
tattvaprabhāvalī,तत्त्वप्रभावली - विकिस्रोतः,https://sa.wikisource.org/wiki/%E0%A4%A4%E0%A4%A4%E0%A5%8D%E0%A4%A4%E0%A5%8D%E0%A4%B5%E0%A4%AA%E0%A5%8D%E0%A4%B0%E0%A4%AD%E0%A4%BE%E0%A4%B5%E0%A4%B2%E0%A5%80,
dhātukārikā,धातुकारिका - विकिस्रोतः,https://sa.wikisource.org/wiki/%E0%A4%A7%E0%A4%BE%E0%A4%A4%E0%A5%81%E0%A4%95%E0%A4%BE%E0%A4%B0%E0%A4%BF%E0%A4%95%E0%A4%BE,
dhātvarthanirūpaṇam,धात्वर्थनिरूपणम् - विकिस्रोतः,https://sa.wikisource.org/wiki/%E0%A4%A7%E0%A4%BE%E0%A4%A4%E0%A5%8D%E0%A4%B5%E0%A4%B0%E0%A5%8D%E0%A4%A5%E0%A4%A8%E0%A4%BF%E0%A4%B0%E0%A5%82%E0%A4%AA%E0%A4%A3%E0%A4%AE%E0%A5%8D,
paramalaghumañjūṣā,परमलघुमञ्जूषा - विकिस्रोतः,https://sa.wikisource.org/wiki/%E0%A4%AA%E0%A4%B0%E0%A4%AE%E0%A4%B2%E0%A4%98%E0%A5%81%E0%A4%AE%E0%A4%9E%E0%A5%8D%E0%A4%9C%E0%A5%82%E0%A4%B7%E0%A4%BE,
paribhāṣenduśekharaḥ,,,included in gretil
pariṣkāradarpaṇaḥ,परिष्कारदर्पणः - विकिस्रोतः,https://sa.wikisource.org/wiki/%E0%A4%AA%E0%A4%B0%E0%A4%BF%E0%A4%B7%E0%A5%8D%E0%A4%95%E0%A4%BE%E0%A4%B0%E0%A4%A6%E0%A4%B0%E0%A5%8D%E0%A4%AA%E0%A4%A3%E0%A4%83,
prauḍhamanoramā,प्रौढमनोरमा - विकिस्रोतः,https://sa.wikisource.org/wiki/%E0%A4%AA%E0%A5%8D%E0%A4%B0%E0%A5%8C%E0%A4%A2%E0%A4%AE%E0%A4%A8%E0%A5%8B%E0%A4%B0%E0%A4%AE%E0%A4%BE,
phiṭsūtrāṇi,फिट् सूत्राणि - विकिस्रोतः,https://sa.wikisource.org/wiki/%E0%A4%AB%E0%A4%BF%E0%A4%9F%E0%A5%8D_%E0%A4%B8%E0%A5%82%E0%A4%A4%E0%A5%8D%E0%A4%B0%E0%A4%BE%E0%A4%A3%E0%A4%BF,
bhāṣāvṛttiḥ,भाषावृत्तिः - विकिस्रोतः,https://sa.wikisource.org/wiki/%E0%A4%AD%E0%A4%BE%E0%A4%B7%E0%A4%BE%E0%A4%B5%E0%A5%83%E0%A4%A4%E0%A5%8D%E0%A4%A4%E0%A4%BF%E0%A4%83,
mahābhāṣyam,,,included in gretil
laghupāṇinīyam,लघुपाणिनीयम् - विकिस्रोतः,https://sa.wikisource.org/wiki/%E0%A4%B2%E0%A4%98%E0%A5%81%E0%A4%AA%E0%A4%BE%E0%A4%A3%E0%A4%BF%E0%A4%A8%E0%A5%80%E0%A4%AF%E0%A4%AE%E0%A5%8D,
laghubhūṣaṇakāntiḥ,लघुभूषणकान्तिः - विकिस्रोतः,https://sa.wikisource.org/wiki/%E0%A4%B2%E0%A4%98%E0%A5%81%E0%A4%AD%E0%A5%82%E0%A4%B7%E0%A4%A3%E0%A4%95%E0%A4%BE%E0%A4%A8%E0%A5%8D%E0%A4%A4%E0%A4%BF%E0%A4%83,
laghuśabdenduśekharaḥ,लघुशब्देन्दुशेखरः - विकिस्रोतः,https://sa.wikisource.org/wiki/%E0%A4%B2%E0%A4%98%E0%A5%81%E0%A4%B6%E0%A4%AC%E0%A5%8D%E0%A4%A6%E0%A5%87%E0%A4%A8%E0%A5%8D%E0%A4%A6%E0%A5%81%E0%A4%B6%E0%A5%87%E0%A4%96%E0%A4%B0%E0%A4%83,
liṅgānuśāsanam,लिङ्गानुशासनम् - विकिस्रोतः,https://sa.wikisource.org/wiki/%E0%A4%B2%E0%A4%BF%E0%A4%99%E0%A5%8D%E0%A4%97%E0%A4%BE%E0%A4%A8%E0%A5%81%E0%A4%B6%E0%A4%BE%E0%A4%B8%E0%A4%A8%E0%A4%AE%E0%A5%8D,
vādārthasaṃgrahaḥ (dvitīyabhāgaḥ),वादार्थसंग्रहः (द्वितीयभागः) - विकिस्रोतः,https://sa.wikisource.org/wiki/%E0%A4%B5%E0%A4%BE%E0%A4%A6%E0%A4%BE%E0%A4%B0%E0%A5%8D%E0%A4%A5%E0%A4%B8%E0%A4%82%E0%A4%97%E0%A5%8D%E0%A4%B0%E0%A4%B9%E0%A4%83_(%E0%A4%A6%E0%A5%8D%E0%A4%B5%E0%A4%BF%E0%A4%A4%E0%A5%80%E0%A4%AF%E0%A4%AD%E0%A4%BE%E0%A4%97%E0%A4%83),
vaiyākaraṇabhūṣaṇasāraḥ,वैयाकरणभूषणसारः - विकिस्रोतः,https://sa.wikisource.org/wiki/%E0%A4%B5%E0%A5%88%E0%A4%AF%E0%A4%BE%E0%A4%95%E0%A4%B0%E0%A4%A3%E0%A4%AD%E0%A5%82%E0%A4%B7%E0%A4%A3%E0%A4%B8%E0%A4%BE%E0%A4%B0%E0%A4%83,
vaiyākaraṇabhūṣaṇasāraḥ (kāśikāṭīkāsahitaḥ),वैयाकरणभूषणसारः (काशिकाटीकासहितः) - विकिस्रोतः,https://sa.wikisource.org/wiki/%E0%A4%B5%E0%A5%88%E0%A4%AF%E0%A4%BE%E0%A4%95%E0%A4%B0%E0%A4%A3%E0%A4%AD%E0%A5%82%E0%A4%B7%E0%A4%A3%E0%A4%B8%E0%A4%BE%E0%A4%B0%E0%A4%83_(%E0%A4%95%E0%A4%BE%E0%A4%B6%E0%A4%BF%E0%A4%95%E0%A4%BE%E0%A4%9F%E0%A5%80%E0%A4%95%E0%A4%BE%E0%A4%B8%E0%A4%B9%E0%A4%BF%E0%A4%A4%E0%A4%83),
vaiyākaraṇabhūṣaṇasāraḥ (darpaṇavyākhyāsahitaḥ),वैयाकरणभूषणसारः (दर्पणव्याख्यासहितः) - विकिस्रोतः,https://sa.wikisource.org/wiki/%E0%A4%B5%E0%A5%88%E0%A4%AF%E0%A4%BE%E0%A4%95%E0%A4%B0%E0%A4%A3%E0%A4%AD%E0%A5%82%E0%A4%B7%E0%A4%A3%E0%A4%B8%E0%A4%BE%E0%A4%B0%E0%A4%83_(%E0%A4%A6%E0%A4%B0%E0%A5%8D%E0%A4%AA%E0%A4%A3%E0%A4%B5%E0%A5%8D%E0%A4%AF%E0%A4%BE%E0%A4%96%E0%A5%8D%E0%A4%AF%E0%A4%BE%E0%A4%B8%E0%A4%B9%E0%A4%BF%E0%A4%A4%E0%A4%83),
vaiyākaraṇabhūṣaṇasāraḥ (śaṅkarīvyākhyāsahitaḥ),वैयाकरणभूषणसारः (शङ्करीव्याख्यासहितः) - विकिस्रोतः,https://sa.wikisource.org/wiki/%E0%A4%B5%E0%A5%88%E0%A4%AF%E0%A4%BE%E0%A4%95%E0%A4%B0%E0%A4%A3%E0%A4%AD%E0%A5%82%E0%A4%B7%E0%A4%A3%E0%A4%B8%E0%A4%BE%E0%A4%B0%E0%A4%83_(%E0%A4%B6%E0%A4%99%E0%A5%8D%E0%A4%95%E0%A4%B0%E0%A5%80%E0%A4%B5%E0%A5%8D%E0%A4%AF%E0%A4%BE%E0%A4%96%E0%A5%8D%E0%A4%AF%E0%A4%BE%E0%A4%B8%E0%A4%B9%E0%A4%BF%E0%A4%A4%E0%A4%83),
vaiyākaraṇasiddhāntamañjūṣā,वैयाकरणसिद्धान्तमञ्जूषा - विकिस्रोतः,https://sa.wikisource.org/wiki/%E0%A4%B5%E0%A5%88%E0%A4%AF%E0%A4%BE%E0%A4%95%E0%A4%B0%E0%A4%A3%E0%A4%B8%E0%A4%BF%E0%A4%A6%E0%A5%8D%E0%A4%A7%E0%A4%BE%E0%A4%A8%E0%A5%8D%E0%A4%A4%E0%A4%AE%E0%A4%9E%E0%A5%8D%E0%A4%9C%E0%A5%82%E0%A4%B7%E0%A4%BE,
vaiyākaramasiddhāntalaghumañjūṣā,वैयाकरमसिद्धान्तलघुमञ्जूषा-१ - विकिस्रोतः,https://sa.wikisource.org/wiki/%E0%A4%B5%E0%A5%88%E0%A4%AF%E0%A4%BE%E0%A4%95%E0%A4%B0%E0%A4%AE%E0%A4%B8%E0%A4%BF%E0%A4%A6%E0%A5%8D%E0%A4%A7%E0%A4%BE%E0%A4%A8%E0%A5%8D%E0%A4%A4%E0%A4%B2%E0%A4%98%E0%A5%81%E0%A4%AE%E0%A4%9E%E0%A5%8D%E0%A4%9C%E0%A5%82%E0%A4%B7%E0%A4%BE-%E0%A5%A7,
śabdakaustubhaḥ,शब्दकौस्तुभः - विकिस्रोतः,https://sa.wikisource.org/wiki/%E0%A4%B6%E0%A4%AC%E0%A5%8D%E0%A4%A6%E0%A4%95%E0%A5%8C%E0%A4%B8%E0%A5%8D%E0%A4%A4%E0%A5%81%E0%A4%AD%E0%A4%83,
śābdikābharaṇam‌,शाब्दिकाभरणम्‌ - विकिस्रोतः,https://sa.wikisource.org/wiki/%E0%A4%B6%E0%A4%BE%E0%A4%AC%E0%A5%8D%E0%A4%A6%E0%A4%BF%E0%A4%95%E0%A4%BE%E0%A4%AD%E0%A4%B0%E0%A4%A3%E0%A4%AE%E0%A5%8D%E2%80%8C,
śrīvyāsapāṇinibhāvanirṇayaḥ,श्रीव्यासपाणिनिभावनिर्णयः - विकिस्रोतः,https://sa.wikisource.org/wiki/%E0%A4%B6%E0%A5%8D%E0%A4%B0%E0%A5%80%E0%A4%B5%E0%A5%8D%E0%A4%AF%E0%A4%BE%E0%A4%B8%E0%A4%AA%E0%A4%BE%E0%A4%A3%E0%A4%BF%E0%A4%A8%E0%A4%BF%E0%A4%AD%E0%A4%BE%E0%A4%B5%E0%A4%A8%E0%A4%BF%E0%A4%B0%E0%A5%8D%E0%A4%A3%E0%A4%AF%E0%A4%83,
śrīsiddhāntasudhānidhiḥ,श्रीसिद्धान्तसुधानिधिः - विकिस्रोतः,https://sa.wikisource.org/wiki/%E0%A4%B6%E0%A5%8D%E0%A4%B0%E0%A5%80%E0%A4%B8%E0%A4%BF%E0%A4%A6%E0%A5%8D%E0%A4%A7%E0%A4%BE%E0%A4%A8%E0%A5%8D%E0%A4%A4%E0%A4%B8%E0%A5%81%E0%A4%A7%E0%A4%BE%E0%A4%A8%E0%A4%BF%E0%A4%A7%E0%A4%BF%E0%A4%83,
ṣaṭkārakam,षट्कारकम् - विकिस्रोतः,https://sa.wikisource.org/wiki/%E0%A4%B7%E0%A4%9F%E0%A5%8D%E0%A4%95%E0%A4%BE%E0%A4%B0%E0%A4%95%E0%A4%AE%E0%A5%8D,
samāsalakṣaṇam,समासलक्षणम् - विकिस्रोतः,https://sa.wikisource.org/wiki/%E0%A4%B8%E0%A4%AE%E0%A4%BE%E0%A4%B8%E0%A4%B2%E0%A4%95%E0%A5%8D%E0%A4%B7%E0%A4%A3%E0%A4%AE%E0%A5%8D,
sāramañjarī (āśubodhavidyābhūṣaṇaviracitavyākhyāsahitā),सारमञ्जरी (आशुबोधविद्याभूषणविरचितव्याख्यासहिता) - विकिस्रोतः,https://sa.wikisource.org/wiki/%E0%A4%B8%E0%A4%BE%E0%A4%B0%E0%A4%AE%E0%A4%9E%E0%A5%8D%E0%A4%9C%E0%A4%B0%E0%A5%80_(%E0%A4%86%E0%A4%B6%E0%A5%81%E0%A4%AC%E0%A5%8B%E0%A4%A7%E0%A4%B5%E0%A4%BF%E0%A4%A6%E0%A5%8D%E0%A4%AF%E0%A4%BE%E0%A4%AD%E0%A5%82%E0%A4%B7%E0%A4%A3%E0%A4%B5%E0%A4%BF%E0%A4%B0%E0%A4%9A%E0%A4%BF%E0%A4%A4%E0%A4%B5%E0%A5%8D%E0%A4%AF%E0%A4%BE%E0%A4%96%E0%A5%8D%E0%A4%AF%E0%A4%BE%E0%A4%B8%E0%A4%B9%E0%A4%BF%E0%A4%A4%E0%A4%BE),
sāramañjarī (sāradīpikāvyākhyāsahitā),सारमञ्जरी (सारदीपिकाव्याख्यासहिता) - विकिस्रोतः,https://sa.wikisource.org/wiki/%E0%A4%B8%E0%A4%BE%E0%A4%B0%E0%A4%AE%E0%A4%9E%E0%A5%8D%E0%A4%9C%E0%A4%B0%E0%A5%80_(%E0%A4%B8%E0%A4%BE%E0%A4%B0%E0%A4%A6%E0%A5%80%E0%A4%AA%E0%A4%BF%E0%A4%95%E0%A4%BE%E0%A4%B5%E0%A5%8D%E0%A4%AF%E0%A4%BE%E0%A4%96%E0%A5%8D%E0%A4%AF%E0%A4%BE%E0%A4%B8%E0%A4%B9%E0%A4%BF%E0%A4%A4%E0%A4%BE),
siddhāntakaumudī,सिद्धान्तकौमुदी - विकिस्रोतः,https://sa.wikisource.org/wiki/%E0%A4%B8%E0%A4%BF%E0%A4%A6%E0%A5%8D%E0%A4%A7%E0%A4%BE%E0%A4%A8%E0%A5%8D%E0%A4%A4%E0%A4%95%E0%A5%8C%E0%A4%AE%E0%A5%81%E0%A4%A6%E0%A5%80,
sphoṭacandrikā,स्फोटचन्द्रिका - विकिस्रोतः,https://sa.wikisource.org/wiki/%E0%A4%B8%E0%A5%8D%E0%A4%AB%E0%A5%8B%E0%A4%9F%E0%A4%9A%E0%A4%A8%E0%A5%8D%E0%A4%A6%E0%A5%8D%E0%A4%B0%E0%A4%BF%E0%A4%95%E0%A4%BE,
harināmāmṛtavyākaraṇam,हरिनामामृतव्याकरणम् - विकिस्रोतः,https://sa.wikisource.org/wiki/%E0%A4%B9%E0%A4%B0%E0%A4%BF%E0%A4%A8%E0%A4%BE%E0%A4%AE%E0%A4%BE%E0%A4%AE%E0%A5%83%E0%A4%A4%E0%A4%B5%E0%A5%8D%E0%A4%AF%E0%A4%BE%E0%A4%95%E0%A4%B0%E0%A4%A3%E0%A4%AE%E0%A5%8D,
atharvavedaprātiśākhyam,अथर्ववेदप्रातिशाख्यम् - विकिस्रोतः,https://sa.wikisource.org/wiki/%E0%A4%85%E0%A4%A5%E0%A4%B0%E0%A5%8D%E0%A4%B5%E0%A4%B5%E0%A5%87%E0%A4%A6%E0%A4%AA%E0%A5%8D%E0%A4%B0%E0%A4%BE%E0%A4%A4%E0%A4%BF%E0%A4%B6%E0%A4%BE%E0%A4%96%E0%A5%8D%E0%A4%AF%E0%A4%AE%E0%A5%8D,
taittarīyaprātiśākhyam,तैत्तरीयप्रातिशाख्यम् - विकिस्रोतः,https://sa.wikisource.org/wiki/%E0%A4%A4%E0%A5%88%E0%A4%A4%E0%A5%8D%E0%A4%A4%E0%A4%B0%E0%A5%80%E0%A4%AF%E0%A4%AA%E0%A5%8D%E0%A4%B0%E0%A4%BE%E0%A4%A4%E0%A4%BF%E0%A4%B6%E0%A4%BE%E0%A4%96%E0%A5%8D%E0%A4%AF%E0%A4%AE%E0%A5%8D,
śaunakīyā caturādhyāyīkā,शौनकीया चतुराध्यायीका - विकिस्रोतः,https://sa.wikisource.org/wiki/%E0%A4%B6%E0%A5%8C%E0%A4%A8%E0%A4%95%E0%A5%80%E0%A4%AF%E0%A4%BE_%E0%A4%9A%E0%A4%A4%E0%A5%81%E0%A4%B0%E0%A4%BE%E0%A4%A7%E0%A5%8D%E0%A4%AF%E0%A4%BE%E0%A4%AF%E0%A5%80%E0%A4%95%E0%A4%BE,
sāmavedaprātiśākhyam,सामवेदप्रातिशाख्यम् - विकिस्रोतः,https://sa.wikisource.org/wiki/%E0%A4%B8%E0%A4%BE%E0%A4%AE%E0%A4%B5%E0%A5%87%E0%A4%A6%E0%A4%AA%E0%A5%8D%E0%A4%B0%E0%A4%BE%E0%A4%A4%E0%A4%BF%E0%A4%B6%E0%A4%BE%E0%A4%96%E0%A5%8D%E0%A4%AF%E0%A4%AE%E0%A5%8D,
antanirdeśam,अन्तनिर्देशम् - विकिस्रोतः,https://sa.wikisource.org/wiki/%E0%A4%85%E0%A4%A8%E0%A5%8D%E0%A4%A4%E0%A4%A8%E0%A4%BF%E0%A4%B0%E0%A5%8D%E0%A4%A6%E0%A5%87%E0%A4%B6%E0%A4%AE%E0%A5%8D,
amoghānandinīśikṣā,अमोघानन्दिनी शिक्षा - विकिस्रोतः,https://sa.wikisource.org/wiki/%E0%A4%85%E0%A4%AE%E0%A5%8B%E0%A4%98%E0%A4%BE%E0%A4%A8%E0%A4%A8%E0%A5%8D%E0%A4%A6%E0%A4%BF%E0%A4%A8%E0%A5%80_%E0%A4%B6%E0%A4%BF%E0%A4%95%E0%A5%8D%E0%A4%B7%E0%A4%BE,
aruṇaśamānam,अरुणशमानम् - विकिस्रोतः,https://sa.wikisource.org/wiki/%E0%A4%85%E0%A4%B0%E0%A5%81%E0%A4%A3%E0%A4%B6%E0%A4%AE%E0%A4%BE%E0%A4%A8%E0%A4%AE%E0%A5%8D,
avasānanirṇayaśikṣā,अवसाननिर्णयशिक्षा - विकिस्रोतः,https://sa.wikisource.org/wiki/%E0%A4%85%E0%A4%B5%E0%A4%B8%E0%A4%BE%E0%A4%A8%E0%A4%A8%E0%A4%BF%E0%A4%B0%E0%A5%8D%E0%A4%A3%E0%A4%AF%E0%A4%B6%E0%A4%BF%E0%A4%95%E0%A5%8D%E0%A4%B7%E0%A4%BE,
ātreyaśikṣā,आत्रेयशिक्षा - विकिस्रोतः,https://sa.wikisource.org/wiki/%E0%A4%86%E0%A4%A4%E0%A5%8D%E0%A4%B0%E0%A5%87%E0%A4%AF%E0%A4%B6%E0%A4%BF%E0%A4%95%E0%A5%8D%E0%A4%B7%E0%A4%BE,
ātreyaśikṣākārikā,आत्रेयशिक्षाकारिका - विकिस्रोतः,https://sa.wikisource.org/wiki/%E0%A4%86%E0%A4%A4%E0%A5%8D%E0%A4%B0%E0%A5%87%E0%A4%AF%E0%A4%B6%E0%A4%BF%E0%A4%95%E0%A5%8D%E0%A4%B7%E0%A4%BE%E0%A4%95%E0%A4%BE%E0%A4%B0%E0%A4%BF%E0%A4%95%E0%A4%BE,
āpiśalaśikṣā,आपिशलशिक्षा - विकिस्रोतः,https://sa.wikisource.org/wiki/%E0%A4%86%E0%A4%AA%E0%A4%BF%E0%A4%B6%E0%A4%B2%E0%A4%B6%E0%A4%BF%E0%A4%95%E0%A5%8D%E0%A4%B7%E0%A4%BE,
āraṇyakaśikṣā,आरण्यकशिक्षा - विकिस्रोतः,https://sa.wikisource.org/wiki/%E0%A4%86%E0%A4%B0%E0%A4%A3%E0%A5%8D%E0%A4%AF%E0%A4%95%E0%A4%B6%E0%A4%BF%E0%A4%95%E0%A5%8D%E0%A4%B7%E0%A4%BE,
uccodarki,उच्चोदर्कि - विकिस्रोतः,https://sa.wikisource.org/wiki/%E0%A4%89%E0%A4%9A%E0%A5%8D%E0%A4%9A%E0%A5%8B%E0%A4%A6%E0%A4%B0%E0%A5%8D%E0%A4%95%E0%A4%BF,
ṛgvarṇakramalakṣaṇam,ऋग्वर्णक्रमलक्षणम् - विकिस्रोतः,https://sa.wikisource.org/wiki/%E0%A4%8B%E0%A4%97%E0%A5%8D%E0%A4%B5%E0%A4%B0%E0%A5%8D%E0%A4%A3%E0%A4%95%E0%A5%8D%E0%A4%B0%E0%A4%AE%E0%A4%B2%E0%A4%95%E0%A5%8D%E0%A4%B7%E0%A4%A3%E0%A4%AE%E0%A5%8D,
ṛgvedaprātiśākhyam,ऋग्वेदप्रातिशाख्यम् - विकिस्रोतः,https://sa.wikisource.org/wiki/%E0%A4%8B%E0%A4%97%E0%A5%8D%E0%A4%B5%E0%A5%87%E0%A4%A6%E0%A4%AA%E0%A5%8D%E0%A4%B0%E0%A4%BE%E0%A4%A4%E0%A4%BF%E0%A4%B6%E0%A4%BE%E0%A4%96%E0%A5%8D%E0%A4%AF%E0%A4%AE%E0%A5%8D,
keśavīpadyātmikāśikṣā,केशवीपद्यात्मिकाशिक्षा - विकिस्रोतः,https://sa.wikisource.org/wiki/%E0%A4%95%E0%A5%87%E0%A4%B6%E0%A4%B5%E0%A5%80%E0%A4%AA%E0%A4%A6%E0%A5%8D%E0%A4%AF%E0%A4%BE%E0%A4%A4%E0%A5%8D%E0%A4%AE%E0%A4%BF%E0%A4%95%E0%A4%BE%E0%A4%B6%E0%A4%BF%E0%A4%95%E0%A5%8D%E0%A4%B7%E0%A4%BE,
keśavīyaśikṣā,केशवीयशिक्षा - विकिस्रोतः,https://sa.wikisource.org/wiki/%E0%A4%95%E0%A5%87%E0%A4%B6%E0%A4%B5%E0%A5%80%E0%A4%AF%E0%A4%B6%E0%A4%BF%E0%A4%95%E0%A5%8D%E0%A4%B7%E0%A4%BE,
kauṇḍinyaśikṣā,कौण्डिन्यशिक्षा - विकिस्रोतः,https://sa.wikisource.org/wiki/%E0%A4%95%E0%A5%8C%E0%A4%A3%E0%A5%8D%E0%A4%A1%E0%A4%BF%E0%A4%A8%E0%A5%8D%E0%A4%AF%E0%A4%B6%E0%A4%BF%E0%A4%95%E0%A5%8D%E0%A4%B7%E0%A4%BE,
kauhalīyaśikṣā,कौहलीयशिक्षा - विकिस्रोतः,https://sa.wikisource.org/wiki/%E0%A4%95%E0%A5%8C%E0%A4%B9%E0%A4%B2%E0%A5%80%E0%A4%AF%E0%A4%B6%E0%A4%BF%E0%A4%95%E0%A5%8D%E0%A4%B7%E0%A4%BE,
kramakārikāśikṣā,क्रमकारिकाशिक्षा - विकिस्रोतः,https://sa.wikisource.org/wiki/%E0%A4%95%E0%A5%8D%E0%A4%B0%E0%A4%AE%E0%A4%95%E0%A4%BE%E0%A4%B0%E0%A4%BF%E0%A4%95%E0%A4%BE%E0%A4%B6%E0%A4%BF%E0%A4%95%E0%A5%8D%E0%A4%B7%E0%A4%BE,
kramasaṃdhānaśikṣā,क्रमसंधानशिक्षा - विकिस्रोतः,https://sa.wikisource.org/wiki/%E0%A4%95%E0%A5%8D%E0%A4%B0%E0%A4%AE%E0%A4%B8%E0%A4%82%E0%A4%A7%E0%A4%BE%E0%A4%A8%E0%A4%B6%E0%A4%BF%E0%A4%95%E0%A5%8D%E0%A4%B7%E0%A4%BE,
galadṛkśikṣā,गलदृक्-शिक्षा - विकिस्रोतः,https://sa.wikisource.org/wiki/%E0%A4%97%E0%A4%B2%E0%A4%A6%E0%A5%83%E0%A4%95%E0%A5%8D-%E0%A4%B6%E0%A4%BF%E0%A4%95%E0%A5%8D%E0%A4%B7%E0%A4%BE,
gautamīśikṣā,गौतमीशिक्षा - विकिस्रोतः,https://sa.wikisource.org/wiki/%E0%A4%97%E0%A5%8C%E0%A4%A4%E0%A4%AE%E0%A5%80%E0%A4%B6%E0%A4%BF%E0%A4%95%E0%A5%8D%E0%A4%B7%E0%A4%BE,
cārāyaṇīyaśikṣā,चारायणीयशिक्षा - विकिस्रोतः,https://sa.wikisource.org/wiki/%E0%A4%9A%E0%A4%BE%E0%A4%B0%E0%A4%BE%E0%A4%AF%E0%A4%A3%E0%A5%80%E0%A4%AF%E0%A4%B6%E0%A4%BF%E0%A4%95%E0%A5%8D%E0%A4%B7%E0%A4%BE,
jaṭāpaṭalakārikā,जटापटलकारिका - विकिस्रोतः,https://sa.wikisource.org/wiki/%E0%A4%9C%E0%A4%9F%E0%A4%BE%E0%A4%AA%E0%A4%9F%E0%A4%B2%E0%A4%95%E0%A4%BE%E0%A4%B0%E0%A4%BF%E0%A4%95%E0%A4%BE,
jaṭāmaṇiḥ,जटामणिः - विकिस्रोतः,https://sa.wikisource.org/wiki/%E0%A4%9C%E0%A4%9F%E0%A4%BE%E0%A4%AE%E0%A4%A3%E0%A4%BF%E0%A4%83,
jaṭāmaṇivyākhyānam,जटामणिव्याख्यानम् - विकिस्रोतः,https://sa.wikisource.org/wiki/%E0%A4%9C%E0%A4%9F%E0%A4%BE%E0%A4%AE%E0%A4%A3%E0%A4%BF%E0%A4%B5%E0%A5%8D%E0%A4%AF%E0%A4%BE%E0%A4%96%E0%A5%8D%E0%A4%AF%E0%A4%BE%E0%A4%A8%E0%A4%AE%E0%A5%8D,
jaṭālakṣaṇam,जटालक्षणम् - विकिस्रोतः,https://sa.wikisource.org/wiki/%E0%A4%9C%E0%A4%9F%E0%A4%BE%E0%A4%B2%E0%A4%95%E0%A5%8D%E0%A4%B7%E0%A4%A3%E0%A4%AE%E0%A5%8D,
jaṭāvallī,जटावल्ली - विकिस्रोतः,https://sa.wikisource.org/wiki/%E0%A4%9C%E0%A4%9F%E0%A4%BE%E0%A4%B5%E0%A4%B2%E0%A5%8D%E0%A4%B2%E0%A5%80,
dantyoṣṭhavidhiḥ,,,included in gretil
dvitvalakṣaṇam,द्वित्वलक्षणम् - विकिस्रोतः,https://sa.wikisource.org/wiki/%E0%A4%A6%E0%A5%8D%E0%A4%B5%E0%A4%BF%E0%A4%A4%E0%A5%8D%E0%A4%B5%E0%A4%B2%E0%A4%95%E0%A5%8D%E0%A4%B7%E0%A4%A3%E0%A4%AE%E0%A5%8D,
nāradabaiṭparibhāṣā,नारदबैट्परिभाषा - विकिस्रोतः,https://sa.wikisource.org/wiki/%E0%A4%A8%E0%A4%BE%E0%A4%B0%E0%A4%A6%E0%A4%AC%E0%A5%88%E0%A4%9F%E0%A5%8D%E0%A4%AA%E0%A4%B0%E0%A4%BF%E0%A4%AD%E0%A4%BE%E0%A4%B7%E0%A4%BE,
nāradabaiṭh,नारदबैठ् - विकिस्रोतः,https://sa.wikisource.org/wiki/%E0%A4%A8%E0%A4%BE%E0%A4%B0%E0%A4%A6%E0%A4%AC%E0%A5%88%E0%A4%A0%E0%A5%8D,
nāradīyaśikṣā,नारदीयशिक्षा - विकिस्रोतः,https://sa.wikisource.org/wiki/%E0%A4%A8%E0%A4%BE%E0%A4%B0%E0%A4%A6%E0%A5%80%E0%A4%AF%E0%A4%B6%E0%A4%BF%E0%A4%95%E0%A5%8D%E0%A4%B7%E0%A4%BE,
padakārikaratnamālā,पदकारिकरत्नमाला - विकिस्रोतः,https://sa.wikisource.org/wiki/%E0%A4%AA%E0%A4%A6%E0%A4%95%E0%A4%BE%E0%A4%B0%E0%A4%BF%E0%A4%95%E0%A4%B0%E0%A4%A4%E0%A5%8D%E0%A4%A8%E0%A4%AE%E0%A4%BE%E0%A4%B2%E0%A4%BE,
padacandrikā,पदचन्द्रिका - विकिस्रोतः,https://sa.wikisource.org/wiki/%E0%A4%AA%E0%A4%A6%E0%A4%9A%E0%A4%A8%E0%A5%8D%E0%A4%A6%E0%A5%8D%E0%A4%B0%E0%A4%BF%E0%A4%95%E0%A4%BE,
pāṇinīyaśikṣā,पाणिनीयशिक्षा - विकिस्रोतः,https://sa.wikisource.org/wiki/%E0%A4%AA%E0%A4%BE%E0%A4%A3%E0%A4%BF%E0%A4%A8%E0%A5%80%E0%A4%AF%E0%A4%B6%E0%A4%BF%E0%A4%95%E0%A5%8D%E0%A4%B7%E0%A4%BE,
pārāśarīśikṣā,पाराशरीशिक्षा - विकिस्रोतः,https://sa.wikisource.org/wiki/%E0%A4%AA%E0%A4%BE%E0%A4%B0%E0%A4%BE%E0%A4%B6%E0%A4%B0%E0%A5%80%E0%A4%B6%E0%A4%BF%E0%A4%95%E0%A5%8D%E0%A4%B7%E0%A4%BE,
pāriśikṣā,पारिशिक्षा - विकिस्रोतः,https://sa.wikisource.org/wiki/%E0%A4%AA%E0%A4%BE%E0%A4%B0%E0%A4%BF%E0%A4%B6%E0%A4%BF%E0%A4%95%E0%A5%8D%E0%A4%B7%E0%A4%BE,
piṇḍalakṣaṇam,पिण्डलक्षणम् - विकिस्रोतः,https://sa.wikisource.org/wiki/%E0%A4%AA%E0%A4%BF%E0%A4%A3%E0%A5%8D%E0%A4%A1%E0%A4%B2%E0%A4%95%E0%A5%8D%E0%A4%B7%E0%A4%A3%E0%A4%AE%E0%A5%8D,
pratijñāsūtram,प्रतिज्ञासूत्रम् - विकिस्रोतः,https://sa.wikisource.org/wiki/%E0%A4%AA%E0%A5%8D%E0%A4%B0%E0%A4%A4%E0%A4%BF%E0%A4%9C%E0%A5%8D%E0%A4%9E%E0%A4%BE%E0%A4%B8%E0%A5%82%E0%A4%A4%E0%A5%8D%E0%A4%B0%E0%A4%AE%E0%A5%8D,
prathamatṛtīyavarṇavibhāgalakṣaṇam,प्रथमतृतीयवर्णविभागलक्षणम् - विकिस्रोतः,https://sa.wikisource.org/wiki/%E0%A4%AA%E0%A5%8D%E0%A4%B0%E0%A4%A5%E0%A4%AE%E0%A4%A4%E0%A5%83%E0%A4%A4%E0%A5%80%E0%A4%AF%E0%A4%B5%E0%A4%B0%E0%A5%8D%E0%A4%A3%E0%A4%B5%E0%A4%BF%E0%A4%AD%E0%A4%BE%E0%A4%97%E0%A4%B2%E0%A4%95%E0%A5%8D%E0%A4%B7%E0%A4%A3%E0%A4%AE%E0%A5%8D,
prātiśākhyapradīpaśikṣā,प्रातिशाख्यप्रदीपशिक्षा - विकिस्रोतः,https://sa.wikisource.org/wiki/%E0%A4%AA%E0%A5%8D%E0%A4%B0%E0%A4%BE%E0%A4%A4%E0%A4%BF%E0%A4%B6%E0%A4%BE%E0%A4%96%E0%A5%8D%E0%A4%AF%E0%A4%AA%E0%A5%8D%E0%A4%B0%E0%A4%A6%E0%A5%80%E0%A4%AA%E0%A4%B6%E0%A4%BF%E0%A4%95%E0%A5%8D%E0%A4%B7%E0%A4%BE,
plutaśikṣā,प्लुतशिक्षा - विकिस्रोतः,https://sa.wikisource.org/wiki/%E0%A4%AA%E0%A5%8D%E0%A4%B2%E0%A5%81%E0%A4%A4%E0%A4%B6%E0%A4%BF%E0%A4%95%E0%A5%8D%E0%A4%B7%E0%A4%BE,
bhāradvājaśikṣā,भारद्वाजशिक्षा - विकिस्रोतः,https://sa.wikisource.org/wiki/%E0%A4%AD%E0%A4%BE%E0%A4%B0%E0%A4%A6%E0%A5%8D%E0%A4%B5%E0%A4%BE%E0%A4%9C%E0%A4%B6%E0%A4%BF%E0%A4%95%E0%A5%8D%E0%A4%B7%E0%A4%BE,
manaḥsvāraśikṣā,मनःस्वारशिक्षा - विकिस्रोतः,https://sa.wikisource.org/wiki/%E0%A4%AE%E0%A4%A8%E0%A4%83%E0%A4%B8%E0%A5%8D%E0%A4%B5%E0%A4%BE%E0%A4%B0%E0%A4%B6%E0%A4%BF%E0%A4%95%E0%A5%8D%E0%A4%B7%E0%A4%BE,
māṇḍūkīśikṣā,माण्डूकीशिक्षा - विकिस्रोतः,https://sa.wikisource.org/wiki/%E0%A4%AE%E0%A4%BE%E0%A4%A3%E0%A5%8D%E0%A4%A1%E0%A5%82%E0%A4%95%E0%A5%80%E0%A4%B6%E0%A4%BF%E0%A4%95%E0%A5%8D%E0%A4%B7%E0%A4%BE,
mādhyandinīyaśikṣā,माध्यन्दिनीयशिक्षा - विकिस्रोतः,https://sa.wikisource.org/wiki/%E0%A4%AE%E0%A4%BE%E0%A4%A7%E0%A5%8D%E0%A4%AF%E0%A4%A8%E0%A5%8D%E0%A4%A6%E0%A4%BF%E0%A4%A8%E0%A5%80%E0%A4%AF%E0%A4%B6%E0%A4%BF%E0%A4%95%E0%A5%8D%E0%A4%B7%E0%A4%BE,
yajurvedasaptalakṣaṇam,यजुर्वेदसप्तलक्षणम् - विकिस्रोतः,https://sa.wikisource.org/wiki/%E0%A4%AF%E0%A4%9C%E0%A5%81%E0%A4%B0%E0%A5%8D%E0%A4%B5%E0%A5%87%E0%A4%A6%E0%A4%B8%E0%A4%AA%E0%A5%8D%E0%A4%A4%E0%A4%B2%E0%A4%95%E0%A5%8D%E0%A4%B7%E0%A4%A3%E0%A4%AE%E0%A5%8D,
yājñavalkyaśikṣā,याज्ञवल्क्यशिक्षा - विकिस्रोतः,https://sa.wikisource.org/wiki/%E0%A4%AF%E0%A4%BE%E0%A4%9C%E0%A5%8D%E0%A4%9E%E0%A4%B5%E0%A4%B2%E0%A5%8D%E0%A4%95%E0%A5%8D%E0%A4%AF%E0%A4%B6%E0%A4%BF%E0%A4%95%E0%A5%8D%E0%A4%B7%E0%A4%BE,
yohiprāptiśikṣā,योहिप्राप्तिशिक्षा - विकिस्रोतः,https://sa.wikisource.org/wiki/%E0%A4%AF%E0%A5%8B%E0%A4%B9%E0%A4%BF%E0%A4%AA%E0%A5%8D%E0%A4%B0%E0%A4%BE%E0%A4%AA%E0%A5%8D%E0%A4%A4%E0%A4%BF%E0%A4%B6%E0%A4%BF%E0%A4%95%E0%A5%8D%E0%A4%B7%E0%A4%BE,
yohibhāṣyam,योहिभाष्यम् - विकिस्रोतः,https://sa.wikisource.org/wiki/%E0%A4%AF%E0%A5%8B%E0%A4%B9%E0%A4%BF%E0%A4%AD%E0%A4%BE%E0%A4%B7%E0%A5%8D%E0%A4%AF%E0%A4%AE%E0%A5%8D,
rāvaṇabaiṭparibhāṣā,रावणबैट्परिभाषा - विकिस्रोतः,https://sa.wikisource.org/wiki/%E0%A4%B0%E0%A4%BE%E0%A4%B5%E0%A4%A3%E0%A4%AC%E0%A5%88%E0%A4%9F%E0%A5%8D%E0%A4%AA%E0%A4%B0%E0%A4%BF%E0%A4%AD%E0%A4%BE%E0%A4%B7%E0%A4%BE,
rāvaṇabaiṭh,रावणबैठ् - विकिस्रोतः,https://sa.wikisource.org/wiki/%E0%A4%B0%E0%A4%BE%E0%A4%B5%E0%A4%A3%E0%A4%AC%E0%A5%88%E0%A4%A0%E0%A5%8D,
lakṣmīkāntaśikṣā,लक्ष्मीकान्तशिक्षा - विकिस्रोतः,https://sa.wikisource.org/wiki/%E0%A4%B2%E0%A4%95%E0%A5%8D%E0%A4%B7%E0%A5%8D%E0%A4%AE%E0%A5%80%E0%A4%95%E0%A4%BE%E0%A4%A8%E0%A5%8D%E0%A4%A4%E0%A4%B6%E0%A4%BF%E0%A4%95%E0%A5%8D%E0%A4%B7%E0%A4%BE,
laghumādhyandinīyaśikṣā,लघुमाध्यन्दिनीयशिक्षा - विकिस्रोतः,https://sa.wikisource.org/wiki/%E0%A4%B2%E0%A4%98%E0%A5%81%E0%A4%AE%E0%A4%BE%E0%A4%A7%E0%A5%8D%E0%A4%AF%E0%A4%A8%E0%A5%8D%E0%A4%A6%E0%A4%BF%E0%A4%A8%E0%A5%80%E0%A4%AF%E0%A4%B6%E0%A4%BF%E0%A4%95%E0%A5%8D%E0%A4%B7%E0%A4%BE,
laghvamoghānandinīśikṣā,लघ्वमोघानन्दिनीशिक्षा - विकिस्रोतः,https://sa.wikisource.org/wiki/%E0%A4%B2%E0%A4%98%E0%A5%8D%E0%A4%B5%E0%A4%AE%E0%A5%8B%E0%A4%98%E0%A4%BE%E0%A4%A8%E0%A4%A8%E0%A5%8D%E0%A4%A6%E0%A4%BF%E0%A4%A8%E0%A5%80%E0%A4%B6%E0%A4%BF%E0%A4%95%E0%A5%8D%E0%A4%B7%E0%A4%BE,
laugākṣiśikṣā,लौगाक्षिशिक्षा - विकिस्रोतः,https://sa.wikisource.org/wiki/%E0%A4%B2%E0%A5%8C%E0%A4%97%E0%A4%BE%E0%A4%95%E0%A5%8D%E0%A4%B7%E0%A4%BF%E0%A4%B6%E0%A4%BF%E0%A4%95%E0%A5%8D%E0%A4%B7%E0%A4%BE,
vararuciśikṣā,वररुचिशिक्षा - विकिस्रोतः,https://sa.wikisource.org/wiki/%E0%A4%B5%E0%A4%B0%E0%A4%B0%E0%A5%81%E0%A4%9A%E0%A4%BF%E0%A4%B6%E0%A4%BF%E0%A4%95%E0%A5%8D%E0%A4%B7%E0%A4%BE,
varṇaśikṣā,वर्णशिक्षा - विकिस्रोतः,https://sa.wikisource.org/wiki/%E0%A4%B5%E0%A4%B0%E0%A5%8D%E0%A4%A3%E0%A4%B6%E0%A4%BF%E0%A4%95%E0%A5%8D%E0%A4%B7%E0%A4%BE,
vāsiṣṭhīśikṣā,वासिष्ठीशिक्षा - विकिस्रोतः,https://sa.wikisource.org/wiki/%E0%A4%B5%E0%A4%BE%E0%A4%B8%E0%A4%BF%E0%A4%B7%E0%A5%8D%E0%A4%A0%E0%A5%80%E0%A4%B6%E0%A4%BF%E0%A4%95%E0%A5%8D%E0%A4%B7%E0%A4%BE,
visargāṅgulipradarśanaprakāraḥ,विसर्गाङ्गुलिप्रदर्शनप्रकारः - विकिस्रोतः,https://sa.wikisource.org/wiki/%E0%A4%B5%E0%A4%BF%E0%A4%B8%E0%A4%B0%E0%A5%8D%E0%A4%97%E0%A4%BE%E0%A4%99%E0%A5%8D%E0%A4%97%E0%A5%81%E0%A4%B2%E0%A4%BF%E0%A4%AA%E0%A5%8D%E0%A4%B0%E0%A4%A6%E0%A4%B0%E0%A5%8D%E0%A4%B6%E0%A4%A8%E0%A4%AA%E0%A5%8D%E0%A4%B0%E0%A4%95%E0%A4%BE%E0%A4%B0%E0%A4%83,
vedaparibhāṣākārikāśikṣā,वेदपरिभाषाकारिका शिक्षा - विकिस्रोतः,https://sa.wikisource.org/wiki/%E0%A4%B5%E0%A5%87%E0%A4%A6%E0%A4%AA%E0%A4%B0%E0%A4%BF%E0%A4%AD%E0%A4%BE%E0%A4%B7%E0%A4%BE%E0%A4%95%E0%A4%BE%E0%A4%B0%E0%A4%BF%E0%A4%95%E0%A4%BE_%E0%A4%B6%E0%A4%BF%E0%A4%95%E0%A5%8D%E0%A4%B7%E0%A4%BE,
vaidyanāthabaiṭh,वैद्यनाथबैठ् - विकिस्रोतः,https://sa.wikisource.org/wiki/%E0%A4%B5%E0%A5%88%E0%A4%A6%E0%A5%8D%E0%A4%AF%E0%A4%A8%E0%A4%BE%E0%A4%A5%E0%A4%AC%E0%A5%88%E0%A4%A0%E0%A5%8D,
vyāliśikṣā,व्यालिशिक्षा - विकिस्रोतः,https://sa.wikisource.org/wiki/%E0%A4%B5%E0%A5%8D%E0%A4%AF%E0%A4%BE%E0%A4%B2%E0%A4%BF%E0%A4%B6%E0%A4%BF%E0%A4%95%E0%A5%8D%E0%A4%B7%E0%A4%BE,
vyālaśikṣā,व्याळशिक्षा - विकिस्रोतः,https://sa.wikisource.org/wiki/%E0%A4%B5%E0%A5%8D%E0%A4%AF%E0%A4%BE%E0%A4%B3%E0%A4%B6%E0%A4%BF%E0%A4%95%E0%A5%8D%E0%A4%B7%E0%A4%BE,
vyāsaśikṣā,व्यासशिक्षा - विकिस्रोतः,https://sa.wikisource.org/wiki/%E0%A4%B5%E0%A5%8D%E0%A4%AF%E0%A4%BE%E0%A4%B8%E0%A4%B6%E0%A4%BF%E0%A4%95%E0%A5%8D%E0%A4%B7%E0%A4%BE,
śamānaśikṣā,शमानशिक्षा - विकिस्रोतः,https://sa.wikisource.org/wiki/%E0%A4%B6%E0%A4%AE%E0%A4%BE%E0%A4%A8%E0%A4%B6%E0%A4%BF%E0%A4%95%E0%A5%8D%E0%A4%B7%E0%A4%BE,
śambhuśikṣā,शम्भुशिक्षा - विकिस्रोतः,https://sa.wikisource.org/wiki/%E0%A4%B6%E0%A4%AE%E0%A5%8D%E0%A4%AD%E0%A5%81%E0%A4%B6%E0%A4%BF%E0%A4%95%E0%A5%8D%E0%A4%B7%E0%A4%BE,
śaiśirīyaśikṣā,शैशिरीयशिक्षा - विकिस्रोतः,https://sa.wikisource.org/wiki/%E0%A4%B6%E0%A5%88%E0%A4%B6%E0%A4%BF%E0%A4%B0%E0%A5%80%E0%A4%AF%E0%A4%B6%E0%A4%BF%E0%A4%95%E0%A5%8D%E0%A4%B7%E0%A4%BE,
śaunakaśikṣā,शौनकशिक्षा - विकिस्रोतः,https://sa.wikisource.org/wiki/%E0%A4%B6%E0%A5%8C%E0%A4%A8%E0%A4%95%E0%A4%B6%E0%A4%BF%E0%A4%95%E0%A5%8D%E0%A4%B7%E0%A4%BE,
ṣoḍaśaślokīśikṣā,षोडशश्लोकी शिक्षा - विकिस्रोतः,https://sa.wikisource.org/wiki/%E0%A4%B7%E0%A5%8B%E0%A4%A1%E0%A4%B6%E0%A4%B6%E0%A5%8D%E0%A4%B2%E0%A5%8B%E0%A4%95%E0%A5%80_%E0%A4%B6%E0%A4%BF%E0%A4%95%E0%A5%8D%E0%A4%B7%E0%A4%BE,
sarvasaṃmataśikṣā,सर्वसंमतशिक्षा - विकिस्रोतः,https://sa.wikisource.org/wiki/%E0%A4%B8%E0%A4%B0%E0%A5%8D%E0%A4%B5%E0%A4%B8%E0%A4%82%E0%A4%AE%E0%A4%A4%E0%A4%B6%E0%A4%BF%E0%A4%95%E0%A5%8D%E0%A4%B7%E0%A4%BE,
sāmavedasaptalakṣaṇam,सामवेदसप्तलक्षणम् - विकिस्रोतः,https://sa.wikisource.org/wiki/%E0%A4%B8%E0%A4%BE%E0%A4%AE%E0%A4%B5%E0%A5%87%E0%A4%A6%E0%A4%B8%E0%A4%AA%E0%A5%8D%E0%A4%A4%E0%A4%B2%E0%A4%95%E0%A5%8D%E0%A4%B7%E0%A4%A3%E0%A4%AE%E0%A5%8D,
siddhāntaśikṣā,सिद्धान्तशिक्षा - विकिस्रोतः,https://sa.wikisource.org/wiki/%E0%A4%B8%E0%A4%BF%E0%A4%A6%E0%A5%8D%E0%A4%A7%E0%A4%BE%E0%A4%A8%E0%A5%8D%E0%A4%A4%E0%A4%B6%E0%A4%BF%E0%A4%95%E0%A5%8D%E0%A4%B7%E0%A4%BE,
svarapañcāśat,स्वरपञ्चाशत् - विकिस्रोतः,https://sa.wikisource.org/wiki/%E0%A4%B8%E0%A5%8D%E0%A4%B5%E0%A4%B0%E0%A4%AA%E0%A4%9E%E0%A5%8D%E0%A4%9A%E0%A4%BE%E0%A4%B6%E0%A4%A4%E0%A5%8D,
svarabhaktilakṣaṇapariśiṣṭaśikṣā,स्वरभक्तिलक्षणपरिशिष्टशिक्षा - विकिस्रोतः,https://sa.wikisource.org/wiki/%E0%A4%B8%E0%A5%8D%E0%A4%B5%E0%A4%B0%E0%A4%AD%E0%A4%95%E0%A5%8D%E0%A4%A4%E0%A4%BF%E0%A4%B2%E0%A4%95%E0%A5%8D%E0%A4%B7%E0%A4%A3%E0%A4%AA%E0%A4%B0%E0%A4%BF%E0%A4%B6%E0%A4%BF%E0%A4%B7%E0%A5%8D%E0%A4%9F%E0%A4%B6%E0%A4%BF%E0%A4%95%E0%A5%8D%E0%A4%B7%E0%A4%BE,
svaravyañjanaśikṣā,स्वरव्यञ्जनशिक्षा - विकिस्रोतः,https://sa.wikisource.org/wiki/%E0%A4%B8%E0%A5%8D%E0%A4%B5%E0%A4%B0%E0%A4%B5%E0%A5%8D%E0%A4%AF%E0%A4%9E%E0%A5%8D%E0%A4%9C%E0%A4%A8%E0%A4%B6%E0%A4%BF%E0%A4%95%E0%A5%8D%E0%A4%B7%E0%A4%BE,
svaraśikṣā,स्वरशिक्षा - विकिस्रोतः,https://sa.wikisource.org/wiki/%E0%A4%B8%E0%A5%8D%E0%A4%B5%E0%A4%B0%E0%A4%B6%E0%A4%BF%E0%A4%95%E0%A5%8D%E0%A4%B7%E0%A4%BE,
svarāṅkuśaśikṣā,स्वराङ्कुशशिक्षा - विकिस्रोतः,https://sa.wikisource.org/wiki/%E0%A4%B8%E0%A5%8D%E0%A4%B5%E0%A4%B0%E0%A4%BE%E0%A4%99%E0%A5%8D%E0%A4%95%E0%A5%81%E0%A4%B6%E0%A4%B6%E0%A4%BF%E0%A4%95%E0%A5%8D%E0%A4%B7%E0%A4%BE,
svarāṣṭakam,स्वराष्टकम् - विकिस्रोतः,https://sa.wikisource.org/wiki/%E0%A4%B8%E0%A5%8D%E0%A4%B5%E0%A4%B0%E0%A4%BE%E0%A4%B7%E0%A5%8D%E0%A4%9F%E0%A4%95%E0%A4%AE%E0%A5%8D,
svarāṣṭakaśikṣā,स्वराष्टकशिक्षा - विकिस्रोतः,https://sa.wikisource.org/wiki/%E0%A4%B8%E0%A5%8D%E0%A4%B5%E0%A4%B0%E0%A4%BE%E0%A4%B7%E0%A5%8D%E0%A4%9F%E0%A4%95%E0%A4%B6%E0%A4%BF%E0%A4%95%E0%A5%8D%E0%A4%B7%E0%A4%BE,
hayagrīvīśikṣā,हयग्रीवीशिक्षा - विकिस्रोतः,https://sa.wikisource.org/wiki/%E0%A4%B9%E0%A4%AF%E0%A4%97%E0%A5%8D%E0%A4%B0%E0%A5%80%E0%A4%B5%E0%A5%80%E0%A4%B6%E0%A4%BF%E0%A4%95%E0%A5%8D%E0%A4%B7%E0%A4%BE,
atharvapariśiṣṭaḥ,,,fully included in gretil
atharvaprātiśākhyam,अथर्वप्रातिशाख्यम् - विकिस्रोतः,https://sa.wikisource.org/wiki/%E0%A4%85%E0%A4%A5%E0%A4%B0%E0%A5%8D%E0%A4%B5%E0%A4%AA%E0%A5%8D%E0%A4%B0%E0%A4%BE%E0%A4%A4%E0%A4%BF%E0%A4%B6%E0%A4%BE%E0%A4%96%E0%A5%8D%E0%A4%AF%E0%A4%AE%E0%A5%8D,
atharvavedaḥ,,,fully included in gretil
atharvavedapariśiṣṭam,,,fully included in gretil
atharvavede vaitānasūtre prāyaścittaprakaraṇam,,,fully included in gretil
gaṇapatyatharvaśīrṣam,गणपत्यथर्वशीर्षम् - विकिस्रोतः,https://sa.wikisource.org/wiki/%E0%A4%97%E0%A4%A3%E0%A4%AA%E0%A4%A4%E0%A5%8D%E0%A4%AF%E0%A4%A5%E0%A4%B0%E0%A5%8D%E0%A4%B5%E0%A4%B6%E0%A5%80%E0%A4%B0%E0%A5%8D%E0%A4%B7%E0%A4%AE%E0%A5%8D,
gopathabrāhmaṇam,,,fully included in gretil
paippalādasaṃhitā,,,fully included in gretil
śaunakasaṃhitā (sasvarā),,,fully included in gretil
aitareyāraṇyakam,ऐतरेय आरण्यकम् - विकिस्रोतः,https://sa.wikisource.org/wiki/%E0%A4%90%E0%A4%A4%E0%A4%B0%E0%A5%87%E0%A4%AF_%E0%A4%86%E0%A4%B0%E0%A4%A3%E0%A5%8D%E0%A4%AF%E0%A4%95%E0%A4%AE%E0%A5%8D,
kaṭhāraṇyakam,कठारण्यकम् - विकिस्रोतः,https://sa.wikisource.org/wiki/%E0%A4%95%E0%A4%A0%E0%A4%BE%E0%A4%B0%E0%A4%A3%E0%A5%8D%E0%A4%AF%E0%A4%95%E0%A4%AE%E0%A5%8D,
chāndogyāraṇyakam,छान्दोग्यारण्यकम् - विकिस्रोतः,https://sa.wikisource.org/wiki/%E0%A4%9B%E0%A4%BE%E0%A4%A8%E0%A5%8D%E0%A4%A6%E0%A5%8B%E0%A4%97%E0%A5%8D%E0%A4%AF%E0%A4%BE%E0%A4%B0%E0%A4%A3%E0%A5%8D%E0%A4%AF%E0%A4%95%E0%A4%AE%E0%A5%8D,
jaiminīyopaniṣadbrāhmaṇam,जैमिनीयोपनिषद्ब्राह्मणम् - विकिस्रोतः,https://sa.wikisource.org/wiki/%E0%A4%9C%E0%A5%88%E0%A4%AE%E0%A4%BF%E0%A4%A8%E0%A5%80%E0%A4%AF%E0%A5%8B%E0%A4%AA%E0%A4%A8%E0%A4%BF%E0%A4%B7%E0%A4%A6%E0%A5%8D%E0%A4%AC%E0%A5%8D%E0%A4%B0%E0%A4%BE%E0%A4%B9%E0%A5%8D%E0%A4%AE%E0%A4%A3%E0%A4%AE%E0%A5%8D,
taittirīyāraṇyakam(visvara),तैत्तिरीयारण्यकम्(विस्वर) - विकिस्रोतः,https://sa.wikisource.org/wiki/%E0%A4%A4%E0%A5%88%E0%A4%A4%E0%A5%8D%E0%A4%A4%E0%A4%BF%E0%A4%B0%E0%A5%80%E0%A4%AF%E0%A4%BE%E0%A4%B0%E0%A4%A3%E0%A5%8D%E0%A4%AF%E0%A4%95%E0%A4%AE%E0%A5%8D(%E0%A4%B5%E0%A4%BF%E0%A4%B8%E0%A5%8D%E0%A4%B5%E0%A4%B0),
śikṣāvallī,तैत्तिरीयारण्यकम्(विस्वर) - विकिस्रोतः,https://sa.wikisource.org/wiki/%E0%A4%A4%E0%A5%88%E0%A4%A4%E0%A5%8D%E0%A4%A4%E0%A4%BF%E0%A4%B0%E0%A5%80%E0%A4%AF%E0%A4%BE%E0%A4%B0%E0%A4%A3%E0%A5%8D%E0%A4%AF%E0%A4%95%E0%A4%AE%E0%A5%8D(%E0%A4%B5%E0%A4%BF%E0%A4%B8%E0%A5%8D%E0%A4%B5%E0%A4%B0),
brahmānandavallī,तैत्तिरीयारण्यकम्(विस्वर) - विकिस्रोतः,https://sa.wikisource.org/wiki/%E0%A4%A4%E0%A5%88%E0%A4%A4%E0%A5%8D%E0%A4%A4%E0%A4%BF%E0%A4%B0%E0%A5%80%E0%A4%AF%E0%A4%BE%E0%A4%B0%E0%A4%A3%E0%A5%8D%E0%A4%AF%E0%A4%95%E0%A4%AE%E0%A5%8D(%E0%A4%B5%E0%A4%BF%E0%A4%B8%E0%A5%8D%E0%A4%B5%E0%A4%B0),
bhṛguvallī,तैत्तिरीयारण्यकम्(विस्वर) - विकिस्रोतः,https://sa.wikisource.org/wiki/%E0%A4%A4%E0%A5%88%E0%A4%A4%E0%A5%8D%E0%A4%A4%E0%A4%BF%E0%A4%B0%E0%A5%80%E0%A4%AF%E0%A4%BE%E0%A4%B0%E0%A4%A3%E0%A5%8D%E0%A4%AF%E0%A4%95%E0%A4%AE%E0%A5%8D(%E0%A4%B5%E0%A4%BF%E0%A4%B8%E0%A5%8D%E0%A4%B5%E0%A4%B0),
mahānārāyaṇopaniṣat,तैत्तिरीयारण्यकम्(विस्वर)/प्रपाठकः १० - विकिस्रोतः,https://sa.wikisource.org/wiki/%E0%A4%A4%E0%A5%88%E0%A4%A4%E0%A5%8D%E0%A4%A4%E0%A4%BF%E0%A4%B0%E0%A5%80%E0%A4%AF%E0%A4%BE%E0%A4%B0%E0%A4%A3%E0%A5%8D%E0%A4%AF%E0%A4%95%E0%A4%AE%E0%A5%8D(%E0%A4%B5%E0%A4%BF%E0%A4%B8%E0%A5%8D%E0%A4%B5%E0%A4%B0)/%E0%A4%AA%E0%A5%8D%E0%A4%B0%E0%A4%AA%E0%A4%BE%E0%A4%A0%E0%A4%95%E0%A4%83_%E0%A5%A7%E0%A5%A6,
śāṅkhāyanāraṇyakam,,,fully included in gretil
rasaratnasamuccayaḥ,,,fully included in gretil
aṣṭāṅganighaṇṭu,,,fully included in gretil
aṣṭāṅgasaṃgrahaḥ,अष्टाङ्गसंग्रहः - विकिस्रोतः,https://sa.wikisource.org/wiki/%E0%A4%85%E0%A4%B7%E0%A5%8D%E0%A4%9F%E0%A4%BE%E0%A4%99%E0%A5%8D%E0%A4%97%E0%A4%B8%E0%A4%82%E0%A4%97%E0%A5%8D%E0%A4%B0%E0%A4%B9%E0%A4%83,
aṣṭāṅgahṛdayam,,,fully included in gretil
ānandakāṇḍam,,,fully included in gretil
āyurvedaḥ,,,fully included in gretil
āyurvedaprakāśaḥ,आयुर्वेदप्रकाशः - विकिस्रोतः,https://sa.wikisource.org/wiki/%E0%A4%86%E0%A4%AF%E0%A5%81%E0%A4%B0%E0%A5%8D%E0%A4%B5%E0%A5%87%E0%A4%A6%E0%A4%AA%E0%A5%8D%E0%A4%B0%E0%A4%95%E0%A4%BE%E0%A4%B6%E0%A4%83,
kāśyapasaṃhitā,काश्यपसंहिता - विकिस्रोतः,https://sa.wikisource.org/wiki/%E0%A4%95%E0%A4%BE%E0%A4%B6%E0%A5%8D%E0%A4%AF%E0%A4%AA%E0%A4%B8%E0%A4%82%E0%A4%B9%E0%A4%BF%E0%A4%A4%E0%A4%BE,
carakasaṃhitā,,,fully included in gretil
tantrayuktiḥ,तन्त्रयुक्तिः - विकिस्रोतः,https://sa.wikisource.org/wiki/%E0%A4%A4%E0%A4%A8%E0%A5%8D%E0%A4%A4%E0%A5%8D%E0%A4%B0%E0%A4%AF%E0%A5%81%E0%A4%95%E0%A5%8D%E0%A4%A4%E0%A4%BF%E0%A4%83,
nāḍīparīkṣā,नाडीपरीक्षा - विकिस्रोतः,https://sa.wikisource.org/wiki/%E0%A4%A8%E0%A4%BE%E0%A4%A1%E0%A5%80%E0%A4%AA%E0%A4%B0%E0%A5%80%E0%A4%95%E0%A5%8D%E0%A4%B7%E0%A4%BE,
nirvāṇaprakaraṇasya pūrvārdham,निर्वाणप्रकरणस्य पूर्वार्धम् - विकिस्रोतः,https://sa.wikisource.org/wiki/%E0%A4%A8%E0%A4%BF%E0%A4%B0%E0%A5%8D%E0%A4%B5%E0%A4%BE%E0%A4%A3%E0%A4%AA%E0%A5%8D%E0%A4%B0%E0%A4%95%E0%A4%B0%E0%A4%A3%E0%A4%B8%E0%A5%8D%E0%A4%AF_%E0%A4%AA%E0%A5%82%E0%A4%B0%E0%A5%8D%E0%A4%B5%E0%A4%BE%E0%A4%B0%E0%A5%8D%E0%A4%A7%E0%A4%AE%E0%A5%8D,
bhāvaprakāśaḥ,,,fully included in gretil
bhāvaprakāśasaṃhitā,भावप्रकाशसंहिता - विकिस्रोतः,https://sa.wikisource.org/wiki/%E0%A4%AD%E0%A4%BE%E0%A4%B5%E0%A4%AA%E0%A5%8D%E0%A4%B0%E0%A4%95%E0%A4%BE%E0%A4%B6%E0%A4%B8%E0%A4%82%E0%A4%B9%E0%A4%BF%E0%A4%A4%E0%A4%BE,
bhelasaṃhitā,भेलसंहिता - विकिस्रोतः,https://sa.wikisource.org/wiki/%E0%A4%AD%E0%A5%87%E0%A4%B2%E0%A4%B8%E0%A4%82%E0%A4%B9%E0%A4%BF%E0%A4%A4%E0%A4%BE,
bhaiṣajyaratnāvalī,भैषज्यरत्नावली - विकिस्रोतः,https://sa.wikisource.org/wiki/%E0%A4%AD%E0%A5%88%E0%A4%B7%E0%A4%9C%E0%A5%8D%E0%A4%AF%E0%A4%B0%E0%A4%A4%E0%A5%8D%E0%A4%A8%E0%A4%BE%E0%A4%B5%E0%A4%B2%E0%A5%80,
mādhavanidānam,माधवनिदानम् - विकिस्रोतः,https://sa.wikisource.org/wiki/%E0%A4%AE%E0%A4%BE%E0%A4%A7%E0%A4%B5%E0%A4%A8%E0%A4%BF%E0%A4%A6%E0%A4%BE%E0%A4%A8%E0%A4%AE%E0%A5%8D,
yogaśatakam,,,fully included in gretil
rasaprakāśasudhākaraḥ,,,fully included in gretil
rasamañjarī,,,fully included in gretil
rasaratnasamuccayaḥ (saṭīkaḥ),,#ERROR!,fully included in gretil
rasaratnākaraḥ,,,fully included in gretil
rasasaṅketakalikā,,,fully included in gretil
rasahṛdayatantram,,,fully included in gretil
rasādhyāyaḥ,,,fully included in gretil
rasārṇavaḥ,,,fully included in gretil
rasendracintāmaṇiḥ,,,fully included in gretil
rasendracūḍāmaṇi,रसेन्द्रचूडामणि - विकिस्रोतः,https://sa.wikisource.org/wiki/%E0%A4%B0%E0%A4%B8%E0%A5%87%E0%A4%A8%E0%A5%8D%E0%A4%A6%E0%A5%8D%E0%A4%B0%E0%A4%9A%E0%A5%82%E0%A4%A1%E0%A4%BE%E0%A4%AE%E0%A4%A3%E0%A4%BF,
rasendracūḍāmaṇi (somadevaḥ),,,fully included in gretil
rājanighaṇṭuḥ,,,fully included in gretil
vāgbhaṭasaṃhitā,वाग्भटसंहिता - विकिस्रोतः,https://sa.wikisource.org/wiki/%E0%A4%B5%E0%A4%BE%E0%A4%97%E0%A5%8D%E0%A4%AD%E0%A4%9F%E0%A4%B8%E0%A4%82%E0%A4%B9%E0%A4%BF%E0%A4%A4%E0%A4%BE,
viṣavaidyasārasamuccayam,विषवैद्यसारसमुच्चयम् - विकिस्रोतः,https://sa.wikisource.org/wiki/%E0%A4%B5%E0%A4%BF%E0%A4%B7%E0%A4%B5%E0%A5%88%E0%A4%A6%E0%A5%8D%E0%A4%AF%E0%A4%B8%E0%A4%BE%E0%A4%B0%E0%A4%B8%E0%A4%AE%E0%A5%81%E0%A4%9A%E0%A5%8D%E0%A4%9A%E0%A4%AF%E0%A4%AE%E0%A5%8D,
śārṅgadharasaṃhitā,शार्ङ्गधरसंहिता - विकिस्रोतः,https://sa.wikisource.org/wiki/%E0%A4%B6%E0%A4%BE%E0%A4%B0%E0%A5%8D%E0%A4%99%E0%A5%8D%E0%A4%97%E0%A4%A7%E0%A4%B0%E0%A4%B8%E0%A4%82%E0%A4%B9%E0%A4%BF%E0%A4%A4%E0%A4%BE,
suśrutasaṃhitā,सुश्रुतसंहिता - विकिस्रोतः,https://sa.wikisource.org/wiki/%E0%A4%B8%E0%A5%81%E0%A4%B6%E0%A5%8D%E0%A4%B0%E0%A5%81%E0%A4%A4%E0%A4%B8%E0%A4%82%E0%A4%B9%E0%A4%BF%E0%A4%A4%E0%A4%BE,
hārītasaṃhitā,हारीतसंहिता - विकिस्रोतः,https://sa.wikisource.org/wiki/%E0%A4%B9%E0%A4%BE%E0%A4%B0%E0%A5%80%E0%A4%A4%E0%A4%B8%E0%A4%82%E0%A4%B9%E0%A4%BF%E0%A4%A4%E0%A4%BE,
arthaśāstra,,,fully included in gretil
āyurvedasūtram (yogānandanāthabhāṣyasametam),आयुर्वेदसूत्रम् (योगानन्दनाथभाष्यसमेतम्) - विकिस्रोतः,https://sa.wikisource.org/wiki/%E0%A4%86%E0%A4%AF%E0%A5%81%E0%A4%B0%E0%A5%8D%E0%A4%B5%E0%A5%87%E0%A4%A6%E0%A4%B8%E0%A5%82%E0%A4%A4%E0%A5%8D%E0%A4%B0%E0%A4%AE%E0%A5%8D_(%E0%A4%AF%E0%A5%8B%E0%A4%97%E0%A4%BE%E0%A4%A8%E0%A4%A8%E0%A5%8D%E0%A4%A6%E0%A4%A8%E0%A4%BE%E0%A4%A5%E0%A4%AD%E0%A4%BE%E0%A4%B7%E0%A5%8D%E0%A4%AF%E0%A4%B8%E0%A4%AE%E0%A5%87%E0%A4%A4%E0%A4%AE%E0%A5%8D),
kauṭilyasya arthaśāstram,,,fully included in gretil
dhanurvedaḥ,धनुर्वेदः - विकिस्रोतः,https://sa.wikisource.org/wiki/%E0%A4%A7%E0%A4%A8%E0%A5%81%E0%A4%B0%E0%A5%8D%E0%A4%B5%E0%A5%87%E0%A4%A6%E0%A4%83,
sākṣiprakaraṇam,साक्षिप्रकरणम् - विकिस्रोतः,https://sa.wikisource.org/wiki/%E0%A4%B8%E0%A4%BE%E0%A4%95%E0%A5%8D%E0%A4%B7%E0%A4%BF%E0%A4%AA%E0%A5%8D%E0%A4%B0%E0%A4%95%E0%A4%B0%E0%A4%A3%E0%A4%AE%E0%A5%8D,
sādhāraṇavyavahāramātṛkāprakaraṇam,साधारणव्यवहारमातृकाप्रकरणम् - विकिस्रोतः,https://sa.wikisource.org/wiki/%E0%A4%B8%E0%A4%BE%E0%A4%A7%E0%A4%BE%E0%A4%B0%E0%A4%A3%E0%A4%B5%E0%A5%8D%E0%A4%AF%E0%A4%B5%E0%A4%B9%E0%A4%BE%E0%A4%B0%E0%A4%AE%E0%A4%BE%E0%A4%A4%E0%A5%83%E0%A4%95%E0%A4%BE%E0%A4%AA%E0%A5%8D%E0%A4%B0%E0%A4%95%E0%A4%B0%E0%A4%A3%E0%A4%AE%E0%A5%8D,
kauṣītakibrāhmaṇam,,,fully included in gretil
ṛgvedasaṃhitā,वर्गः:ऋग्वेदसंहिता - विकिस्रोतः,https://sa.wikisource.org/wiki/%E0%A4%B5%E0%A4%B0%E0%A5%8D%E0%A4%97%E0%A4%83:%E0%A4%8B%E0%A4%97%E0%A5%8D%E0%A4%B5%E0%A5%87%E0%A4%A6%E0%A4%B8%E0%A4%82%E0%A4%B9%E0%A4%BF%E0%A4%A4%E0%A4%BE,
ṛgbhāṣyam śrīmadānandatīrthaviracitam,ऋग्भाष्यम् श्रीमदानन्दतीर्थविरचितम् - विकिस्रोतः,https://sa.wikisource.org/wiki/%E0%A4%8B%E0%A4%97%E0%A5%8D%E0%A4%AD%E0%A4%BE%E0%A4%B7%E0%A5%8D%E0%A4%AF%E0%A4%AE%E0%A5%8D_%E0%A4%B6%E0%A5%8D%E0%A4%B0%E0%A5%80%E0%A4%AE%E0%A4%A6%E0%A4%BE%E0%A4%A8%E0%A4%A8%E0%A5%8D%E0%A4%A6%E0%A4%A4%E0%A5%80%E0%A4%B0%E0%A5%8D%E0%A4%A5%E0%A4%B5%E0%A4%BF%E0%A4%B0%E0%A4%9A%E0%A4%BF%E0%A4%A4%E0%A4%AE%E0%A5%8D,
ṛgvedapadapāṭhaḥ,,,fully included in gretil
ṛgvedaḥ,,,fully included in gretil
ṛgvedaḥ khilasūktāni,,,fully included in gretil
ṛgvedaprātiśākhyam,ऋग्वेदप्रातिशाख्यम् - विकिस्रोतः,https://sa.wikisource.org/wiki/%E0%A4%8B%E0%A4%97%E0%A5%8D%E0%A4%B5%E0%A5%87%E0%A4%A6%E0%A4%AA%E0%A5%8D%E0%A4%B0%E0%A4%BE%E0%A4%A4%E0%A4%BF%E0%A4%B6%E0%A4%BE%E0%A4%96%E0%A5%8D%E0%A4%AF%E0%A4%AE%E0%A5%8D,
puruṣasūktam,,,fully included in gretil
kāṭhakabrāhmaṇam,काठकब्राह्मणम् - विकिस्रोतः,https://sa.wikisource.org/wiki/%E0%A4%95%E0%A4%BE%E0%A4%A0%E0%A4%95%E0%A4%AC%E0%A5%8D%E0%A4%B0%E0%A4%BE%E0%A4%B9%E0%A5%8D%E0%A4%AE%E0%A4%A3%E0%A4%AE%E0%A5%8D,
gopathabrāhmaṇam,,,fully included in gretil
chāndogyabrāhmaṇam,छान्दोग्यब्राह्मणम् - विकिस्रोतः,https://sa.wikisource.org/wiki/%E0%A4%9B%E0%A4%BE%E0%A4%A8%E0%A5%8D%E0%A4%A6%E0%A5%8B%E0%A4%97%E0%A5%8D%E0%A4%AF%E0%A4%AC%E0%A5%8D%E0%A4%B0%E0%A4%BE%E0%A4%B9%E0%A5%8D%E0%A4%AE%E0%A4%A3%E0%A4%AE%E0%A5%8D,
devatādhyāyabrāhmaṇam,देवताध्यायब्राह्मणम् - विकिस्रोतः,https://sa.wikisource.org/wiki/%E0%A4%A6%E0%A5%87%E0%A4%B5%E0%A4%A4%E0%A4%BE%E0%A4%A7%E0%A5%8D%E0%A4%AF%E0%A4%BE%E0%A4%AF%E0%A4%AC%E0%A5%8D%E0%A4%B0%E0%A4%BE%E0%A4%B9%E0%A5%8D%E0%A4%AE%E0%A4%A3%E0%A4%AE%E0%A5%8D,
pañcaviṃśabrāhmaṇam,,,fully included in gretil
mantrabrāhmaṇam,मन्त्रब्राह्मणम् - विकिस्रोतः,https://sa.wikisource.org/wiki/%E0%A4%AE%E0%A4%A8%E0%A5%8D%E0%A4%A4%E0%A5%8D%E0%A4%B0%E0%A4%AC%E0%A5%8D%E0%A4%B0%E0%A4%BE%E0%A4%B9%E0%A5%8D%E0%A4%AE%E0%A4%A3%E0%A4%AE%E0%A5%8D,
vaṃśabrāhmaṇam,वंशब्राह्मणम् - विकिस्रोतः,https://sa.wikisource.org/wiki/%E0%A4%B5%E0%A4%82%E0%A4%B6%E0%A4%AC%E0%A5%8D%E0%A4%B0%E0%A4%BE%E0%A4%B9%E0%A5%8D%E0%A4%AE%E0%A4%A3%E0%A4%AE%E0%A5%8D,
śatapathabrāhmaṇam,,,fully included in gretil
ekāgnikāṇḍam,एकाग्निकाण्डम् - विकिस्रोतः,https://sa.wikisource.org/wiki/%E0%A4%8F%E0%A4%95%E0%A4%BE%E0%A4%97%E0%A5%8D%E0%A4%A8%E0%A4%BF%E0%A4%95%E0%A4%BE%E0%A4%A3%E0%A5%8D%E0%A4%A1%E0%A4%AE%E0%A5%8D,
ekāgnikāṇḍasya haradattaṭīkā,एकाग्निकाण्डस्य हरदत्तटीका - विकिस्रोतः,https://sa.wikisource.org/wiki/%E0%A4%8F%E0%A4%95%E0%A4%BE%E0%A4%97%E0%A5%8D%E0%A4%A8%E0%A4%BF%E0%A4%95%E0%A4%BE%E0%A4%A3%E0%A5%8D%E0%A4%A1%E0%A4%B8%E0%A5%8D%E0%A4%AF_%E0%A4%B9%E0%A4%B0%E0%A4%A6%E0%A4%A4%E0%A5%8D%E0%A4%A4%E0%A4%9F%E0%A5%80%E0%A4%95%E0%A4%BE,
kāṭhakasaṃhitā (visvaraḥ),काठकसंहिता (विस्वरः) - विकिस्रोतः,https://sa.wikisource.org/wiki/%E0%A4%95%E0%A4%BE%E0%A4%A0%E0%A4%95%E0%A4%B8%E0%A4%82%E0%A4%B9%E0%A4%BF%E0%A4%A4%E0%A4%BE_(%E0%A4%B5%E0%A4%BF%E0%A4%B8%E0%A5%8D%E0%A4%B5%E0%A4%B0%E0%A4%83),
kṛṣṇayajurvedakāṇḍāḥ 5-7,कृष्ण यजुर्वेद काण्डाः 5-7 - विकिस्रोतः,https://sa.wikisource.org/wiki/%E0%A4%95%E0%A5%83%E0%A4%B7%E0%A5%8D%E0%A4%A3_%E0%A4%AF%E0%A4%9C%E0%A5%81%E0%A4%B0%E0%A5%8D%E0%A4%B5%E0%A5%87%E0%A4%A6_%E0%A4%95%E0%A4%BE%E0%A4%A3%E0%A5%8D%E0%A4%A1%E0%A4%BE%E0%A4%83_5-7,
taittirīyabrāhmaṇam (visvarapāṭhaḥ),तैत्तिरीयब्राह्मणम् (विस्वरपाठः) - विकिस्रोतः,https://sa.wikisource.org/wiki/%E0%A4%A4%E0%A5%88%E0%A4%A4%E0%A5%8D%E0%A4%A4%E0%A4%BF%E0%A4%B0%E0%A5%80%E0%A4%AF%E0%A4%AC%E0%A5%8D%E0%A4%B0%E0%A4%BE%E0%A4%B9%E0%A5%8D%E0%A4%AE%E0%A4%A3%E0%A4%AE%E0%A5%8D_(%E0%A4%B5%E0%A4%BF%E0%A4%B8%E0%A5%8D%E0%A4%B5%E0%A4%B0%E0%A4%AA%E0%A4%BE%E0%A4%A0%E0%A4%83),
maitrāyaṇīsaṃhitā,,,fully included in gretil
bhāṣikasūtrāṇi,भाषिकसूत्राणि - विकिस्रोतः,https://sa.wikisource.org/wiki/%E0%A4%AD%E0%A4%BE%E0%A4%B7%E0%A4%BF%E0%A4%95%E0%A4%B8%E0%A5%82%E0%A4%A4%E0%A5%8D%E0%A4%B0%E0%A4%BE%E0%A4%A3%E0%A4%BF,
śuklayajurvedaḥ,शुक्लयजुर्वेदः - विकिस्रोतः,https://sa.wikisource.org/wiki/%E0%A4%B6%E0%A5%81%E0%A4%95%E0%A5%8D%E0%A4%B2%E0%A4%AF%E0%A4%9C%E0%A5%81%E0%A4%B0%E0%A5%8D%E0%A4%B5%E0%A5%87%E0%A4%A6%E0%A4%83,
yajurvedabhāṣyam (dayānandasarasvatīviracitam),यजुर्वेदभाष्यम् (दयानन्दसरस्वतीविरचितम्) - विकिस्रोतः,https://sa.wikisource.org/wiki/%E0%A4%AF%E0%A4%9C%E0%A5%81%E0%A4%B0%E0%A5%8D%E0%A4%B5%E0%A5%87%E0%A4%A6%E0%A4%AD%E0%A4%BE%E0%A4%B7%E0%A5%8D%E0%A4%AF%E0%A4%AE%E0%A5%8D_(%E0%A4%A6%E0%A4%AF%E0%A4%BE%E0%A4%A8%E0%A4%A8%E0%A5%8D%E0%A4%A6%E0%A4%B8%E0%A4%B0%E0%A4%B8%E0%A5%8D%E0%A4%B5%E0%A4%A4%E0%A5%80%E0%A4%B5%E0%A4%BF%E0%A4%B0%E0%A4%9A%E0%A4%BF%E0%A4%A4%E0%A4%AE%E0%A5%8D),
rudrāṣṭādhyāyī,रुद्राष्टाध्यायी - विकिस्रोतः,https://sa.wikisource.org/wiki/%E0%A4%B0%E0%A5%81%E0%A4%A6%E0%A5%8D%E0%A4%B0%E0%A4%BE%E0%A4%B7%E0%A5%8D%E0%A4%9F%E0%A4%BE%E0%A4%A7%E0%A5%8D%E0%A4%AF%E0%A4%BE%E0%A4%AF%E0%A5%80,
sāmavedaḥ,,,fully included in gretil
sāmavedārṣeyadīpaḥ,सामवेदार्षेयदीपः - विकिस्रोतः,https://sa.wikisource.org/wiki/%E0%A4%B8%E0%A4%BE%E0%A4%AE%E0%A4%B5%E0%A5%87%E0%A4%A6%E0%A4%BE%E0%A4%B0%E0%A5%8D%E0%A4%B7%E0%A5%87%E0%A4%AF%E0%A4%A6%E0%A5%80%E0%A4%AA%E0%A4%83,
ṛgvedādibhāṣyabhūmikā (dayānandasarasvatīviracitā),ऋग्वेदादिभाष्यभूमिका (दयानन्दसरस्वतीविरचिता) - विकिस्रोतः,https://sa.wikisource.org/wiki/%E0%A4%8B%E0%A4%97%E0%A5%8D%E0%A4%B5%E0%A5%87%E0%A4%A6%E0%A4%BE%E0%A4%A6%E0%A4%BF%E0%A4%AD%E0%A4%BE%E0%A4%B7%E0%A5%8D%E0%A4%AF%E0%A4%AD%E0%A5%82%E0%A4%AE%E0%A4%BF%E0%A4%95%E0%A4%BE_(%E0%A4%A6%E0%A4%AF%E0%A4%BE%E0%A4%A8%E0%A4%A8%E0%A5%8D%E0%A4%A6%E0%A4%B8%E0%A4%B0%E0%A4%B8%E0%A5%8D%E0%A4%B5%E0%A4%A4%E0%A5%80%E0%A4%B5%E0%A4%BF%E0%A4%B0%E0%A4%9A%E0%A4%BF%E0%A4%A4%E0%A4%BE),
amarakośaḥ,,,fully included in gretil
amarakoṣaḥ (amaravivekavyākhyāsahitaḥ),अमरकोषः (अमरविवेकव्याख्यासहितः) - विकिस्रोतः,https://sa.wikisource.org/wiki/%E0%A4%85%E0%A4%AE%E0%A4%B0%E0%A4%95%E0%A5%8B%E0%A4%B7%E0%A4%83_(%E0%A4%85%E0%A4%AE%E0%A4%B0%E0%A4%B5%E0%A4%BF%E0%A4%B5%E0%A5%87%E0%A4%95%E0%A4%B5%E0%A5%8D%E0%A4%AF%E0%A4%BE%E0%A4%96%E0%A5%8D%E0%A4%AF%E0%A4%BE%E0%A4%B8%E0%A4%B9%E0%A4%BF%E0%A4%A4%E0%A4%83),
aṣṭāṅganighaṇṭu,,,fully included in gretil
ekākṣarakośaḥ,,,fully included in gretil
ekārthanāmamālā,एकार्थनाममाला - विकिस्रोतः,https://sa.wikisource.org/wiki/%E0%A4%8F%E0%A4%95%E0%A4%BE%E0%A4%B0%E0%A5%8D%E0%A4%A5%E0%A4%A8%E0%A4%BE%E0%A4%AE%E0%A4%AE%E0%A4%BE%E0%A4%B2%E0%A4%BE,
kāmasūtram,,,fully included in gretil
kuṭṭanīmatam,,,fully included in gretil
smaradīpikā,,,fully included in gretil
nāṭyaśāstram,,,fully included in gretil
saṅgītaratnākaraḥ,सङ्गीतरत्नाकरः - विकिस्रोतः,https://sa.wikisource.org/wiki/%E0%A4%B8%E0%A4%99%E0%A5%8D%E0%A4%97%E0%A5%80%E0%A4%A4%E0%A4%B0%E0%A4%A4%E0%A5%8D%E0%A4%A8%E0%A4%BE%E0%A4%95%E0%A4%B0%E0%A4%83,
saṅgītasārasaṃgrahaḥ,सङ्गीतसारसंग्रहः - विकिस्रोतः,https://sa.wikisource.org/wiki/%E0%A4%B8%E0%A4%99%E0%A5%8D%E0%A4%97%E0%A5%80%E0%A4%A4%E0%A4%B8%E0%A4%BE%E0%A4%B0%E0%A4%B8%E0%A4%82%E0%A4%97%E0%A5%8D%E0%A4%B0%E0%A4%B9%E0%A4%83,
samarāṅgaṇasūtradhāra,समराङ्गणसूत्रधार - विकिस्रोतः,https://sa.wikisource.org/wiki/%E0%A4%B8%E0%A4%AE%E0%A4%B0%E0%A4%BE%E0%A4%99%E0%A5%8D%E0%A4%97%E0%A4%A3%E0%A4%B8%E0%A5%82%E0%A4%A4%E0%A5%8D%E0%A4%B0%E0%A4%A7%E0%A4%BE%E0%A4%B0,
citralakṣaṇam,,,fully included in gretil
pākadarpaṇam,पाकदर्पणम् - विकिस्रोतः,https://sa.wikisource.org/wiki/%E0%A4%AA%E0%A4%BE%E0%A4%95%E0%A4%A6%E0%A4%B0%E0%A5%8D%E0%A4%AA%E0%A4%A3%E0%A4%AE%E0%A5%8D,
bismilasya balidānakathā,बिस्मिलस्य बलिदान-कथा - विकिस्रोतः,https://sa.wikisource.org/wiki/%E0%A4%AC%E0%A4%BF%E0%A4%B8%E0%A5%8D%E0%A4%AE%E0%A4%BF%E0%A4%B2%E0%A4%B8%E0%A5%8D%E0%A4%AF_%E0%A4%AC%E0%A4%B2%E0%A4%BF%E0%A4%A6%E0%A4%BE%E0%A4%A8-%E0%A4%95%E0%A4%A5%E0%A4%BE,
