,Catalog number,Title 1 (Muktabodha),"Version: if only one version (default) = blank; if there is more than one version: version 1, 2, 3, etc.",Version: Based on: xxx: Bibliographical entry: Editor,"Version: Duplicates: if version 2, 3, etc. = ""catalogue number""",Version: General Remarks,Version: Internal Remarks,Version: Completeness: incomplete | fragments | excerpts | uncertain,Version: Completness: further notes and specifications,"Title source: If not specified=MB, otherwise: Intenal/External+type (e.g. Colophon), if reconstructed add *",Title 2 (Muktabodha),"Ancillary to: MB catalogue number, or ilxM- entry specifically created when MB catalogue number is not available","Ancillary Type: Vyākhyātantra | Uttaratantra | Commentary | Sub-commentary| Ritual | Other
 | Excerpts",Ancillary Note (most commonly: if the commentary includes the mūla),Subjects (as in MB),Author,Author/Person ID,Author's name: Source,Alternate name,"Alternate name: Source & Type (e.g. Muktabodha initial description, colophons etc.)",Colophon,Colophon Note
,C.N. according to Muktabodha,"As given by Muktabodha, with corrections on spelling if needed","Versions of the same text (or part of it, when the manuscript is incomplete)",>> Bib DB,List of the catalog number of equivalent versions ,Notes on the specific version (most commonly: if it is an exact copy of another),Additional information,,,,Alternative titles as listed in the Muktabodha initial description,,,,,,,,,,,"Its location (if not stated: at end); when multiple colophons have been listed, they are separated by ///, and the location of each colophon is respectively separated by ///"
,OA: ilx,,,,,,,,,,,,,,,"OA: if more than one name separated by comma, different authors to different texts or fragments of texts",,,,,,
0,M00198,Aṃśumatkāśyapāgama,,,,,,incomplete,lacking explicit+final colophon,,Aṃśumadāgama,,,,"['tantric / āgamic literature', 'śaiva', 'śaiva-siddhānta']",,,,,,ityaṃśumatkāśyape karṣaṇavidhipaṭalaḥ (prathamaḥ),towards beginning
1,M00003,Akulavīratantra,,"Bagchi, P. C.",,,kaulajñānanirṇaya and some minor texts of the school ,,,,,,,,"['tantric / āgamic literature', 'kaula', 'kaula early pre 1100 AD']",Matsyendranātha,mbP0001,catalog,"Macchagnapāda, Macchendra","catalog, colophon",iti macchendrapādāvatārite kāmarūpisthāne yoginī prasādāllabdha(m) akulavīraṃ samāptam,
2,M00574,Agastyasaṃhitā,,,  ,,,,,,,,,,['tantric / āgamic literature'],,,,,,itiśrīagastisaṃhitāyāṃdvātriṃśodhyāyaḥ samāptoyaṃgraṃthaḥ,
3,M00246,Agnikāryapaddhati,,,,,,incomplete,lacking explicit+final colophon,,,,,,"['tantric / āgamic literature', 'kaula', 'kaula later post 1100 AD', 'śākta', 'Paddhati']",,,,,, atha vistare satyagnikāryapaddhatirlikhyate,at beginning
4,M00272,Acintyaviśvasādākhya,,,,,,,complete but final verses/colophon partially illegible,,,,,,"['tantra / āgama', 'śaiva', 'śaiva-siddhānta']",,,,,,iti cintyopabhede acintyaviśvasādākhye kriyāpāde tantrāvatāraḥ prathamaḥ paṭalaḥ ///  pa (* * *) midaṃ samāptamāsīt,in middle /// at end
,ilxM00001,Ajaḍapramātṛsiddhi,,,,,,,,,,,,,,Utpaladeva,mbP0002,colophon,,,,
5,M00658,Ajaḍapramātṛsiddhi Vṛtti,version 1,,M00658=M00502,exact copy/paste,,,,colophon,,ilxM00001,commentary,including the mūla,"['tantric / āgamic literature', 'non-dual śaivism of Kashmir']",Hara Śāstrī,mbP0129,colophon,Haribhaṭṭa Śāstrī,catalog,pramātṛsiddhāvācāryotpaladevakṛtau manāk | candrābdhyaṣṭendu 1841 śākābde śāstrī vṛttiṃ haro vyadhāt | ityajaḍapramātṛsiddhau śrīmanmahāmāheśvarācāryotpaladevapādaviracitāyāṃ vṛttiḥ samāptā | śrīmatpratāpabhūbharturājñayā prītaye satām | madhusūdanakaulena saṃpādyeyaṃ prakāśitā ,
6,M00622,Ajñānadhvāntadīpikā,,,,,,incomplete,lacking explicit+final colophon,,,,,,['śaiva'],Somanātha,mbP0003,incipit ,,,oṃsītākāntaṃhṛdi dhyātvāsomanāthomaheśajaḥ kurvevālāva vodhārtham ajñānadhvāntadīpikām,at beginning
,ilxM00002,Advayatārakopaniṣat,,,,,,,,,,,,,,,,,,,,
7,M00102,Advayatārakopaniṣat Vivaraṇaṃ,,Śāstrī Mahādeva,,,,,yes (only tārakayogādhikāraḥ),colophon,Advayatārakā Upaniṣat,ilxM00002,commentary,including the mūla,"['tantric / āgamic literature', 'yoga', 'upaniṣad', 'yogopaniṣad', 'yogopaniṣad']",Brahmayogin,mbP0128,colophon,,,ityupaniṣacchabdaḥ advayatārakopaniṣatsamāptyarthaḥ || śrīvāsudevendraśiṣyopaniṣadbrahmayoginā | advayopaniṣadvyākhyā likhiteśvaragocarā | advayopaniṣadvyākhyāgrantho'śītiritīritaḥ || iti śrīmadīśādyaṣṭottaraśatopaniṣacchāstravivaraṇe tripañcāśatsaṃkhyāpūrakam advayattārakopaniṣadvivaraṇaṃ saṃpūrṇam | oṃ śrīmadviśvādhiṣṭhānaparamahaṃsasadgururāmacandrārpaṇamastu,
8,M00510,Advayavajrasaṃgraha,,,,,,,,,,,,,['tantric / āgamic literature'],Advayavajra,P44,colophon,,,kṛtiriyaṃ paṇḍitāvadhūtaśrīmadadvayavajrapādānām | samāpto'yaṃ granthaḥ | ye dharmā hetuprabhavā hetuṃ teṣāṃ tathāgato hyavadat | teṣāṃ ca yo nirodha evaṃvādo mahāśramaṇaḥ | śubhaṃ bhūyāt ,
9,M00615,Anādivīraśaivasaṅgraha,,,,,,,8 chapters,,,,,,"['śaiva', 'vīraśaiva']",Saṃpādanasiddhavīra,mbP0088,colophon,,,iti śrīmadvīramāheśvarācāryavaryaśrīvīraśaivaṣaṭsthalamārgasthāpanāgragaṇyaśrīsaṃpādanasiddhavīrākhyaśivayogīṃdraviracite anādivīraśaivasārasaṃgrahe viśvotpattisthalaṃ nāma aṣṭamaprakaraṇaṃ samāptam,
10,M00353,Aniruddhasaṃhitā,,A. Shrinivasa Iyengar,,,,,,,,,,,['pāñcarātra'],,,,,,iti śrīpāñcarātre mahopaniṣadi aniruddhasaṃhitāyāṃ bhaktapratiṣṭhānām catustriṃśo'dhyāyaḥ,
11,M0511,Anuttaraprakāśapañcāśikā,Version 1,,M0511=M00004,exact copy/paste,,,,,,,,,"['śaiva', 'non-dual śaivism of Kashmir']",Ādyanātha,mbP0005,colophon,,,iti śrīmadādyanāthaviracitā anuttaraprakāśapañcāśikā samāptā,
12,M00004,Anuttaraprakāśapañcāśikā,Version 2,"Śāstri, Mukundarāma",M00004=M0511,exact copy/paste,,,,,,,,,"['tantric / āgamic literature', 'śaiva', 'non-dual śaivism of Kashmir']",Ādyanātha,mbP0005,colophon,,,iti śrīmadādyanāthaviracitā anuttaraprakāśapañcāśikā samāptā,
,ilxM00003,Amṛtanādopaniṣat,,,,,,,,,,,,,,,,,,,,
13,M00104,Amṛtanādopaniṣat Vivaraṇa,,Śāstrī Mahādeva,,,,,,colophon,Amṛtanāda Upaniṣat,ilxM00003,commentary,including the mūla,"['tantric / āgamic literature', 'yoga', 'upaniṣad', 'yogopaniṣad', 'yogopaniṣad']",Brahmayogin,mbP0128,colophon,,,śrīvāsudevendraśiṣyopaniṣadbrahmayoginā likhitaṃ syādvivaraṇaṃ nādopaniṣadaḥ sphuṭam prakṛtopaniṣadvyākhyāgranthaḥ ṣaṣṭyuttaraṃ śatam iti śrīmadīśādyaṣṭottaraśatopaniṣacchāstravivaraṇe ekaviṃśatiṃsaṃkhyāpūrakam amṛtanādopaniṣadvivaraṇaṃ saṃpūrṇam,
,ilxM00004,Amṛtabindūpaniṣat,,,,,,,,,,,,,,,,,,,,
14,M00103,Amṛtabindūpaniṣat Vivaraṇa,,Śāstrī Mahādeva,,,,,,colophon,Amṛtabindu Upaniṣat,ilxM00004,commentary,including the mūla,"['tantric / āgamic literature', 'yoga', 'upaniṣad', 'yogopaniṣad', 'yogopaniṣad']",Brahmayogin,mbP0128,colophon,,,śrīvāsudevendraśiṣyopaniṣadbrahmayoginā likhitaṃ syādvivaraṇaṃ bindūpaniṣadaḥ sphuṭam prakṛtopaniṣadvyākhyāgranthastriṃśādhikaṃ śatam iti śrīmadīśādyaṣṭottaraśatopaniṣacchāstravivaraṇe viṃśatisaṃkhyāpūrakam amṛtabindūpaniṣadvivaraṇaṃ saṃpūrṇam,
15,M00504,Amṛteśatantra,,,,,This does not seem to be what is usually referred to as Netratantra (i.e. ilxM00095 / M00038),,,,Netratantra,,,,['tantra / āgama'],,,,,,samāptamidaṃ mṛtyujidamṛtīśavidhānaṃ saṃpūrṇamiti śubham || saṃvat 320 caitraśudi śani dive (***?) viśveśvara likhāpitamidaṃ pustakaṃ || paṃḍitakīrtidhara likhitaṃ mayā,
16,M00539,Amṛteśvaradikṣāvidhi,,,,,,incomplete,lacking incipit,,,,,,"['tantric / āgamic literature', 'Paddhati']",,,,,,iti śivasaptasrotāgamagaṇābhiprāyāduddhṛtāmṛtīśanetrodyotā-'pratihatamahādi ikṣāsuṭippaṇakaṃ samāptam,
17,M00311,Aśeṣakulavallarī,,,,,,incomplete,lacking explicit+final colophon,,,,,,"['tantric / āgamic literature', 'śākta', 'compendium', 'Paddhati']",Gaṇanāthabhaṭṭa,mbP0006,colophon,Bhaṭṭa Śrī Gaṇanātha,colophon,iti bhaṭṭaśrīgaṇanāthaviracitāyāmaśeṣavallaryāṃ gurudhyānapaddhatiḥ prathamā,in middle
18,M00540,Aṣṭamātṛkāpūjā,,,,,,,,,,,,,"['tantric / āgamic literature', 'Paddhati']",,,,,,iti navapīṭha aṣṭamātṛkāpīṭhapūjāvidhiḥ samāptaḥ | śubhaṃ bhavantu sarvadā śubhaḥ,
19,M00002a,Ahirbudhnya Saṃhita Volume 1,,Pandit M. D. Ramanujacarya,,,of the pāñcarātrāgama,,,,,,,,"['tantric / āgamic literature', 'vaiṣṇava', 'pāñcarātra']",,,,,,iti śrīpāñcarātre tantrarahasye ahirbudhnyasaṃhitāyāṃ rājñāṃ sudarśanayantrārādhanavidhānakeśavādiguṇapradhānabhāvavyavasthāpanaṃ nāma ṣaṭtriṃśo'dhyāyaḥ,
20,M00002b,Ahirbudhnya Saṃhita Volume 2,,Pandit M. D. Ramanujacarya,,,of the pāñcarātrāgama,,,,,,,,"['tantric / āgamic literature', 'vaiṣṇava', 'pāñcarātra']",,,,,,iti śrīpāñcarātre tantrarahasye ahirbudhnyasaṃhitāyāṃ śāstravaibhavanirūpaṇaṃ nāma ṣaṣṭitamo'dhyāyaḥ || samāptā ceyamahirbudhnyasaṃhitā /// ahirbudhnyasaṃhitāpariśiṣṭaṃ sudarśana sahasranāmastotram /// ityahirbudhnyasaṃhitāyāṃ tantrarahasye vyāsanāradasaṃvāde śrīsudarśanasahasranāmastotraṃ saṃpūrṇam,
21,M00117,Āgamakalpalatā,version 1,,M00117=M00659,exact copy/paste,,,,,,,,,"['tantric / āgamic literature', 'śaiva', 'śākta']",Yadunātha,mbP0007,colophon,"Yadunātha Cakravartti, Yadunātha Śarma","catalog, incipit",śrīśrīyadunāthacakravartiviracitāyāmāgamakalpalatāyāṃprathamaḥpallavaḥ /// ityāgamakalpalatāṃyāṃyānāthaviracitāyāṃaṣṭāviṃśaḥpaṭalaḥ | samāpteyamāgamakalpalatāśrāgurūṇā,in middle /// at end
22,M00659,Āgamakalpalatā,version 2,,M00117=M00659,exact copy/paste,,,,,,,,,['tantric / āgamic literature'],Yadunātha,mbP0007,colophon,"Yadunātha Cakravartti, Yadunātha Śarma","catalog, incipit",ityāgamakalpalatāṃyāṃyānāthaviracitāyāṃaṣṭāviṃśaḥpaṭalaḥ | samāpteyamāgamakalpalatāśrāgurūṇā,
23,M00001,Āgamaprāmāṇya,,Rāmamiśraśāstri,,,,,,,,,,,"['tantric / āgamic literature', 'vaiṣṇava', 'pāñcarātra']",Yāmuna,mbP0008,colophon,Yāmunāchāryaswāmin,catalog,iti śrīyāmunamuniviracitamāgamaprāmāṇyam,
24,I00020,Āgamavacanasaṅgrahaḥ,version 1,,I00020=I00024,,,fragments,,,,,,,"['tantric / āgamic literature', 'śaiva', 'śaiva-siddhānta']",,,,,,no,
25,I00024,Āgamavacanasaṅgraha,version 2,,I00020=I00024,,,fragments,,,,,,,"['tantric / āgamic literature', 'śaiva', 'śaiva-siddhānta']",,,,,,iti vātule pratiṣṭhā tantre vāstuvidhipaṭalaḥ /// iti vātulākhye mahātantre puṇyāhavidhipaṭalaḥ,in middle
26,M00501,Ācārasāratantra,,,,,,,collection of excerpts,,Samayācāra,,,,"['tantra / āgama', 'kaula later post 1100 AD']","Svātmārāma, Unknown, Unknown, Unknown, Unknown",mbP0100,colophon ,,,iti śrīsakalaśāstrasamuccaye svātmārāmayogīndraviracitāyāṃ haṭhapradīpikāyāṃ caturthaḥ upadeśaḥ samāptaḥ /// ityācārasāratantre haragaurīsaṃvāde paramarahasyātirahasyakathane saṃvidākalpe saṃvicchodhanasvīkāravidhiḥ samāptaḥ paṭalaḥ /// iti śrīpārvatīśvarasaṃvāde samayācāraṃ sampūrṇam /// iti śrīrudrayāmale tantre pātravandananavastotraṃ samāptaṃ /// (AT END) ayaṃ strīṇāmatirajonivāraṇamaṃtra iti dvitīyakalpaṃ ca ulūkasya alaṃkṛtaṃ | śubhamastu ,5 parts
27,M00502,Ajaḍapramātṛsiddhi Vṛtti,version 2,Madhusudan Kaul Shastri,M00658=M00502,exact copy/paste,,,,colophon,,ilxM00001,commentary,including the mūla,"['tantric / āgamic literature', 'śaiva', 'pratyabhijñā']",Hara Śāstrī,mbP0129,colophon,Haribhaṭṭa Śāstrī,catalog,pramātṛsiddhāv ācāryotpaladevakṛtau manāk candrābdhyaṣṭenduśākābde śāstrī vṛttiṃ haro vyadhāt ity ajaḍapramātṛsiddhau śrīmānmahāmāheśvarācāryotpaladevapādaviracitāyāṃ vṛttiḥ samāptā,
,ilxM00101,Ātmārpaṇastava,,,,,,,,,,,,,,,,,,,,
,ilxM00102,Śivatatvavivekam,,,,,,,,,,,,,,,,,,,,
,ilxM00103,Śrīcakranirmāṇa,,,,,,,,,,,,,,,,,,,,
,ilxM00104,Śivajñānabodhopanyāsa,,,,,,,,,,,,,,Nigamajñānadeśika (I.E. Nigamajñānadeva),mbP0172,,,,,
28,I00018,"Ātmārpaṇastava, Śivatatvavivekam, Śrīcakranirmāṇa, Śivajñānabodhopanyāsa",,,,,,fragments,,,,"ilxM00101, ilxM00102, ilxM00103, ilxM00104",4 texts together in the same file,,"['tantric / āgamic literature', 'śaiva', 'śaiva-siddhānta']","Unknown, Unknown, Unknown, Nigamajñānadeśika (I.E. Nigamajñānadeva)",mbP0172,colophon,,,ātmārpaṇastavaḥ samāptaḥ /// śivatatvavivekam /// evaṃ śrīcakranirmāṇavidhiḥ /// iti bālabodhanāya saundaranāthaprītaye vyāghrapuravāsinā nigamajñānadeśikena viracitaśivajñānabodhopanyāsaḥ samāptaḥ,in middle
29,M00066,Ānandatantra,,"Dyczkowski, Mark S. G.",,,,,,,,,,,"['tantric / āgamic literature', 'tantra / āgama']",,,,,,iti dvātriṃśatkoṭivistīrṇe vidyāsvarūpaṃ nāma viṃśatitamaḥ (or: viṃśatiḥ) paṭalaḥ || ānaṃdataṃtraṃ saṃpūrṇam,
30,M00624,Ānandeśvarapaddhatiḥ,,,,,,,,,,,,,['śaiva'],,,,,,itivisarjanamaṃtraḥ itikalādīkṣāyāṃrahasyacarcā ityānandeśvarapaddhatiḥsamāptā /// itiśrīrudriyāmaletaṃtrepaṃcamīstavarājaḥsamāptaḥ,in middle /// at end
31,M00363,Āryamañjuśrīmūlakalpam Part 1,,T. Gaṇapatiśāstrī,,,,,,,,,,,['tantric / āgamic literature'],,,,,,mahāyānamantracaryānirdeśyamahākalpāt mañjuśrīkumārabhūtabodhisattvavikurvaṇapaṭalavisarāt mūlakalpāt prathamaḥ sannipātaparivartaḥ,in middle
32,M00364,Āryamañjuśrīmūlakalpam Part 2,,T. Gaṇapatiśāstrī,,,,,,,,,,,['tantric / āgamic literature'],,,,,,āryamañjuśrīmūlakalpam dvitīyo bhāgaḥ atha trayoviṃśatitamaḥ paṭalavisaraḥ /// āryamañjuśriyamūlakalpāt bodhisattvapiṭakāvataṃsakāt mahāyānavaipulyasūtrāt saptacatvāriṃśatimaḥ paṭalavisarāt tṛtīyaḥ catuḥkumāryopayikasarvasādhanajapaniyamamudrā(-)oṣadhitantramantrasarvakarmapaṭalavisaraṃ parisamāpta iti śubhaṃ bhūyāt,at beginning /// at end
33,M00365,Āryamañjuśrīmūlakalpam Part 3,,T. Gaṇapatiśāstrī,,,,,,,,,,,['tantric / āgamic literature'],,,,,,āryamañjuśrīmūlakalpam tṛtīyo bhāgaḥ atha pañcāśaḥ paṭalavisaraḥ /// mahākalparājāt āryamañjuśrīmūlakalpāt (?) hemasādhanapaṭalaḥ visaraḥ parisaraḥ parisamāptaḥ | parisamāptaṃ ca yathāla (?) yasya kalpamiti | svasti śrīrā(?)ṅgalakāvasthitena mārgaśīrṣaśuklā (?) padānakṣatre siṃhasthe'pi gurau mañjuśrīkalpaṃ samāptamiti | śrīmūlaghoṣavihārādhipatinā śrīvo(?) madhyadeśād vinirgatena paṇḍitaravicandreṇa likhitamiti | (?) śubhaṃ bhūyāt  ,at beginning /// at end
34,I00005,"Āśīrvādaparamparā, Samudrasnānavidhi, Kālaprakāśikā, Sudhivilocana",,,,,,incomplete/unclear,,,,,,,"['śaiva', 'śaiva-siddhānta']",,,,,,no,
35,M00237,Āśaucyadipikā,,,,,,,,,,,,,"['śaiva', 'śaiva-siddhānta']",Vedajñāna,mbP0009,colophon,,,śaivānāṃ viniyogārthaṃ kṛtācāśaucyadīpikā || iti śrīmadvyāghrapurinivāsi vedajñānadevaśiracitāśaucyadīpikā samāptā,
,ilxM00006,Āścaryayogamālā,,,,,,,,,,,,,,Nāgārjuna,mbP0010,colophon,,,,
36,M00286,Āścaryayogamālā Laghuvṛtti,,,,,,,,colophon,Yogaratnāvalī,ilxM00006,commentary,including the mūla,['tantric / āgamic literature'],Guṇākara,mbP0130,colophon,,,āścaryayogamālānāgārjunaviracitānubhavaprasiddhā | sakalajane hṛdayadayitā samarthitā sūtrato jayati // iti śrīśvetāmbarapaṇḍitaguṇākaraviracitā āścaryayogamālālaghuvṛtti samāptābhūt /// ātmasmaraṇāya mayā vikrītā nāgārjunapraṇīteyaṃ | āścaryayogamālā agre tava vṛddhaṭīkāvaḥ /// iti āścaryayogamālā samāptā (+ further text),
,ilxM00007,Āṣṭaprakaraṇa Tattvatrayanirṇaya,,,,,,,,,,,,,,Sadyojyoti,mbP0011,incipit ,,,,
37,M00012,Āṣṭaprakaraṇa Tattvatrayanirṇaya Vṛtti,,Kṛṣṇa Śāstrī,,,,,,colophon,,ilxM00007,commentary,including the mūla,"['tantric / āgamic literature', 'śaiva', 'śaiva-siddhānta', 'śaiva-siddhānta post 1100 AD']",Aghoraśiva,mbP0028,colophon,,,tattvatrayanirṇayaḥ | sadyojyotiḥ śivācāryapraṇī taḥ | aghoraśivācāryakṛtavṛttisahitaḥ /// ityaghoraśivācāryaviracitā tattvatrayanirṇayavṛttiḥ samāptā,at beginning /// at end
,ilxM00008,Āṣṭaprakaraṇa Tattvaprakāśa,,,,,,,,,,,,,,Bhojadeva,mbP0012,explicit,Śrī Bhojadeva Nṛpati,explicit ,,
38,M00010,Āṣṭaprakaraṇa Tattvaprakāśa Vṛtti,,Kṛṣṇa Śāstrī,,,,,,colophon,,ilxM00008,commentary,including the mūla,"['tantric / āgamic literature', 'śaiva', 'śaiva-siddhānta', 'śaiva-siddhānta post 1100 AD']",Aghoraśiva,mbP0028,colophon,,,śrībhojadevanṛpatiḥ sa śivāgamārthaṃ tattvaprakāśamasamānamidaṃ vyadhatta /// iti bhāradvājakulālaṅkaraṇabhūtena śaṅkarasūnunā vidhivihitasomarasāsvādanaparitoṣiṇā śivāṅghrikamaladvayāsaktamadhukarāyamāṇamānasena śrīmatā śrīkumāreṇa racitā tattvaprakāśatātparyadīpikā paripūrṇā /// iti lakṣadvayādhyāpakaśrīmadaghoraśivācāryaviracitā tattvaprakāśikāvṛttiḥ samāptā,towards end /// at end
,ilxM00009,Āṣṭaprakaraṇa Tattvasaṃgraha,,,,,,,,,,,,,,Sadyojyoti,mbP0011,colophon,,,,
39,M00011,Āṣṭaprakaraṇa Tattvasaṃgraha Ṭīkā,,Kṛṣṇa Śāstrī,,,,,,colophon,,ilxM00009,commentary,including the mūla,"['tantric / āgamic literature', 'śaiva', 'śaiva-siddhānta', 'śaiva-siddhānta post 1100 AD']",Aghoraśiva,mbP0028,colophon,,,tattvasaṃgrahaḥ sadyojyotiḥśivācāryapraṇītaḥ aghoraśivācāryakṛtayā ṭīkayā sahitaḥ /// ityavadat tattvāni tu sadyojyotiḥ suvṛttikṛt | iti tattvasaṃgrahaḥ samāptaḥ | ityaghoraśivācāryaviracitā tattvasaṃgrahaṭīkā samāptā,at beginning /// at end
,ilxM00010,Āṣṭaprakaraṇa Nādakārikā,,,,,,,,,,,,,,Rāmakaṇṭha,mbP0013,colophon,Śrī Bhaṭṭa Rāmakaṇṭha,colophon,,
40,M00007,Āṣṭaprakaraṇa Nādakārikā Vyākhyā,,Kṛṣṇa Śāstrī,,,,,,*,,ilxM00010,commentary,including the mūla,"['tantric / āgamic literature', 'śaiva', 'śaiva-siddhānta', 'śaiva-siddhānta post 1100 AD']",Aghoraśiva,mbP0028,colophon,,,iti nādasiddhimenāmakarot śrībhaṭṭarāmakaṇṭho'tra | nārāyaṇakaṇṭhasutaḥ kāśmīre vṛttapañcaviṃśatyā || śrīmadaghoraśivācāryajanyayā'parasaṃjñayā | vyākhyātā nādasiddhiśca prārthitena guruttamaiḥ,
,ilxM00011,Āṣṭaprakaraṇa Paramokṣanirāsakārikā,,,,,,,,,,,,,,Sadyojyoti,mbP0011,colophon,,,,
41,M00008,Āṣṭaprakaraṇa Paramokṣanirāsakārikā Vṛtti,,Kṛṣṇa Śāstrī,,,,,,colophon,,ilxM00011,commentary,including the mūla,"['tantric / āgamic literature', 'śaiva', 'śaiva-siddhānta', 'śaiva-siddhānta post 1100 AD']",Rāmakaṇṭha,mbP0013,colophon,,,iti sadyojyotiḥśivācāryakṛtā paramokṣanirāsakārikā samāptā ||  itiśrīmadbhaṭṭanārāyaṇakaṇṭhātmajaśrībhaṭṭarāmakaṇṭhaviracitā paramokṣanirāsakārikāvṛttiḥ samāptā,
,ilxM00012,Āṣṭaprakaraṇa Bhogakārikā,,,,,,,,,,,,,,Sadyojyoti,mbP0011,incipit ,,,,
42,M00005,Āṣṭaprakaraṇa Bhogakārikā Vṛtti,,Kṛṣṇa Śāstrī,,,,,,colophon,,ilxM00012,commentary,including the mūla,"['tantric / āgamic literature', 'śaiva', 'śaiva-siddhānta', 'śaiva-siddhānta post 1100 AD']",Aghoraśiva,mbP0028,colophon,,,iha hi tatrabhavadbhiḥ sadyojyotiṣpādaiḥ prakaraṇapratipādyamānaṃ bhogamokṣātmakamarthaṃ sūcayadbhistasyaivā'vighnaparisamāptyarthaṃ prathamaṃ paramaśivanamaskāraḥ kriyate /// ityaghoraśivācāryaviracitā bhogakārikāvṛttiḥ sampūrṇā,at beginning /// at end
,ilxM00013,Āṣṭaprakaraṇa Mokṣakārikā,,,,,,,,,,,,,,Sadyojyoti,mbP0011,incipit + explicit,,,,
43,M00006,Āṣṭaprakaraṇa Mokṣakārikā Vṛtti,,Kṛṣṇa Śāstrī,,,,,,colophon,,ilxM00013,commentary,including the mūla,"['tantric / āgamic literature', 'śaiva', 'śaiva-siddhānta', 'śaiva-siddhānta post 1100 AD']",Rāmakaṇṭha,mbP0013,colophon,,,mandabuddhiprabodhāya karuṇāviṣṭadhīḥ sphuṭam | sadyojyotistu saṃkṣepāt tāvetau paribaddhavān  /// iti mokṣakārikā samāptā /// iti mokṣakārikāyāṃ nārāyaṇakaṇṭhasūnunā racitā | saṃkṣepād vṛttiriyaṃ śiṣyahitā bhaṭṭarāmakaṇṭhena || iti śrīnārāyaṇakaṇṭhātmajabhaṭṭarāmakaṇṭhakṛtamokṣakārikāvṛttiḥ samāptā ,
,ilxM00014,Āṣṭaprakaraṇa Ratnatrayaparīkṣā,,,,,,,,,,,,,,Śrīkaṇṭha,mbP0014,colophon,,,,
44,M00009,Āṣṭaprakaraṇa Ratnatrayaparīkṣā Ullekhinī,,Kṛṣṇa Śāstrī,,,,,,colophon,,ilxM00014,commentary,including the mūla,"['tantric / āgamic literature', 'śaiva', 'śaiva-siddhānta', 'śaiva-siddhānta post 1100 AD']",Aghoraśiva,mbP0028,colophon,,,ratnatrayaparīkṣeyaṃ kṛtā śrīkaṇṭhasūriṇā | śrīrāmakaṇṭhāsadvṛttiṃ mayaivamanukurvatā | ratnatrayaparīkṣārthaḥ saṃkṣepeṇa prakāśitaḥ | ratnatrayaparīkṣā samāptā | yenākāri kavīśvareṇa rasavānāścaryasārāhvayaḥ pāṣaṇḍāpajayaśca kāvyatilako bhaktaprakāśastathā | nāṭyeṣvabhyudayaśca sundaragirā śaiveṣu sadvṛttaya(-)stenāghoraśivena sādhu racitā ratnatrayollekhinī | ityaghoraśivācāryaviracitā ratnatrayollekhinī sampūrṇā,
45,M00016,Īśānaśivagurudevapaddhati Volume 1,,Gaṇapati Śāstrī,,,,,,,,,,,"['tantric / āgamic literature', 'Paddhati']",Īśānaśiva,mbP0015,colophon,Īśānaśivagurudeva,colophon,iti śrīmadīśānaśivagurudevapaddhatau tantrasāre agnikalpavidhirnāma caturdaśaḥ paṭalaḥ || iti sāmānyapādaḥ prathamaḥ samāptaḥ,
46,M00017,Īśānaśivagurudevapaddhati Volume 2,,Gaṇapati Śāstrī,,,,,,,,,,,"['tantric / āgamic literature', 'Paddhati']",Īśānaśiva,mbP0015,colophon,Īśānaśivagurudeva,colophon,iti śīmadīśānaśivagurudevapaddhatau tantrasāre mantrapāde yuddhajaitrakarmādividhipaṭalo dvipañcāśaḥ || iti mantrapādo dvitīyaḥ samāptaḥ | samāptaṃ ca pūrvārdham,
47,M00018,Īśānaśivagurudevapaddhati Volume 3,,Gaṇapati Śāstrī,,,,,,,,,,,"['tantric / āgamic literature', 'Paddhati']",Īśānaśiva,mbP0015,colophon,Īśānaśivagurudeva,colophon,iti śrīmadīśānaśivagurudevapaddhatau sidhāntasāre uparibhāge kriyāpāde jātyādivimānavibhāgopapīṭhavidhipaṭalastriṃśaḥ,
48,M00233,Īśānaśivagurudevapaddhati Volume 4,,Gaṇapati Śāstrī,,,,,,,,,,,"['tantric / āgamic literature', 'Paddhati']",Īśānaśiva,mbP0015,colophon,Īśānaśivagurudeva,colophon,iti śrīmadīśānaśivagurudevapaddhatau siddhāntasāre uparibhāge yogapāde prāṇāyāmādipaṭalastṛtīyaḥ | yogapādaḥ samāptaḥ] || samāptā ceyamīśānaśivagurudevasya kṛtiḥ siddhāntasārapaddhatiḥ || ,
,ilxM00019,Īśvarapratyabhijñākārikā,,,,,,,,,,,,,,Utpaladeva,mbP0002,colophon,,,,
49,M00053,Īśvarapratyabhijñākaumudī,,,,,,,,colophon,,ilxM00019,commentary,,"['tantric / āgamic literature', 'śaiva', 'non-dual śaivism of Kashmir', 'pratyabhijñā']",Bhaṭṭāraka,mbP0016,colophon,Bhaṭṭāraka Sundara,colophon,iti śrīmadudpaladevaracitapratyabhijñāyī sūtrāvali śrīmadbhirava āptaracitasūtravimarśinyīḥ śrīmadbhaṭṭārakasundarīdāsenau tu jātijadmināsākṣācchaṅkarāvatāra śrīmacchrīvidyāpārijāta śrīmacchrīśaṅkarācāryavarya putramaṇinādviśatasaṅkhyāyāḥ ślokāvalyāḥ viracitākaumudī pratyabhijñākaumudyākhyāsamāptī kṛteti śivasambhusambhunāthasādhakānāṃ parāprāmādamantrodyatsamastaparamārthatatvānāṃ pāramārtha vidāṃceti śubham // pratyabhijñākaumidīsamāptā śrīmadbhaṭṭārakaracitā || saṃ 74 śrāvaṇe kṛṣṇapakṣe saptamyāṃ revatyāṃ saubhāgyaviṣkambhe phaṭtra?yoge ca | āccike lagne ca samāptiṃ gatā pratyabhijñā kaumudī ||,
50,M00197,Īśvarapratyabhijñāvimarśinīvyākhyā,,,,,,,,colophon,,"ilxM00019, M00019",sub-commentary,,"['tantric / āgamic literature', 'śaiva', 'śaiva-siddhānta']",,,,,,iti śrīmadācāryotpaladevaviracitāyāmīśvarapratyabhijñāyāṃ śrīmadācāryābhinavaguptaviracitavimarśinyākhyaṭīkopetāyāṃ tattvasaṅgrahādhikāraḥ | samāptā śrīmadīśvarapratyabhijñā || AT END - śrīpratyabhijñāsūtravimarśinī vyākhyā samāptā,
51,M00019,Īśvarapratyabhijñāvimarśinī,,"Pandey, K. C.",,,,,,colophon,,ilxM00019,commentary,,"['śaiva', 'non-dual śaivism of Kashmir', 'pratyabhijñā']",Abhinavagupta,mbP0017,colophon,Śrīmadācārya Abhinavagupta,colophon,iti śrīmadācāryotpaladevaviracitāyāmīśvarapratyabhijñāyāṃ śrīmadācāryābhinavaguptaviracitavimarśinyākhyaṭīkopetāyāṃ tattvasaṅgrahādhikāraḥ || samāptā śrīmadīśvarapratyabhijñā || FURTHER - iti pratyabhijñāsūtravimarśinīvyākhyā samāptā,
52,M00020,Īśvarapratyabhijñāvivṛtivimarśinī Volume 1,,Śāstrī M. K.,,,,,,colophon,,ilxM00019,commentary,,"['śaiva', 'non-dual śaivism of Kashmir', 'pratyabhijñā']",Abhinavagupta,mbP0017,colophon,Śrīmahāmāheśvaraśrīmadācārya Abhinavagupta,colophon,iti śrīmahāmāheśvaraśrīmadācāryābhinavaguptaviracitāyāmīśvarapratyabhijñāvivṛtivimarśinyāṃ jñānādhikāre paradarśanānupapattivimarśastṛtīyaḥ,
53,M00021,Īśvarapratyabhijñāvivṛtivimarśinī Volume 2,,Śāstrī M. K.,,,,,,colophon,,ilxM00019,commentary,,"['śaiva', 'non-dual śaivism of Kashmir', 'pratyabhijñā']",Abhinavagupta,mbP0017,colophon,Śrīmahāmāheśvaraśrīmadācārya Abhinavagupta,colophon,spandakārikā vivṛti,
54,M00022,Īśvarapratyabhijñāvivṛtivimarśinī Volume 3,,Śāstrī M. K.,,,,,,colophon,,ilxM00019,commentary,,"['śaiva', 'non-dual śaivism of Kashmir', 'pratyabhijñā']",Abhinavagupta,mbP0017,colophon,Śrīmahāmāheśvaraśrīmadācārya Abhinavagupta,colophon,iti mahāmāheśvaraśrīmadācāryābhinavaguptaviracitāyāmīśvarapratyabhijñāvivṛtivimarśinyāṃ samastanigamanaṃ caturtho vimarśaḥ || samāptā ca iyamīśvarapratyabhijñāvivṛtivimarśinī || kṛtiḥ śrītrinayanacaraṇacintanalabdhaprasiddhīnāmabhinavaguptapādānām ||,
55,M00660,Īśvarasiddhi,version 1,M Kaul,M00660=M00023,exact copy/paste,,,lacks first verse,,Siddhitrayī,,,,"['tantric / āgamic literature', 'non-dual śaivism of Kashmir']",Utpaladeva,mbP0002,colophon,Mahāmāheśvarācārya Utpaladeva,colophon,iti śrīmanmahāmāheśvarācāryotpaladevenodayākarasūnunā viracitā īśvarasiddhiḥ samāptā || śrīmatkaśmīrabhūbharturājñayā prītaye satām | madhusūdanakaulena saṃpādyeyaṃ prakāśitā || ,
56,M00023,Īśvarasiddhi,version 2,Śastrī M Kaul,M00660=M00023,exact copy/paste,,,,,Siddhitrayī,,,,"['śaiva', 'non-dual śaivism of Kashmir', 'pratyabhijñā']",Utpaladeva,mbP0002,colophon,Mahāmāheśvarācārya Utpaladeva,colophon,iti śrīmanmahāmāheśvarācāryotpaladevenodayākarasūnunā viracitā īśvarasiddhiḥ samāptā || śrīmatkaśmīrabhūbharturājñayā prītaye satām | madhusūdanakaulena saṃpādyeyaṃ prakāśitā || ,
57,M00420,Ugracaṇḍapūjāpaddhati,,,,,,incomplete,,,,,,,"['tantra / āgama', 'śākta', 'Paddhati']",,,,,, iti ugracaṇḍā ugracaṇḍī siddhilakṣmī guhyakāli devārcanavidhi samāpta,in middle
58,M00419,Ucchiṣṭacāṇḍālinīkalpa,,,,,,incomplete,lacking explicit+final colophon,,,,,,"['tantra / āgama', 'śākta']",,,,,,ugrarudrayāmūle rudrapārvati saṃvāde śrīsāradātilake ucciddhiṣṭacāṇḍālinī kalpaviṃsāṃ talīṣyane /// iti śrīvisvasāro ucāramahādevatraṇītaṃ śrīpārvatiyodhasanmukhī kalpaṃ samāptaḥ,at beginning /// towards end
59,M00169,Uḍḍāmeśvaratantra,,Zadoo J. D.,,,,,15 chapters,,,,,,"['tantric / āgamic literature', 'tantra / āgama']",,,,,,iti śrīśivaprokte vīrabhadreśvaratantroddhṛte uḍḍāmareśvaramahātantre pañcadaśaḥ paṭalaḥ samāptamidam,
60,M00247,Uddhārakośa,,Taki Shodo,,,A Dictionary of the Secret Tantric Syllabic Code,,,,,,,,['tantric / āgamic literature'],Śrī Dakṣiṇāmūrti,mbP0144,colophon,,,iti śrīdakṣiṇāmūrti viracita uddhārakośe sakalāgama sāre ṣoḍaśa devī saptadevī sapta kumāra nava graha catasṛ devī kośa dhyāna nirṇayo nāma saptamaḥ kalpaḥ,
61,M00275,Unmattabhairava,,,,,,,,,,,,,"['tantric / āgamic literature', 'śaiva']",,,,,,hariḥ oṃ tatsatpārameśvaratantre vārāṇasī paṭale unmattabhairavopākhyāne gururudrasaṃvāde śrī unmatta bhairavahṛdayaṃ samāptam,
62,M00276,Umāsaṃhitā,,,,,,incomplete,,,,,,,['vaiṣṇava'],,,,,, ityumā saṃhitāyāṃ dvitīyodhyāyaḥ,in middle
63,M00421,Ūrddhvāmnāya Damanārohaṇapaddhati,,,,,,,,,,,,,"['tantra / āgama', 'śākta', 'Paddhati']",,,,,,iti śrīurddhāmnāya pakaranadamanā rohanavidhi samāpta,
64,M00422,Ūrddhvāmnāyapūjāvidhi,,,,,,,,,,,,,"['tantra / āgama', 'śākta']",,,,,,iti uddhamata suṣmaparddhati samāpta,
65,M00640,Ūrdhvāmnāya,,,,,,incomplete,lacking explicit+final colophon ,,,,,,"['tantric / āgamic literature', 'tantra / āgama']",,,,,,kasyacinnamayākhyātamitaḥpūrvaṃkuleśvari kathayāmitavasnehāndūrdhvāmnāyaṃśṛṇupriye,at beginning
66,M00026,Kaṅkālamālinītantra,,Chatterjee,,,,,"Forward slashes (/) are used in a manner that is compatible with anusvāra (chandrabindu), visarga and even nothing at all. Given the uncertainty, they have been kept unaltered.",,,,,,"['tantric / āgamic literature', 'tantra / āgama', 'kālīkula / krama']",,,,,,iti dakṣiṇāmnāye śrīkaṅkālamālinītantre pañcamaḥ paṭalaḥ samāptaḥ || granthaśca samāptaḥ,
67,M00523,Kamalānāmnī Tripurasundarīpaddhati,version 1,,M00523=M00400,exact copy/paste,,,in 2 parts ,,,,,,"['tantric / āgamic literature', 'śākta', 'Paddhati']",Prema Nidhi Śarma,mbP0103,colophon,Śrī Paṇḍita Vara Prema Nidhi,colophon,kāmyakarmakamalā śrīvidyāpaddhatirūpā śrīpaṇḍitavarapremanidhiviracitā /// iti śrībhāradvājakulaprasūtayetoyanāmakakūrmācalāśritaparaṃparapremanidhiśarmanirbhitāśrīvidyākāmyakarmakamalākamalā ca saṃpūrṇā,
68,M00125,Kamikāgama Uttarabhāga,,,,,,,,,,,,,"['tantric / āgamic literature', 'tantra / āgama', 'śaiva', 'śaiva-siddhānta', 'śaiva-siddhānta pre 1100 AD']",,,,,,iti uttara kāmikākhye mahātantre vidhiraṣṭanavatitamaḥ patalaḥ,
69,M00124,Kamikāgama Pūrvabhāga,,,,,,,,,,,,,"['tantric / āgamic literature', 'tantra / āgama', 'śaiva', 'śaiva-siddhānta', 'śaiva-siddhānta pre 1100 AD']",,,,,,iti kāmikākhye mahātantre gopurasthāpanavidhiḥ pañcasaptatitamaḥ paṭalaḥ || pūrvakāmikaṃ samāptam ,
70,M00208,Karaṇāgama,,,,,,,,,Karaṇāgama Kriyāpāda,,,,['śaiva'],,,,,,iti śrīkāraṇāgame uttarabhāge pārvatīparameśvarasaṃvāde kriyāpāde prāyaścittavidhikathanaṃ nāma daśamaḥ paṭalaḥ,
71,M00236,Karpūrādistotra,,Sir John Woodroffe/Arthur Avalon,,,,,,,,,,,['tantric / āgamic literature'],,,,,,iti śrīmanmahākālaviracitaṃ śrīmaddakṣiṇākālaikāyāḥ svarūpākhyaṃ stotraṃ samāptam ||  asya ṭīkā vimalānandadāyinī svarūpavyākhyā ca samāptā +TILAKA,almost at end
72,M00511,Kalaśārcanavidhi,,,,,,,,,,,,,['tantric / āgamic literature'],,,,,,iti kalāśārcana vidhiḥ samāptaḥ /// āṣaḍhamāseśuklapakṣe catuthyāṃ tithaumaghanakṣatre sūlayoge ādityavāsare śvakunhu śrīśrījayabhūpatīndramalla mahārādhirājasanaḍhātā polaladevalayāhnapātayā guligāthaseḍhāvahanāṃ lipotathānakāvaśvagāthadute yatāśvasāphulidayakasevi hyāḍhāvagātha dutādinajuro,towards end /// at very end
,ilxM00020,Kalasaṃkarṣinīmatatantra,,,,,,,,,,,,,,,,,,,,
73,M00320,Kalasaṃkarṣinīmatatantra Ṭippaṇī,,,,,,incomplete,,colophon,,ilxM00020,commentary,including the mūla,"['tantric / āgamic literature', 'śākta']",,,,,,nāma ṭippaṇakaḥ samāptaḥ /// iti śrīkālasaṅkarṣaṇīmate caturviṃśatisāhasre samayāṭippaṇako nāma dvitīyaḥ paṭalaḥ,at end /// in middle
74,M00051,Kalpavṛkṣa,,,,,,,,,,,,,['tantric / āgamic literature'],Sāhiba Kaula,mbP0018,colophon,,, nijakalpavṛkṣavandetīkyāna grāhyanodanāvaśitaiḥ | sāhibakaulapadasthairviraśyate svalpatāt padam(?) /// śrīnāthavara śrīhetunātha śrījñānasvāmikṛpākaṭākṣa pratyabhijñātanijasahajaparātmanāṃ saptacatvāriṃśaddhāyana sthitānāṃ śrīgāyatrī bhāṣya śrīdevīnāmavilāsādi nibandhana prabandhaprathitasahitayaśasāṃ mahāmāheśvarācārya sāhibhakaulapādānāṃ śrīnāthamallādi sajjanavinodakāriketi śivam ,at beginning /// at end
75,M00287,Kākacaṇḍeśvarīmata,,,,,,,,,,,,,['tantric / āgamic literature'],,,,,,iti śrīkākacaṇḍeśvarīmataṃ samāptam || śubhamastu sadā || śubhaṃ ||,
,ilxM00021,Kātyāyanītantra,,,,,,,,,,,,,,,,,,,,
76,M00631,Kātyāyanītantra Ṭīka,,,,,,,23 chapters,,Mantravyākhyāprakāśikā,ilxM00021,commentary,including the mūla,"['tantric / āgamic literature', 'tantra / āgama']",Nīlakaṇṭha,mbP0019,colophon,,,raṃganāthasuteneyaṃśrīlakṣmītanayenaca nīlakaṃṭhenaviduṣāmaṃtrasaṃkhyāprakāśikā || kātyāyanītaṃtravaryekṛtāṭīkāyathāmati prīyatītenamedevībhuvaneśīmaheśvarī || itiśrīraṃgabhaṭṭasutalakṣmīgarbhajaśaivopanāmakaṃṭhakṛtāyāṃkātyāyanītaṃtremaṃtravyākhyāprakāśikāyāṃṭīkāyāṃtrayoviṃśaḥpaṭalaḥsamāptaḥ ,
,ilxM00014,Kāmakalāvilāsa,,,,,,,,,,,,,,Puṇyānanda,mbP0020,colophon,,,,
77,M00025,Kāmakalāvilāsa Ṭīka,version 1,Malaviya Sudhakar,M00025=M00282,exact copy/paste,with the commentary cidvallī ,,,,,ilxM00015,commentary,including the mūla,"['tantric / āgamic literature', 'śākta', 'śrī-vidyā']",Puṇyānanda,mbP0020,colophon,,,iti śrīpuṇyānandayativiracitaḥ kāmakalāvilāsaḥ samāptaḥ + tilaka,
78,M00282,Kāmakalāvilāsa Cidvallī,version 2,Malaviya Sudhakar,M00025=M00282,exact copy/paste,with the commentary cidvallī ,,,,,ilxM00015,commentary,including the mūla,"['tantric / āgamic literature', 'śākta', 'śrī-vidyā']",Naṭanānda,mbP0131,colophon,,,iti śrīnaṭanānandakṛtaṃ kāmakalācidvallīvyākhyānaṃ sampūrṇam || śrīgurucaraṇāravindārpaṇamastu || śrī mahātripurasundaryarpaṇamastu ,
79,M00133,Kāmadhenutantra,,R M Caṭṭopādhyāya,,,,,,,,,,,"['tantric / āgamic literature', 'tantra / āgama']",,,,,,iti śrīkāmadhenutantre devīśvarasaṃvāde caturviṃśatitamaḥ paṭalaḥ || samāptamidaṃ kāmadhenutantram,
80,M00239,Kāmaratnatantra,,Hemachandra Goswami Tattabhusan,,,,,16 chapters,,,,,,['tantra / āgama'],Nityanātha,mbP0104,colophon,,,iti śrīnityanāthaviracite kāmaratne rasādiśodhanaṃ nāma ṣoḍaśopadeśaḥ,
81,M00132,Kāmākhyātantra,,R M Caṭṭopādhyāya,,,,,,,,,,,"['tantric / āgamic literature', 'tantra / āgama']",,,,,,iti śrīkāmākhyātantre pārvatīśvarasaṃvāde navamaḥ paṭalaḥ samāptaḥ || samāptaścāyaṃ granthaḥ |,
82,M00546,Kāmeśvarīpūjā,,,,,,incomplete,lacking explicit+final colophon,,,,,,"['tantric / āgamic literature', 'Paddhati']",,,,,,itya kāmeśvarī vidhāna pūjāpaṭala samāptamiti śubhaḥ /// iti śrīmanbhagavanmahātripurasundaryāyā paddhati samāptā /// iti dhyāna samāpta śubhaṃ + additional text,in middle
83,M00400,Kāmyakarmakamalā,version 2,,M00523=M00400,exact copy/paste,,,,,Kamalā,,,,['śākta'],Prema Nidhi Śarma,mbP0103,colophon,,,iti śrībhāradvājakulaprasūtayetoyanāmakakūrmācalāśritaparaṃparapremanidhiśarmanirbhitāśrīvidyākāmyakarmakamalākamalā ca saṃpūrṇā,
84,M00235,Kālahastīśavilāsa,,,,,,,,,,,,,"['śaiva', 'śaiva-siddhānta']",,,,,,plavasaṃvatsare mārgaśīrṣe (***) veṃkaṭeśena likhitaṃ kālahastīśapustakam,
85,M00410,Kālāgniyajñavidhi,,,,,,incomplete,,,,,,,"['tantric / āgamic literature', 'śākta']",,,,,,kālāgniyajñaghṛtāhuti purṇāsumurtāstu svāhā || iti ghṛtāhutipūrṇāvidhi,towards beginning
86,M00193,Kālānalatantra,,,,,,incomplete,lacking incipit (4 pages); ends with ch.22 (lacking explicit+final colophon),,,,,,"['tantra / āgama', 'śaiva']",,,,,,iti nailalohitīye śrīkālānalataṃtre siddhilakṣmyayutākṣarā kathanannāmadvāviṃśatitamaḥ paṭalaḥ || śrīṁ || śrīcaṇḍakāpālinyārpaṇamastu,
87,M04002,Kālikāpurāṇam,,Pañcānana Tarkavāgīśa,,,,,,,,,,,['tantric / āgamic literature'],,,,,,iti śrīkālikāpurāṇe navatitamo'dhyāyaḥ || iti śrīkālikāpurāṇaṃ samāptam,
88,T00242,Kālikārahasya,,,,,,fragment,excerpt,,,,,,"['tantric / āgamic literature', 'śaiva', 'śaiva-siddhānta']",,,,,,iti śrī mahābhairavatantre śrī kālikārahasye umāmaheśvarasaṃvāde īśvaraprokto nāma pañcamaḥ paṭalaḥ,
89,M00293,Kālīkalpalatā,,,,,,,,,Dakṣiṇakālīkalpalatā,,,,"['tantric / āgamic literature', 'śākta']",Vimarśānandanātha,mbP0020,colophon,,,iti śrīvimarśānaṃdanāthaviricitāyāṃ kālikalpalatāyāṃ dvitīyaṃ kusumaṃ samāptaṃ || śubhamastu || saṃvat 1754 mītī āsāḍhavadīdutī āsubhasthāne nepālamadhye lalita (*?) ṭhane likhitaṃ |,
90,M00248,Kālottara,version 1,,M00248=E00011=E00012=E0011,,,incomplete,"missing ch.9 to 12, lacking explicit+final colophon",,"Kālottaratantra, Kālottarāgama",,,,"['tantric / āgamic literature', 'śaiva-siddhānta']",,,,,,iti kālottare antaḥkaraṇapaṭalaḥ saptamaḥ,in middle
91,E00011,Kālottara,version 2,,M00248=E00011=E00012=E0011,exact copy/paste of E0011,,,,,"Kālottaratantra, Kālottarāgama",,,,"['tantric / āgamic literature', 'śaiva-siddhānta']",,,,,,iti kālottare trayodaśaśatike daśamaḥ paṭalaḥ samāptaḥ,in middle
92,E00012,Kālottara,version 3,,M00248=E00011=E00012=E0011,,,incomplete,lacking explicit+final colophon,,"Kālottara Mahātantra, Bṛhadkālottara",,,,"['tantric / āgamic literature', 'śaiva', 'śaiva-siddhānta']",,,,,,iti kālottare mahātantre prathamaḥ paṭalaḥ,in middle
93,E0011,Kālottara,version 4,,M00248=E00011=E00012=E0011,exact copy/paste as E00011,,,,,"Kālottaratantra, Kālottarāgama",,,,"['tantric / āgamic literature', 'śaiva-siddhānta']",,,,,,iti kālottare trayodaśaśatike daśamaḥ paṭalaḥ samāptaḥ,
94,M00199,"Kiñcitatantra (title is invented by typist; it just means ""a/some"" tantra)",,,,,,incomplete,,,,,,,"['tantric / āgamic literature', 'tantra / āgama', 'śaiva']",,,,,,no,
95,M00548,Kubjikāgurumaṇḍalapūjā,,,,,,incomplete,,,,,,,"['tantric / āgamic literature', 'Paddhati']",,,,,, iti gurumaṇḍalapūjāvidhi /// samvat 8012 jyeṣṭhaśuklanavami śrīharipatideva na coyājuro śubhā,towards end
96,M00547,Kubjikāguhyeśvarīpūjāpaddhati,,,,,,,,,,,,,"['tantric / āgamic literature', 'Paddhati']",,,,,,śrī kubjikāmūttiguhyeśvarī pūjāpaddhatiḥ samāptaḥ || śrī śrī śrī kubjikāguhyeśvarī prīnātu || yādṛśaṃ pustakaṃ dṛṣṭā tādṛśaṃ likhitaṃ mayā | yadi śuddhaṃmaśuddhaṃ vā mama doṣo na diyate + ADDITIONAL WRITING?,
97,M00030,Kubjikātantra,,Chatterjee,,,,,17 chapters,,,,,,"['tantric / āgamic literature', 'tantra / āgama', 'śākta', 'kubjikā']",,,,,,iti kubjikātantre mṛtavatsā kavacaṃ nāma saptadaśaḥ paṭalaḥ,
98,M00549,Kubjikāpūjā,,,,,,incomplete,lacking explicit+colophon,,,,,,"['tantric / āgamic literature', 'Paddhati']",,,,,,no,
99,M00551,Kubjikāṣṭāviṃśatikarmārcana,,,,,,incomplete,lacking explicit+final colophon,,,,,,"['tantric / āgamic literature', 'Paddhati']",,,,,,iti paścimajeṣṭhāmnāya astāviśatikarmmārccanaṃ samāpta,in middle
100,M00550,Kubjikāsamayanirvāṇadīkṣāvidhi,,,,,,incomplete,lacking explicit + final colophon,,,,,,"['tantric / āgamic literature', 'Paddhati']",,,,,,samayaviśiṣṭanirvvānadīkṣāvidhyoya samāptaḥ,in middle
101,M00402,Kulacūḍāmaṇi Nigama,,John Woodroffe,,,,,,,,,,,"['tantric / āgamic literature', 'tantra / āgama']",,,,,,iti kulacūḍāmaṇitantre saptamaḥ paṭalaḥ || samāptaścāyaṃ granthaḥ,
102,M0230,Kuladīpikā,,,,,,excerpts,4 excerpts,,Uttaraṣaṭkam Ṣaḍvidyāprakāśikā,,,,['tantric / āgamic literature'],"Unknown, Unknown, Bhaṭṭanāga, Unknown",mbP0106,colophon,,,1) iti śrīrudrayāmale sapādalakṣagrandhe vidyāpīṭhāvatārite uttarabhāge nityaklinnāprakaraṇe ṣaḍvidyāprakāśāyāmuttaraṣaṭkaṃ saṃpūrṇam 2) ityuttaraṣaṭkavivaraṇe kuladīpikāyāṃ prathamaḥ paṭaḥ 3) iti śrī bhaṭṭanāgaviracite tripurāsārasamuccaye daśamaḥ paṭalaḥ 4) iti saṃpradāyadīpikāyāṃ daśamaḥ paṭalaḥ || śrī tejānandanāthasaṃvidāmbā śrīpādukāṃ pūjayāmi | tejānandasya śiṣyena kṛṣṇānandasya sūriṇā | likhitaṃ saṃpradāyasya dīpikācāmbikājñayā + ADDITIONAL WRITING ,4 excerpts
103,M00068,Kulapradīpa,,,,,,,7 chapters,,,,,,"['tantric / āgamic literature', 'kaula']",Śivānanda,mbP0102,colophon,Śivānanda Ācārya,colophon,iti śrīśivānandācārya viracite kulapradīpe saptamaḥ prakāśaḥ saṃpūrṇaḥ | śubhamastu ,
104,M00318,Kulamuktikallolinī,,,,,,,22 chapters,,,,,,"['tantric / āgamic literature', 'śākta', 'compendium', 'Paddhati']",Ādyānandana,mbP0038,colophon,Navamīsiṃha,catalog ,iti śrī ādyānandanaviracitāyāṃ kulamuktikallolinyāṃ dvāviṃśatitamaḥ paṭalaḥ samāptaḥ | śubham,
105,M00331,Kulavṛtti,,,,,,,,,,,,,"['tantric / āgamic literature', 'śaiva', 'kaula', 'kaula later post 1100 AD']",Pūrṇānanda,mbP0022,colophon,,,śrīpūrṇānaṃdanāthenakṛtāyāṃ gurubhāvataḥ kulavṛttau svataṃtrāyāṃ triṃśat paṭalaḥ īritaḥ || saṃpūrṇāścādyakhaṃḍakaḥ || (*?) ṇīyārikanagare guruṇāṃ padasannidhe ādyakhaṃḍastu saṃpūrṇā yaśodharagirāśra(***?) || gaṃgāvadetāgariṇāṃbhāvataḥ paraṃ | kulavṛttināmakaṃśāstraṃ likhitaṃ gurusammataṃ || ādau natvā gurūn mūrddhi paścāddevīṃ hṛdāṃvuje | paṭhayaṃti (***?) || śubhamastu ||,
106,M00285,Kulasāra,version 1,,M00285=M00294,,,fragments,3 fragments,,Kulācāranirṇaya,,,,"['tantric / āgamic literature', 'kaula', 'kaula later post 1100 AD']",,,,,,1) iti śrīsomabhujavalyākulasārasaṃgrahe caturviṃśati paṭala /// 2) iti śrīkulāścaranirṇaye gurubhaktiparichamo nāma prathama paṭala /// 3) iti tatvāmarśāṃtyaṣṭikramaḥ aṣṭādaśollāsaḥ saṃpūrṇaṃ,
107,M00294,Kulasāra,version 2,,M00285=M00294,,,incomplete,,,,,,,"['tantric / āgamic literature', 'śaiva', 'kaula early pre 1100 AD']",,,,,,iti kulasāre caturthaḥ paṭalaḥ,in middle
108,M00513,Kulānanda,,P. C. Bagchi,,,,,,,Kulānandatantra,,,,['tantra / āgama'],Matsyendranātha,mbP0001,colophon,,,iti matsyendrapādāvatāritaṃ kulānandaṃ samāptamiti || śubhamastu sarvajagatāma,
109,M00284,Kulānandādi,,,,,,fragments,"2 excerpts (2nd is fragmentary, lacking explicit+colophon) ",,,,,,"['tantric / āgamic literature', 'tantra / āgama', 'kaula', 'śākta']","Matsyendranātha, Unknown",1st: mbP0001,colophon,,,1) iti matsyendrapādāvatārikaṃ kulānandasamāptamitiḥ /// 2) iti kapālakṣaṇaṃ picumate,
110,M00031,Kulārṇavatantra,,"Malaviya, Sudhakar",,,,,17 chapters,,,,,,"['tantric / āgamic literature', 'tantra / āgama', 'kaula', 'kaula later post 1100 AD']",,,,,,iti śrīkulārṇave nirvāṇamokṣadvāre mahārahasye sarvāgamottamottame sapādalakṣagranthe pañcamakhaṇḍe ūrdhvāmnāyatantre kāmyakarmakathanaṃ nāma saptadaśollāsaḥ,
111,M00274,Kulālaśāstra,,,,,,uncertain,yes?,,,,,,"['tantric / āgamic literature', 'śaiva']",,,,,, iti kulāla śānti tantre pratiṣṭhāvidhi paṭalaḥ samāptaḥ ||śubhamastu /// vidyeśvaran cakrāvannihitārthāya catuṣṣaṣṭhi kalānāṃ devamātā vidyeśvaran nārāyaṇan etat trayodaśānāṃ kulālāḥ priyantām | sarva nakṣatrāṇi prīyantāṃ sarva dhanadhānya samṛddhirastu | ,in middle /// at end
112,M00602,Kaivalyasāra,,,,,,,6 chapters,,,,,,"['śaiva', 'vīraśaiva']",Toṃṭadārya,mbP0108,colophon,,,iti śrīmatparamaśivayogirāṭparivrājakācāryaśrītoṃṭadāryaviracite paramavīraśaivādvaitabodhinyāmekottaraśatasthalaśrutimālāvivaraṇākhyakaivalyasāre liṃgasthalanirūpaṇe mahāliṃgasthalaṃ nāma ṣaṣṭhaṃ prakaraṇaṃ samāptam || śrīḥ śrīḥ,
113,M00027,Kaulajñānanirṇaya,,"Bagchi, P. C.",,,,,,,,,,,"['tantric / āgamic literature', 'kaula', 'kaula early pre 1100 AD']",Matsyendranātha,mbP0001,colophon,Macchaghnapāda,incipit,iti mahākaule jñānanirṇaye sāraṃ śrīmatsyendrapādāvatā(rite samāptaṃ?),
114,M00326,Kaularahasya,,,,,,incomplete,,,,,,,"['tantric / āgamic literature', 'kaula']",,,,,,IN MIDDLE - iti śrīkaularahasya dvitiye paṭalaḥ,in middle 
115,M00633,Kaulārcanadīpikā Śrījñānatantra,,,,,,uncertain,yes ?,,,,,,"['tantric / āgamic literature', 'tantra / āgama']",Totakaula,mbP0023,colophon,,,itiśrījñānatantrasyadvitīyapaṭalātkatipayaślokālikhitāḥ | saṃvat 1947 bhādaro pra 29 likhitaṃ totakaulāni,
,ilxM00022,Kaulāvalī,,,,,,,,,,,,,,,,,,,,
116,M00231,Kaulāvalīnirṇaya,,Arthur Avalon,,,,,21 chapters,colophon,,ilxM00022,commentary,including the mūla,['tantric / āgamic literature'],Jñānānandaparamahaṃsa,mbP0024,colophon,,,iti śrīmajjñānānandaparamahaṃsaviracite kaulāvalīnirṇaye ekaviṃśollāsaḥ samāptaḥ,
,ilxM00016,Kaulopaniṣad,,,,,,,,,"Bhāvanopaniṣat, Śrīlalitāmahātripurasundaryupaniṣat, Devyatharvaśīrṣopaniṣat, Śrīkaulopaniṣat",,,,,,,,,,,
117,M00028,Kaulopaniṣad Bahvṛcavedīyā,,,,,,fragments,collection of texts,,"Bhāvanopaniṣat, Śrīlalitāmahātripurasundaryupaniṣat And Commentary Called Bahvṛcavedīyā, Devyatharvaśīrṣopaniṣat, Śrīkaulopaniṣat",ilxM00016,commentary,including the mūla,"['tantric / āgamic literature', 'śaiva', 'kaula', 'kaulopaniṣad', 'kaulopaniṣad']",Bhāskararāya,mbP0062,colophon,,,1) śrītantrarāje pañcatriṃśapaṭale bhāvanopaniṣatpratipādita /// 2) iti devī canuṣṣaṣṭyupacārasaṃgrahaḥ sampūrṇaḥ /// 3) iti śrīmadbhāskararāyamahāśayaracitaṃ tripuropaniṣad bhāṣyaṃ sampūrṇam /// 4) iti bahvṛcavedīyā lalitāmahātripurasundaryupaniṣatsamāptā /// 5) iti devyatharvaśīrṣopaniṣat samāptā /// 6)  iti kaulamārgapārāvārapārīṇaśrīmadbhāskararāyaviracitaṃ kaulopaniṣadbhāṣyaṃ saṃpūrṇam,
118,M00029,Kramadīpikā,,,,,,,,,Tantrasārādivividhatantrasaṃgraha,,,,"['tantric / āgamic literature', 'kālīkula / krama']",Keśavakāśmīrin Bhaṭṭācārya ?,mbP0025,"Sanderson 2012-13, p. 69",,,iti kramadīpikāyāmaṣṭamaḥ paṭalaḥ || iti kramadīpikā samāptā | iti śrīrasikamohanacaṭṭopādhyāyakarttṛka saṃgṛhīta tu prakāśita tantrasārādivividhatantrasaṃgrahe kramadīpikā samāptā ||,
,ilxM00017,Kriyakramadyotikā,,,,,,,,,,,,,,Aghoraśiva,mbP0028,colophon,Śrīmad Aghoraśiva Acārya,colophon,,
119,M00324,Kriyakramadyotikā Vyākhyā,,,,,,,,colophon,,ilxM00017,commentary,including the mūla,"['tantric / āgamic literature', 'śaiva']",Kacchapeśvara,mbP0132,colophon,,,iti śrīmatkacchapeśvara śivācāryaviracitā śrīmadaghoraśivācāryakṛtakriyākramadyotikāvyākhyā samāptam anaiṣīt || śrīśivābhyānnamaḥ,
120,M00278,Kriyākālaguṇottara,,,,,,incomplete,lacking explicit+final colophon,,,,,,"['tantric / āgamic literature', 'śaiva early']",,,,,,iti kriyākālaguṇottare prathamaḥ paṭalaḥ,in middle
121,I00001,Kriyādīpikā,,,,,and minor works,incomplete,incomplete/fragments,,,,,,"['śaiva', 'śaiva-siddhānta']",Śivāgrayogin,mbP0027,colophon,,,iti varṇāśramamācāryavaryaśaivaparipālakaśivāgrayogiviracitāyāṃ kriyādīpikāyāṃ śaucācamanasnānasai(śai)vasandhyānuṣṭhānavidhirnāma prathamaḥ paṭalaḥ /// iti vātulākhye mahātantre jñānapāde jñānapūjāvidhipaṭalaḥ samāptaḥ /// iti śārā(ra)dātilake trayodaśaḥ paṭalaḥ,
123,E0007,Kriyāsāra,version 1,,E0007=M00118+M00050,exact copy/paste of M00232,,,,,Nigamāgamasārasaṅgraha,,,,"['tantric / āgamic literature', 'śaiva']",Nīlakaṇṭha,mbP0019,colophon,,,iti śrīmadviśiṣṭādvaitasiddhāntarahasyaikottaraśatasthalābhijñanīlakaṇṭhakṛte nigamāgamasārasaṅgrahe kriyāsāre caturthopadeśaḥ,
122,M00232,Kriyāsāratattvaprakāśinīvyākhyā,,,,,,incomplete,,colophon,,E0007=M00118+M00050,commentary,,['tantric / āgamic literature'],Nārāyaṇa,mbP0026,colophon,,,iti kriyāsāravyākhyāyāṃ tṛtīyaḥ paṭalaḥ /// iti nārāyaṇaviracitāyāṃ sāravyākhyāyāṃ tatvaprakāśinyāṃ caturthaḥ paṭalaḥ /// iti kriyāsāravyākhyāyāṃ tatvaprakāśinyā pañcamaḥ paṭalaḥ ,in middle
124,M00118,Kriyāsāra Volume 1,version 2,Venkathanāthācārya N S,E0007=M00118+M00050,exact copy/paste of E0007,,,,,,,,,['tantric / āgamic literature'],Nīlakaṇṭha,mbP0019,colophon,Nilakaṇṭha Śivācārya,within text,iti śrīmadviśiṣṭādvaitasiddhāntarahasyaikottaraśatasthalābhijñanīlakaṇṭhakṛte nigamāgamasārasaṅgrahe kriyāsāre caturthopadeśaḥ,
125,M00050,Kriyāsāra Volume 2,version 2,Venkathanāthācārya N S,E0007=M00118+M00050,,,,,,,,,,['tantric / āgamic literature'],Nīlakaṇṭha,mbP0019,colophon ,Nilakaṇṭha Śivācārya,colophon,iti śrīmadviśiṣṭādvaitasiddhāntarahasyaikottaraśatasthalābhijña śrīnīlakaṇṭhaśivācāryakṛte kriyāsāre śivapūjāprakaraṇaṃ nāma caturdaśopadeśaḥ samāptaḥ,
126,M00512,Kriyoḍḍīśamahātantrarāja,,,,,,,,,,,,,['tantra / āgama'],Indrajit,mbP0064,colophon,,,śrīmadindrajitpraṇītaḥ /// iti kriyoḍḍīśe mahātantrarāje śivagaurīsaṃvāde ekaviṃśatitamaḥ paṭalaḥ || samāpto'yaṃ granthaḥ ,at beginning /// at end
127,M00126,Kriyakramādyotikā Vyākhyā,,,,,,,,colophon,,ilxM00017,commentary,including the mūla,"['tantric / āgamic literature', 'śaiva-siddhānta', 'śaiva-siddhānta post 1100 AD']",Nirmalamaṇiguru,mbP0133,colophon,,,iti śrīmatkamalālayanivāsi bhaktādhyakṣasantānaprabhavatyāgarājācāryātmajanirmalamaṇiguru viracitāyāmasphuṭārtha prakāśikāyāṃ prabhāsamākhyāyāṃ kriyākramadyotikā vyākhyāyāṃ damanavidhissamāptaḥ,
,ilxM00018,Kṣurikopaniṣat,,,,,,,,,,,,,,,,,,,,
128,M00108,Kṣurikopaniṣat Vivaraṇa,,Śāstrī Mahādeva,,,,,,colophon,Kṣurika Upaniṣat,ilxM00018,commentary,including the mūla,"['tantric / āgamic literature', 'yoga', 'upaniṣad', 'yogopaniṣad', 'yogopaniṣad']",Brahmayogin,mbP0128,colophon,,,śrīvāsudevendraśiṣyopaniṣadbrahmayoginā | likhitaṃ syādvivaraṇaṃ kṣurikāyāḥ sphuṭaṃ laghu | kṣurikopaniṣadvyākhyā viṃśatyadhiśataṃ smṛtā || iti śrīmadīśādyaṣṭottaraśatopaniṣacchāstravivaraṇe ekatriṃśatsaṃkhyāpūrakaṃ kṣurikopaniṣadvivaraṇaṃ saṃpūraṇam,
,ilxM00023,Gaṇakārikā,,,,,,,,,,,,,,Bhāsarvajña,mbP0029,colophon,,,,
129,M00508,Gaṇakārikā Ratnaṭīkā,version 1,C. D. Dalal,M00509=M00508,exact copy/paste,,fragments,mixed excerpts,colophon,,ilxM00023,commentary,,['paśupata'],Bhāsarvajña,mbP0029,colophon,,,samāptāḥ gaṇakārikāh | gaṇakārikāyā ratnaṭīkā ///  ācāryabhāsarvajñaviracitāyāṃ gaṇakārikāyāṃ ratnaṭīkā parisamāptā /// appendix: 1) viśuddhamunikṛtaṃ yamaprakaraṇam /// 2) kāraṇapadārthaḥ /// 3) rudranāmāni /// 4) from ṣaḍdarśanasamuccya of ācārya haribhadra /// 5) from sarvadarśanasaṅgraha /// 6) from ṣaḍdarśanasamuccaya of rājaśekharasūri ///  end - iti śrīśivapurāṇe pārvatīmaheśvarasaṃvāde tīrtha(***?)ṇikāyāṃ śūlapāṇijanmapaṭṭabandhādimāhātmyaṃ samāptam | samāptaṃ kāravaṇamāhātmyam (7),beginning/// middle /// excerpts in appendix /// end
130,M00646,Gandharvatantra,,,,,,,42 chapters,,,,,,['tantra / āgama'],,,,,,iti śrīgandharvatantre pārvatīśvarasaṃvāde tattvajñānopadeśanaṃ nāma dvācatvāriṃśaḥ paṭalaḥ || samāptamida śrīśivārpaṇaṃ bhūyāt  ,
131,M00216,Gurustutiratnāvalī,,,,,,,,,,,,,"['compendium', 'tantric / āgamic literature']",Govinda Kaula,mbP0030,colophon,,,iti śrīmahāmāheśvarācāryaśrīmacchrījyotiṣprakāsakaulānandapādapadmānujīviśrīgovindakaulaviracitā śrīgurustutiratnāvalī samāptā cetivam || saṃvat || vaivatidaśasyāṃ citritājñe yaiṣā jñeyavidbhiḥ || PLUS ADDITIONAL TEXT AFTER,
132,M00360,Guhyasamājatantra,,Benoytosh Bhattacharya,,,,,only first half,,Tathāgataguhyaka,,,,['tantra / āgama'],,,,,,iti śrīsarvatathāgatakāyavākcittarahasyātirahasye guhyasamāje mahāguhyatantrarāje sarvaguhyanirdeśavajrajñānādhiṣṭhānaṃ nāma paṭalo'ṣṭādaśaḥ || samāpto'yaṃ śrīguhyasamājasya tantrarājasya pūrvārddhakāyaḥ ,
133,M00291,Gorakṣaguṭikā,,,,,,,9 chapters,,,,,,"['tantric / āgamic literature', 'yoga']",Gorakṣanātha,mbP0031,colophon,,,iti śrīkalpadrumavivekinyāṃ yogābhyāse haragaurīsambāde gorakṣaguṭikāyāṃ śrīgorakṣanāthasahasranāmastotraṃ nāmanavamastaraṅgaḥ,
134,M00289,Gorakṣamudgara,version 1,,M00289=M00288,exact copy/paste,,,colophon doesn't match description,,,,,,['tantric / āgamic literature'],Gorakṣanātha,mbP0031,colophon,,,mūlasāreti iti gorakṣajogaśāstrasamāptaṃ,
135,M00288,Gorakṣayogaśāstram,version 2,,M00289=M00288,exact copy/paste,,,,,Mūlasāra,,,,"['tantric / āgamic literature', 'yoga']",Gorakṣanātha,mbP0031,colophon,,,mūlasāreti iti gorakṣajogaśāstrasamāptaṃ,
136,M00522,Gorakṣaśataka,,,,,,,,,,,,,['yoga'],Gorakṣanātha,mbP0031,colophon,,,iti gorakṣaśatakaṃ sampūrṇam,
137,M00647,Gautamatantra,,,,,,,32 chapters,,,,,,['tantra / āgama'],,,,,,iti śrīgautamīye mahātaṃtre sarvataṃtrottame dvātriṃśo'dhyāyaḥ || samāptaḥ śubham,
138,M00509,Gaṇakārikā Ratnaṭīkā (ex- Gaurīkāñcalikātantra),version 2,,M00509=M00508,exact copy/paste,,fragments,"mixed excerpts - - - This file was mislabeled as Gaurīkāñcalikātantra by Mantramahādeva. It is instead an exact copy/paste of file M00508, and has therefore been renamed accordingly. All the details given here have also been modified accordingly.",colophon,,ilxM00023,commentary,,['tantra / āgama'],Bhāsarvajña,mbP0029,colophon,,,ācāryabhāsarvajñaviracitāyāṃ gaṇakārikāyāṃ ratnaṭīkā parisamāptā /// APPENDIX: viśuddhamunikṛtaṃ yamaprakaraṇam // from ṣaḍdarśanasamuccya of ācārya haribhadra /// From sarvadarśanasaṅgraha /// from ṣaḍdarśanasamuccaya of rājaśekharasūri // kāravaṇamāhātmyam /// AT END - iti śrīśivapurāṇe pārvatīmaheśvarasaṃvāde tīrtha(***?)ṇikāyāṃ śūlapāṇijanmapaṭṭabandhādimāhātmyaṃ samāptam | samāptaṃ kāravaṇamāhātmyam,
139,M00601,Caturvedārthatātparyasaṃgraha,,,,,,,,,,,,,['vīraśaiva'],,,,,,iti caturvedārthatātparyasaṃgrahaḥ samāptaḥ || śrīmaddevaśikhāmaṇigurubhyo namaḥ | śrīmatṣaṇmukhagurave namaḥ | śubhamastu ,
140,I00008,Candrajñāna Nityārchanavidhiḥ Mantravāsam,,,,,,incomplete,,,,,,,"['śaiva', 'śaiva-siddhānta', 'Paddhati']",,,,,,iti candratajñāne /// atha nityārcanaṃ vakṣye /// mantravāsamidaṃ proktaṃ mantravāhanamucyate,
141,M00263,Candrajñānāgama,version 1,,M00263=M00273=M00201,,,incomplete,lacking explicit+final colophon,,,,,,['tantric / āgamic literature'],,,,,,atha candrajñānaṃ likhyate,at beginning
142,M00273,Candrajñānāgama,version 2,,M00263=M00273=M00201,,,incomplete,,,,,,,"['tantric / āgamic literature', 'śaiva', 'śaiva-siddhānta']",,,,,,iti candrajñāne jñānadarśanapaṭalaḥ samāptam,
143,M00201,Candrajñānāgama,version3,,M00263=M00273=M00201,vīraśaiva recension,,incomplete,misses whole pūrvabhāga,,,,,,['śaiva'],,,,,,iti śrīcandrajñānāgame uttarabhāge'nantarudrabṛhaspatisaṃvāde śivaśāsane caryāpāde prāyaścittavidhikathanaṃ nāmāṣṭamaḥ paṭalaḥ || followed by - mūlapañcākṣaramantranyāsāḥ ,almost at end
144,M00506,Candrāvalokana,,,,,,,,,,,,,['yoga'],,,,,,iti maheśvareṇaviracitaṃ candrāvalokanam sampūrṇaṃ || śrīgurunāthāya namaḥ ,
,ilxM00024,Carcāstava,,,,,,,,,,,,,,Dharmācārya,mbP0109,colophon,,,,
145,M00307,Carcāstava Ṭīkā,,,,,,,contains only 2nd stava,colophon,,ilxM00024,commentary,including the mūla,"['tantric / āgamic literature', 'śākta']",Harabhaṭṭa Śāstrī,mbP0129,colophon,,,iti śrīdharmācāryakṛtau pañcastavyāṃ carcāstavo dvitīyaḥ /// iti śrīmahāmāheśvarapaṇḍitaharabhaṭṭaśāstriviracitāyāṃ pañcastavīṭīkāyāṃ dvitīyaḥstavaḥ || vallī kāpi puratrayeṣu vilasatyekākinī visphurannānāvarṇadaśā palāśakhacitā śākhāpratānāgraṇīḥ | yasmin naikaphalorubhāravinatasvaṅgā turīyā stave tasmin prāthamiketare vivaraṇaṃ pūrṇaṃ parānugrahāt ||,towards end /// at end
146,M00014,Cidgaganacandrikā,,Arthur Avalon / John Woodroffe / Trivikramatīrtha,,,,,,,,,,,"['tantric / āgamic literature', 'śaiva', 'kālīkula / krama']",Kālīdāsa,mbP0032,colophon,Śrīvatsa,colophon,pūrṇapīṭhakṛtaṃ siddhestadbhāvastavamādarāt | vā narārthaṃ mahāguhya śrīvatso vidadhe sa tu /// iti śrīkālīdāsamahākaviviracitā cidgaganacandrikā sampūrṇā PLUS ADDITIONAL TEXT,
147,E0002,Cinmantramālinī,,,,,,,only nityopāsanākrama chapter,,Nityopāsanākrama,,,,['tantric / āgamic literature'],Prakāśānanda,mbP0033,colophon,,,iti śrī prakāśānanda viracitāyāṃ cinmantramālinyāṃ nityopāsanākramaḥ samāptaḥ | saṃvat 1719,
148,E0004,Cinmayadīkṣāvidhāna,,,,,,unclear,"yes?, but no colophon",,,,,,"['tantric / āgamic literature', 'śaiva', 'yoga']",,,,,,ṣaḍadhvaśodhanapūrvikacinmayadīkṣāṃ kariṣya iti saṃkalpya ,in middle
149,M00155,Janmamaṛanavicāra,,Śāstrī M R,,,,,,,,,,,"['tantric / āgamic literature', 'śaiva', 'non-dual śaivism of Kashmir']",Vāmadeva,mbP0034,colophon,Tatrabhavat Mahāmāheśvara Ācārya Varya Śrīmad Bhaṭṭa Vāmadeva,colophon,samāpto'yaṃ janmamaraṇavicārākhyo granthaḥ || kṛtistatrabhavanmahāmāheśvarācāryavaryaśrīmadbhaṭṭavāmadevasya || +TILAKA,
150,M00123,Jayākhyasaṃhitā,,Kṛṣṇamācārya Embar,,,,,,,,,,,"['tantric / āgamic literature', 'vaiṣṇava', 'pāñcarātra']",,,,,,iti śrīpāñcarātre jayākhyasaṃhitāyāṃ yogākhyānaṃ nāma trayastriṃśaḥ paṭalaḥ || samāpteyaṃ jayākhyasaṃhitā,
151,M00024,Jñānakārikā,,"Bagchi, P. C.",,,,,3 chapters,,,,,,"['tantric / āgamic literature', 'kaula', 'kaula early pre 1100 AD']",Matsyendranātha,mbP0001,catalog,Machindranātha,colophon,iti jñānakārimahāmachindranāthapādāvatāritenoktaṃ caryādhikārastu tṛtīyaḥ paṭalaḥ,
152,E0005,Jñānadīkṣā,,,,,,incomplete,lacking explicit+final colophon,,,,,,['tantric / āgamic literature'],,,,,,śivaṃ praṇamya paramaṃ nidhaneśamataḥ param | jñānadīkṣāṃ pravakṣyā (***) śṛṇudhvaṃ samāhitāḥ |,at beginning
153,M0222,Jñānaratnāvalī,,,,,,incomplete,lacking incipit,,,,,,"['śaiva', 'śaiva-siddhānta']",Jñānaśiva,mbP0035,colophon,,,tacchiṣya pravareṇa bodhaparamānandaikadhāmnāparaṃ siddhāntāmṛtapūrapūrṇa manasā vāraṇasīvāsinā | 'srīmajjñānaśivena śambhucaraṇāmbhoja dvayāha (***)valī || śrīmajjñānaratnāvalī samāptā ||,
154,M00191,Jñānasaṅkalinītantra,,"Caṭṭopādhyāya, Rasika Mohana",,,,incomplete,lacking explicit ,,,,,,['tantric / āgamic literature'],,,,,,iti jñānasaṅkalinītantraṃ samāptam,
155,M00265,Jñānasāra,,,,,,incomplete,lacking explicit+final colophon,,,,,,['tantric / āgamic literature'],,,,,,nāthajñānasāro likhyate,at beginning
156,E0006,Jñānasiddhyāgama,,,,,,incomplete,lacking explicit+final colophon,,,,,,"['tantric / āgamic literature', 'śaiva', 'śaiva-siddhānta']",,,,,,jñāna siddhyāgame prathamastantrāvatārasaṃhitādhikāraḥ samāptaḥ,in middle
157,M00069,Jñānārṇavatantra,,"Malaviya, Sudhakar",,,,,26 chapters,,,,,,"['tantric / āgamic literature', 'tantra / āgama']",,,,,,iti śrīmajjñānārṇave nityātantre devīśvarasaṃvāde śrīvidyādamanāropaṇavidhirnāma ṣaḍviṃśaḥ paṭalaḥ,
158,M00642,Ḍākinīkalpa,,,,,,incomplete,lacking explicit+final colophon,,,,,,['tantric / āgamic literature'],,,,,,ititithiḍākinīkalpasamāptam,in middle
,ilxM00025,Ṇatvabādhāvidhūnanam,,,,,,,,,,,,,,Seṣaśāstrī,mbP0036,incipit,,,,
159,I00019,Ṇatvabādhāvidhūnanam Tattvamālāvyākhyā,,,,,,incomplete,,colophon,,ilxM00025,commentary,including the mūla,"['tantric / āgamic literature', 'śaiva', 'śaiva-siddhānta']",Seṣaśāstrī,mbP0036,incipit,,,rāmasvāmimakhīndrapādayugalīpāthojau jṛmbhāyitasvāntaḥ śeṣasudhimaṇirviracite vidvanmude śaṅkare | siddhe sarvapurāṇaśāstranikarairnārāyaṇākhyapade vā dhāraṇatvakṛtāṃ vyapāhya ni(...) śrītatvamālāmaham | rāmasvāmimakhīndradeśikamukhkhāmbhojasravadyāgamayīṃ śeṣādrirvibudhāṅghrisannataśirāttu svādyamādhvindharīm | dūrvādiprakarebhakumbhadalane kakṣyānakhaiḥ kesarī śrī nārāyaṇanāmni(...)ne ṇatvaṃ carīkarti ca | śrī veṅkaṭeśaviduṣaḥ sūnunā śeṣaśāstriṇā | kriyate vacasāṃ śuddhyai svīyānāṃ viduṣāṃ mude || śrīmantaṃ candracūḍaṃ giripatitanayā prāṇanāthaṃ dayābdhiṃ natvā vāgīśvarīṃ ca praṇata janalasadvāgvi*lāsaprādātrīm|*  svīyyāṃ(yāṃ) buddhiṃ ku(kū)jantu stutimalinatamāṃ kṣālaye tatvamālāvyākhyānāmbhobhiretāṃ sapadi viracayan ṇatvahādhāvidhūtim|| racayāmi ṇatvabādhā vidhūnanākhyāṃ kṛtaśivau mukhyām | nārāyaṇa*padabhūṣaṇabhāvalasattatvamālikāvyākhyām,at beginning
,ilxM00026,Tattvacintāmaṇi,,,,,,,,,,,,,,Pūrṇānanda,mbP0022,colophon,Pūrṇānandaparamahaṃsa,colophon,,
160,M00085,Tattvacintāmaṇi Prakāśa Chapters 1-5,,,,,,,,,,ilxM00026,commentary,including the mūla,"['compendium', 'tantric / āgamic literature']",Bhuvanmohan Saṃkhyatirtha,mbP0134,catalog,,,iti śrīpūrṇānandaparamahaṃsaviracite śrītattvacintāmaṇau pañcamaḥ prakāśaḥ,
161,M00086,Tattvacintāmaṇi Prakāśa Chapters 6-10,,,,,,,,,,ilxM00026,commentary,including the mūla,"['compendium', 'tantric / āgamic literature']",Bhuvanmohan Saṃkhyatirtha,mbP0134,catalog,,,iti śrīpūrṇānandaparamahaṃsaviracite śrītattvacintāmaṇau daśamaḥ prakāśaḥ,
162,M00087,Tattvacintāmaṇi Prakāśa Chapters 11-15,,,,,,,,,,ilxM00026,commentary,including the mūla,"['compendium', 'tantric / āgamic literature']",Bhuvanmohan Saṃkhyatirtha,mbP0134,catalog,,,iti śrīpūrṇānandaparamahaṃsaviracite śrītattvacintāmaṇau pañcadaśaḥ prakāśaḥ,
163,M00088,Tattvacintāmaṇi Prakāśa Chapters 16-End,,,,,,,,,,ilxM00026,commentary,including the mūla,"['compendium', 'tantric / āgamic literature']",Bhuvanmohan Saṃkhyatirtha,mbP0134,catalog,,,iti śrīpūrṇānandaparamahaṃsaviracite śrī-tattvacintāmaṇau ṣaḍviṃśatitamaḥ prakāśaḥ || śrītattvacintāmaṇiḥ samāptaḥ,
164,M00290,Tattvaratnāvalī,,,,,,incomplete,,,,,,,"['tantric / āgamic literature', 'śaiva-siddhānta']",Vimalaśiva,mbP0037,colophon (in middle),,,iti śrīvimalācāryanirmite tyaṃtanirmale(?) tatvaratnāvalīgraṃthe nityakarmavinirṇayaḥ,in middle
165,M00655,Tattvaśodhanam,,,,,,,topic is concluded but MS is incomplete ,,,,,,['tantric / āgamic literature'],,,,,,ititatvaśodhanamsampūrṇammabde 1727 varṣautaubhādrekṛṣṇa 13 trayodaśyāṃ gurausvārthaparārthaṃca vāstavyamallāragaḍe,almost at end
166,M00314,Tantracintāmaṇi,,,,,"MB states ""with commentary Pañjikā"", but it doesn't seem to have been typed",incomplete,30 out of 40 chapters ,,,,,,"['compendium', 'tantric / āgamic literature']",Ādyānanda,mbP0038,catalog,Navamīsiṃha,catalog,iti śrītaṃtraciṃtāmaṇau mālābhedādipratiṣṭāṃtanirṇayo nāma triṃśattamaḥ prakāśaḥ,at end
,ilxM00027,Tantrarājatantra,,,,,,,,,,,,,,,,,,,,
167,M00122,Tantrarājatantra Manorama,,John Woodroffe,,,,,,colophon,Tantrarājatantra,ilxM00027,commentary,including the mūla,"['tantric / āgamic literature', 'śākta']",Subhagānandanātha,mbP0135,colophon,,,iti ṣoḍaśanityātantreṣu śrīkādimatākhyasya paripūrṇasya tantrasya prapañcasārasiṃharājaprakāśābhidhānena subhagānandanāthena viracitāyāṃ manoramākhyāyāṃ vyākhyāyāṃ devatādeśikaśiṣyaprapañcādīnāṃ paramārthasvarūpaprakāśanaparaṃ ṣaṭtriṃśatpaṭalaṃ paripūrṇaṃ parāmṛṣṭam + additional text/tilaka /// samāptā ceyaṃ tantrarājaṭīkā manoramā || oṃ,
168,M00153,Tantrasāra,,,,,,,,,,,,,"['tantric / āgamic literature', 'śaiva', 'non-dual śaivism of Kashmir']",Abhinavagupta,mbP0017,colophon,,,iti śrīmadabhinavaguptācāryaviracite tantrasāre kulayāgaprakāśanaṃ nāma dvāviṃśamāhnikam || itthaṃ ṣaḍardhakramasaṃpradāyaṃ sapratyayāpratyayabhinnamāpya | śrīśaṃbhunāthātkaruṇārasena svayaṃ prasannādanapekṣavṛttyā || kāśmīriko'bhinavaguptapadābhidhānaḥ śrītantrasāramakarodṛjunā krameṇa | yattena sarvajana eṣa śivaṃ prayātu lokottaraprasaraśāṃbhavatantrasāram || kṛtistatrabhavacchrīmanmahāmāheśvarācāryavaryaśrīmadabhinava(…) + TILAKA // śrīsvātmasaṃvidabhinnarūpaśivārpaṇaṃ bhūyat | samāptaṃ cedaṃ tantrasārākhyaṃ śāstram |,
169,M00366,Tantrābhidhāna,,Pañcānana Bhaṭṭacārya Tarkasāṃkhyavedāntatīrtha,,,,fragments,collection of excerpts,,,,,,['tantric / āgamic literature'],,,,,,sections - iti śrīpuruṣottamadevaviracita ekākṣarakoṣaḥ samāptaḥ  ///  iti śrībhairavaviracito bījanighaṇṭumantrakoṣaḥ samāptaḥ ///  iti śrīmanmahīdāsaviracita-mātṛkānighaṇṭuḥ samāptaḥ /// iti śrīdeśikamaṇḍalīmukuṭamāṇikyopama-paramahaṃsa-śrīmadhvācāryaviracito mātṛkānighaṇṭuḥ samāptaḥ /// iti mātṛkā-nirghaṇṭaḥ samāptaḥ /// iti rudrayāmalatantrokta-varṇanighaṇṭu samāptaḥ /// iti bhūtaḍāmaratantroktabījābhidhānaṃ samāptam /// iti varadātantrokta-mantrārthābhidhānaṃ samāptam /// iti śrīvāmakeśvaratantre umāmaheśvarasaṃvāde mudrānighaṇṭuḥ samāptaḥ | samāpto'yaṃ granthaḥ /// end - varṇabījakoṣaḥ samāptaḥ,sections /// at end
,ilxM00028,Tantrāloka,,,,,,,,,,,,,,Abhinavagupta,mbP0017,colophon,,,,
170,M00092,Tantrāloka Viveka Chapters 1-14,,,,,,,,colophon,,ilxM00028,commentary,including the mūla,"['tantric / āgamic literature', 'śaiva', 'non-dual śaivism of Kashmir', 'kaula', 'trika']",Jayaratha,mbP0136,colophon,,, iti śrāmadācāryābhinavaguptapādaviracite śrījayarathācāryakṛtavivekākhyavyākhyopete śrītantrāloke dīkṣopakramaprakāśanaṃ nāma caturdaśamāhnikam || ,
171,M00093,Tantrāloka Viveka Chapters 15-38,,,,,,,,colophon,,ilxM00028,commentary,including the mūla,"['tantric / āgamic literature', 'śaiva', 'non-dual śaivism of Kashmir', 'kaula', 'trika']",Jayaratha,mbP0136,colophon,,,iti śrīmanmahāmāheśvarācāryavaryaśrīmadabhinavaguptaviracite śrītantrāloke śrījayarathaviracitavivekābhikhyavyākhyopete upādeyabhāvādinirūpaṇaṃ nāma saptatrīmśamāhnikaṃ samāptam ||samāpto'yaṃ granthaḥ,
172,M00094,Tāratantra,,,,,,fragments,mixed excerpts,,,,,,"['tantric / āgamic literature', 'tantra / āgama']",,,,,,iti śrībhairavabhairavīsaṃvāde tārātantre ṣaṣṭhaḥ paṭalaḥ || samāpto'yaṃ granthaḥ || followed by: buddhavaśiṣṭhavṛttāntaḥ | rudrayāmale saptadaśapaṭalaḥ | brahmayāmale devīśvarasaṃvāde prathamapaṭale | cuts off at the beginning of tṛtīya,list of sections
173,M00636,Tārābhaktitaraṅgiṇī,,,,,,,,,,,,,"['tantric / āgamic literature', 'tantra / āgama']",Vimalānanda,mbP0039,colophon,,,itivimalānaṃdaviracitāṃtārābhaktitaraṃgīṇīsthasaptaśatikāvidhānaṃsamāptam,
174,M00055,Tārābhaktisudhārṇava,,Arthur Avalon,,,,,11 chapters,,,,,,"['compendium', 'tantric / āgamic literature', 'śākta']",Narasiṃha Ṭhakkura,mbP0040,colophon,,,iti tāriṇīkalpaḥ samāptaḥ | iti mahāmahopādhyāya ṭhakkura śrīnarasiṃha viracite tārābhaktisudhārṇave ekādaśastaraṅgaḥ,
175,M00096,Tārārahasyavṛttikā,,Pandita Manindra Mohan Chowdhury Kavyatirtha,,,,incomplete,lacking explicit+final colophon; 8 chapters present out of 15,,,M00095,commentary,,"['tantric / āgamic literature', 'śākta']",Śaṅkara,mbP0110,incipit,Gauḍīya Śaṅkara Ācārya,catalog,kṛtā śrīśaṅkareṇaiṣā tārārahasyavṛttikā ,almost at beginning
176,M00323,Tārārahasyavṛtti,,,,,,,15 chapters,,,M00095,commentary,,"['tantric / āgamic literature', 'śākta']",Śaṅkara,mbP0110,colophon,Śrī Śaṅkara Ācārya,colophon,iti śrīśaṅkarācārya viracitāyāṃ tārārahasyavṛttau taṃtracūḍāmaṇau vāsanānīrṇayo nāma pañcadaśamaḥ paṭalaḥ samāptam /// AUTHOR??? guruṇāśca mataṃ jñātvā kṛtā śrīśaṃkareṇa vaiḥ | sarvāmnāyasaṃpannaṃ vai tārārahasyavṛttikā,
177,M00095,Tārārahasya,,,,,,,,,,,,,['śākta'],Brahmānanda,mbP0111,colophon,Brahmānanda Giri / Paramahaṃsa,colophon (within text),brahmānandakṛtau susādhanavidhau tārārahasye śubhe yogācāravidhau caturthapaṭalaḥ sarvārthasiddhipradaḥ || iti tārārahasyatantraṃ samāptam,
,ilxM00096,Tārāsahasranāma,,,,,,,,,,,,,,,,,,,,
178,M00638,Tārāsahasranāmavyākhyā Abhidhārthacintāmaṇi,,,,,,uncertain,yes?,,,ilxM00096,commentary,including the mūla,"['tantric / āgamic literature', 'tantra / āgama']",Viśveśvaraḥ,mbP0115,catalog,,,saṃvat 1942 caitrakṛṣṇapakṣecatudaśyārivevārā || śrīparamadevatāprītābhavaṃtu || śubhaṃ || tārāsahasranāmnāvyākhyāviśveśvarākhyasya | nirmitirapagatadoṣātārābhaktābjabhānurastīyaṃ tārāsahasranāmadīṭīkā,
179,M00258,Timirodhghāṭatantra,,,,,,incomplete,,,,,,,"['tantra / āgama', 'śaiva']",,,,,,iti timirodghāṭanai (e) dvitīyaḥ paṭalaḥ,in middle
,ilxM00029,Tejobindūpaniṣat,,,,,,,,,,,,,,,,,,,,
180,M00114,Tejobindūpaniṣat Vivaraṇa,,Śāstrī Mahādeva,,,,,,colophon,Tejobindu Upaniṣat,ilxM00029,commentary,including the mūla,"['tantric / āgamic literature', 'yoga', 'upaniṣad', 'yogopaniṣad', 'yogopaniṣad']",Brahmayogin,mbP0128,colophon,,,śrīvāsudevendraśiṣyopaniṣadbrahmayoginā | likhitaṃ syādvivaraṇaṃ tejobindoḥ sphuṭaṃ laghu // itīśādyaṣṭottaraśatopaniṣacchāstravivaraṇe saptatriṃśatsaṃkhyāpūrakaṃ tejobindūpaniṣadvivaraṇaṃ saṃpūrṇam,
181,M00203,Tridaśaḍāmaratantre Siddhikalīstotra,,,,,,incomplete,lacking incipit,,,,,,"['tantric / āgamic literature', 'śākta']",,,,,,iti śrītridaśaḍāmare śrīsiddhikālī stotraṃ saṃpūrṇaṃ /// iti tridaśaḍāmare śrīsiddhikālī mantroddhāra saṃpūrṇaṃ /// śubhaṃ || pūrṇam,towards end /// at end
182,M00204,Tridaśaḍāmarāpratyaṅgirāviśayakanānātantra,,,,,,fragments,collection of excerpts/fragments,,,,,,"['tantric / āgamic literature', 'śākta']",,,,,,iti śrītridaśaḍāmare mahātantre catuḥtriṃśatisāhasre śrīpratyaṃgirātpattimūlamantroddhāravidhiṃ ekāśītitamaḥ paṭalaḥ /// iti śrījayadrathayāmale vidyāpīṭhe bhairavaśrotasiśiraścchede caturviṃśati sāhasre dvitīyaṣaṭke śrīsiddhalakṣmī vidhāne mūlamālāmantraprakāśa ekaviṃśatitamaḥ paṭalaḥ samāptaḥ /// iti śrīmahākulakrame ḍāmare karavīrayoge vidyāmantrodayacakravarṇano nāmaprathama paṭalaḥ (AND 2-3-4-5)/// iti śrīkālasaṃkarṣaṇimate trailokyamohane caturviṃśatisāhasre vidyāsamudāya śrīsiddhikālī kramaṭiyiṇikaṃ prathamaḥ paṭalaḥ (AND 2-3-5-6) /// iti śrīkulaḍāmare siddhalakṣmīvidyātritayaṃ sāṃkṣepataḥ saṃpūrṇam /// iti śrīmahākullālike prākṛta siddhalakṣmī vidyā samāptaḥ /// iti śrītridaśaḍāmare pratyaṃgirā devyā mahāstavādhikāram || saṃvat 738 thvadaṃ śrī 3 bhavānīśaṃkaraprītina śrīkālīdāsa na saṃcayayāhā || umeśa prīṃtayetantrā kālīdāsena saṃcitam /// + ADDITIONAL TEXT LACKING EXPLICIT+COLOPHON,
183,M00637,Tripurabhairavīpañcāṅga,,,,,,,,,,,,,"['tantric / āgamic literature', 'tantra / āgama']",,,,,,itiśrītripurabhairavīpaṃcamāṃgastotraṃsaṃpūrṇaṃśubham || bhadram,
184,M00639,Tripurasundarīsahasranāmastotra,,,,,,,,,,,,,"['tantric / āgamic literature', 'tantra / āgama']",,,,,,śrīvāmakeśvarataṃtrehara (* * *?) śrīrājarājeśvarīmahātripurasuṃdarīsaha (* * *?) stotraṃsamāptamitiśivaṃ,
185,M00344,Tripurārahasya Jñānakhaṇḍa Tātparyadīpikā,,,,,,incomplete,only the jñānakhaṇḍa,colophon,,,commentary on jñānakhaṇḍa,including the mūla,"['tantric / āgamic literature', 'śākta', 'śrī-vidyā']",Śrīnivāsa,mbP0137,colophon,,,"iti śrītripurārahasyajñānakhaṇḍavyākhyāyāṃ tātparyadīpikāyāṃ śrīnivāsavibudhaviracitāyāṃ (k, kh: budha ityeva) dvāviṃśo'dhyāyaḥ",
186,M00221,Tripurārahasya Māhatmyakaṇḍham,,,,,,incomplete ,only the māhatmyakaṇḍha,,,,,,"['tantric / āgamic literature', 'śākta']",,,,,,iti śrīmaditihāsottame tripurārahasye māhātmyakhaṇḍe upāsakamukhyadharmavarṇanaṃ nāmā'śītitamo'dhyāyaḥ || tripurāmbārpitamastu | oṃ tat sat || samāptamidaṃ tripurārahasye māhātmyakhaṇḍam ,
,ilxM00031,Triśikhibrāhmaṇopaniṣat,,,,,,,,,,,,,,,,,,,,
187,M00297,Triśikhibrāhmaṇopaniṣat Vivaraṇa,,Śāstrī Mahādeva,,,,,,colophon,Triśikhibrāhmaṇa Upaniṣat,ilxM00031,commentary,including the mūla,"['tantric / āgamic literature', 'yoga', 'upaniṣad', 'yogopaniṣad', 'yogopaniṣad']",Brahmayogin,mbP0128,colophon,,,śrīvāsudevendraśiṣyopaniṣadbrahmayoginā | prakṛtopaniṣadvyākhyā likhitā sphuṭato laghu || prakṛtopaniṣadvyākhyā ṣaṣṭyuttaraśatatrayam || iti śrīmadīśādyaṣṭottaraśatopaniṣacchāstravivaraṇe catuścatvāriṃśatsaṃkhyāpūrakaṃ triśikhibrāhmaṇopaniṣadvivaraṇaṃ saṃpūrṇam,
188,M00313,Troṭalātantra,,,,,,,9 chapters,,,,,,"['tantric / āgamic literature', 'tantra / āgama', 'śākta']",,,,,,ityādye troṭale mahātantre tvaritāmūlasūtre navamaḥ paṭalaḥ samāptaḥ,
189,M00534,Troṭalottara,,,,,,,,,Tottalottara,,,,['tantra / āgama'],,,,,,iti troṭalottare mahātaṃtre ekādaśasāhasrasya paṃcatriṃśatimodhyāyaḥ || iti tvaritājñānakalpa samāptaḥ /// iti troṭalottaro nāma samāptaḥ /// iti tvaritāstotraṃ śārdūlavikrīḍitaṃ dvādaśaślokaṃ samāptamiti || iti maṃgala mahāśrīḥ /// end - iti sārddhanavākṣaryāsthānavinyāsadhyānasūtraṃ samāptamiti,in middle /// at end
190,M00541,Dakṣiṇakālīpūjāpaddhati,,,,,,,,,,,,,"['tantric / āgamic literature', 'Paddhati']",,,,,,iti śrīmaddakṣiṇakālikāpūjāpaddhati samāptā | oṃ tatsat gurave namaḥ | śubham ,
191,M00625,Dakṣiṇāmūrtisaṃhitā,,,,,,,,,,,,,['śaiva'],,,,,,itiśrīdakṣiṇāmūrtisaṃhitāyāṃ damanakāropaṇaṃnaimittikapūjāvidhānaṃ nāmatrayastriṃśatitamaḥpaṭalaḥ || saṃpūrṇaiṣāṃdakṣiṇāmūrtisaṃhitā śubham ,
192,M00632,Dattātreyatantra,,,,,,,22 chapters,,,,,,"['tantric / āgamic literature', 'tantra / āgama']",,,,,,itiśrīdattātreyataṃtresiṃhavyāghrādinivāraṇaṃnāmadvāviṃśatipaṭalaḥ || ādarśadoṣāgatibibhramādva (***) yadarthahīnaṃlikhitaṃ mayāhi kṣamasvadevaparamātmarūparakṣāṃsadādehi bhayāturasya ||,
193,E0003,Dattātreyabodha,,,,,,incomplete,lacking incipit,,,,,,"['tantric / āgamic literature', 'yoga']",,,,,,iti dattātreyabodhaḥ samāptaḥ || hariḥ oṃ || śubhamastu,
,ilxM00032,Darśanopaniṣat,,,,,,,,,,,,,,,,,,,,
194,M00296,Darśanopaniṣat Vivaraṇa,,Śāstrī Mahādeva,,,,,,colophon,Darśana Upaniṣat,ilxM00032,commentary,including the mūla,"['tantric / āgamic literature', 'yoga', 'upaniṣad', 'yogopaniṣad', 'yogopaniṣad']",Brahmayogin,mbP0128,colophon,,,iti daśamaḥ khaṇḍaḥ || śrīvāsudevendraśiṣyopaniṣadbrahmayoginā | darśanopaniṣadvyākhyā likhitā brahmamātragā || darśanopaniṣadvyākhyāgranthastu dviśataṃ smṛtaḥ || iti śrīmadīśādyaṣṭottaraśatopaniṣacchāstravivaraṇe navatisaṃkhyāpūrakaṃ darśanopaniṣadvivaraṇaṃ saṃpūraṇam,
195,M00521,Dāśarathīyatantram,,,,,,incomplete,,,,,,,"['tantric / āgamic literature', 'vaiṣṇava']",,,,,, iti śrīmadanuttarabrahmatatvarahasye dāśarathīye taṃtre vedasārārthasaṃgrahe uttarabhāge saubhāgyavidhodaye rājavidyāmāhātmye śāstrarahasyakathanaṃ nāma paṃcacatvārīṃśodhyāyaḥ,almost at end
196,M00234,Dīkṣādarśa,,,,,,,,,,,,,"['śaiva', 'śaiva-siddhānta']",Vedajñāna,mbP0009,colophon,,,iti śrī vyāghrapuranivāsī vāmadevātmaja vedajñāna viracita dīkṣādarśassamāptaḥ || śrīmaddevaśikhāmaṇigurubhyo namaḥ || śrīmat ṣaṇmukhagurave namaḥ,
197,M00245,Dīkṣāpaddhati,,,,,,incomplete,lacking explicit+colophon,,,,,,"['śaiva', 'Paddhati']",,,,,,no,
198,M00015,Dīkṣāprakāśa,,,,,,,,,,,,,"['tantric / āgamic literature', 'śaiva', 'śaiva-siddhānta']",Jīvanātha,mbP0042,colophon,,,iti śrīśambhunāthātmajaśrījīvanāthaviracito dīkṣāprakāśaḥ samāptaḥ /// iti śivamāhātmyavarṇanam | samāpto'yaṃ granthaḥ ,almost at end /// end
199,M00543,Dīkṣāvidhi,,,,,,uncertain,yes? - title in colophon spelled differently,,,,,,"['tantric / āgamic literature', 'Paddhati']",,,,,,mate nātmaka vā loke yatsarvatra viduṣyati | (***?) pāpa na kurvīta anityaṃ khalu(?) jīvitaṃ | pratyaṃ neṣṭavidhiḥ samāptāḥ ,
200,M00279,Dīkṣottara,,,,,of the nisvāsakārikā ,,,,,,,,"['tantric / āgamic literature', 'śaiva', 'śaiva-siddhānta']",,,,,,iti niśvāsakārikāyāṃ dīkṣottare prakaraṇe ekonaviṃśatiḥ paṭalaḥ | || samāpto'yaṃ saṃhitā iti || idaṃ pañcasūtrojvalaṃ samudāyena dvādaśasāhasrikaṃ samāptaṃ niśvāsakārikākhyaṃ tantram || oṃ namo namaḥ | oṃ huṃ namaḥ | oṃ haṃ sa | oṃ paramaśivena likhitam niśvāsakārikākhyaṃ tantram | oṃ hariḥ oṃ | oṃ śiva śiva śiva |,
201,M00544,Dīpayāgavidhi,,,,,,incomplete,,,,,,,"['tantric / āgamic literature', 'Paddhati']",,,,,,iti śrīkulaśāsane ūrddhvāmnāyamate dīpajāgavidhiḥ samāptaḥ ///  iti tantrarāje gurustava samāptaṃ /// iti kulasamayārasvalpacarudīpayā pratyāraṃbhavidhi samāptaṃ /// iti śrījagatānandavirataṃ śrīmahātripurasundaryā stotraṃ samāptaṃ,in middle
202,M00545,Durgānityārcanakrama,,,,,,,,,,,,,"['tantric / āgamic literature', 'Paddhati']",,,,,,iti nityārcanakramaḥ saṃkṣepaḥ,
203,M00340,Durgārcanaṣṛti,,,,,,,,,,,,,"['tantric / āgamic literature', 'śākta']",Lakṣmīnārāyaṇa Gosvāmī,mbP0043,colophon,,,ityargalapura nivāsi gauḍa jātīya bhāradvāja vaṃśodbhavavidvadvara gosvāmyupāhva paṃ(0) bulākhīrāma sūnunā bhū(0) pū(0) śrīvidyādharmavarddhinī pāṭhaśālāyāḥ karmakāṇḍa yajurvedādhyāpakena vidyābhūṣaṇa karma kāṇḍamaṇītyupādhi vibhūṣitena śrīlakṣmīnārāyaṇa gosvāminā saṃgrahītā durgārcana sṛtiḥ samāptā /// afterwards - vijayā daśamyāṃ śamī pūjanam /// atha śrī durgā saptaśatī pāṭhāṃtargata prācīna śloka upalabdha,towards end
204,M00166,Devīnāmavilāsa,,Śāstrī M K,,,,,,,,,,,"['tantric / āgamic literature', 'śākta']",Sāhib Kaul,mbP0018,colophon,,,iti śrīnāmavilāsaḥ saṃpūrṇaḥ | kṛtiriyaṃ śrīmacchrīmahāmāheśvarācāryavaryasakaladaiśikavaravarendrapūjyatamacaraṇasarojasāhibakaulapādānām,
205,M00507,Devīpūjā,,,,,,,,,,,,,['tantric / āgamic literature'],,,,,,iti durgāpūjāsampūrṇā /// iti śrīpaṇḍitakṛṣṇakaviracitaḥ śrīmahārājñīstavaḥ sampūrṇaḥ /// iti śrīmadalakṣyeśvarī paraparyāyasāhibha dararūpabhavānī vākyamañjarī sampūrṇā /// iti sarasvatīstutiḥ,4 parts
206,M00310,Devīrahasya,,Harabhaṭṭa Śastrī,,,with pariśiṣṭas,,,,,,,,"['tantric / āgamic literature', 'śākta']",,,,,,2 PARTS - iti śrīrudrayāmalatantrāntargata śrīdevīrahasye daśamīvidhinirūpaṇaṃ ṣaṣṭitamaḥ paṭalaḥ || samāptaṃ cedaṃ devīrahasyatantram /// iti śrīdakṣiṇāmūrtimuniviracite uddhārakośe sarvāgamasāre ṣoḍaśadevī saptadevī saptakumāra navagraha tridevī khecarīdhyānakośanirūpaṇaṃ saptamaḥ kalpaḥ || samāptaścāyamuddhārakośa iti śivam,
,ilxM00033,Dviśatikālottara,,,,,,,,,,,,,,,,,,,,
207,M00200,Dviśatikālottara Vṛtti,,,,,,incomplete,lacking incipit,colophon,,ilxM00033,commentary,including the mūla,"['tantra / āgama', 'śaiva', 'śaiva-siddhānta']",Aghoraśiva,mbP0028,colophon,,,iti lakṣadvayādhyāpaka śrīmadaghora śivācāryaviracitāyāṃ dviśatikālottara vṛttau prāsādanirṇaya prakaraṇam || dviśatikālottara vṛttiḥ samāptā |,2 parts
,ilxM00034,Dhyānabindūpaniṣat,,,,,,,,,,,,,,,,,,,,
208,M00106,Dhyānabindūpaniṣat Vivaraṇa,,Śāstrī Mahādeva,,,,,,colophon,Dhyānabindu Upaniṣat,ilxM00034,commentary,including the mūla,"['tantric / āgamic literature', 'yoga', 'upaniṣad', 'yogopaniṣad', 'yogopaniṣad']",Brahmayogin,mbP0128,colophon,,,śrīvāsudevendraśiṣyopaniṣadbrahmayoginā | likhitaṃ syādvivaraṇaṃ dhyānabindoḥ sphuṭaṃ laghu || dhyānabinduvivaraṇaṃ triṃśadadhiśatatrayam || iti śrīmadīśādyaṣṭottaraśatopaniṣacchāstravivaraṇe ekonacatvāriṃśatsaṃkhyāpūrakaṃ dhyānabindūpaniṣadvivaraṇaṃ saṃpūrṇam,
209,E0008,Dhyānaratnāvali,,,,,,incomplete,lacking explicit+final colophon,,,,,,"['tantric / āgamic literature', 'śaiva']",,,,,,ṣoḍaśagrahadhyānaṃ samāptaḥ /// ṣaḍvigrahaviṣaṭtriṃśat vigrahadhyānaṃ samāptaḥ,in middle
210,M00542,Dhvajāvarohaṇavarṣavarddhanavidhi,,,,,,icomplete,lacking explicit+final colophon,,,,,,"['tantric / āgamic literature', 'Paddhati']",,,,,, iti dhvajāvarohanavarṣavarddhanavidhisamāptaṃ,in middle
,ilxM00035,Nareśvaraparīkṣā,,,,,,,,,,,,,,Sadyojyoti,mbP0011,"catalog, explicit",,,,
211,M00039,Nareśvaraparīkṣā Prakāśa,,Śāstrī M K,,,,,,colophon,,ilxM00035,commentary,including the mūla,"['tantric / āgamic literature', 'śaiva', 'śaiva-siddhānta', 'śaiva-siddhānta post 1100 AD']",Rāmakaṇṭha,mbP0013,colophon,,,iti śrīnārāyaṇakaṇṭhasūnubhaṭṭarāmakaṇṭhakṛtau nareśvaraparīkṣāprakāśe paradarśanaprasiddheśvarapratikṣepākhyaṃ tṛtīyaṃ kāṇḍam || sampūrṇaścāyaṃ nareśvaraparīkṣāprakāśaḥ,
212,I00026,Navagrahadhyānam,,,,,,incomplete,lacking explicit+final colophon,,,,,,"['tantric / āgamic literature', 'śaiva']",,,,,,no,
213,M00555,Navapīṭhāṣṭamātṛkārādhanavidhi,,,,,,,,,,,,,"['tantra / āgama', 'Paddhati']",,,,,,atha navapīṭha aṣṭamātṛkā ārādhanavidhi likhyate /// mālinīdaṇḍakastotraṃ samāptaḥ / iti śivaśaktisamarasatva mahāmāyā stotraṃ samāptaḥ / iti śrīpīṭhanṛnnaya devyā smṛte pīṭhāvatāla stotraṃ samāptaḥ /// iti pithipūjāvidhi samāptaḥ,at beginning /// in middle /// at end
214,M00628,Navārṇavacaṇḍipañjāṅga,,,,,,,,,,,,,['śaiva'],,,,,,itiśrīrudrayāmaletaṃtrenavārṇavacaṃḍīpaṃcāgastotraṃsamāptam || oṃ śubhamastusarvajagatām ,
,ilxM00036,Nāṭyaśāstra,,,,,,,,,,,,,,Bharata,mbP0112,colophon,,,,
215,M00359,Nāṭyaśāstra Abhinavabhāratī Vol. 1,,K. S. Ramaswami Shastri,,,,,,colophon,,ilxM00036,commentary,including the mūla,['tantric / āgamic literature'],Abhinavagupta,mbP0017,colophon,,,iti śrībhāratīye nāṭyaśāstre bhāvavyañjako nāma saptamo'dhyāyaḥ,
216,M00361,Nāṭyaśāstra Abhinavabhāratī Vol. 2,,K. S. Ramaswami Shastri,,,,,,colophon,,ilxM00036,commentary,including the mūla,['tantric / āgamic literature'],Abhinavagupta,mbP0017,colophon,,,iti bhāratīye nāṭyaśāstre daśarūpanirūpaṇaṃ nāmādhyāyo'ṣṭādaśaḥ samāptaḥ || iti vimalaśiśiradīdhitikalitaśiromaṇḍanāṅghridāsyacaṇaḥ | abhivanagupto guptaṃ daśasvarūpaṃ satattvakaṃ vyavṛṇot || iti śrīmanmahāmāheśvarābhinavaguptācāryaviracitāyāṃ nāṭyavedavivṛtāvabhinavabhāratyāṃ daśarūpakavidhānaṃ nāmāṣṭādaśo'dhyāyaḥ,
217,M00362,Nāṭyaśāstra Abhinavabhāratī Vol. 3,,K. S. Ramaswami Shastri,,,,,27 chapters,colophon,,ilxM00036,commentary,including the mūla,['tantric / āgamic literature'],Abhinavagupta,mbP0017,colophon,,, iti bhāratīye nāṭyaśāstre siddhivyañjako nāma saptaviṃśo'dhyāyaḥ /// iti śrīkāśmīramahāmāheśvarācāryābhinavaguptācāryaviracitāyāṃ abhinavabhāratyāṃ nāṭyavedavṛttau siddhyadhyāyaḥ saptaviṃśaḥ - plus an appendix of ch.33,almost at end
,ilxM00037,Nādabindūpaniṣat,,,,,,,,,,,,,,,,,,,,
218,M00111,Nādabindūpaniṣat Vivaraṇa,,Śāstrī Mahādeva,,,,,,colophon,Nādabindu Upaniṣat,ilxM00037,commentary,including the mūla,"['tantric / āgamic literature', 'yoga', 'upaniṣad', 'yogopaniṣad', 'yogopaniṣad']",Brahmayogin,mbP0128,colophon,,,śrīvāsudevendraśiṣyopaniṣadbrahmayoginā | likhitaṃ syādvivaraṇaṃ nādabindoḥ sphuṭaṃ laghu | nādabinduvivaraṇaṃ pañcāśadadhikaṃ śatam || iti śrīmadīśādyaṣṭottaraśatopaniṣacchāstravivaraṇe aṣṭatriṃśatsaṃkhyāpūrakaṃ nādabindūpaniṣadvivaraṇaṃ saṃpūrṇam,
219,M00526,Nādānusandhāna,,,,,,,,,,,,,"['tantric / āgamic literature', 'yoga']",,,,,,iti śrīyogaśāstre śrīpārvatīśvarasaṃvāde nādānusaṃdhānaṃ saṃpūrṇam,
,ilxM00038,Nigamasāra,,,,,,,,,,,,,,,,,,,,
220,M00321,Nigamasāra Nirṇaya,,,,,,,,colophon,,ilxM00038,commentary,including the mūla,"['compendium', 'tantric / āgamic literature', 'kaula', 'kaula later post 1100 AD']",Ramāramaṇa,mbP0044,colophon,Śrī Ramāramaṇa Deva Śarma,colophon,śrīramāramaṇadevaśarmaṇā nirmite nigamasāranirṇaye | kālikāmanuvidhānapūjanadhyāna bhuvibhṛtakaḥ paṭaloyaṃ,
221,I00023,Nityārcanavidhi Vāsanārcanavidhi,,,,,from vātulatantra,fragments,fragments/excerpts,,,,,,"['tantric / āgamic literature', 'śaiva', 'śaiva-siddhānta']",,,,,,iti vātula tantre sahastrasaṃhitāyā nityārcana paṭalaḥ || śrīvaśrīkaṇṭhapparāya svahasta likhitaṃ vāsanārcanai saṃpūrṇam,at end
222,M00527,Nityakarmavidhi,,Keśava Bhaṭṭa,,,,,various sections; no mention of author of collection,,,,,,"['tantric / āgamic literature', 'śaiva', 'Paddhati']",Laugākṣi,mbP0113,catalog,,,atha snānavidhiḥ || atha sandhyopāsanā ||  naivedyamaṃtrāḥ || viṣṇupañcāyatanapūjāvidhi || atha paṃcagavyavidhiḥ || bhojanavidhiḥ || atha gurustutiḥ || atha mahāgāyatrīstutiḥ || prārthanāstutiḥ || atha sarasvatīstutiḥ - kālidāsakṛtā || atha gaurīstutiḥ || atha mukundamālāstutiḥ - śrīkulaśekhararājñākṛtā || atha śrīkṛṣṇalīlā || atha jayastutirviṣṇoḥ - viṣṇustutiḥ || govindāṣṭakaṃ - iti śrīśaṃkarācāryakṛtaṃ || iti abhinavaguptā'cāryakṛtā śivastutiḥ,
223,M00316,Nityākaulatantra,,,,,,incomplete,,,Nityātantra,,,,"['tantric / āgamic literature', 'tantra / āgama', 'kaula', 'śākta']",,,,,,iti nityākaula pañcamapaṭalaḥ,in middle
,ilxM00039,Nityāṣoḍaśikārṇavatantra,,,,,,,,,,,,,,,,,,,,
224,M00052,Nityāṣoḍaśikārṇavatantra Vyākhyāna Setubandha,,Abhyaṃkara K V,,,,,,colophon,,ilxM00039,commentary,including the mūla,"['tantric / āgamic literature', 'tantra / āgama', 'śākta', 'śrī-vidyā']",Bhāskararāya,mbP0062,colophon,,,iti śrīmatpadavākyapramāṇapārāvārapārīṇadhurīṇanikhilatantrasvatantraśrīmadgambhīrarājabhāratīdikṣitasūnunā bhāsurānandanāthadīkṣābhidhānena bhāskararāyeṇa praṇīto nityāṣoḍaśikārṇavavyākhyānātmā setubandhaḥ saṃpūrṇaḥ,
225,M00266,Niruttaravāda,,,,,,,,,,,,,['tantric / āgamic literature'],,,,,,iti śrīparamarahasye (* * * *?) de(*)ra(*) sro(*) vi(*)rga(*)u(*)de(*)ni(*)yo(*)ñca(*) || samāptaṃ midaṃ niru(*?)ravadamiti śubham ,
226,M00127,Nirvaṇatantra,,,,,,,14 chapters,,,,,,"['tantric / āgamic literature', 'tantra / āgama']",,,,,,iti śrīnirvāṇataṃtre caṃḍikāśaṃkarasaṃvāde avadhūtāśramavivaraṇaṃ nāma caturdaśaḥ paṭalaḥ || samāptaḥ | śubham,
227,M00557,Nirvāṇaguhyakālīpūjā,,,,,,uncertain,incomplete?,,,,,,"['tantra / āgama', 'Paddhati']",,,,,,no,
228,M00267,Nirvāṇayogottara,,,,,,incomplete,,,,,,,['tantric / āgamic literature'],,,,,, i(*)śrī(*)rva(*)ddhā(*)ni(*)ṇa(*)go(*)raṃ(*)mā(*)m || śivaṃ bhavatu,at end
229,M00251,Niśvāsakārikā,version 1,,M00251=M00280,,,incomplete,lacking incipit (starts with ch.11) + missing file of 2nd part,,Niśvāsakārikātantra,,,,"['tantric / āgamic literature', 'śaiva', 'śaiva-siddhānta']",,,,,,iti niśvāsakārikāyāṃ tripañcāśatpaṭalaḥ,
230,M00280,Niśvāsakārikā,version 2,,M00251=M00280,,,,,,,,,,"['tantric / āgamic literature', 'śaiva', 'śaiva-siddhānta']",,,,,,,
231,I00014,Nīlakaṇṭhaṣaṭkarmaprayoga,,,,,,uncertain,incomplete?,,,,,,"['tantric / āgamic literature', 'śaiva', 'śaiva-siddhānta']",,,,,,"Following topics are present (also marked within text): 1. bhedanamantra in Tamil 2. uccāṭanamantra in Tamil 3. bālāyantram 4. brahmādhyānam 5. sarasvatīdhyānam 6. mahāśāstāpūjā 7. śrīcidmbarapañcākṣāramahāmantrasya dhyānam 8. durgapūjā 9. pañcapūjā 10. dakṣiṇāmūrtidhyānam 11. śivastotram 12. umāmaheśvarastotram 13. pitṛ-udavāhanam 14. gaṅgādharāṣṭakam 15. pañcāsanam 16. nīlamālāmantram 17. nīlakaṇṭhapryogavidhiviṣaśānti in Tamil 18. nīlakaṇṭham-māhanayantram,raktavarṇadhyānam",list of topics
,ilxM00095,Netratantra,,,,,,,,,,,,,,,,,,,,
232,M00038,Netratantra Uddyota,,Malaviya Sudhakar,,,,,,colophon,,ilxM00094,commentary,including the mūla,"['tantric / āgamic literature', 'tantra / āgama', 'śaiva']",Kṣemarāja,mbP0049,colophon,,,samāpto'yaṃ netroddyotākhyo granthaḥ || kṛtirmahāmāheśvaraśrīmadabhinavaguptapādapadmaparāgāsvādatatparaśrīkṣemarājasyeti śivam ,
,ilxM0110,Pañcaratna,,,,,,,,,,,,,,Sosala Vīraṇa Ārādhya,mbP0167,colophon,,,,
233,M00603,Pañcaratnavyākhyā,,,,,,fragments,collection of excerpts,,"Tantrasāraprakāśikā, Tārakadīpikā, Śivatattvaprakāśikā, Śrutyarthaprakāśikā",ilxM0110,commentary,including the mūla,"['śaiva', 'vīraśaiva']",Revaṇa Ārādhya,mbP0166,colophon,,,1) iti śrīmatsosalavīraṇārādhyasya kṛteḥ tantrasāra pañcaratnasya vyākhyā revaṇārādhya viracitā tantrasāra prakāśikākhyā parisamāptā /// 2) iti śrīmadveda vedaśiraḥ śivāgamapurāṇaprabhṛti pravīṇa śrīmatsosalivīraṇārādhyasya kṛteḥ tārakapañcaratnasya vyākhyārevaṇārādhyaviracitā tārakapradīpikāvyā parisamāptā /// 3) iti śrīmadvedavedaśiraḥ śivāgamapurāṇa prabhṛti pracuraśāstrapravīṇa śrīmatsosalivīraṇārādhyadeśika kuñjarasya kṛteḥ śivarahasya pañcaratnasya vyākhyā revaṇārādhya viracitā śivatatvaprakāśikā parisamāptā /// 4) iti śrīmadveda veda śiraḥ śivāgama purāṇa prabhṛti pravīṇa śrīmatsosali vīraṇārādhyasya kṛteḥ śruti sārapañcaratnasya vyākhyā tattanaya śrīmadrevaṇā siddheśvarātmaja śrī revaṇārādhya viracitā śrīmadveda veda śiraḥ śivāgama purāṇa prabhṛti pracura śāstra prakhyā śrī madvṛṣendra pramukha mukhodgīta rahasyārtha samākhyā śrutyartha prakāśikākhyā vyākhyā parisamāptā || śivamastu śivāya namaḥ svādhīna manasāṃ puṃsāṃ gṛhameva tapovanam | ati rājya sthito yogī janakaḥ sanakādhikaḥ,4 texts
,ilxM00040,Paramārthasāra,,,,,,,,,,,,,,Abhinavagupta,mbP0017,colophon ,,,,
234,M00041,Paramārthasāra Vivṛti,,Chatterji J. C.,,,,,,colophon,,ilxM00040,commentary,including the mūla,"['tantric / āgamic literature', 'śaiva', 'non-dual śaivism of Kashmir']",Yogarāja,mbP0138,colophon,,,iti śrīmahāmāheśvarācāryābhinavaguptaviracitaḥ paramārthasāraḥ /// saṃpūrṇeyaṃ paramārthasārasaṃgrahavivṛtiḥ kṛtistatrabhavatparamamāheśvaraśrīrājānakayogarājasya,
235,M00218,Parameśvarīmatatantra,,,,,,fragments,chapters from 2 separate texts,,,,,,"['tantric / āgamic literature', 'śākta']",,,,,,iti pārameśvarīmate navakoṭisaṃhitāyāṃ caturāśītisahasrameruddhāraḥ caturviṃśatimaḥ paṭalaḥ /// iti śrīkubjikāmateṣaṭpaṃcāśatitamaḥ paṭalaḥ samāptaḥ,towards beginning /// at end
236,M00358,Paraśambhumahimnastava,,,,,,,,,,,,,['tantric / āgamic literature'],Krodhabhaṭṭāraka (Alias),mbP0045,colophon,Mahāmahiman Durvāsas Munīśvara,colophon,iti śrīkrodhabhaṭṭārakāparanāmnā mahāmahimnā durvāsasā munīśvareṇa viracitaparaśaṃbhumahimnastavaḥ saṃpūrṇaḥ,
,ilxM00041,Paraśurāmakalpasūtra,,,,,,,,,,,,,,,,,,,,
237,M00214,Paraśurāmakalpasūtra Vṛtti,,S. Y. Śastri Dave,,,,incomplete,ch. 1-6 copy-pasted twice; after ch. 6: content unclear; ch. 7-to end not found (unlike stated in introduction); lacking explicit+colophon,colophon,,ilxM00041,commentary,including the mūla,['tantric / āgamic literature'],Rāmeśvara,mbP0139,colophon,,,śrīmahātripurasundaryai namaḥ | śrīparaśurāmakalpasūtram rāmeśvarakṛtavṛttisahitam /// iti śrīrāmeśvararacitāyāṃ saubhāgyodayanāmnyāṃ paraśurāmasūtravṛttau prathamakhaṇḍātmakaṃ dīkṣāprakaraṇaṃ samāptam /// atraivakāreṇa (...) | 48 pṛ 26 paṅktyanantaramavaśiṣṭamidaṃ śirṣakam| tantrāntaropasaṃhāravicāraḥ ,at beginning /// in middle /// at end
238,M0311,Parākramapūjā,,,,,,uncertain,yes? - name given by typist,,,,,,"['tantric / āgamic literature', 'śākta']",,,,,,no,originally unnamed
239,M00062,Parātantra,,,,,,,9 chapters,,,,,,"['tantric / āgamic literature', 'tantra / āgama']",,,,,,iti śrī śrotaśiraśchede mahākaravīrayoge parātantre navamo paṭalaḥ samāpta,
,ilxM00042,Parātriṃśikā,,,,,,,,,,,,,,,,,,,,
240,M0409,Parātriṃśikāvivaraṇa,,,,,,,,colophon,,ilxM00042,commentary,including the mūla,"['tantric / āgamic literature', 'non-dual śaivism of Kashmir']",Abhinavagupta,mbP0017,colophon,,,samāptamidaṃ parātriṃśikātattvavivaraṇam || iti śrīparātriṃśikā samāptā vivṛtiścātra tatrabhavatśrīmanmahāmāheśvarācāryavaryaśrīrmadabhinavaguptācāryaviracitā +TILAKA,
241,M00043,"Parātriśikātātparyadīpikā, Śāktavijñāna",,Zadoo J D,,,,,yes - but only 1st text/name,,,ilxM00042,commentary,including the mūla,"['tantric / āgamic literature', 'śaiva', 'non-dual śaivism of Kashmir', 'śākta']",Somānanda Ii,mbP0046,catalog,,,iti śrīparātrīśikātātparyadīpikā saṃpūrṇā ,
242,M00044,Parātriśikāvivṛti,version 1,Zadoo J D,M00044=M00215=M00154,exact copy/paste of M00154,,,,,,ilxM00042,commentary,including the mūla,"['tantric / āgamic literature', 'śaiva', 'kaula']",Lakṣmirāma,mbP0047,colophon,Rājānaka Lakṣmirāma,colophon,iti śrīrājānakalakṣmīrāmakṛtā parātrīśikālaghuvivṛtiḥ samāptā || pāṭhakalekhakayoḥ śreyaskarī bhūyāditi,
243,M00215,Parātriśikāvivṛti,version 2,,M00044=M00215=M00154,unclear what this text actually is,,incomplete,lacking incipit+explicit+colophon ,,,ilxM00042,commentary,including the mūla,"['tantric / āgamic literature', 'non-dual śaivism of Kashmir']",Lakṣmirāma,mbP0047,incipit,,, iti śrīparātriṃśikāvivṛtī rājānakalakṣmīrāmaviracitā samāptā || saṃvat 43 kānnatyaikādaśyāṃ likhiteyam ///  sampūrṇamidaṃ mantravivaraṇam,at beginning /// at end
244,M00154,Parātriśikāvivṛti,version 3,Śāstrī M R,M00044=M00215=M00154,exact copy/paste of M00044,,,,,Parātriśikāvivaraṇa,ilxM00042,commentary,including the mūla,"['tantric / āgamic literature', 'śaiva', 'non-dual śaivism of Kashmir']",Abhinavagupta,mbP0017,colophon,,,samāptamidaṃ parātriṃśikātattvavivaraṇam || iti śrīparātriṃśikā samāptā vivṛtiścātra tatrabhavatśrīmanmahāmāheśvarācāryavaryaśrīrmadabhinavaguptācāryaviracitā +TILAKA,
245,M00042,Parātrīśikālaghuvṛtti,,Śāstrī J Z,,,,,,,,ilxM00042,commentary,including the mūla,"['tantric / āgamic literature', 'śaiva', 'non-dual śaivism of Kashmir', 'kaula']",Abhinavagupta,mbP0017,colophon,,,samāptā iyamanuttaratattvavimarśinī parātrīśikālaghuvṛtti trinayanacaraṇasaroruhācintanalabdhaprasiddhināmabhinavaguptapādānāṃ kṛtiriti śivam + TILAKA,
246,M00357,Parānandasūtra,,Swami Trivikrama Tīrtha,,,,,,,,,,,['tantric / āgamic literature'],Pārānanda,mbP0048,colophon ,Parānanda Muni,catalog,iti pārānandasūtre uttarādhyāye saptamamāhnikam || samāptaṃ cedaṃ pārānandasūtram | samāptā ceyaṃ pārānandamīmāṃsā || ityoṃ ,
247,M00048,Parāprāveśikā,,,,,,,,,,,,,"['tantric / āgamic literature', 'śaiva', 'non-dual śaivism of Kashmir']",Kṣemarāja,mbP0049,colophon,,,iti śrīmanmahāmāheśvarācāryavaryakṣemarājaviracitā parāprāveśikā samāptā /// + additional text,
248,M00629,Parāmbārcanacandrikā,,,,,,incomplete,lacking explicit+final colophon,,,,,,['śaiva'],,,,,, itiśrīparāṃbārcanacaṃdrikāyāṃdvitīyaprakāśaḥ,in middle
249,I00003,Parārthapūjāvidhi,,,,,,incomplete,,,,,,,"['śaiva', 'śaiva-siddhānta', 'Paddhati']",Tyāgarāyaguru,mbP0050,colophon,,,nityapūjāvidhi araśūrī tyāgarāyaguru sva hastalukhitam,at beginning
250,M00566,Paścimajyeṣṭhāmnāyakarmārcanapaddhati,,,,,,incomplete,lacking final colophon ,,,,,,"['tantra / āgama', 'Paddhati']",,,,,,iti śrīśrīśrīpaścimajeṣṭhāmnāya krammārccana paddhatiḥ samāptaṃ,in middle
251,M00560,Paścimāmnāyasamayadīkṣāvidhi,,,,,,incomplete,,,,,,,"['tantra / āgama', 'Paddhati']",,,,,,no,title?
252,M00558,Paścimāmnāyāṣṭāviṃśatikramārcana,,,,,,incomplete,lacking final colophon,,,,,,"['tantra / āgama', 'Paddhati']",,,,,,iti śrīpaścimajeṣṭhānjeṣṭhe āmnāya aṣṭāviṃśati krammārccaṇaṃ samāpta,in middle
253,M00040,Pāñcarātrarakṣā,,Pandit T. Venugopalacharya,,,,,,,,,,,"['tantric / āgamic literature', 'vaiṣṇava', 'pāñcarātra']",Vedāntadeśika,mbP0051,colophon+catalog,Veṅkaṭanātha,colophon,iti śrīkavitārkikasiṃhasya sarvatantrasvatantrasya śrīmadveṅkaṭanāthasya vedāntācāryasya kṛtiṣu śrīpāñcarātrarakṣāyāṃ nityavyākhyānākhyaḥ tṛtīyo'dhikāraḥ śrīpāñcarātrarakṣāṃ saṃpūrṇā,
,ilxM00043,Pāśupatabrahmopaniṣat,,,,,,,,,,,,,,,,,,,,
254,M00112,Pāśupatabrahmopaniṣat Vivaraṇa,,Śāstrī Mahādeva,,,,,,colophon,Pāśupatabrahma Upaniṣat,ilxM00043,commentary,including the mūla,"['tantric / āgamic literature', 'yoga', 'upaniṣad', 'yogopaniṣad', 'yogopaniṣad']",Brahmayogin,mbP0128,colophon,,,śrīvāsudevendraśiṣyopaniṣadbrahmayoginā | pāśupatopaniṣado vyākhyānaṃ likhitaṃ laghu | pāśupatīyavivṛtiḥ dviśatagranthabhūṣitā || iti śrīmadīśādyaṣṭottaraśatopaniṣacchāstravivaraṇe saptasaptatisaṃkhyāpūrakaṃ pāśupatabrahmopaniṣadvivaraṇaṃ saṃpūrṇam,
255,M00305,Piṅgalāmata,,,,,jayadrathādhikara,incomplete,breaks off at end,,,,,,"['tantra / āgama', 'śaiva', 'trika', 'śākta']",,,,,,iti piṅgalāmate jayadrathādhikāre vyākhyāprakaraṇaṃ samāptam /// samvat 297 caitraśuklapūrṇamāsyāṃ māsadine uttaraphālguṇanakṣatre | śrīrameśvara paramabhaṭṭārakamahārājādhirāja śrīmadrudra devasya vijayarājye | śrīmat mahāvijakarathyāyāṃ śrīcandanamaṇḍapīrathyādhivāsinā | śrīśivācāryavijādharavarmeṇa likhāpitaṃ pustakaṃ | lekhakapaśupatinālikhitamiti |,almost at beginning /// at end
256,M00559,Pīṭhapūjāvidhi,,,,,,,,,,,,,"['tantra / āgama', 'Paddhati']",,,,,,"iti pīṭhipūjā samāpta || samvat 821 phālguṇakṛṣṇa trayodaśī thvakuhnu śrī ākāśamahābhairavasaratha śrī śrījayabhūpatīndramalladevasanayo""nādinajalo || śubha || adyetyādi || mānavagotra yajamānasya śrīśrījayabhūpatīndramalladevavarmmaṇaḥ śrī sveṣṭadevatāprītikāmanayā navagṛhapraveśapratiṣṭhānimityārthena siddhāgni ayutāhuti yajñanavapīṭha aṣṭamātṛkārādhanaṃ karttuṃ puṣpabhājanaṃ samarppayāmi ||",
257,M00045,Puraścaryārṇava Volume 1,,Muralidhara Jhā,,,,,,,,,,,"['compendium', 'tantric / āgamic literature', 'śaiva']",Pratāpa Siṃha,mbP0114,colophon,Śrīman Mahārāja Adhirāja Śrī Pratāpa Siṃha Sāha,colophon,iti śrīmanmahārājādhirājaśrīpratāpasiṃhasāhaviracite puraścaryārṇave kriyāvatīdīkṣāvidhirnāma caturthastaraṅgaḥ,
258,M00046,Puraścaryārṇava Volume 2,,Muralidhara Jhā,,,,,,,,,,,"['compendium', 'tantric / āgamic literature', 'śaiva']",Pratāpa Siṃha,mbP0114,colophon,Śrīman Mahārāja Adhirāja Śrī Pratāpa Siṃha Sāha,colophon,iti śrīmanmahārājādhirājaśrīpratāpasiṃhasāhaviracite puraścaryārṇave gaṇeśādimantrapuraścaraṇavivecanaṃ nāmāṣṭamastaraṅgaḥ,
259,M00047,Puraścaryārṇava Volume 3,,Muralidhara Jhā,,,,,12 chapters,,,,,,"['compendium', 'tantric / āgamic literature', 'śaiva']",Pratāpa Siṃha,mbP0114,colophon,Śrīman Mahārāja Adhirāja Śrī Pratāpa Siṃha Sāha,colophon,iti śrīgirirājacakracūḍāmaṇinaranārāyaṇetyādivividhavirudāvalīvirājamānamānonnata śrīmanmahārājādhirājaśrīpratāpasiṃhasāhadevaviracite puraścaryārṇave brāhmyādimantrapuraścaraṇapūrvakayantrastavakavacādipuraścaraṇabhedanirūpaṇaṃ nāma dvādaśastaraṅgaḥ samāptaḥ,
260,M00562,Pūrvāmnāyanityadevārcanavidhi,,,,,,incomplete,,,,,,,"['tantra / āgama', 'Paddhati']",,,,,,iti pūrvvāmnāya nityakarmmadevārccanabalyārccanavidhi samāpta,in middle
261,M00259,Pauṣkara Saṃhitā,,Śrī Yātirāja Sampatkumāra Rāmānujamuni,,,,incomplete,lacking explicit+final colophon,,,,,,"['tantra / āgama', 'vaiṣṇava', 'pāñcarātra']",,,,,,iti śrīpāñcarātre mahopaniṣadi pauṣkarasaṃhitāyāṃ śiṣyaparīkṣālakṣaṇo nāma prathamo'dhyāyaḥ,at beginning
262,M00196,Pauṣkara Vṛtti,,,,,,,7 chapters,,"Daṣakāryam, Pauṣkarajñānapadaḥ, And Prāsādaṣaṭślokī",M00359,commentary,,"['tantric / āgamic literature', 'śaiva', 'śaiva-siddhānta']",Jñānaprakāśa,mbP0052,colophon ,Jñānaprakāśa Ācarya,colophon,iti śrīśālivāṭipuranivāsi jñānaprakāśācārya viracitāyāṃ śrīmatpauṣkarajñānapādavṛttau saptamaḥ paṭalaḥ /// 965 saumya saṃvatsara paṅkuni (...) śubhayogam ṭettapauṣkaraṃ śrīśālivāṭipurivāsinaḥ śālivāṭīśvarasya kaikaryaṃ vrahivratinātaśarman putran śrīkṛṣṇan svahasta likhitam | śubham | śrīkāntimatyaṃbāsameta śrīśālivāṭīśvarasvāmī sahāyam | śivamayam || + EXTRA TEXT AFTER,
263,M00065,Pratiṣṭhālakṣaṇasārasamuccaya,,,,,,,,,,,,,['tantric / āgamic literature'],,,,,,iti śrī (pratiṣṭhātantre) pratiṣṭhālakṣaṇasārasamuccaye pavitrārohaṇaṃ nāma dvātriṃśo vidhiḥ || samāpto'yaṃ granthaḥ ||  śivam,
264,M00561,Pratyaṃgirāpūjāvidhi,,,,,,incomplete,,,,,,,"['tantra / āgama', 'Paddhati']",,,,,,no ,
265,M00149,Pratyabhijñahṛdaya,version 1,Chatterji J C,M00149=M00350,pdf,,,,,,,,,"['tantric / āgamic literature', 'śaiva', 'non-dual śaivism of Kashmir', '', '', 'Photographic facsimile', '[ View in PDF](../TEXTS/KSTS/KSTS003/PDF/PDF.pdf)', '']",Kṣemarāja,mbP0049,colophon,,,samāptamidam pratyabhijñahṛdayam |  kṛtistatrabhavanmahāmāheśvarācāryaśrīmadabhinavaguptapādapadmopajīvinaḥ śrīmato rājānakakṣemarājācāryasya,
266,M00350,Pratyabhijñahṛdaya,version 2,Chatterji J C,M00149=M00350,e-text of the pdf,,,,,,,,,"['tantric / āgamic literature', 'śaiva', 'non-dual śaivism of Kashmir']",Kṣemarāja,mbP0049,colophon,,,samāptamidaṃ pratyabhijñāhṛdayam || kṛtistatrabhavanmahāmāheśvarācāryavaryaśrīmadabhi(...) || śubhamastu ,
267,M00621,Prabhuliṅgalila,,,,,,,25 chapters,,,,,,"['śaiva', 'vīraśaiva']",,,,,,ityārṣaśrībhaviṣyatpurāṇakathāviśālāyāṃ śrīvīramāheśvarāmṛtānaṃdasūktisūtragrathitapaṃcaviṃśatitatvamauktikam ahanīyamālāyāṃ pramathagaṇavacanaparaṃparānukūlāyāṃ kalikalmaṣanimagnajanasamuddharaṇaśīlāyāṃ prabhuliṃgalīlāyāṃ parameśvaraprasādasaṃprāptamaheśvarīmanaḥsamādhānavīraśaivamahimānusaṃ dhānaprastutakathopasaṃhṛtikathanagatirnāma paṃcaviṃśo'dhyāyaḥ | śrīparameśvarārpaṇamastu | śrīnaṃdikeśvarāya namaḥ |,
268,M00072,Prāṇatoṣiṇī Arthakāṇḍa,,,,,,,,,,,,,"['compendium', 'tantric / āgamic literature']",Rāmatoṣaṇa,mbP0053,colophon,Śrī Rāmatoṣaṇa Vidyālaṅkāra Bhaṭṭācārya,colophon,iti śrīprāṇakṛṣṇaviśvāsānumatāyāṃ śrīrāmatoṣaṇavidyālaṅkārabhaṭṭācāryyaviracitayāṃ śrīprāṇatoṣiṇyāṃ tṛtīyamarthakāṇḍāṅgaṃ samāptam,
269,M00073,Prāṇatoṣiṇī Kamyakāṇḍa,,,,,,,,,,,,,"['compendium', 'tantric / āgamic literature']",Rāmatoṣaṇa,mbP053,colophon,Śrī Rāmatoṣaṇavidyālaṅkāra Bhaṭṭācārya,colophon,iti prāṇakṛṣṇaviśvāsānumatāyāṃ śrīrāmatoṣaṇavidyālaṅkārabhaṭṭācāryyaviracitāyāṃ śrīprāṇatoṣiṇyāṃ kāmyābhidhānaṃ caturthakāṇḍaṃ samāptam,
270,M00071,Prāṇatoṣiṇī Dharmakāṇḍa,,,,,,,,,,,,,"['compendium', 'tantric / āgamic literature']",Rāmatoṣaṇa,mbP0053,colophon,Śrī Rāmatoṣaṇa Vidyālaṅkāra Bhaṭṭācārya,colophon,iti śrīprāṇakṛṣṇaviśvāsānumatāyāṃ śrīrāmatoṣaṇavidyālaṅkārabhaṭṭācāryyacāviracitāyāṃ śrīprāṇatoṣiṇyāṃ dīkṣārūpaphalakathanātmakaṣaṣṭha-parichedānvitadharmakāṇḍaṃ samāptam,
271,M00061,Prāṇatoṣiṇī Jñānakāṇḍa,,,,,,,,,,,,,"['compendium', 'tantric / āgamic literature']",Rāmatoṣaṇa,mbP0053,colophon,Śrī Rāmatoṣaṇa Vidyālaṅkāra Bhaṭṭācārya,colophon,iti śrīprāṇatoṣiṇī samāptā,
272,M00060,Prāṇatoṣiṇī Bhaktikāṇḍa,,,,,,,,,,,,,"['compendium', 'tantric / āgamic literature']",Rāmatoṣaṇa,mbP0053,colophon,Śrī Rāmatoṣaṇa Vidyālaṅkāra Bhaṭṭācārya,colophon,iti śrīprāṇatoṣiṇyāṃ pañcame bhaktikāṇḍe śivaprakaraṇakathanarūpastṛtīyaḥ paricchedaḥ,
273,M00070,Prāṇatoṣiṇī Sargakāṇḍa,,,,,,,,,,,,,"['compendium', 'tantric / āgamic literature']",Rāmatoṣaṇa,mbP0053,colophon,Śrī Rāmatoṣaṇa Vidyālaṅkāra Bhaṭṭācārya,colophon,iti śrīprāṇakṛṣṇaviśvāsānumatāyāṃ viśvavijayiśrīrāmatoṣaṇavidyālaṅkāraviracitāyāṃ śrīprāṇatoṣiṇyāṃ phalakathanarūpadaśamaparicchedānvitaṃ sargakāṇḍaṃ samāptam,
274,M00268,Prāṇāgnihotra,,,,,,incomplete,,,,,,,['tantric / āgamic literature'],,,,,,no,
275,M00303,Prāyaścittasamuccaya,,,,,,,,,,,,,"['compendium', 'tantric / āgamic literature']",,,,,,prāyaścittasamuccayaḥ samāptamiti,
276,M00528,Prāsādacandrikā,,,,,,incomplete,,,,,,,"['tantric / āgamic literature', 'śaiva', 'śaiva-siddhānta']",Jñānaprakāśa,mbP0052,colophon,Jyeṣṭha Jñānaprakāśa Vara Ācārya,colophon,iti śrīmatkalālayadevatīrthasya uttarataṭe nivāsi jyeṣṭhajñānaprakāśavarācārye tasyāruṇadevena saṃgṛhītāyāṃ prāsādacandrikāyāṃ mātrājyotīkāraṇeśvara sthānam ānādhvasamarasī bhāva viṣuvaśabdayojanavidhānavidhissamāptaḥ || śrīmadarūṇācalāya namaḥ || asmiṃśca kośe prāsādacandrikayā saha tatvasiddhāntavyākhyā siddhāntaprakāśikā daśakāryaṃ ṣaḍadhvatriṃśatkalānyāsaḥ puruṣārthasudhānidhiḥ suprabhedāgamaḥ iti nāmakā vilikhitā vartante,
,ilxM00044,Prāsādaṣaṭśloki,,,,,,,,,,,,,,,,,,,,
277,M00529,Prāsādaṣaṭślokī Vyākhyā,,,,,,,"yes, but second part of text unclear",colophon,,ilxM00044,commentary,including the mūla,['tantric / āgamic literature'],,,,,,yathāmati gaṇādhīśa kṛpāleśānmayādhunā | śrīmatprāsāda saṭślokyā vyākhyānaṃ likhyate laghu /// iti ṣaṭślokaṃ vyākhyanaṃ samāptaḥ + additional text,towards beginning /// in middle
278,M00256,Prodgītāgama,,,,,vivāhavidhimātram,fragments,fragments (ch.25-26 only),,,,,,"['tantric / āgamic literature', 'śaiva', 'śaiva-siddhānta']",,,,,,iti prodgīte vivāhavidhirnāma ṣaḍviṃśati paṭalaḥ,
279,M00414,Pheṭakapratiṣṭhācaṇḍikāgnividhi,,,,,,,,,,,,,"['tantra / āgama', 'śākta']",,,,,, atha pheṭakapratiṣṭhāvidhi likhyate ///  śrī caṇḍikāgni yajñavidhi saṃpūrṇaḥ,at beginning /// at end
280,M00190,Phetkāriṇītantra,,"Caṭṭopādhyāya, Rasika Mohana",,,,,,,,,,,['tantric / āgamic literature'],,,,,,iti śrīphetkāriṇītantre devīśvarasaṃvāde ceṭikāsādhanaṃ nāma ekaviṃśatitamaḥ paṭalaḥ samāptaḥ || samāptaścāyaṃ granthaḥ,
281,M00623,Bagalāmukhīpañcāṅgam,,,,,,,,,,,,,['śaiva'],,,,,,itiśrīrudrayāmaletaṃtrebagalāmukhīstavarājaḥ saṃpūrṇa samāptaśca,
282,M00520,Basavapurāṇa,,,,,,,,,,,,,"['śaiva', 'vīraśaiva']",Śrī Bādarāyana Mahaṛṣi,mbP0054,colophon,,,iti śrībādarāyaṇamaharṣipraṇīte śrībasaveśvarapurāṇe svarūpagraṃthe paramarahasye skaṃdāgastyasaṃvāde tricatvāriṃśo'dhyāyaḥ śrībasaveśvarapurāṇaṃ saṃpūrṇaṃ,
283,M00116,Bṛhannīlatantra,,Kaul Madhusudan,,,,,,,,,,,"['tantric / āgamic literature', 'tantra / āgama']",,,,,,iti śrībṛhannīlatantre sarvatantrottamottame bhairavabhairavīsaṃvāde (annadāmantroddhāraśatanāmatantramāhātmyanirūpaṇaṃ) caturviṃśaḥ paṭalaḥ || samāptaṃ cedaṃ śrībṛhannīlatantram + TILAKA,
,ilxM00045,Bodhapañcadaśikā,,,,,,,,,,,,,,Abhinavagupta,mbP0017,colophon,,,,
285,M00173,Bodhapañcadaśikā Vivaraṇa,,Zadoo Jagaddhar,,,,,,colophon,,ilxM00045,commentary,including the mūla,"['tantric / āgamic literature', 'śaiva', 'non-dual śaivism of Kashmir']",Harabhaṭṭa Śāstrī,mbP0129,colophon,,,ime'bhinavaguptena ślokāḥ pañcadaśoditāḥ || iti bodhapañcadaśikā samāptā || sukumāramatayo mandaśaktipātavantaḥ ajasa sukhena spaṣṭamanyat || yāṃ bodhapañcadaśikāṃ matimāndyabhājāṃ sambodhanāya nivabandha guruḥ suramyām | māheśvaro'bhinavagupta itīḍyanāmā tatra vyadhādvyavaraṇaṃ harabhaṭṭaśāstrī || bhūnandanandavede'bde (4990) laukike phālgunevadī | ekādaśyāṃ tithau śāstrī haro vivaraṇaṃ vyadhāt || iti śrīmahāmāheśvarācāryavaryaṃ śrīmadabhinavaguptaviracitāyāṃ bodhapañcadaśikāyāṃ paṃ(0) harabhaṭṭaśāstrikṛtaṃ vivaraṇaṃ samāptam] ||,
,I00017,Bodhāyanaprayoga,,,,,,incomplete,lacking explicit+final colophon,,,,,,"['tantric / āgamic literature', 'śaiva', 'śaiva-siddhānta']",,,,,,bodhāyana-āhnikam - pañcākṣaranāthaviracitanityakarmaparicchedaḥ - bodhāyanamantrapraśnaḥ,at beginning
286,M00319,Brahmayāmala,,,,,,incomplete,,,,,,,"['tantric / āgamic literature', 'tantra / āgama', 'śaiva']",,,,,,iti brahmayāmale śatasahasrasaṃhitāyāṃ mātrotsavo nāma prathamaḥ paṭalaḥ /// iti brahmayāmale śatasahasrasaṃhitāyāṃ nāgapāśavidhirnāma pañcāśatpaṭalaḥ,almost at beginning /// towards end
,ilxM00046,Brahmavidyopaniṣat,,,,,,,,,,,,,,,,,,,,
287,M00105,Brahmavidyopaniṣat Vivaraṇa,,Śāstrī Mahādeva,,,,,,colophon,Brahmavidya Upaniṣat,ilxM00046,commentary,including the mūla,"['tantric / āgamic literature', 'yoga', 'upaniṣad', 'yogopaniṣad', 'yogopaniṣad']",Brahmayogin,mbP0128,colophon,,,śrīvāsudevendraśiṣyopaniṣadbrahmayoginā | brahmavidyopaniṣado vyākhyeyaṃ likhitā laghu | prakṛtopaniṣadvyākhyā saptatyadhiśatadvayam || iti śrīmadīśādyaṣṭottaraśatopaniṣacchāstravivaraṇe catvāriṃśatsaṃkhyāpūrakaṃ brahmavidyopaniṣadvivaraṇaṃ saṃpūraṇam,
288,M00262,Brahmasandhāna,,,,,,incomplete,,,,,,,['tantric / āgamic literature'],,,,,,iti śrībrahmasandhānāgni( * )jā( * )cā( * )ni( * )yo( * )mā,at end
,ilxM00047,Bṛhattantrasāra,,,,,,,,,,,,,,Kṛṣṇānanda Āgamavāgiśa,mbP0164,colophon,,,,
289,M00013,Bṛhattantrasāra Vṛtti,,Caṭṭopādhyāya,,,,,,*,Tantrasāra,ilxM00047,commentary,including the mūla,"['compendium', 'tantric / āgamic literature']",Aghoraśiva,mbP0028,catalog,,,iti mahāmahopādhyāyaśrīkṛṣṇānandāgamavāgīśaviracite tantrasāre prathamaḥ paricchedaḥ /// granthagauravabhayādanyanyoktam iti devatāyā vāhyāṅgasaṅketaḥ | pariśiṣṭaṃ sampūrṇa ,almost at beginning /// at end
290,I00013,Bhaktavilāsa,,,,,,incomplete,,,,,,,"['śaiva', 'śaiva-siddhānta']",Agastya Ṛṣi,,,,,iti śrīskāndapurāṇe bhaktamāhātmye dvitīyoddhyāyaḥ,almost at beginning 
,ilxM00048,Bhagavadgītā,,,,,,,,,,,,,,,,,,,,
291,M00244,Bhagavadgītā Gītārthasaṃgraha,version 1,Lakṣmaṇa Ṛaina Brahmacārī,M00244=M00167=M00330,,,,,colophon,,ilxM00048,commentary,including the mūla,['tantric / āgamic literature'],Abhinavagupta,mbP0017,colophon,,,iti śrīmahāmaheśvarācāryavaryarājānakābhinavaguptapādaviracite śrīmadbhagavadgītārthasaṃgrahe'ṣṭādaśo'dhyāyaḥ + 4 additional verses /// paripūrṇo'yaṃ śrīmadbhagavadgītārthasaṃgrahaḥ | kṛtistrinayanacaraṇasaroruha cintanalabdhaprasiddherabhinavaguptasyeti śivam,
292,M00167,Bhagavadgītā Sarvatobhadra,version 2,Śāstrī Kṛṣṇa,M00244=M00167=M00330,,,incomplete,lacking explicit + final colophon (14 chapters),colophon,,ilxM00048,commentary,including the mūla,"['tantric / āgamic literature', 'śaiva']",Ramakaṇṭha,mbP0013,colophon,,,iti śrīmadrājānakarāmakaṇṭhaviracite vākyārthānvayamātre sarvatobhadranāmni bhagavadgītāvivaraṇe caturdaśo'dhyāyaḥ,
293,M00330,Bhagavadgītā Vīraśaiva Bhāṣya,version 3,,M00244=M00167=M00330,,,,,colophon,,ilxM00048,commentary,including the mūla,['śaiva'],Siddapparadhya ( In Text: Śrīpatipaṇḍitārādhya?) - See Text N. M00364 (Line N.451 ) And Author Code Mbp0084,mbP0140,catalog,,,iti bhagavadgītāvīraśaivabhāṣye aṣṭādaśo'dhyāyassamāptaḥ,
294,I00011,Bhadrakālipratiṣṭhāvidhi Yāmalatantra,,,,,,uncertain,??? lacking explicit+final colophon ,,,,,,"['śaiva', 'śaiva-siddhānta', 'Paddhati']",,,,,,iti yāmalāgame bhadrakālipratiṣṭhāvidhiḥ,almost at end
295,M00277,Bhāvacūḍāmaṇi,version 1,,M00277=M00575,,,incomplete,lacking explicit+final colophon,,,,,,"['tantric / āgamic literature', 'śaiva', 'śaiva-siddhānta']",Vidyākaṇṭha,mbP0055 ,Catalog,,,yadyapi nānāvidhāni sādhanopāyāni likhitāni tathāpi bhāvena vinā maṃtrā na siddhyantīti bhāvacūḍāmaṇir likhyate,at beginning
296,M00575,Bhāvacūḍāmaṇi,version 2,,M00277=M00575,,,,,,,,,,"['tantric / āgamic literature', 'tantra / āgama']",Vidyākaṇṭha,mbP0055 ,Catalog,,,iti śrīmahāmaheśvareṇakṛtaṃ bhāvacūḍāmaṇīṃ nāma taṃtraṃ samāptam || saṃpūrṇaṃ samāptam || śubhamastu,
,ilxM00030,Bhāvopahāra,,,,,,,,,,,,,,Cakrapāṇinātha,mbP0116,colophon,,,,
,ilxM00100,Bhāvopahāra Vivaraṇa,,,,,,,,,,ilxM00030,commentary,,,Bhaṭṭa Śri Raṃya Deva,mbP0141,colophon,,,,
,ilxM00098,Bodhapañcadaśikā,,,,,,,,,,,,,,Abhinavagupta,mbP0017,colophon,,,,
,ilxM00099,Anuttaraprakāśapañcāśikā,,,,,,,,,,,,,,Ādhyanātha,mbP0005,colophon,,,,
297,M000152,"Bhāvopahāra Vivaraṇa, Bodhapañcadaśikā, Anuttaraprakāśapañcāśikā",,Śāstrī R M,,,"3 texts together, only the first has a commentary",,,colophon,,"ilxM00030, ilxM00100, ilxM00098, ilxM00099",3 texts together in the same file,,"['tantric / āgamic literature', 'śaiva', 'non-dual śaivism of Kashmir', '', '', 'Photographic facsimile', '[ View in PDF](../TEXTS/KSTS/KSTS014/PDF/PDF.pdf)', '']","Bhaṭṭa Śri Raṃya Deva, Abhinavagupta, Ādyanātha","mbP0141 , mbP0017, mbP0005","colophon, colophon, colophon ",,,1) it śricakrapāṇināthavirācitebhāvopahārasotre vivaraṇam samāptam | kṛtistatrabhavadbhaṭṭajyogdevātmaja-bhaṭṭaśriraṃyadevasya /// 2) samāptā ceyaṃ bodhapañcadaśikā kṛtirmahāmāheśvarācāryavaryaśrīmadabhinavaguptādānām /// 3)  iti śrīmadādyanāthaviracitā anuttaraprakāśapañcāśikā samāptā ,3 texts
298,M00630,Bhuvaneśvarī Pañcāṅgam Rudrayāmale,,,,,,,,,,,,,"['tantric / āgamic literature', 'śākta']",,,,,,itiśrīrudrayāmaletantredaśavidyārahasyeśrībhuvaneśvarīstavaḥ samāptamidaṃśrībhuvaneśvarīpaṃcāṅgamiti śubhaṃbhavatu saṃtatakāśutiṣaṣṭyāṃparatāsaptamyāṃbhaume likhitaṃmayāraiānandenasvatmārthaṃśubhaṃ ,
299,M00309,Bhuvaneśvarīmahāstotra,,Gopal Narayan Bahura,,,,fragments,collection of 10 excerpts,colophon,,,,,"['tantric / āgamic literature', 'śākta', 'Paddhati']","Pṛthvīdharācārya and Padmanābha Kavi, Unknown, Unknown, Unknown, Unknown, Unknown, Unknown, Unknown, Pṛthvīdharācārya and Anantadeva, Unknown","mbP0056 and mbP0142, mbP0056 and mbP0163","colophon, colophon",,,1) iti śrīpṛthvīdharācāryaviracitaṃ śrībhuvaneśvarīstotraṃ śrīsiddhasārasvatāparaparyāyaṃ jayajayaharikavimallabhaṭṭalikhitaṃ samāptaṃ 2) śrīrudrayāmale daśavidyārahasye śrībhuvaneśvarīpaṭalaṃ sampūrṇam 3) iti śrīrudrayāmale tantre daśavidyārahasye śrībhuvaneśvaryā nityapūjanapaddhatiḥ sampūrṇā 4) iti śrīrudrayāmale tantre pārvatīśvarasaṃvāde trailokyamaṅgalam nāma bhuvaneśvarīkavacaṃ samāptam 5) iti śrīrudrayāmale tantre śrībhuvaneśvaryaṣṭakaṃ sampūrṇam 6) iti mahātantrārṇave īśvarapārvatīsaṃvādebhuvaneśvarībhakārādisahasranāma stotraṃ samāptam 7) iti nīlasarasvatītantre bhuvaneśvarīpaṭale śrīdevīśvarasaṃvāde śrībhuvaneśvarīhṛdayastotraṃ samāptam 8) iti śrīrudrayāmale tantre śrībhuvaneśvarīstotraṃ samāptam 9)iti pṛthvīdharācāryapaddhatiṃ śāradātilakaṃ nānātantramatamālambya śrīdā-īdevasampradāyinā mātṛpurasthitena anantadevena viracitāyāṃ bhuvaneśvarīkramacandrikāyāṃ pūjāvivaraṇaṃ nāma tṛtīyaḥ kalpaḥ 10) iti pṛthvīdharācāryaviracitaṃ laghusaptaśatīstotram,
300,M00130,Bhūtaśuddhitantra,,Chatterjee,,,,,17 chapters,,,,,,"['tantric / āgamic literature', 'tantra / āgama']",,,,,,iti śrībhūtaśuddhitantre haragaurīsaṃvāde prathamaḥ paṭalaḥ /// iti śrībhūtaśuddhitantraṃ samāptam,at beginning /// at end
301,M00505,Bhairavastava,,,,,,,,,Śivastuti,,,,['śaiva'],Abhinavagupta,mbP0017,colophon,,,samāptam stavam idam abhinavākhyam padyanavakam,
302,M00202,Makuṭāgama,version 1,,M00202=M00036,vīraśaiva recension,vīraśaiva rescension kriyācaryāpādau,,10 chapters,,,,,,"['tantric / āgamic literature', 'tantra / āgama']",,,,,,iti śrīmakuṭāgame uttarabhāge caryāpāde āśaucavidhikathanaṃ nāma daśamaḥ paṭalaḥ || samāptaścāyaṃ makuṭāgamaḥ,
303,M00036,Makuṭāgama,version 2,Dyczkowski Mark S. G.,M00202=M00036,,,,12 chapters,,,,,,"['tantric / āgamic literature', 'tantra / āgama', 'śaiva', 'śaiva-siddhānta']",,,,,,iti makuṭe kriyāpāde ācāryalakṣaṇavidhirnāma dvādaśaḥ paṭalaḥ,
304,M00525,Makuṭottararahasya,,,,,chapter 3 of makuṭottararahasya,incomplete,only ch. 3,,Mantrayogoddhāra,,,,"['tantric / āgamic literature', 'śaiva']",,,,,,iti śrīmakuṭottararahasye mantrayogoddhāre tṛtīya spandaḥ,
,ilxM00049,Maṇḍalabrāhmaṇopaniṣat,,,,,,,,,,,,,,,,,,,,
305,M00110,Maṇḍalabrāhmaṇopaniṣat Vivaraṇa,,Śāstrī Mahādeva,,,,,,colophon,Maṇḍalabrāhmaṇa Upaniṣat,ilxM00049,commentary,including the mūla,"['tantric / āgamic literature', 'yoga', 'upaniṣad', 'yogopaniṣad', 'yogopaniṣad']",Brahmayogin,mbP0128,colophon,,,śrīvāsudevendraśiṣyopaniṣadbrahmayoginā | maṇḍalabrāhmaṇavyākhyā likhitā brahmagocarā | maṇḍalabrāhmaṇavyākhyāgranthastu triśataṃ smṛtaḥ || iti śrīmadīśādyaṣṭottaraśatopaniṣacchāstravivaraṇe aṣṭacatvāriṃśatsaṃkhyāpūrakaṃ maṇḍalabrāhmaṇopaniṣadvivaraṇaṃ saṃpūrṇam,
306,E0009,Matatrayaikyaprakāśikā,,,,,,,,,,,,,['tantric / āgamic literature'],Aiyaṇācārya,mbP0057,colophon,,,iti śrīmatparamahaṃsaparivrājakācārya sarvatantrasvatantra śrīmadvasudhendratīrtha śrīmaccaraṇakaruṇālayena śrīmanmahānandatīrtha bhagavatpādācāryasiddhānitarasādhāraṇa pravacanādipaṭutara śrīvāṇāturairāmācāryatanaya gopālācāryasununā aiyaṇākhyena viracitāyāṃ trimataikyaprakāśikāyāṃ rāmānujamataikyaprakāśonāma tṛtīyaḥ paricchedaḥ ||  śrīkṛṣṇārpaṇamastu || samāptaścāpaṃ granthaḥ || śrīrastu ,
307,M00515,Madhyapīṭhapūjāvidhi,,,,,,incomplete,lacking explicit+final colophon,,,,,,['tantric / āgamic literature'],,,,,,(...) pūjā paddhati,at beginning
308,M00292,Mantrakoṣa,,,,,,,,,,,,,['tantric / āgamic literature'],Āśāditya Tripāṭhi,mbP0058,colophon,,,āśādityamatīśvaraḥ sakṛtavān śrīratnamaṃtrāvalīkoṣaṃ koṣavataḥ sato bhavati kiṃdāridryabhītiḥ kṣitau || iti śrīmadāśādityatripāṭhīsaṃgṛhītemaṃtrakoṣemudrādikathanaṃ +ADDITIONAL VERSES -  AT END - śrīśāke 1565 pauṣavadi 13 vudhānurādhāyāṃ likhitaṃ manoharasuta śrīmadanaṃtarārmaṇā || śubhamastu || vidhaḥ sarvacarācarasyadaṃ ca nelabdhā pratiṣṭātvayā sarvaṃ sādhumayaṃ kṛtaṃ viracitaṃ cāturyahīnaṃ dvayaṃ | āmraṃ sādhusudhārasaṃ niramitaṃ sthūlena vījena kiṃ nirvīryauvanitā kucauviracitau ced vettayasyāṣutaṃ ,
309,M00229,Mantrakaumudī,,,,,,,,,,,,,['tantric / āgamic literature'],Devanātha Ṭhākura,mbP0059,catalog,Mahāmahopādhyāya Śrīdevanatha,colophon,iti śrītarkapañcānanamahāmahopādhyāyaśrīdevanathakṛtā mantrakaumudī samāptā,
310,M00635,Mantracandrikā,,,,,,incomplete,,,,,,,"['tantric / āgamic literature', 'tantra / āgama']",Gosvāmi Janārdanaḥ,mbP0060,colophon,Śrī Gosvāmi Jagannivāsa Ātmaja Śrī Gosvāmi Janārdana Bhaṭṭa,colophon,itiśrīgosvāmijagannivāsātmajaśrīgosvāmijanārdanabhaṭṭaviracitāyāṃmaṃtracaṃdrikāyāmekādaśaḥprakāśaḥ itiśivaprakaraṇaṃ samāptaṃ,towards end
311,M04003,Mahāguhyakālīvidhāna,version 1,,M04003=M00516,,,incomplete,,,,,,,['tantric / āgamic literature'],,,,,,iti yoginīhṛdaye guhyekālīrahasya devasya deharakṣakakavacannāma stotraṃ samāptaṃ,towards beginning
312,M00516,Mahāguhyakālīvidhāna,version 2,,M04003=M00516,(almost) same as M04003,,incomplete,(almost) same as M04003,,,,,,"['tantric / āgamic literature', 'śaiva']",,,,,,no,
314,M00033,Mahānayaprakāśa,,Dyczkowski Mark S. G.,,,not the same text as M00034,,,,,,,,"['tantric / āgamic literature', 'śaiva', 'non-dual śaivism of Kashmir', 'kālīkula / krama']",Śitikaṇṭha,mbP0061,colophon,Śrī Mahāmāheśvarācārya Varya Śrī Śitikaṇṭha Ācārya,colophon,iti śrīmahāmāheśvarācāryavarya-śrīśitikaṇṭhācāryaviracite mahānayaprakāśe caturdaśa udayaḥ || samāptaścāyaṃ mahānayaprakāśaḥ + TILAKA,
315,M00034,Mahānayaprakāśa,,Śāstrī K. S.,,,not the same text as M00033,incomplete,lacking explicit+final colophon,,,,,,"['tantric / āgamic literature', 'śaiva', 'non-dual śaivism of Kashmir', 'kālīkula / krama']",,,,,,iti śrīmahānayaprakāśe sarvavailakṣaṇyapratipādano nāma prathamollāsaḥ,towards beginning
,ilxM00050,Mahānirvānatantra,,,,,,,,,,,,,,,,,,,,
316,M00049,Mahānirvānatantra Ṭīkā,,Arthur Avalon,,,,,only first half,colophon,,ilxM00050,commentary,including the mūla,"['tantric / āgamic literature', 'tantra / āgama']",Hariharānanda Bharati,mbP0143,catalog,John Woodroffe,,iti śrīmahānirvāṇatantre sarvatantrottamottame sarvadharmanirṇayasāre śrīmadādyāsadāśivasaṃvāde pūrvakāṇḍe śivaliṅgasthāpanacaturvidhāvadhūtavivaraṇakathanaṃ nāma caturdaśollāsaḥ | samāpto'yaṃ pūrvārdhaḥ | tejaḥsu tejasviṣu || iti śrīmahānirvāṇatantraṭīkāyāṃ caturdaśollāsaḥ,
317,M00552,Mahāpratyaṅgīrā,,,,,,uncertain,yes?,,,,,,[''],,,,,,ityāryyamahāpratyaṃgirāyāṃ śakraparivarttanonāma /// yādṛṣṭaṃ puṣṭakaṃ dṛṣṭvāḥ tādṛṣṭaṃ likhitaṃ mayā || yadī suddhamasuddhambāḥ mama dokho na dīyate || hraśva dīrgha na jānāniḥ śvodhanīyamatujanai || saṃpūrṇasiddhidvayaḥ putrapautrahitāya || śrīśrīśrīmahāvairocanasatgurūmāhāmañjuśrīprītirastu śubhaṃ bhūyāt || śubhaṃ ,in middle /// at end
318,M00524,Mahābhairavapūjā,,,,,,incomplete,lacking explicit + final colophon,,,,,,"['tantric / āgamic literature', 'śaiva', 'Paddhati']",,,,,,no,
319,M00205,Mahāyāgakrama,,,,,,,,,,,,,['tantric / āgamic literature'],Bhāskararāya,mbP0062,colophon,,,śrītantrarāje pañcatriṃśapaṭale bhāvanopaniṣatpratipādita mahāyāgakramasyopabrahmaṇaślokāḥ /// iti kaulamārgapārāvārapārīṇa śrīmadbhāskararāyaviracitaṃ kaulopaniṣadbhāṣyaṃ saṃpūrṇam,in middle /// at end
320,M00035,Mahārthamañjarī,,Śāstrī Gaṇapati,,,with the parimala commentary,,,,,,,,"['tantric / āgamic literature', 'śaiva', 'non-dual śaivism of Kashmir', 'kālīkula / krama']",Maheśvarānanda,mbP0063,colophon,,,iti śrīmahāprakāśaśiṣyasya gorakṣāparaparyāyasya śrīmanmaheśvarānandasya kṛtirmahārthamañjarīparimalaḥ sampūrṇaḥ + ADDITIONAL VERSES,
321,M04004,Mahālakṣmīdīpadānavidhiḥ,,,,,,,,,,,,,"['tantric / āgamic literature', 'śākta']",,,,,,iti śrīśrī śrīmahālakṣmīsake mahādīpacchota kāyā vidhiḥ samāptaḥ,
322,M00407,Mahālakṣmīpūjāvidhiḥ,,,,,,incomplete,lacking explicit+final colophon,,,,,,"['tantric / āgamic literature', 'śākta']",,,,,,no,
,ilxM00051,Mahāvākyopaniṣat,,,,,,,,,,,,,,,,,,,,
323,M00109,Mahāvākyopaniṣat Vivaraṇa,,Śāstrī Mahādeva,,,encoding of all diacritics is flawed ,,yes ,colophon,Mahāvākya Upaniṣat,ilxM00051,commentary,including the mūla,"['tantric / āgamic literature', 'yoga', 'upaniṣad', 'yogopaniṣad', 'yogopaniṣad']",Brahmayogin,mbP0128,colophon,,,iti śrīmadīśādyaṣṭottaraśatopaniṣacchāstravivaraṇe dvinavatisaṃkhyāpūrakaṃ mahāvākyopaniṣadvivaraṇaṃ saṃpūrṇam,
324,I00004,Mahotsavavidhi Kriyākramadyotikā,,,,,,,yes (with lacunae),,,,,,"['śaiva', 'śaiva-siddhānta', 'Paddhati']",Aghoraśiva,mbP0028,colophon,Śrīmad Aghoraśiva Ācārya,colophon,Here a few of their colophons: iti śrīparameśvaraparamanāmadheyaśrīmadaghoraśivācāryaviracitāyāṃ kriyākramadyotikāyāṃ nai(jā)yakotsavādibhaktotsavāntavidhiḥ samāptaḥ /// iti parameśvaraparamanāmadheya śrīmadaghoraśivācāryaviracitāyāṃ kriyākramadyotikāyāṃ bṛhattālādiṛkṣotsavāntavidhiḥ samāptaḥ/// iti śrīparameśvaraparamanāmadheya śrīmadaghoraśivācāryaviracitāyāṃ kriyākramadyotikāyāṃ prāyaścittavidhiḥ samāptaḥ,many sections listed at incipit
325,M00131,Mahotsavavidhikrama,,Richard Davis,,,,,,,,,,,"['tantric / āgamic literature', 'śaiva', 'śaiva-siddhānta', 'śaiva-siddhānta post 1100 AD']",Aghoraśiva,mbP0028,colophon,Śrīmad Aghoraśiva Ācārya,colophon,iti parameśvara nāmadheya śrīmadaghoraśivācāryaviracitāyāṃ kriyākramadyotikāyāṃ brahmattālādiṛkṣotsavāntavidhiḥ (k: bṛhattā- -vidhis) samāptaḥ,
,ilxM00052,Mātṛkācakra,,,,,,,,,,,,,,,,,,,,
326,M00341,Mātṛkācakra Viveka,,Pandit Lalita Prasada Dabral,,,,,,colophon,,ilxM00051,commentary,including the mūla,['tantric / āgamic literature'],Svatantrānanda Natha,mbP0065,catalog,,,iti mātṛkācakraviveke turyavivekaḥ pañcamaḥ khaṇḍaḥ || mātṛkācakravivekamūlaṃ sampūrṇam /// iti mātṛkācakravyākhyānaṃ sampūrṇam,almost at end /// at end
327,M00634,Mātṛkātantra,,,,,,,,,,,,,"['tantric / āgamic literature', 'tantra / āgama']",,,,,,oṃsamāptaṃcedaṃ || oṃ śrīmātṛkātantraṃsampūrṇam (amudritam) ,
328,M00626,Mātṛkārṇanighaṇṭu,,,,,,,,,,,,,['śaiva'],Bhānu Dīkṣitaḥ,mbP0066,colophon,,,itiśrīmatsakalavidvānmaṃḍalīmaṃḍanaśrīdikṣitanārāyaṇatanayadī(*)bhānunāviracitomātṛkārṇanighaṃṭaḥsamāptiti,
329,M00158,Mālinīvijayavārtika,,,,,,,2 chapters,,,M00160,commentary,including the mūla,"['tantric / āgamic literature', 'śaiva', 'non-dual śaivism of Kashmir']",Abhinavagupta,mbP0017,colophon,Śrīman Mahāmāheśvara Ācārya Varya Abhinavagupta,colophon,pravarapuranāmadheye pure pūrve kāśmīriko'bhinavaguptaḥ | mālinyādimavākye vārtikametadracayati sma || iti śrīmanmahāmāheśvarācāryavaryābhinavaguptapādaviracite śrīmālinīvijayottaraślokavārtike dvitīyaḥ kāṇḍaḥ || śubhāya(?) bhavītu ||,
330,M00160,Mālinīvijayottaratantra,,Śāstrī M.R.,,,,,,,Mālinīvijayatantra,,,,"['tantric / āgamic literature', 'tantra / āgama']",,,,,,iti śrīmālinīvijayottare tantre trayoviṃśatitamo'dhikāraḥ || samāptaṃ cedaṃ mālinīvijayottaraṃ nāma mahātantram,
331,M00225,Māheśvaratantra,,,,,,,,,,,,,['tantra / āgama'],,,,,,iti śrīmanmāheśvaratantre uttarakhaṇḍe śivomāsaṃvāde ekapañcāśatamaṃ paṭalam || samāptamidaṃ śrīmāheśvaraṃ tantram,
332,M00424,Mukuṭāgama,,,,,,,,,,,,,"['tantra / āgama', 'śaiva']",,,,,,iti makuṭasaṃhitāyāṃ sārasaṅgrahe trisahasrassamāptaḥ || hariḥ oṃ || śivakāmasundarīsameta citsabheśvarāya namaḥ || devī sahāyam || śubhamastu ,
333,M00537,Muṇḍamālātantra 1,,Rasika Mohana Caṭṭopādhyāya,,,,,,,,,,,['tantra / āgama'],,,,,,iti muṇḍamālātantre mantrasiddhistotrakavacaṃ nāma daśamaḥ paṭalaḥ || iti prathamaṃ muṇḍamālātantraṃ samāptam,
334,M00538,Muṇḍamālātantra 2,,Rasika Mohana Caṭṭopādhyāya,,,,,,,,,,,['tantra / āgama'],,,,,,iti dvitīye muṇḍamālātantre ṣaṣṭhaḥ paṭalaḥ || samāptaścāyaṃ granthaḥ,
335,M00627,Mudrāprakāśa,,,,,,incomplete,lacking explicit+final colophon,,,,,,['śaiva'],Rāma Kiśora,mbP0117,incipit ,,, natvāgurupadaṃrāmakiśoreṇeṣṭasiddhidaṃ sādhakānāṃmudemudrāprakāśoyaṃviracyate,almost at beginning
,ilxM00052,Mṛgendrapaddhati,,,,,,,,,,,,,,Aghoraśivācārya,mbP0028,incipit ,,,,
336,M00212,Mṛgendrapaddhati Ṭīkā,,,,,,,,colophon,,ilXM00052,commentary,including the mūla,"['tantric / āgamic literature', 'śaiva', 'śaiva-siddhānta', 'Paddhati']",Vaktraśambhu,mbP0145,colophon,,,iti lakṣadvayādhyāpakaśrīmadaghoraśivācāryaraci (***) nityārcanavidhiḥ samāptaḥ ////  śrīnaṭeśvareṇa guruṇā vaktrādinā śambhunā śrīmacchaṅkarasūnunā viracitā ṭīkā samāptā || śrīmacchrīmṛgendrarājapaddhatiriti prāptaprathāyāḥ kṛtorādhyasya dīyapāśavipinacchede kuṭhārātmanaḥ || iti mṛgendrapaddhatiṭīkā samāptā,towards beginning /// at end
337,M00255,Mṛgendravṛtti Dīpikā,,,,,,incomplete,lacking explicit+final colophon,colophon,,ilxM00053,sub-commentary to ilxM00105,,"['tantric / āgamic literature', 'śaiva', 'śaiva-siddhānta']",Aghoraśivācārya,mbP0028,catalog,,,bhaṭṭanārāyaṇakaṇṭhaviracitamṛgendravṛttyāḥ vyākhyā,
,ilxM00105,Mṛgendrāgama Vṛtti,,,,,,,,,,ilxM00053,commentary,,,,,,,,,
338,M00037,Mṛgendrāgama Dīpikā And Vṛtti,,Dyczkowski Mark S. G.,,,,,,colophon,,"ilxM00053, ilxM00105, M00255",commentary and sub-commentary together in one file,including the mūla,"['tantric / āgamic literature', 'tantra / āgama', 'śaiva', 'śaiva-siddhānta']","Aghoraśiva Ācārya, Bhaṭṭa Nārāyaṇa Kaṇṭha","mbP0028, mbP0094 ","colophon, colophon",,,ityaghoraśivācāryaviracitāyāṃ mṛgendravṛttidīpikāyām adhvaprakaraṇaṃ samāptam ///  iti śrībhaṭṭavidyākaṇṭhātmajaśrībhaṭṭanārāyaṇakaṇṭhaviracitāyāṃ mṛgendravṛttau yogapādassamāptaḥ,towards end /// at end
,ilxM00053,Mṛgendrāgama,,,,,,,,,,,,,,,,,,,,
339,M00644,Mṛtitattvānusmaraṇa Bhṛṅgīśasaṃhitā,,,,,,uncertain,? yes - check title,,,,,,['tantra / āgama'],,,,,,itiśrībhṛṅgīśasaṃhitāyāṃbhairavībhairavasaṃvādemṛttitatvānusmaraṇecaturthaḥpaṭalaḥ /// itimantraṃpaṭhitvācadīpāndadyāthāvidhivividhā itiśubham mṛtisandhāna,towards end /// at end
340,M00413,Mṛtyuñjayakalpa,,,,,,uncertain,yes?,,,,,,['tantra / āgama'],,,,,,iti śrī mṛtyuñjayakalpa sarvopadravaphalaśāntikaṃ saṃpāptaṃ + additional text,
341,M00553,Mṛtyuṇjayanityārcanavidhi,,,,,,incomplete,lacking explicit+final colophon,,,,,,"['tantra / āgama', 'Paddhati']",,,,,,atha śrīgaṇapatyādi caturāyatanāṅgasahita śrīmṛtyuñjayanityārccanapaddhati likhyate,at beginning
342,M00554,Mṛtyuṇjayapūjāpaddhati,,,,,,uncertain,yes?,,,,,,"['tantra / āgama', 'Paddhati']",,,,,,thvate śanaiścara pāṭhaḥ samāptaḥ || śubhaṃ ||,
343,M00195,Merutantra,,,,,"MB states ""with ṭippani"", but the commentary doesn't seem to be present",,,,,,,,"['tantra / āgama', 'śaiva']",,,,,,iti śrīmahāmāyāmahākālānumate merutantre śivapraṇīte kārttavīryyārjunamantrakathanaṃ nāma pañcatriṃśattamaḥ prakāśaḥ || samāptaścāyaṃ granthaḥ || śubhamastu ,
,ilxM00097,Mokṣasopāna,,,,,,,,,,,,,,,,,,,,
344,M00315,Mokṣasopāna Ṭīkā,,,,,,,,colophon,,ilxM00097,commentary,including the mūla,"['compendium', 'tantric / āgamic literature', 'śākta']",Kāṇḍadvayātītayogī,mbP0067,Catalogus Catalogorum,,,iti mokṣasopānaṭīkā samāptā,
345,M00304,Mohacūḍottara,,,,,,,,,,,,,"['compendium', 'śaiva']",,,,,,ityāgne ye mahātantre pratiṣṭhā tantraṃ mohacūḍottaram | sampūrṇam + additional text,
346,M00657,Yantracintāmaṇi,,,,,,,,,,,,,['tantric / āgamic literature'],Dāmodara,mbP0068,colophon,,,itiśrīdāmodareṇaśivājñākareṇapaṃḍitarājenaviracitoyaṃtraciṃtāmaṇiḥsamāptaḥ,
,ilxM00054,Yogakuṇḍalyupaniṣat,,,,,,,,,,,,,,,,,,,,
347,M00300,Yogakuṇḍalyupaniṣat Vivaraṇa,,Śāstrī Mahādeva,,,,,,colophon,Yogakuṇḍalī Upaniṣat,ilxM00054,commentary,including the mūla,"['tantric / āgamic literature', 'yoga', 'upaniṣad', 'yogopaniṣad', 'yogopaniṣad']",Brahmayogin,mbP0128,colophon,,,iti tṛtīyo'dhyāyaḥ | śrīvāsudevendraśiṣyopaniṣadbrahmayoginā | yogakuṇḍalyupaniṣadvyākhyānaṃ likhitaṃ sphuṭam | kuṇḍalyupaniṣadvyākhyāgranthastu dviśataṃ smṛtaḥ || iti śrīmadīśādyaṣṭottaraśatopaniṣacchāstravivaraṇe ṣaḍaśītisaṃkhyāpūrakaṃ yogakuṇḍalyupaniṣadvivaraṇaṃ saṃpūrṇam,
348,M00536,Yogacintāmaṇi,,,,,,,,,,,,,['yoga'],Śivānanda,mbP0021,colophon,Śivānanda Sarasvatī,colophon,iti śrīmatparamahaṃsaparivrājakācāryaśrīrāmacandrasadānandasarasvatīśiṣya śivānandasarasvatīviracite yogacintāmaṇau caturthaḥ paricchedaḥ samāptaścāyaṃ yogacintāmaṇirgranthaḥ,
,ilxM00055,Yogacūḍāmaṇyupaniṣat,,,,,,,,,,,,,,,,,,,,
349,M00299,Yogacūḍāmaṇyupaniṣat Vivaraṇa,,Śāstrī Mahādeva,,,,,,colophon,Yogacūḍāmaṇi Upaniṣat,ilxM00055,commentary,including the mūla,"['tantric / āgamic literature', 'yoga', 'upaniṣad', 'yogopaniṣad', 'yogopaniṣad']",Brahmayogin,mbP0128,colophon,,,śrīvāsudevendraśiṣyopaniṣadbrahmayoginā | likhitaṃ syādvivaraṇaṃ yogacūḍāmaṇeḥ sphuṭam || cūḍāmaṇivivaraṇamaśītyadhiśatadvayam || iti śrīmadīśādyaṣṭottaraśatopaniṣacchāstravivaraṇe ṣaṭcatvāriṃśatsaṃkhyāpūrakaṃ yogacūḍāmaṇyupaniṣadvivaraṇaṃ saṃpūrṇam,
350,I00015,Yogajāgama,version 1,,I00015=M00250,,,incomplete,,,,,,,"['tantric / āgamic literature', 'śaiva', 'śaiva-siddhānta']",,,,,,iti yogaje pratiṣṭhātantre parivārasthāpanavidhi paṭalaḥ /// Following sections present: parivārasthāpanam| ācāryalakṣaṇam| vighneśasthāpanam| liṅgasthāpanam| ratnaliṅgasthāpanam| pratimālakṣaṇam| tālasajñkhyai| śilalakṣaṇam| dhvajārohaṇam| maṇḍalavidhānam| phalapākavidhim| pañcākṣaram| vibhavaniścayam| naivedyavidhi| agnikāryam| kuṇḍalakṣaṇam| śāntihomam| dīkṣālakṣaṇam| prāsādalakṣaṇam| liṅgalakṣaṇam|,towards beginning /// list of sections
351,M00250,Yogajāgama,version 2,,I00015=M00250,,,incomplete,,,,,,,"['tantric / āgamic literature', 'śaiva', 'śaiva-siddhānta']",,,,,,iti yogaje pratiṣṭhātantre mantrāddhāravidhiḥ paṭalaḥ /// asamāpto'yaṃ granthaḥ,towards beginning /// almost at end
,ilxM00056,Yogatattvopaniṣat,,,,,,,,,,,,,,,,,,,,
352,M00302,Yogatattvopaniṣat Vivaraṇa,,Śāstrī Mahādeva,,,,,,colophon,Yogatattva Upaniṣat,ilxM00056,commentary,including the mūla,"['tantric / āgamic literature', 'yoga', 'upaniṣad', 'yogopaniṣad', 'yogopaniṣad']",Brahmayogin,mbP0128,colophon,,,śrīvāsudevendraśiṣyopaniṣadbrahmayoginā | likhitaṃ syādvivaraṇaṃ yogatattvasya susphuṭam || yogatattvavivaraṇaṃ ṣaṣṭyuttaraśatadvayam || iti śrīmadīśādyaṣṭottaraśatopaniṣacchāstravivaraṇe ekacatvāriṃśatsaṃkhyāpūrakaṃ yogatattvopaniṣadvivaraṇaṃ saṃpūrṇam,
353,M00281,Yogapīṭhakramodaya,,,,,,," text complete, MS incomplete ",,Kramodaya,,,,"['tantric / āgamic literature', 'śaiva', 'kaula', 'kaula early pre 1100 AD']",,,,,,1) yogapīṭhe kramodayo nāma saptamaṃ paṭalaḥ samāptaḥ 2) yogapīṭhe kramodayo nāmastotraṃ samāptaṃ /// 3) samāptaṃ śrīkramodayamiti || śrīmatkarālagrahahetunā prakāsitaṃ mahājñānaṃ siddhi mukti phalapradaṃ | yasmina deśitvadaṃśāstraṃ gṛhe vā yatra tiṣṭhati | yogapīṭhantu tadgṛhaṃ || śrīmahādevena likhitamidaṃ pustakaṃ || samvat 307 pauṣaśudī śukravāre + additional text,in middle /// at end
,ilxM00057,Yogavāsiṣṭha,,,,,,,,,,,,,,Vālmīki,mbP0069,colophon,,,,
354,M00335,Yogavāsiṣṭha Tātparyaprakāśa 1,,Vasudeva Laxmana Sharma Pansikar,,,,,,colophon,,ilxM00057,commentary,including the mūla,['tantric / āgamic literature'],Ānandabodhendra Sarasvatī,mbP0147,catalog,,,ityārṣe śrīvāsiṣṭhamahārāmāyaṇe vālmīkīye vairāgyaprakaraṇe nabhaścaramahīcarasaṃmelanaṃ nāma trayastriṃśaḥ sargaḥ || iti śrīvāsiṣṭhamahārāmāyaṇatātparyaprakāśe vairāgyaprakaraṇe  nabhaścaramahīcarasaṃmelanaṃ nāma trayastriṃśaḥ sargaḥ || samāptamidaṃ vairāgyaprakaraṇam,
355,M00336,Yogavāsiṣṭha Tātparyaprakāśa 2,,Vasudeva Laxmana Sharma Pansikar,,,,,,colophon,,ilxM00057,commentary,including the mūla,['tantric / āgamic literature'],Ānandabodhendra Sarasvatī,mbP0147,catalog,,,ityārṣe śrīvāsiṣṭhamahārāmāyaṇe dvātriṃśatsāhasryāṃ saṃhitāyāṃ vālmīkīye mokṣopāye mumukṣuvyavahāraprakaraṇe sadācāranirūpaṇaṃ nāma viṃśatitamaḥ sargaḥ || iti śrīvāsiṣṭhamahārāmāyaṇatātparyaprakāśe mumukṣuvyavahāraprakaraṇe sadācāranirūpaṇaṃ nāma viṃśatitamaḥ sargaḥ || samāptamidaṃ mumukṣuvyavahāraprakaraṇam,
356,M00337,Yogavāsiṣṭhatātparyaprakāśa 3,,Vasudeva Laxmana Sharma Pansikar,,,,,,colophon,,ilxM00057,commentary,including the mūla,['tantric / āgamic literature'],Ānandabodhendra Sarasvatī,mbP0147,colophon,,,ityārṣe śrīvāsiṣṭhamahārāmāyaṇe vālmīkīye devadūtokte mokṣopāyeṣūtpattiprakaraṇe svarūpanirūpaṇaṃ nāma dvāviṃśatyuttaraśatatamaḥ sargaḥ || iti śrīmatparamāhaṃsaparivrājakācāryaśrīmatsarvajñasarasvatīpūjyapādaśiṣyaśrīmadrāmacandrasarasvatīpūjyapādaśiṣyaśrīmadgaṅgādharendrasarasvatīpūjyapādaśiṣyeṇa śrīmadānandabodhendrasarasvatyākhyabhikṣuṇā viracite śrīvāsiṣṭhamahārāmāyaṇatātparyaprakāśe utpattiprakaraṇe svarūpanirūpaṇaṃ nāma dvāviṃśatyuttaraśatatamaḥ sargaḥ || samāptamidamutpattiprakaraṇam,
357,M00338,Yogavāsiṣṭha Tātparyaprakāśa 4,,Vasudeva Laxmana Sharma Pansikar,,,,,,colophon,,ilxM00057,commentary,including the mūla,['tantric / āgamic literature'],Ānandabodhendra Sarasvatī,mbP0147,colophon,,,ityārṣe śrīvāsiṣṭhamahārāmāyaṇe vālmīkīye devadūtokte dvātriṃśatsāhastryāṃ saṃhitāyāṃ mokṣopāyeṣu sthitiprakaraṇe dviṣaṣṭitamaḥ sargaḥ || iti śrīvāsiṣṭhamahārāmāyaṇatātparyaprakāśe sthitiprakaraṇe dviṣaṣṭitamaḥ sargaḥ || iti śrīmatparamahaṃsaparivrājakācāryaśrīmatsarvajñasarasvatī(-)śrīmadgaṅgādharendrasarasvatīpūjyapādaśiṣyeṇa śrīmadānandabodhendrasarasvatyākhyabhikṣuṇā viracite śrīvāsiṣṭhamahārāmāyaṇatātparyaprakāśe sthitiprakaraṇaṃ samāptam || samāptamidaṃ sthitiprakaraṇam,
358,M00339,Yogavāsiṣṭha Tātparyaprakāśa 5,,Vasudeva Laxmana Sharma Pansikar,,,,,,colophon,,ilxM00057,commentary,including the mūla,['tantric / āgamic literature'],Ānandabodhendra Sarasvatī,mbP0147,colophon,,,ityārṣe śrīvāsiṣṭhamahārāmāyaṇe vālmīkīye devadūtokte dvātriṃśatsāhasryāṃ saṃhitāyāṃ mokṣopāyeṣu upaśamaprakaraṇe samadarśanaṃ nāma trinavatitamaḥ sargaḥ || iti śrīvāsiṣṭhamahārāmāyaṇatātparyaprakāśe upaśamaprakaraṇe samadarśanaṃ nāma trinavatitamaḥ sargaḥ || iti śrīmatparamahaṃsaparivrājakācāryavaryaśrīmatsarvajñasarasvatī(-)śrīmadānandabodhendrasarasvatyākhyabhikṣuṇā viracite śrīvāsiṣṭhamahārāmāyaṇatātparyaprakāśe upaśamaprakaraṇaṃ saṃpūrṇam || samāptamidaṃ upaśamaprakaraṇam ,
359,M00345,Yogavāsiṣṭha Tātparyaprakāśa 6,,Vasudeva Laxmana Sharma Pansikar,,,,,,colophon,,ilxM00057,commentary,including the mūla,['tantric / āgamic literature'],Ānandabodhendra Sarasvatī,mbP0147,colophon,,,ityārṣe śrīvāsiṣṭhamahārāmāyaṇe vālmīkīye devadūtokte mokṣopāyeṣu nirvāṇaprakaraṇe uttarārdhe bālakāṇḍe dvātriṃśacchatasāhasryāṃ saṃhitāyāṃ ṣoḍaśādhikadviśatatamaḥ sargaḥ || iti śrīvāsiṣṭhamahārāmāyaṇatātparyaprakāśe nirvāṇaprakaraṇe uttarārdhe ṣoḍaśādhikadviśatatamaḥ sargaḥ || iti śrīmatparamahaṃsaparivrājakācāryavaryaśrīmatsarvajñasarasvatīpūjyapādaśiṣya(-)śiṣyeṇa śrīmadānandabodhendrasarasvatyākhyabhikṣuṇā viracitaḥ śrīvāsiṣṭhamahārāmāyaṇatātparyaprakāśaḥ saṃpūrṇaḥ || samāptamidaṃ nirvāṇaprakaraṇam | samāpto'yaṃ granthaḥ,
360,M00121,Yogaviṣaya,,"Bagchi, P. C.",,,,,yes - ? title unclear,,,,,,"['tantric / āgamic literature', 'kaula', 'kaula early pre 1100 AD']",Matsyendranātha,mbP0001,colophon,Macchagnapāda,catalog,iti matsyendranāthaviracitaṃ bhaktisaṃ sampūrṇam,
,ilxM00058,Yogaśikhopaniṣat,,,,,,,,,,,,,,,,,,,,
361,M00301,Yogaśikhopaniṣat Vivaraṇa,,Śāstrī Mahādeva,,,,,,colophon,Yogaśikhā Upaniṣat,ilxM00058,commentary,including the mūla,"['tantric / āgamic literature', 'yoga', 'upaniṣad', 'yogopaniṣad', 'yogopaniṣad']",Brahmayogin,mbP0128,colophon,,,iti ṣaṣṭho'dhyāyaḥ || śrīvāsudevendraśiṣyopaniṣadbrahmayoginā | yogaśikhopaniṣado vyākhyānaṃ likhitaṃ sphuṭam | śikhopaniṣado vyākhyāgranthaḥ saptaśataṃ smṛtaḥ || iti śrīmadīśādyaṣṭottaraśatopaniṣacchāstravivaraṇe triṣaṣṭisaṃkhyāpūrakaṃ yogaśikhopaniṣadvivaraṇaṃ saṃpūrṇam,
,ilxM00059,Yogasārasaṃgraha,,,,,,,,,,,,,,,,,,,,
362,M00213,Yogasārasaṃgraha Vṛtti,,,,,,,,*,,ilxM00059,commentary,including the mūla,"['tantric / āgamic literature', 'śaiva', 'śaiva-siddhānta', 'yoga']",Vaktraśambhu,mbP0145 ,catalog,,,iti śrīmadyogasārasaṃgrahe ātmasvarūpanirūpaṇaṃ nāmaṣoḍaśodhyāyaḥ || yamādi ṣoḍaśaparaiḥ kṛtyairātmasthiti kramaḥ | saṃproktaḥ ṣoḍaśādhyāyaiḥ bahusammatibhirdṛḍham || iti || yogasārasaṃgrahaḥ sampūrṇaḥ ,
363,M00503,Yogasārasamuccaya,,,,,,,,,Akulāgamatantra,,,,['yoga'],,,,,,iti śrī akulāgame mahātantre yogasārasamuccaye īśvarapārvatīsamvāde caturāśramādikathanaṃ nāma navamaḥ paṭalaḥ || śubhaṃ || śubhaṃ bhavatu kalyāṇaṃ ārogyaṃ śukhasaṃpadā | mama śatru vināsāya akulāya namostute || yādṛśaṃ pustakaṃ dṛṣṭvā tādṛśaṃ likhitaṃ mayā | yadi śuddhamasuddhambā mama doṣo na dīyate || samvata 791 vaiśākhe kṛṣṇapakṣe ca navamī ravivāsare || śubhaṃ || vāvuhovapāvidhi bhavāṇāpāke rakṣāpare vāsarajanurajaḍāra kasturagoracandana bhūjapatra śvatevāsaranatāparasatapāvakoṣāse tapaḥ bhayanāsajuyu ||,
364,M00064,Yoginitantra,,,,,,incomplete,lacking explicit+final colophon,,,,,,"['tantric / āgamic literature', 'tantra / āgama']",,,,,,iti yoginītantre mahātantrarāje dvāviṃśatisāhasre kāmarūpādhikāre dvitīyabhāge ṣoḍaśaḥ paṭalaḥ || (...) atra paṭalasamāptirnāsti /// ṣoḍaśapaṭalasya kecit ślokāḥ,at end
,ilxM00060,Yoginīhṛdaya,,,,,,,,,,,,,,,,,,,,
365,M00115,Yoginīhṛdaya Dīpikā,,Gopīnātha Kavirāja,,,,,,colophon,,ilxM00060,commentary,including the mūla,"['tantric / āgamic literature', 'tantra / āgama', 'śākta', 'śrī-vidyā']",Amṛtānanda,mbP0148,colophon,,,iti śrīmatparamayogīndrapuṇyānandaśiṣyāmṛtānandayogipravaraviracitāyāṃ yoginīhṛdayadīpikāyāṃ pūjāsaṃketastṛtīyaḥ || samāptaścāyaṃ granthaḥ,
366,M00074,Rudrayamalatantra Uttarakāṇḍa,,Malaviya S.,,,,,9 chapters,,,,,,"['tantric / āgamic literature', 'śaiva', 'kaula', 'kaula later post 1100 AD']",,,,,,iti śrīrudrayāmale uttaratantre mahātantroddīpane siddhamantraprakaraṇe | ṣaṭcakraprakāśebhairavībhairavasaṃvāde vārāṇasīpañcapīṭha(---) | prakāśo nāma navatitamaḥ paṭalaḥ,
367,M00563,Revantapūjā,,,,,,incomplete,lacking explicit+colophon; title is unclear,,,,,,"['tantra / āgama', 'Paddhati']",,,,,,atha yavodhakavidhi likṣate,at beginning
,ilxM00061,Lakṣmītantra,,,,,,,,,,,,,,,,,,,,
368,M00206,Lakṣmītantra Vṛtti,version 1,,M00206=M00332,exact copy/paste,,,,*,,ilxM00061,commentary,including the mūla,"['tantric / āgamic literature', 'tantra / āgama', 'pāñcarātra']",Paṇḍita Kṛṣṇamācārya,mbP0149,catalog,,,iti śrīpāñcarātrasāre lakṣmītantroddhāre (tantrārthasaṃgrahe) rahasyaśāstrārthasāro nāma saptapañcāśo'dhyāyaḥ || lakṣmītantraṃ samāptam,
369,M00332,Lakṣmītantra Vṛtti,version 2,,M00206=M00332,exact copy/paste,,,,*,,ilxM00061,commentary,including the mūla,"['tantric / āgamic literature', 'vaiṣṇava', 'pāñcarātra']",Paṇḍita Kṛṣṇamācārya,mbP0149,catalog,,,iti śrīpāñcarātrasāre lakṣmītantroddhāre (tantrārthasaṃgrahe) rahasyaśāstrārthasāro nāma saptapañcāśo'dhyāyaḥ || lakṣmītantram samāptam,
,ilxM00062,Laghuyogavāsiṣṭha,,,,,,,,,,,,,,Abhinanda,mbP0118,colophon,,,,
370,M00351,Laghuyogavāsiṣṭha Vāsiṣṭhacandrikā,,Vasudeva Sharma Panasikara,,,,,,colophon,,ilxM00062,commentary,including the mūla,['tantric / āgamic literature'],Ātmasukha,mbP0146,Cat. Cat.,,,iti śrītarkavāgīśvarasāhityācāryagauḍamaṇḍalālaṃkāraśrīmadabhinanda(...)bharadvājopākhyāne nirvāṇaprakaraṇe śrīvasiṣṭharāmacandrasaṃvādo nāma aṣṭādaśaḥ sargaḥ || samāpto'yaṃ granthaḥ,
,ilxM00063,Pañcastavī,,,,,,,,,,,,,,Dharmācārya,mbP0109,colophon ,,,,
371,M00306,Laghustava Ṭīkā,,,,,,,only 1st chapter of the pañcastavī,colophon,,ilxM00063,commentary,including the mūla,['śākta'],Harabhaṭṭa Sastrī,mbP0129,colophon,,,iti śrīdharmācāryaviracitāyāṃ pañcastavyāṃ laghustave śrīmahāmāheśvarapaṇḍitaharabhaṭṭaśāstrikṛtā ṭīkā sampūrṇā || yatra traipurakandasaṃjñakamanuṃ mūlaṃ vyavaṣṭabdhavān atyarthaṃ kulasundarīmanutaruḥ śākhopaśākhātateḥ | utphullo vividhai rasodbharaphalaiḥ saṃpūrayan svāśritāṃstasmin prāthamike stave vivaraṇaṃ pūrṇaṃ parānugrahāt,
,ilxM00064,Laghustuti,,,,,,,,,,,,,,Laghubhaṭṭāraka,mbP0070,colophon,,,,
372,M00355,Laghustuti Vṛtti,,,,,,,,colophon,,ilxM00064,commentary,including the mūla,['śākta'],Rāghavānanda,mbP0150,(towards) incipit,,,evamekādhikaślokaviṃśatyā śāradāstutiḥ | laghubhaṭṭārakaiḥ kḷptā bhaktānāṃ bhuktimuktidā || kṛṣṇānandamunīśvarasya kṛpayā turyāśramaṃ yo'śramaṃ prāpyāmnāyaśiro'dhirūḍhamavagamyātmānamapyātmanā | āsādyāpi ca paddhatiṃ śivamayīmānandanāthād gurorānandāntikarāghavo muniragāt tṛptiṃ sa vṛttiṃ vyadhāt || kṛṣṇastrilocana iti tripurendireti brahmeti vā yaduditaṃ paratattvamekam | saccitsukhaikatanave praṇato'smi tasmai sarvātmane sakalabandhavidāraṇāya || samāpto'yaṃ granthaḥ || śubhaṃ bhūyāt ,
,ilxM00065,Śrīlalitāsahasranāmastotra,,,,,,,,,,,,,,,,,,,,
373,M00057,Śrīlalitāsahasranāmastotra Bhāṣya,,Vāsudev Lakṣmaṇa Śāstrī Paṇśīkar,,,,,,colophon,,ilxM00065,commentary,including the mūla,"['tantric / āgamic literature', 'śākta']",Bhāskararāya,mbP0062,colophon,,,iti śrīmatpadavākyapramāṇapārāvārapārīṇadhurīṇasarvatantrasvatantra śrīmadgambhīrarāyadīkṣitasūrisūnunā bhāratyupākhyena bhāskararāyeṇa bhāsurānandanāthetidīkṣānāmaśālinā praṇītaṃ saubhāgyabhāskarākhyaṃ brahmāṇḍapurāṇīyaśrīlalitārahasyanāmasahasrabhāṣyaṃ sampūrṇam || sampūrṇo'yaṃ granthaḥ,
374,M00252,Lalitāgama,,,,,saṃprokṣaṇavidhimātram,fragments,excerpt,,,,,,"['tantric / āgamic literature', 'tantra / āgama', 'śaiva', 'śaiva-siddhānta']",,,,,, lalitāgame saṃprokṣaṇavidhiḥ,at beginning
,ilxM00066,Lalleśvarīvākyāni,,,,,,,,,,,,,,Lalleśvarī,mbP0071,colophon,"Lal Ded, Lallā","catalog, colophon",,
375,M00032,Lalleśvarīvākyāni Vṛtti,,,,,,,,*,,ilxM00066,commentary,including the mūla,['śaiva'],Bhāskara (Rāya?),mbP0062,colophon,,,śrīlallāyoginīvākyajātaṃ ṣaṣṭhyā mayā sphuṭam | ślokānāṃ bhāskareṇeha dṛbdhamastu śivārpaṇam || iti lalleśvarī vākyāni rājānakabhāskarakṛtārthacchāyāpadyopetāni samāptāni,
,ilxM00067,Liṅgadhāraṇacandrikā,,,,,,,,,,,,,,Nandīśvara,mbP0072,catalog,,,,
376,M00333,Liṅgadhāraṇacandrikā Vyākhyā,,,,,,,,colophon,,ilxM00067,commentary,including the mūla,['śaiva'],Śivakumāra Miśra,mbP0151,colophon,,,iti śrīmadvedavedāntasmṛtipurāṇāgametihāsasakalaśāstraprasiddha(---)na(-)śrīmannandīśvarakṛtaliṅgadhāraṇacandrikāyāṃ dvitīyo bhāgaḥ | basaveśvarapautreṇa maheśācāryasūnunā | nandīśvareṇa racitā liṅgadhāraṇacandrikā || liṅgadhāraṇacandrikā saṃpūrṇā || śrīkṣetrakāśīsthamahāmahopādhyāyapaṇḍitaśivakumāramiśraviracitā śarannāmno vyākhyā samāptā,
377,M00514,Liṅgārcanatantra,,,,,,incomplete,lacking explicit+final colophon,,,,,,['tantra / āgama'],,,,,,iti liṅgārcanatantre harapārvatī saṃvāde dvādaśaḥ paṭalaḥ,almost at end
378,M00219,Vātulottarāgama,,,,,,incomplete,,,Vātulottaratantra,,,,"['śaiva', 'śaiva-siddhānta']",,,,,, iti śrīvātulottare prāyaścittakāṇḍe bhūkampādipratisūryadarśanaśāntividhirnāma ekacatvāriṃśatpaṭalaḥ /// iti parameśvaratantre aṣṭatriṃśatpaṭalaḥ,towards beginning /// towards end
,ilxM00068,Varivasyārahasya,,,,,,,,,,,,,,Bhāskararāya,mbP0062,colophon,Bhāratī Dīkṣita Ātmajena Bhāskara Rāyā Paranāmnā Bhāsurānanda Nāthena,colophon,,
379,M00098,Varivasyārahasya Vyākhyāna,,Śāstrī Subrahmanya,,,,,,colophon,,ilxM00068,auto-commentary,including the mūla,"['tantric / āgamic literature', 'śākta']",Bhāskararāya,mbP0062,colophon,,,iti śrīmatpadavākyapramāṇapārāvārapārīṇasarvatantrasvatantraśrīnṛsiṃhānandanāthacaraṇāravindamilindena śrīmadgambhīrarāyabhāratīdīkṣitātmajena bhāskararāyāparanāmnā bhāsurānanda nāthena praṇītaṃ savyākhyānaṃ varivasyārahasyaṃ saṃpūrṇam,
,ilxM00069,Varuṇapaddhati,,,,,does not seem the same text as M00223,,,,,,,,,,,,,,,
380,I00002,Varuṇapaddhati Vilocana,version 1,,I00002=M00240,,,incomplete,lacking explicit+final colophon,colophon,,ilxM00069,commentary,including the mūla,"['śaiva', 'śaiva-siddhānta', 'Paddhati']",Nigamajñānadeva,mbP0072,colophon,,,iti śrīmadyāghrapuranivāsi vāmadevātmajanigamajñānadevaviracitavaruṇapaddhati vyākhyāne vilocanākhyāne pratiṣṭhābījaprakaraṇadvitiyam,towards end
381,M00240,Varuṇapaddhati Vilocana,version 2,,I00002=M00240,,,incomplete,lacking explicit+final colophon,colophon,,ilxM00069,commentary,including the mūla,"['tantric / āgamic literature', 'śaiva', 'śaiva-siddhānta', 'Paddhati']",Nigamajñānadeva,mbP0072,colophon,,,iti śrīmadvyāghrapuravāsinīgamajñānadevaviracitavaruṇapaddhativyākhyāne vilocanākhyāne dīkṣā prakaraṇaṃ prathamam athaiva ...,in middle
382,M00641,Vāñchākalpalatā,,,,,,uncertain,yes ?,,,,,,"['tantric / āgamic literature', 'tantra / āgama']",,,,,,itiśrīmatripurasuṃdaryāvāñchākalpalatopasthānaḥ prayogaḥ samāptaḥ + additional text /// itiśrīnāradapurāṇesaṃkaṣṭanāśanaṃnāmagaṇeśastotraṃ sampūrṇam,towards end /// at end
383,I00012,Vātulāgama,,,,,,fragments,a few excerpts/topics from vatulāgama (mainly Nityārcanāvidhipaṭala),,,,,,"['tantric / āgamic literature', 'śaiva', 'śaiva-siddhānta']",,,,,,iti vātula tantre sahastra grantha saṃhitāyāṃ nityārcana paṭalaḥ samāptaḥ,towards end
,ilxM00070,Vātūlanāthasūtra,,,,,,,,,,,,,,Vatūlanātha,mbP0073,incipit ,,,,
384,M00099,Vātūlanāthasūtra Vṛtti,,Śāstrī M K,,,,,,colophon,,ilxM00070,commentary,including the mūla,"['tantric / āgamic literature', 'non-dual śaivism of Kashmir']",Anantaśaktipāda,mbP0152,colophon,,,iti paramarahasyaṃ vāgvikalpaughamuktaṃ bhavavibhavavibhāgabhrāntimuktena samyak | kṛtamanupamamuccaiḥ kenaciccidvikāsādakalitaparasattāsāhasollāsavṛttyā || samāpteyaṃ śrīmadvātūlanāthasūtravṛttiḥ | kṛtiḥ śrīmadanantaśaktipādānām,
,ilxM00071,Vāmakeśvarīmata,,,,,,,,,,,,,,,,,,,,
385,M00097,Vāmakeśvarīmata,,Śāstrī M K,,,,,,colophon,Nityāṣoḍaśikārṇava,ilxM00071,commentary,including the mūla,"['tantric / āgamic literature', 'tantra / āgama', 'śākta', 'śrī-vidyā']",Jayaratha,mbP0136,colophon,,,iti rājānakaśrīmajjayarathaviracitaṃ śrīvāmakeśvarīmatavivaraṇaṃ saṃpūrṇam,
386,M00317,Vārāhītantra,,,,,,uncertain,yes - only pūrvakhaṇḍa,,,,,,"['compendium', 'tantric / āgamic literature', 'tantra / āgama', 'śākta']",,,,,,iti śrīvārāhītaṃtre dakṣiṇāmnāyanirvāṇapade siddhāṃtahomapaddhati nirṇayo nāma yoginī nyāsa mahāvidyā paṃcatriṃśa paṭalaḥ /// iti śrīvārāhītaṃtre (* * *?) || yadakṣarapadabhraṣṭaṃ mātrāhīnaṃ ca yad bhavet | tatsarvaṃ kṣamyatāṃ devi prasīda parameśvarī || vārāhītaṃtrapūrvakhaṇḍa ,before end /// at end
,ilxM00072,Vārāhopaniṣat,,,,,,,,,,,,,,,,,,,,
387,M00298,Vārāhopaniṣat,,Śāstrī Mahādeva,,,,,,colophon,Vārāha Upaniṣat,ilxM00071,commentary,including the mūla,"['tantric / āgamic literature', 'yoga', 'upaniṣad', 'yogopaniṣad', 'yogopaniṣad']",Brahmayogin,mbP0128,colophon,,,iti pañcamo'dhyāyaḥ | śrīvāsudevandraśiṣyopaniṣadbrahmayoginā | varāhopaniṣadvyākhyā likhitā brahmagocarā | varāhopaniṣadvyākhyāgranthajātaṃ catuśśatam || iti śrīmadīśādyaṣṭottaraśatopaniṣacchāstravivaraṇe aṣṭanavatisaṃkhyāpūrakaṃ varāhopaniṣadvivaraṇaṃ saṃpūrṇam,
388,T00241,Varuṇapaddhati Vyākhyāna,,,,,,,2 chapters,colophon,,ilxM00069,commentary,including the mūla,"['tantric / āgamic literature', 'Paddhati']",Bhaṭṭa Śivottama,mbP0153,colophon,,,iti bhaṭṭa śivottamakṛtau pratiṣṭhāviveka prakaraṇaṃ dvitīyam,
389,M00223,Vāruṇapaddhati,,,,,"does not seem to be the mūla of I00002, M00240 and T00241 (i.e., ilxM00069)",uncertain,yes ?,,Ātmārthapujāpaddhati,,,,"['tantric / āgamic literature', 'śaiva', 'Paddhati']",Varuṇaśivācārya,mbP0074,catalog,,,ityātmārthapūjāpaddhatyāṃ bhikṣābhojanavidhiḥ || hariḥ om śubhamastu + additional text,
390,E0010,Vijayottaratantra,,,,,,incomplete,incomplete (only a few middle-section paṭalas),,Trisahasrasaṃhitā,,,,"['tantric / āgamic literature', 'śaiva', 'śaiva-siddhānta']",,,,,,iti vijayatantre trisahasrasaṃhitāyāṃ (---) bhaktotsava paṭalaḥ || iti vijayottaratantraṃ samāptam,
391,M00150,Vijñānabhairava Kaumudī,version 1,Śāstrī M R,M00347=M00150,exact copy/paste,,,,colophon,,M00271,commentary,including the mūla,"['tantric / āgamic literature', 'śaiva', 'non-dual śaivism of Kashmir', '', '', 'Photographic facsimile', '[ View in PDF](../TEXTS/KSTS/KSTS009/PDF/PDF.pdf)', '']",Bhaṭṭa(/Āraka) Ānanda,mbP0154,colophon,,,iti vijñānabhairavam nāma yogaśāstram samāptam /// + 3 additional verses ending in: vedasaptarṣivedāntyayugābdamadhupakṣatau | vijñānakaumudīmetām bhaṭṭānando vyakāsayat + TILAKA,
392,M00271,Vijñānabhairava,,,,,,incomplete,lacking explicit+colophon,,,,,,['tantric / āgamic literature'],,,,,,vijñānabhairavabhaṭṭārakoyaṃ likhyate,at beginning
393,M00347,Vijñānabhairava Kaumudī,version 2,Pandit Mukunda Rama Shastri,M00347=M00150,exact copy/paste,,,,colophon,,M00271,commentary,including the mūla,['non-dual śaivism of Kashmir'],Bhaṭṭa(/Āraka) Ānanda,mbP0154,colophon,,,iti śrī vijñānabhairavanāma yogaśāstraṃ samāptam + additional verses /// samāpteyaṃ vijñānakaumudī nāma vijñānabhairavaṭīkā | kṛtistatrabhavatkāśmīrikabhaṭṭārakānandakasya +additional verses,
,ilxM00106,Vijñānabhairava Vivṛti,,,,,,,,,,M00271,commentary,,,Kṣemarāja,mbP0049,,,,,
,ilxM00107,Vijñānabhairava Uddyota,,,,,,,,,,M00271,commentary,,,Śivopādhyāya,mbP0155,,,,,
394,M00100,"Vijñānabhairava Vivṛti, Uddyota, Kaumudi",,,,2nd volume/pdf is the same text as M00347,,,,colophon,,"M00271, ilxM00106, ilxM00107, M00347=M00150",3 commentaries in two pdf files,including the mūla,"['tantric / āgamic literature', 'non-dual śaivism of Kashmir', '', '', 'Photographic facsimile volume 1', '[ View in PDF](../TEXTS/KSTS/KSTS008/PDF/PDF.pdf)', '', 'Photographic facsimile volume 2', '[ View in PDF](../TEXTS/KSTS/KSTS009/PDF/PDF.pdf)', '']","Kṣemarāja, Śivopādhyāya, Bhaṭṭa(/Āraka) Ānanda","mbP0049 ,mbP0155, mbP0154","colophon, colophon, colophon",,,end of 1st vol.) samapto'yam vijñānabhairavoddyotaḥ | kṛtiḥ śrīmadgovindagurusundarakaṇṭhapādapadmānujīvinaḥ śivopādhyāyasya iti śivam + tilaka /// end of 2nd vol.)  samāpteyaṃ vijñānakaumudī nāma vijñānabhairavaṭīkā | kṛtistatrabhavatkāśmīrikabhaṭṭārakānandakasya,in two volumes
395,M00295,Vimalāvatītantra,,,,,,incomplete,lacking explicit+final colophon,,,,,,"['tantric / āgamic literature', 'tantra / āgama', 'śaiva-siddhānta', 'śaiva-siddhānta post 1100 AD']",Vimalaśiva,self-reference (in middle of text),mbP0037,,,vimalāvatyāṃ pūjāsidhiḥ prathamaḥ,almost at beginning
396,M00619,Viraktotpattikriyālakṣaṇa,,,,,,fragments,excerpt ,,,,,,"['śaiva', 'vīraśaiva']",,,,,,śrīrastu viraktotpattiḥ uttaravātule pramathapara śivasaṃvāde,at beginning
,ilxM00072,Virūpākṣapaṇcāśikā,,,,,,,,,,,,,,,,,,,,
397,M00535,Virūpākṣapaṇcāśikā Vivṛti,,T. Gaṇapati Śāstrī,,,,,,colophon,,ilxM00072,commentary,including the mūla,"['tantric / āgamic literature', 'śaiva', 'non-dual śaivism of Kashmir', 'pratyabhijñā']",Śrī Vidyā Cakravartin,mbP0156,colophon,,,iti śrīvirūpākṣapañcāśikāyāṃ mahāmāheśvaravidyācakravartikṛtavivṛtisametāyāṃ vibhūtiskandhaścaturthaḥ || svarūpapratyabhijñānamanāyāsena lipsubhiḥ | pañcāśikāsuviśadā vṛttireṣā niṣevyatām || kṛteyaṃ vivṛtirladhvī śrīvidyācakravartinā | govindacandradhīnāmni nikaṣe viniveśitā || namaḥ śivāya gurave devāyānandamūrtaye | parabrahmasvarūpāya devadevāya śambhave || samāptaścāyaṃ granthaḥ,
398,M00620,Vivekacintāmaṇi,,,,,,incomplete,lacking explicit+final colophon,,,,,,"['śaiva', 'vīraśaiva']",Liṃgarāja,mbP0075,colophon,,,iti śrīmatpadavākyapramāṇapārāvārīṇaśrīharapuranañjarājagarbhapayaḥpārāvārasudhākareṇa cāmāṃbāgarbhaśuktimuktāphalena śrīmadumāramaṇacaraṇasaroruhabhṛṃgāyamānanijacittena śaraṇāgatabharaṇāyatakaruṇāyutanijavīkṣaṇena śrīliṃgarājena viracite vivekaciṃtāmaṇivivaraṇe śrīliṃgarājīye sakalavidvajjanakirīṭāyamāne vedādisarvārthaprakāśakaḥ prathamaḥ paricchedaḥ || samāptaḥ /// apūrṇa,towards end /// at end
399,M00614,Viśeṣārthaprakāśikā,,,,,,,5 chapters,,,,,,"['tantric / āgamic literature', 'śaiva', 'vīraśaiva']",Śrī Māyideva,mbP0119,colophon,,,iti śrīmāyidevaviracite śivasiddhāntataṃtre viśeṣārthaprakāśake guruśiṣyasaṃvāde dehāvasānaṃ nāma paṃcamādhikaraṇaṃ saṃpūrṇam,
400,M00101,Viśvasāratantra,,Chatterji,,,,,,,,,,,"['tantric / āgamic literature', 'tantra / āgama']",,,,,,"iti śrīviśvasāratantre sarasvatyāḥ kavacaṃ samāptam || + this note: iti ḍhākāvibhāgera antaḥpātī māṇikagañja upavibhāgera adhīna butunīgrāmanivāsī / ānandamohanacaṭṭopādhyāyera putra śrīrasikamohana caṭṭopādhyāya kartṛka saṅkalita, sampādita o prakāśita tantrasārādi vividhamūlatantrasaṃgrahe viśvasāra nāma mahātantra samāpta",
401,M00656,Vīracūḍāmaṇi,,,,,,incomplete,lacking explicit+final colophon,,Muṇḍamālā,,,,['tantric / āgamic literature'],,,,,,iticūḍāmaṇaukāmyanitya-ekādaśaḥpaṭalaḥ /// itimuṃḍamālā prathamapaṭalaḥ,towards end
402,M00613,Vīratantra,,,,,,incomplete,lacking explicit+colophon,,,,,,"['tantra / āgama', 'vīraśaiva']",,,,,,no ,
403,M00604,Vīraśaivasiddhāntottarakaumudī,,,,,"despite the title, it does not contain the same text as M00605",incomplete,,,,,,,"['śaiva', 'vīraśaiva', 'Paddhati']",,,,,,vīraśaivocita śrīmatsiddhāntottarakaumudīm | vakṣye saṃkṣepataḥ śrīmadgadhe(ṇe)ndrān hṛdi bhāvayan /// asaṃpūrṇo'yaṃ granthaḥ,towards beginning /// note at end
404,M00605,Vīraśaivasiddhāntottarakaumudī,,,,,"despite the title, it does not contain the same text as M00604",,yes (contains full chapter of pūjāvidhi),,,,,,"['śaiva', 'vīraśaiva', 'Paddhati']",,,,,,iti śrīvīraśaivasiddhāntottarakomudyāṃ śivapūjāvidhiḥ samāptaḥ ,
405,M00610,Vīraśaivāgama,,,,,,,,,,,,,"['tantra / āgama', 'vīraśaiva']",,,,,,iti vīraśaivāgame sahasrakoṭisaṃhitāyāṃ prāṇaliṅgasaṃbandhānāṃ bhaktistalaṃ nāma prathamaḥ paṭalaḥ /// asamāpto'yaṃ granthaḥ asaṃpūrṇaśca ,in middle /// note at end
406,M00609,Vīraśaivācārapradīpikā,,,,,,,38 chapters,,,,,,"['śaiva', 'vīraśaiva']",,,,,,iti śrīmadvīraśaivācārapradīpikāyāṃ bhaktādhikyaprakaraṇe śivabhaktadānapūjāmāhātmyakathanaṃnāma aṣṭatriṃśo'dhyāyaḥ,
407,M00611,Vīraśaivānandacandrikā,,,,,,,yes (vādakāṇḍa),,,,,,"['tantric / āgamic literature', 'śaiva', 'vīraśaiva']",Maritoṇṭadārya,mbP0076,colophon,,,iti śrīmadanādinirañjanajaṅgamāparāvatāratoṇṭadasiddheśvaraprasādāsāditasāmbhavāgamāmbhodhimathanajanitaniruttaraikottaraśatasthalabhedabhinnaṣaṭsthalatattvasudhāsvādānandasandohapradāyakācāryavaryamaritoṇṭadāryaviracite yaḍavamurārikoṭekolāhalaikāṅgivīravairisaptāṅgaharaṇapaścimasamudrādhīśvaraviśuddhavaidikādvaitasiddhāntapratiṣṭhāpanācāryakeladisadāśivarāyanāyakavaṃśadugdhārṇavapūrṇacandravīrabhadradharaṇīndradharmapatnīmallāmbāhṛdayānandabasavavasudhāsaṅkrandanopadeśe vīraśaivānandacandrikāyāṃ vādakāṇḍe vīraśaivamatotkarṣatanniṣṭhaśivabhaktotkarṣanirūpaṇaṃ nāma caturviṃśatitamaṃ prakaraṇam || vādakāṇḍaḥ samāptaḥ ,
408,M00612,Vīraśaivotkarṣapradīpikā,,,,,,,,,,,,,"['śaiva', 'vīraśaiva']",Cannabasaveśvara,mbP0077,colophon,Cannabasaveśvara Svāmi,colophon,iti śrīṣaṭsthalacakravartiniraṃjanajaṃgamasvarūpatoṃṭadasiddheśvarakāruṇyaprasādapātrasudhāpurasthacannabasaveśvarasvāmiviracitavīraśaivotkarṣapradīpikā samāptā || śrīḥ || śrīśivābhyāṃ namaḥ +EXTRA PAGE,
409,M00253,Vīrāgama,version 1,,M00253=M00608,,,incomplete,lacking explicit+final colophon,,,,,,"['tantric / āgamic literature', 'tantra / āgama', 'śaiva', 'śaiva-siddhānta']",,,,,,iti vīratantre agrāśanavidhirekonanavatitamaḥ paṭalaḥ /// kumāra sthāpanavidhiḥ (tiruvāḍuduraikośe) asmin paṭale tatra tatra kecana ślokāḥ adhikā dṛśyante | āhatya viṃśati ślokāḥ adhikatayā vidyante || ataḥ saṃpūrṇo'yaṃ paṭalaḥ adholikhyate  /// iti śrī vīratantre ṣaṭsahasrasaṃhitāyāṃ guhasthāpanavidhipaṭalaḥ,towards end /// at end
410,M00608,Vīrāgama,version 2,,M00253=M00608,,,incomplete,lacking explicit+final colophon,,,,,,"['tantra / āgama', 'śaiva', 'vīraśaiva']",,,,,,iti vīratantre dhvajārohaṇavidhiḥ samāptaḥ,towards end 
411,M00618,Vedāntasāravīraśaivacintāmaṇi,,,,,,,"21 ch., uttarakhaṇḍa",,,,,,"['śaiva', 'vīraśaiva']",Niṣṭhūra Naṃjaṇa,mbP0120,colophon,Niṣṭhūra Śrīman Naṃjaṇa Ācārya,colophon,iti śrīvedavedāntaśivāgamasmṛtipurāṇetihāsagītāśāstrapurātanoktisārabhūtavīramāheśvarācārasāroddhāre śivācārakathane niṣṭhūraśrīmannaṃjaṇācārya viracite śrīmadvedāṃtasāravīraśaivaciṃtāmaṇau uttarakhaṃḍe vīramāheśvarānteṣṭikakramo nāmaikaviṃśatiprakaraṇaṃ sampūrṇam,
,ilxM00073,Vyomavyāpistava,,,,,,,,,,,,,,Rāmakaṇṭha,mbP0013,colophon,,,,
412,M00059,Vyomavyāpistava Laghuṭīkā,,,,,,,,colophon,,ilxM00073,commentary,including the mūla,"['tantric / āgamic literature', 'śaiva', 'śaiva-siddhānta']",Vedajñāna,mbP0009,colophon (metathesis),,,guruṇā rāmakaṇṭhena kṛtasya śiśu bodhinīm | vyomavyāpistavasyaikāṃ laghuṭīkāṃ samārabhe /// śrīmadabhrasabheśasya diśyāgneyyāṃ sadāvasan | devajñāna riṣīdreti (ṛṣīndreti) viśṛtobhuvanatraye || tannāmadhāriṇā caiva iyaṃ vyākhyā samīritā | iti vyomavyāpistavaṃ laghuṭīkāsahitaṃ samāptam || śrīgurubhyo namaḥ || śubhaṃ bhavatu,at beginning /// at end
413,M00128,Śaktisaṃgamatantra Kālīkhanda,,Benoytosh Bhattacharyya,,,,,,,,,,,"['tantric / āgamic literature', 'tantra / āgama', 'śākta']",,,,,,iti śrīśaktisaṅgamamahātantrarāje uttarabhāge prathakhaṇḍe śrīmadakṣobhyamahogratārāsaṃvāde kāmadhenvādiyogo nāma ekaviṃśatiḥ paṭalaḥ || iti kālīkhaṇḍaḥ,
414,M00119,Śaktisaṃgamatantra Tārākhanda,,Benoytosh Bhattacharyya,,,,,,,,,,,"['tantric / āgamic literature', 'tantra / āgama', 'śākta']",,,,,,iti śrīśaktisaṅgamamahātantrarāje uttarabhāge dvitīyakhaṇḍe śrīmadakṣobhyamahogratārāsaṃvāde aśvāsanaṃ nāma saptacatvāriṃśatiḥ paṭalaḥ,
415,M00129,Śaktisaṃgamatantra Sundarīkhanda,,Benoytosh Bhattacharyya,,,,,,,,,,,"['tantric / āgamic literature', 'tantra / āgama', 'śākta']",,,,,,iti śrīśaktisaṅgamamahātantrarāje uttarabhāge tṛtīyakhaṇḍe śrīmadakṣobhyamahogratārāsaṃvāde dhūmāvatīkautukasaṃkṣepavidhirnāmaikaviṃśatitamaḥ paṭalaḥ || sundarīkhaṇḍaḥ,
416,M00322,Śaktisūtra,,,,,,,,,,,,,"['tantric / āgamic literature', 'śākta']",,,,,,iti śaktisūtraṃ /// iti nityanaimittikavidhiḥ samāptāḥ,towards beginning /// at end 
417,M00078,Śataratnasaṃgraha,,,,,,,,,,,,,"['tantric / āgamic literature', 'śaiva', 'śaiva-siddhānta']",Umāpatiśivācārya,mbP0078,colophon,,,iti umāpatiśivācāryasaṃgṛhītaśataratnollekhanī samāptā || oṃ vināyakāya namaḥ || cidambareśvaraśivakāmasundarībhyāṃ namaḥ ,
,ilxM00074,Śatarudriya,,,,,,,,,,,,,,,,,,,,
418,I00016,Śatarudriyabhāṣya,,,,,,,,colophon,,ilxM00074,commentary,including the mūla,"['tantric / āgamic literature', 'śaiva', 'śaiva-siddhānta']",Abhinavaśaṅkara ?,mbP0169,colophon,,,prasāditayajuśśākhāṃ prapadye śatarudriyam| sāramuddhṛtya rudrāṇāṃ samyagvyākhyā *vidhīyate /// iti paramahaṃsaparavrājakasārvabhaumaśrīmatadvaitavidyāpratiṣṭhāpanābhinavaśaṅkarabhagavadbhiḥ kṛtaṃ śrī rudrabhāṣyaṃ sampūrṇam,at beginning /// at end
419,M00645,Śabdārthacintāmaṇi,,,,,,incomplete,lacking explicit+final colophon,,,,,,['tantra / āgama'],Prema Nidhi (Pantha?),mbP0004 (same as mbP0103?),incipit (+Cat.Cat.) ,,,yasyodyotamatīsatīguṇavatīmātāpitomāpattirnāmapremanidhītipathakulabhūḥkūrmmācalojanmabhūḥ sūpāsyaṃkṛtavīryyacācyutapadaṃvārāṇasīvāsabhūtasmādabhyudite yamādyapaṭalaḥśavdārthaciṃtāmaṇau,towards beginning
420,M00054,Śāktapramoda,,,,,,,,,,,,,['tantric / āgamic literature'],Devanandanasiṃha,mbP0079,colophon,Śrī Rāja Devanandanasiṃha Bahādura Narādhipa,colophon,śrīḥ śāktapramodaḥ kālyādidaśamahāvidyātantrātmakaḥ kumāryādipaṃcāyatanadevatānāṃ tantraiśca samalaṃkṛtaḥ śivahararājadhānīrājabhiḥ śrīrājadevanandanasiṃhabahāduranarādhipaiḥ saṃgṛhya viracitaḥ /// iti nāradapañcarātroktaṃ śrīviṣṇornnāmasahasraṃ samāptam || iti viṣṇutantraṃ samāptam iti śrīśāktapramodassamāptaḥ | granthasya viṣayānukramaṇikā + additional text ///  iti granthasya viṣayāḥ samāptāḥ,at every beginning of chapter /// almost at end /// at end
421,M00134,Śāktānandataraṅgiṇī,,Pañcānana Śāstrī,,,,,,,,,,,['tantric / āgamic literature'],Brahmānanda,mbP0111,colophon,Śrī Parivrājakācārya Paramahaṃsa Tīrthāvadhūta Śrīmad Brahmānanda Giri,colophon ,iti śrīparivrājakācārya paramahaṃsatīrthāvadhūtaśrīmadbrahmānandagirikṛtāyāṃ śāktānandataraṅgiṇyāṃ homādinirṇayo nāmāṣṭādaśollāsaḥ samāptaḥ || samāpto'yaṃ granthaḥ,
,ilxM00075,Śāṇḍilyopaniṣat,,,,,,,,,,,,,,,,,,,,
422,M00113,Śāṇḍilyopaniṣat Vivaraṇa,,Śāstrī Mahādeva,,,,,,colophon,Śāṇḍilya Upaniṣat,ilxM00075,commentary,including the mūla,"['tantric / āgamic literature', 'yoga', 'upaniṣad', 'yogopaniṣad', 'yogopaniṣad']",Brahmayogin,mbP0128,colophon,,,"iti dvitīyaḥ khaṇḍaḥ samāptaḥ, tṛtīyo'dhyāyaśca || śrīvāsudevendraśiṣyopaniṣadbrahmayoginā | śāṇḍilyopaniṣadvyākhyā likhitā brahmagocarā | śāṇḍilyopaniṣadvyākhyāgranthastu triśataṃ smṛtaḥ || iti śrīmadīśādyaṣṭottaraśatopaniṣacchāstravivaraṇe aṣṭapañcāśatsaṃkhyāpūrakaṃ śāṇḍilyopaniṣadvivaraṇaṃ saṃpūrṇam",
,ilxM00076,Śāradātilaka,,,,,,,,,,,,,,Lakṣmaṇadeśikendra,mbP0080,colophon,,,,
423,M00077,Śāradātilaka Ṭīkā,,"Avalon, A",,,,,25 chapters,colophon,,ilxM00076,commentary,including the mūla,"['compendium', 'tantric / āgamic literature']",Rāghavabhaṭṭa,mbP0157,colophon,,,iti śrīmadlakṣmaṇadeśikendraviracite śāradātilake pañcaviṃśaḥ paṭalaḥ samāptaḥ /// iti śrīrāghavabhaṭṭaviracitaśāradātilakaṭīkāyāṃ satsampradāyakṛtavyākhyāyāṃ padārthādarśābhikhyāyāṃ pañcaviṃśaḥ paṭalaḥ,
424,M00650,Śivajīvadaśakam,,,,,,,,,Śivakavacam,,,,['tantric / āgamic literature'],Sāhib Kaul,mbP0018,colophon,,, itiśrīmahāmāheśvarabhaṭṭācāryasāhibkaulaviracitaṃśārikāstotraṃsaṃpūrṇaṃ /// itiśrīvṛṣabhaproktaṃśivakavacaṃsamāptamomitiśivaṃ,almost at end /// at end
425,I00010,"Śivajñānasiddhi (svapakṣa ḍṛṣtāntasaṅgrahaḥ), Saptalakṣaṇaṃ Savyākhyānam (prātiśākhyam)",,,,,"The author of the first text might be inferred to be the same as of text M00226, i.e. Vedajñāna - mbP0009. It is unclear if the author of the following sections is Mallayārya - mbP0170 in all cases. ",incomplete,collection of texts (lacking explicit+final colophons),,,,,,"['tantric / āgamic literature', 'śaiva', 'śaiva-siddhānta']","Vedajñāna?, Mallayārya?","? mbP0009, mbP0170","hypothesis, colophon",,,dvādaśasūtraṃ samāptam | śivajñānasiddhigranthaḥ samāptaḥ || samānasandhervyākhyānaṃ vyakterna taparasya ca | kriyate mallāyāryeṇa padadarpaṇasaṃjñakam /// iti mallayāryaviracite samānasandhivyākhyānaṃ samāptam /// iti vilaṅghya vyākhyānaḥ samāptaḥ /// iti hrasvasaṃgrahaḥ samāptaḥ | avarṇi samāptam /// avarṇyāvarṇayorvyākhyānaṃ samāptam /// (…)niṅgyaparibhāṣā samāptā,in middle /// towards end
426,M00226,Śivajñānasiddhi,,,,,svapakṣa ḍṛṣtāntasaṅgrahaḥ,,,,,,,,"['tantra / āgama', 'śaiva-siddhānta']",Vedajñāna,mbP0009,colophon,,,dvādaśatamasūtraṃ sampūrṇam || iti śrīmadvyāghrapuravāsanigamajñāna śivayogīśiṣyavedajñāna śivācārya saṅgrahasakalāgamasārabhūta śivajñānasiddherdṛṣṭāntassamāptaḥ || oṃ śrīmadaruṇācalāya namaḥ ,
,ilxM00078,Śivadṛṣṭi,,,,,,,,,,,,,,Somānanda,mbP0081,colophon,Śrī Mahāmāheśvarācārya Varya Somānanda Prabhupādānām,colophon,,
427,M00081,Śivadṛṣṭi Vṛtti,,Śāstrī M K,,,,,,colophon,,ilxM00078,commentary,including the mūla,"['tantric / āgamic literature', 'śaiva', 'non-dual śaivism of Kashmir']",Utpaladeva,mbP0002,colophon,,,prārthyante'smin prayukte'pi guravo grahaṇaṃ prati | iti samāptisaṃjñakaṃ saptamamāhnikam || samāptā śivadṛṣṭiriyam | kṛtiḥ śrīmahāmāheśvarācāryavaryasomānandaprabhupādānām,
428,M00210,Śivadharma Nandiprokta,,,,,,incomplete,,,,,,,['śaiva'],,,,,,(...) śāntaṃ sarvajñaṃ nandikeśvaram | sanatkumāraḥ papraccha śivadharmānyathākramam /// uddhūlanaṃ tripuṇḍraṃ ca kartavyam bhaktito mune | iti śivadharme pañcamodhyāyaḥ,towards beginning /// at end 
429,M00209,Śivadharma,,,,,,,,,,,,,['śaiva'],,,,,,iti śrīśivadharmaśāstre nandiproktāyāṃ saṃhitāyāṃ śivavidyā śākhopaśākhā samuddeśo nāma dvādaśodhyāyaḥ || śivadharmassamāptaḥ || oṃ śivāyagurave namaḥ | śivamastu | śrīśivāya namaḥ,
430,M00211,Śivadharmottara,,,,,,,"12 ch., like the text above",,,,,,['śaiva'],,,,,,iti śaivaśāstre śivadharmottare nandikeśvaraprokte dvādaśodhyāyaḥ || śubhamastu | om || śivadharmottarassamāptaḥ | dakṣiṇāmūrtaye namaḥ || om ,
431,M00651,Śivanirvāṇa,,,,,bījākṣaramantrasahita,,"text is complete, MS lacks explicit+final colophon ",,,,,,['tantric / āgamic literature'],,,,,, śrīsaptarṣisaṃvat (5010 ???) bhāśudinavamyāṃcandre iyaṃnirvāṇapaddhatiḥsamāptīkṛtamityalam,almost at end
432,M00082,Śivasaṃhita,,,,,,,5 chapters,,,,,,"['tantric / āgamic literature', 'śaiva', 'yoga']",,,,,,iti śrīśivasaṃhitāyāṃ haragaurīsaṃvāde yogaśāstre paṃcamaḥ paṭalaḥ samāptaḥ || śubham ,
433,I00007,Śivasahasranāmastotra Uttarapīṭha Ādityapurāṇa,,,,,,,"name list is complete, but text lacks ending/final colophon",,,,,,"['śaiva', 'śaiva-siddhānta']",,,,,,asya śrīśivasahasranāmastotramahāmantrasya nāradṛṣiḥ anuṣṭupcandaḥ śrīsadāśivaḥ paramātmādevatā,almost at beginning
434,M00617,Śivasiddhāntacandrikā,,,,,,,,,,,,,"['śaiva', 'vīraśaiva']",Cikkanaṃjeśvara,mbP0105,final colophon,Śrī Jagadguru Siddhanaṃjeśa Śivācārya,incipit and in-text colophons ,cannavīrāmahādevyai cikkanaṃjeśvarāya ca | śivajñānaikasiddhyarthaṃ proktā siddhāṃtacaṃdrikā || samāptā,
,ilxM00079,Śivasūtra,,,,,,,,,,,,,,Vasugupta,mbP0168,,,,,
435,M00083,Śivasūtra Vārttika,,Chatterji J C,,,,,,colophon,,ilxM00079,commentary,including the mūla,"['tantric / āgamic literature', 'śaiva', 'non-dual śaivism of Kashmir']",Bhāskararāya,mbP0062,colophon,,,iti saṃkṣepataḥ samyak sūtravārtikamuttamam | śatatrayeṇa ślokānāṃ navatyā copavarṇitam || iti prakaraṇatrayaṃ sughaṭamīṣadunmīlitaṃ mayā śivamukhodgataṃ sumatisiddhaye sāṃpratam | vicārya gatamatsarbudhairjanairguṇagrāhibhiḥ susevyamiha teṣvalaṃ bhavatu siddhimokṣapradam || iti kāśmīrikaśrīmadācāryabhaṭṭadivākarātmajabhaṭṭaśrībhāskaraviracite śivasūtravārtike vibhṛtispandākhyastṛtīyaḥ prakāśaḥ || samāptaścāyaṃ śivasūtravārtikākhyo granthaḥ || śrīśivārpaṇaṃ bhūyāt ,
436,M00349,Śivasūtra Vimarśinī,version 1,Chatterji J C,M00349=M00148,exact copy/paste,,,,colophon,,ilxM00079,commentary,including the mūla,"['tantric / āgamic literature', 'śaiva', 'non-dual śaivism of Kashmir']",Kṣemarāja,mbP0049,colophon,,,iti śrīmanmahāmāheśvarācāryavaryābhinavaguptapādapadmopajīvi(?)nāma tṛtīya unmeṣaḥ || samāptā ceyaṃ śivasūtravimarśinī || kṛtiḥ śrīkṣemarājasya kṣemāyāstu vimarśinām | śivasvātmaikyabodhārthā śivasūtravimarśinī,
437,M00148,Śivasūtra Vimarśinī,version 2,Chatterji J C,M00349=M00148,exact copy/paste,,,,,,ilxM00079,commentary,including the mūla,"['tantric / āgamic literature', 'śaiva', 'non-dual śaivism of Kashmir', '', '', 'Photographic facsimile', '[ View in PDF](../TEXTS/KSTS/KSTS001/PDF/PDF.pdf)', '']",Kṣemarāja,mbP0049,colophon ,,,iti śrīmanmahāmaheśvarācāryavaryābhinavaguptapādapadmopajīviśrīkṣemarājaviracitāyām śivasūtravimarśinyām āṇavopāyaprakāzanam nāma tṛtīya unmeṣaḥ |  samāptā ceyam śivasūtravimarśinī | kṛtiḥ śrīkṣemarājasya kṣemāyāstu vimarśinām śivasvātmaikyabodhārthā śivasūtravimarśinī,
,ilxM00080,Śivastotravalī,,,,,,,,,,,,,,Utpaladeva,mbP0002,colophon,,,,
438,M00348,Śivastotravalī Vivṛti,,Rai Pramadasa Mitra Bahadur,,,,,,colophon,,ilxM00080,commentary,including the mūla,['śaiva'],Kṣemarāja,mbP0049,colophon,,,iti śrīmadutpaladevācāryaviracitastotrāvalau carvaṇāstotre viṃśaṃ śrīkṣemarājakṛtā vivṛtiḥ + additional verses,
439,M00058,Śivāgamādimāhātmya,,,,,,,,,Śivāgamādimāhātmyasaṅgrama,,,,"['compendium', 'tantric / āgamic literature', 'śaiva', 'śaiva-siddhānta']",Jñānaprakāśa,mbP0052,colophon,,,ataḥ śivāgamaproktaviśeṣācāratatparāḥ | narāḥ śreyāṃsi bhūyāṃsi vindantīti niścitam || iti śālivāṭipuranivāsijñānaprakāśaguruviracitaśivāgamādimāhātmyasaṅgrahaḥ samāptaḥ || śrīmaddevaśikhāmaṇigurubhyo namaḥ | śrīmatṣaṇmukhagurave namaḥ ,
440,M00606,Śivādvaitadarpaṇa,,,,,,,,,,,,,"['śaiva', 'vīraśaiva']",Śivānubhava Śivācārya,mbP0082,colophon,,,iti caturthaparicchedaḥ || śivabhaktiśivācāraśivārcāsaktacetasāṃ || svasvarūpāvabodhārthaṃ darpaṇo racito mayā || iti śrīparamahaṃsaparivrājakācāryavaryasarvatantrasvatantrapadavākyapramāṇapārāvārapārīṇaparaśivāparāvatārapuvvallīpuravarādhīśvaraśrīmadbhagatpādaśrīnīlakaṇṭhaśivācāryapratiṣṭhāpitaśrīśivādvaitabhāṣyasiṃhāsanādhīśapūvvallīpañcavarṇamahāmaṭhādhiṣṭhitaśrībhagavatpādaciddhanaśivācāryakarakañjātasañjātaśrīmacchaktiviśiṣṭādvaitasiddhāntapayaḥ pārāvārarākāsudhākaraśrīśivānubhavaśivācāryaviracitaśrīśivādvaitadarpaṇaḥ sampūrṇaḥ | sarvaṃ śivārpaṇamastu ,
441,M00607,Śivādvaitimañjarī And Śaivasiddhāntadīpikā,,,,,,,,,,,,,"['śaiva', 'vīraśaiva']","Svaprabhānanda, Śaṃbhudeva","mbP0122 , mbP0107","colophon, colophon",,,1) iti śrīprakāśavimarśasāmarasyalakṣaṇadvaitādvaitasamarasalīlāsaparibṛṃhitabrahmavidyācāryanāthānaṃdamunīṃdracaṃdrasūktisudhākiraṇaprasaraṇavikasitahṛtkairavakorakasvaprabhānaṃdaviraciteyaṃ śivādvaitamaṃjarī saṃpūrṇatāmavāptā pūrṇimācaṃdrikeva sahṛdayahṛdayāhlādanaṃ vitanvatī vijayatetarāṃ /// 2) iti sarvamatotkṛṣṭā śaivasiddhāntadīpikā | sarvārthaśaṃbhudevena kalpitā śaivasaṃmatā | śaivasiddhāntadīpikānāma pāśupatamataprakaraṇaṃ samāptam,in middle /// at end
442,M00079,Śivārcanacandrikā,,,,,,,,,,,,,"['tantric / āgamic literature', 'śaiva', 'śaiva-siddhānta', 'śaiva-siddhānta post 1100 AD']",Appayadīkṣita,mbP0083,catalog,,,karotu jvarakaṇṭheśassvakīyārcanacandrikām | ākalpasthāyinīmenāṃ dyusthale candrikāmiva || hariḥ om || śubhamastu | gurubhyonamaḥ || bhajāmijvarakaṇṭheśa mṛtyuñjayapadāṃbujam | yadāśrito nagvavyājādbhāti jaivātṛkassadā || śivārcanācandrikā samāptā,
443,I00021,Śivotsavavidhi,,,,,,uncertain,yes?,,,,,,"['tantric / āgamic literature', 'śaiva', 'śaiva-siddhānta']",,,,,,"no - these sections are present: dhanurmāsapūjāvidhi, kṛttikādipanirṇaya, navarātri utsavavidhi, kāmikāgama - skandaṣaṣṭi-utsava, ekākṣaranikhaṇḍu, rakṣoghnahoma, mudrālakṣaṇa, ṣoḍaśopacāra, dravyāhutivacana - sakalāgamasaṅgraha, viṣṇu ṣaṇṇavati-dravyāhuti, cintyāgama, yogaja (utsavavidhi), sūkṣmāgama (utsava), makuṭāgama (śivotsava), prāyaścittavidhi, āṣāḍhapūrārmavidhi - kāraṇa, kāmikāgama - śivotsava ",list of present sections
444,M00270,Śukavākya,,,,,,incomplete,lacking explicit+final colophon,,,,,,['tantric / āgamic literature'],,,,,,bhagavañśrotumicchāmi māhātmyaṃ yacchukasya ca | parasparaṃ tu saṃvādaṃ vyāsasya ca śukasya ca,at beginning
,ilxM00081,Śaivakalāviveka,,,,,,,,,,,,,,Nigamajñānadeva,mbP0072 ,colophon,Śrī Nigamajñāna Śivācārya,colophon,,
445,M00181,Śaivakalāviveka Vyākhyā,,,,,,,,colophon,,ilxM00081,commentary,including the mūla,"['tantric / āgamic literature', 'tantra / āgama', 'śaiva', 'śaiva-siddhānta']",Gaṇapati Bhaṭṭa,mbP0158,colophon,,,śaivakālavivekamūlaślokāḥ samāptāḥ || śaivakālavivekaḥ gaṇapatibhaṭṭaviracita vyākhyāyutaḥ /// iti śrī nigamajñāna śivācārya viracitaśśaivakāla vivekaḥ samāptaḥ || iti śrīvatsakulatilaka gaṇapati bhaṭṭa viracitā śaivakālaviveka vyākhyā samāptā /// iti deśakālādhikāraḥ,towards beginning /// towards end /// at end
446,M00254,Śaivasiddhāntaparibhāṣāmañjarī,,,,,,,,,,,,,"['compendium', 'tantric / āgamic literature', 'śaiva', 'śaiva-siddhānta']",Nigamajñānadeva,mbP0072,colophon,,,daśamassargaḥ || puṇḍarīkapuravāsi nigamajñānaśivayogiśiṣyaḥ nigamajñānadeva viracitāyāṃ paryāyamañjaryākhyā nighaṇḍuḥ saṃpūrṇaḥ,
447,M00075,Śaivasiddhāntaparibhāṣā,,,,,,,5 chapters,,,,,,"['tantric / āgamic literature', 'śaiva-siddhānta post 1100 AD']",Śivāgrayogīndrajñāna,mbP00027,colophon,,,iti śrīmadativarṇāśramācāryavaryaśaivaparipālakaśivāgrayogīndrajñānaśivācāryaviracitāyāṃ śaivaparibhāṣāyāṃ muktinirūpaṇaṃ nāma pañcamaḥ paricchedaḥ,
448,M00228,Śaivāgamādimāhātmya,,,,,,,,,,,,,"['tantric / āgamic literature', 'śaiva-siddhānta']",Jñānaprakāśa,mbP0052,colophon,,,iti śrīśālīvāṭipuranivāsi jñānaprakāśaguruviracita śivāgamādimāhātmya saṃgrahassamāptaḥ,
449,I00006,Śrāddhakārikā,,,,,,incomplete,,,,,,,"['śaiva', 'śaiva-siddhānta', 'Paddhati']",,,,,,"these setions are present: agnisandhānam, aupāsana, pārvaṇahoma, brahmacāryāupāsana, pañcagavya, saṅkalpaśrāddha",
450,M00346,Śrīkarabhāsya,,C. Hayavadana Rao,,vedāntasūtrāṇām vīraśaivabhāṣyam,,,4 chapters,,,,,,['śaiva'],Śrīpati,mbP0084,colophon,Śrīpati Paṇḍita Bhagavat Pādācārya Svāmi,colophon,iti śrīmadyativrajaparivṛḍhaśrīpatipaṇḍitabhagavatpādācāryasvāmikṛtaśrīkarabhāṣye phalādhyāyasaṃjñikacaturthādhyāyasya sampadyāvirbhūtādhikaraṇādiṣaḍadhikaraṇāvacchinnasamāptaḥ || śrīśivāyagurave namaḥ | caturthādhyāyasamāptaḥ,
451,M00653,Śrīgurustutiratnāvalī,,,,,,,,,,,,,['tantric / āgamic literature'],Govinda Kaula,mbP0030,colophon,,,itiśrīmahāmāheśvarācāryaśrīmacchrījyotiṣprakāśakaulānaṃdanāthapādapadmānujīviśrīgoviṃdakaulaviracitāśrīgurustutiratnāvalīsamāptāsaṃpūrṇācetiśivamom,
452,I00025,Śrīcakranavāvaraṇapūjā,,,,,,incomplete,,,,,,,"['tantric / āgamic literature', 'śaiva', 'śaiva-siddhānta']",,,,,,no,
453,M00652,Śrīcakrasadhanam,,,,,,uncertain,yes?,,,,,,['tantric / āgamic literature'],,,,,,athaśrīcakrasādhanavidhiḥ,at beginning
454,M00238,Śrītattvanidhiḥ,,,,,,,,,,,,,['tantric / āgamic literature'],Kṛṣṇarāja Vodeyar,mbP0085,catalog,Śrī Kṛṣṇarāja Mahārāja,colophon,iti śrīmatsamastabhamaṃḍalamaṃḍanāyamānānikhiladeśāvataṃ sakarnāṭakajanapadādhiṣṭhānabhūtaśrīmanmahīśūramahāsaṃsthānamadhyadedīpyamānāvikalakalānidhikulakramāgatarājakṣitipālapramukhanikhilanijarājādhirājamahārājacakravartimaṃḍalānubhūtadivyaratnasiṃhāsanārūḍhaśrīmadrājādhirājarājaparameśvaraprauḍhapratāpāpratimavīranarapatibirudeṃteṃbaragaṃḍalokaikavīrayadukulapayaḥpārāvārakalānidhiśaṃkhacakrāṃkuśakuṭhāramakaramatsyaśarabhasālvagaṃḍabheruṃḍadharaṇīvarāhahanumadgaruḍakaṃṭhīravādyanekabirudāṃkitaśrīmanmahīśūrapuravarādhīśaśrīkṛṣṇarājamahārājaviracite śrītattvanidhyākhyagraṃthepatrikākṣakrīḍādimahākautukanirūpaṇaṃnāmanavamo nidhissaṃpūrṇaḥ || iti śrītattvanidhyākhyagranthe navamaḥ kautukanidhissaṃpūrṇaḥ || śrītattvanidhyākhyoyaṃgranthassamāptaḥ,
455,M00654,Śrīvidyanityapaddhati,,,,,,incomplete,lacking explicit+final colophon,,,,,,"['tantric / āgamic literature', 'Paddhati']",Sāhib Kaul,mbP0018,catalog,,,adhunāpaddhatiṃvakṣyeśrīvidyārcanasaṃyutāṃ ...,at beginning 
456,M00217,Śrīvidyārṇavatantra,,Harabhatta Shastri,,,,,only pūrvārdha,,,,,,"['tantric / āgamic literature', 'śākta', 'śrī-vidyā']",Śrīvidyāraṇyayati,mbP0086,colophon ,,,iti śrīmahāmahopādhyāyabhagavatpūjyapādaśrīgovindācāryaśiṣyaśrībhagavacchaṅkarācāryaśiṣya śrīviṣṇuśarmācāryaśiṣyaśrīpragalbhācāryaśiṣya śrīvidyāraṇyayati viracite śrīvidyārṇavākhye tantre aṣṭādaśaḥ śvāsaḥ || samāptamidaṃ pūrvārdham,
457,M00261,Ṣaṭcakranirṇaya,,,,,,incomplete,lacking explicit+final colophon,,,,,,['tantric / āgamic literature'],,,,,,atha ṣaṭcakranirṇayoyaṃ likhyate,at beginning
,ilxM00082,Ṣaṭtriṃśāttattvasandoha,,,,,,,,,,,,,,,,,,,,
458,M00151,Ṣaṭtriṃśāttattvasandoha Vivaraṇa,,Śāstrī M R,,,,,,colophon,,ilxM00082,commentary,including the mūla,"['tantric / āgamic literature', 'śaiva', 'non-dual śaivism of Kashmir']",Rājānakānanda,mbP0159,colophon,,,iti ṣaṭtriṃśattattvasaṃdohaḥ śrīmadrājānakānandācāryaviracitavivaraṇopetaḥ samāptaḥ + tilaka,
459,M00556,Ṣaḍāmnāyapūjāvidhi,,,,,,,,,,,,,"['tantra / āgama', 'Paddhati']",,,,,,iti ṣaḍāmnāyapūjāvidhiḥ || purātanatāḍapatra pustakādidaṃ pustakaṃ 1979 saṃvatsare śāradāvilāsaśarmadvārā śrīmadrājaguruhemarājapaṇḍitena likhitam,
460,M00249,Ṣaṭsahasrakālottarāgama,,,,,,incomplete,lacking approx. 4000 (concluding) verses ,,,,,,"['tantric / āgamic literature', 'śaiva', 'śaiva-siddhānta']",,,,,,iti ṣaṭsahasrikālottare mahātaṃtre gaṇapatipūjāpaṭalaḥ,towards beginning
,ilxM00083,Saṃnyāsa Upaniṣad,,,,,,,,,,,,,,,,,,,,
461,M00334,Saṃnyāsa Upaniṣad Vivaraṇa,,,,,,,collection of full texts - yes,colophon,Avadhūtopaniṣat; Āruṇyupaniṣat; Kaṭharudropaniṣat; Kuṇḍikopaniṣat; Jābālopaniṣat; Turīyātītāvadhūtopaniṣat; Nāradaparivrājakopaniṣat; Nirvāṇopaniṣat; Parabrahmopaniṣat; Paramahaṃsaparivrājakopaniṣat; Brahmopaniṣat; Bhikṣukopaniṣat; Maitreyopaniṣat; Yājñavalkyopaniṣat; Śāṭyāyanīyopaniṣat; Saṃnyāsopaniṣat,ilxM00083,commentary,including the mūla,['upaniṣad'],Brahmayogin,mbP0128,colophon,,,avadhūtopaniṣat; āruṇyupaniṣat; kaṭharudropaniṣat; kuṇḍikopaniṣat; jābālopaniṣat; turīyātītāvadhūtopaniṣat; nāradaparivrājakopaniṣat; nirvāṇopaniṣat; parabrahmopaniṣat; paramahaṃsaparivrājakopaniṣat;  brahmopaniṣat; bhikṣukopaniṣat; maitreyopaniṣat; yājñavalkyopaniṣat; śāṭyāyanīyopaniṣat; saṃnyāsopaniṣat /// iti dvitīyo'dhyāyaḥ | śrīvāsudevendraśiṣyopaniṣadbrahmayoginā | saṃnyāsopaniṣadvyākhyā likhitā brahmagocarā | saṃnyāsopaniṣadvyākhyāgranthastu dviśataṃ smṛtaḥ || iti śrīmadīśādyaṣṭottaraśatopaniṣacchāstravivaraṇe pañcaṣaṣṭisaṃkhyāpūrakaṃ saṃnyāsopaniṣadvivaraṇaṃ saṃpūrṇam,collection of 16 listed texts /// at end
462,M00063,Sakalāgamasārasaṅgraha,,,,,,incomplete,collection of excerpts - incomplete  ,,,,,,"['tantric / āgamic literature', 'śaiva', 'śaiva-siddhānta']",,,,,,ityaṃśumān tantre vināyakavratavidhipaṭalaḥ || śubhamastu,at end
463,M00530,Sanatkumāratantra,,,,,,,11 chapters,,,,,,"['tantra / āgama', 'vaiṣṇava']",,,,,,iti sanatkumāratantre sanatkumārapulastyasaṃvāde śrīgopālapūjāprayogavidhānaṃ nāmaikadaśaḥ paṭalaḥ,
464,M00564,Samayadīkṣādhivāsanavidhi,,,,,,uncertain,yes?,,,,,,"['tantra / āgama', 'Paddhati']",,,,,,ityadhivāsanavidhi /// astreṇa prāyaścittārthaṃ śataṃ hutvā pūrṇāṃ ca datvā || samānyasamaya dīkṣāmiti,towards end /// at end
465,M00080,Sambandhasiddhi,,,,,,,,,Siddhitrayī,,,,"['tantric / āgamic literature', 'śaiva', 'non-dual śaivism of Kashmir']",Utpaladeva,mbP0002,colophon,,,iti śrīmadudayākaraputrotpaladevācāryaviracitā saṃbandhasiddhiḥ samāptā,
466,M00576,Sarasvatīstotram Mantrabhāsyam Aṣṭādaśajātinirṇaya,,,,,,,,,,,,,"['tantric / āgamic literature', 'tantra / āgama']",,,,,,oṃ asya śrīsarasvatīstotramaṃtrasya āśvalāyana ṛṣiḥ anuṣṭūpchaṃdaḥ śrīvāgvādinīdevatā daivīṃ vācamajamati bījaṃ yadvāgiti śaktiḥ praṇodevīti kīlakaṃ ātmanaḥ sarasvatī devī prasāda siddhyarthe parameśvara prītyarthe pāṭhe viniyogaḥ /// ityaṣṭādaśajātinirṇayaḥ,towards beginning /// at end
467,M00227,Sarvajñānottaravṛtti Yogaprakaraṇam,,,,,,,,colophon,,M00327,commentary,,['tantric / āgamic literature'],Aghoraśivācārya,mbP0028,colophon,,,iti lakṣadvayādhyāpaka śrīmadaghoraśivācāryaviracitāyāṃ śrīmatsarvajñānottaravṛttau yogaprakaraṇam,
468,M00327,Sarvajñānottara,,,,,,,,,,,,,"['tantric / āgamic literature', 'śaiva-siddhānta']",,,,,,ātmanaḥ śuciretāni pareṣāmaśucirbhavet | śrīsarvajñānottare kamaṇḍaluprakaraṇaṃ || iti sarvajñānottarapādaḥ samāptaḥ,
469,M00120,Sarvollasatantra,,Gopīnātha Kavirāja,,,,,,,,,,,"['tantric / āgamic literature', 'tantra / āgama']",Sarvānandanātha,mbP0087,colophon,,,iti śrīsarvānandanātha viracite sarvollāse triṣaṣṭyullāsaḥ || etāvāneva grantha upalabdhaḥ,
470,M00342,Sādhanamālā Vol. 1,,Bhattacharya Benoytosh,,,,,yes - collection of excerpts - no colophons,,,,,,['tantric / āgamic literature'],,,,,,no,
471,M00343,Sādhanamālā Vol. 2,,Bhattacharya Benoytosh,,,,,yes - collection of excerpts - no colophons,,,,,,['tantric / āgamic literature'],,,,,,no,
,ilxM00084,Sāmbapañcāśikā,,,,,,,,,,,,,,Śrīsāmba,mbP0123,incipit,,,,
472,M00076,Sāmbapañcāśikā Vivṛti,,,,,,,,colophon,,ilxM00084,commentary,including the mūla,"['tantric / āgamic literature', 'śaiva', 'non-dual śaivism of Kashmir']",Kṣemarāja,mbP0049,colophon,,,iti mahāmāheśvarācāryavaryaśrīmadabhinavaguptapādapadmopajīvirājānakaśrīkṣemarājapraṇītavivṛtisametā śrīsāmbapañcāśikā samāptā | samāpto'yaṃ granthaḥ,
473,M00643,Sāvaratantramantrasaṃgraha,,,,,,,6 chapters,,,,,,['tantra / āgama'],Rāmasiṃha,mbP0124,colophon,,,itiśrīsāvarataṃtremaṃtrasaṃgrahedurgerāmasiṃhakṛtesonāciraiābhya(?)namatikaṃvūtarakalāyāṃupadeśadvārācakrādiṣaṣṭhaḥ prakāśaḥ || yādṛśaṃpustakolokyaṃtādṛśenamayālipimamadoṣanadīyaṃteśuddhāśunajñātayam || saṃvata1956phālguṇasaptamijñavaghamūliḥsarayuśaraṇamūvāsadharagharadakṣikrośaikaṃ,
474,M00257,Siddhalakṣṃīpūjāpaddhati,,,,,,,,,Vanadurgā Pūjāna,,,,"['tantric / āgamic literature', 'śākta', 'compendium', 'Paddhati']",,,,,,iti saṃkṣiptā siddhalakṣmīpūjāpaddhatiḥ samāptā /// bhagavan śivarātrivratamahaṃ kariṣye nirvighnaṃ sampādaya svāhā | śivarātrivratamidaṃ kariṣyehaṃ mahā pha(...),in middle /// at end
,ilxM00085,Siddhāntaleśasaṃgraha,,,,,,,,,,,,,,Apyaya Dīkṣita - Same As Mbp0083?,mbP0125,colophon,,,,
475,M00578,Siddhāntaleśasaṃgraha Śrīkṛṣṇālaṃkāra,,,,,,,3 chapters,colophon,,ilxM00085,commentary,,['tantric / āgamic literature'],Kṛṣṇānanda Sarasvatī,mbP0165,colophon,,,iti śrīmatparamahaṃsaparivrājikācāryaśrīmatsvayaṃprakāśānaṃdasarasvatīdivyaśrīcaraṇāraviṃdasaṃlagnarajobhūtasya acyutakṛṣṇānaṃdatīrthasya kṛtau śāstrasiddhāṃtaleśasaṃgrahavyākhyāyāṃ śrīkṛṣṇālaṃkārākhyāyāṃ tṛtīyaḥ parichedaḥ || samāptam ,
,ilxM00086,Siddhāntaśikhāmaṇi,,,,,,,,,,,,,,Śivayogi Reṇukācārya,mbP0089,colophon ,,,,
476,M00207,Siddhāntaśikhāmaṇi Tattvapradīpikā,,,,,,,11 chapters,colophon,,ilxM00086,commentary,including the mūla,['śaiva'],Maritoṇḍadārya,mbP0160,colophon,,,iti śrīmatṣaṭsthalabrahmiṇā śivayogināmnā reṇukācāryeṇa viracite vīraśaivadharmanirṇaye siddhāntaśikhāmaṇau reṇukavibhīṣaṇasaṃvāde reṇukaśivaliṅgaikyaprasaṅgo nāmaikaviṃśaḥ paricchedaḥ || śrīsiddhāntaśikhāmaṇiśca samāptaḥ + ADDITIONAL TEXT - iti śrīmatpadavākyapramāṇapārāvāradhurīṇaśrīmaritoṇḍadāryeṇa viracitāyāṃ tattvapradīpikākhyāyāṃ siddhāntaśikhāmaṇivyākhyāyāṃ reṇukavibhīṣaṇasaṃvāde reṇukaśivaliṅgaikyaprasaṅgo nāmaikaviṃśaḥ paricchedaḥ,
477,M00531,Siddhāntasārapaddhati,,,,,,incomplete,,,,,,,"['tantric / āgamic literature', 'śaiva', 'Paddhati']",Bhojadeva,mbP0012,colophon,,,iti mahārājādhirāja śrībhojadeva viracitāyāṃ siddhāntasārapaddhatau nityakarmavidhissamāptaḥ,in middle
,ilxM00087,Siddhāntasārāvali,,,,,,,,,,,,,,Trilocanaśivācārya,mbP0090,reference (towards incipit) ,,,,
478,I00022,Siddhāntasārāvali Vyākhyā,,,,,,incomplete,,*,,ilxM00087,commentary,including the mūla,"['tantric / āgamic literature', 'śaiva', 'śaiva-siddhānta']",Anantaśambhu,mbP0161,self-reference (towards incipit) ,,,śrīmadvaidyeśaliṅgaṃ paramamunigaṇaiḥ sevitaṃ satpadātye svasya prācyādikā(...) gatayugamanubhiḥ saṃyutaṃ liṅgarūpaiḥ natvānantākhyaśambhurvaragurukaruṇāmbodhisaṃsaktacetā śrīmatsiddhāntasārāvalivipratiparaṃ(...)cmi gūḍhārthasidhyai | jñānasya pratipādite viracitādvātṛṃśa tasyordhvatotvaṣṭāśīti sutā hutā gaṇanayā karmaṇyatāre muniḥ yogo rāvaṇabāhuyugmagaṇanāyuktā prayuktāḥ sadā āyuṣṣaṣṭhimunīndrakliptigaṇanā siddhāntasārāvaliḥ | tatra tāvadāmardakamaṭhanivāsīsakalāgamapāradṛśvā trilocanaśivācāryaḥ susantānāgamasaṃbhūtakāmikādisiddhāntatadbhedaṃ mṛgendrādyāgamamālocya tatra śabdārthayoḥ sāmarthyena labdhapramāṇaślokairanekai(kaiḥ) nirṇītārthaṃ padārthatrayayuktaṃ sapādacatuṣṭayaṃ siddhāntasārāvalī nāmadheyaṃ  grandhaṃ(nthaṃ) cikīrṣuścikīrṣatagranthasyāvighnena būrisamāptyarthaṃ niṣkalamūlamantrasyoccāraṇabhedena turyātītāvasthāsvarūpam /// iti jñānapādaṃ samāptam /// iti siddhāntasārāvalyāṃ kriyāpādaḥ samāptaḥ /// iti siddhāntasārāvalyāṃ yogapādaḥ samāptaḥ /// atha caryāpādaṃ vaktukāmastatrādau,almost at beginning /// in middle
479,M00328,Siddhāntārthasamuccaya,,,,,,uncertain,? yes,,,,,,"['tantric / āgamic literature', 'śaiva-siddhānta']",,,,,,siddhāntārthasamuccayo gurumukhātprāptaḥ sphuṭaṃ likhyate /// iti sakalāgamasārasaṃgrahe siddhāntasārasamuccaye /// atra granthaḥ samāptimagamat | na jñāyate saṃpūrṇo vāsampūrṇoveti | ādau grantha nāma siddhāntārthasamuccaya iti dattam | caramapaṅktidarśanāt siddhāntasārasamuccaya iti sakalāgamasārasaṃgraha iti vā bhavediti sandihyate,at beginning /// at end /// note of editor (?)
480,M00415,Siddhilakṣmī Ārāmika,,,,,,uncertain,? yes,,,,,,"['tantra / āgama', 'śākta']",,,,,,iti śrīśrīśrīsiddhilakṣmīmate prakāśe jayadrathe vidyāpīṭhe pratyaṅgirāyāḥ kṣetrāvalīpīṭhastavaḥ samaptaḥ /// paddhatiḥ samāptaḥ /// iti ārātrika vidhiḥ,towards beginning /// in middle /// at end
481,M00567,Siddhilakṣmīkavaca,,,,,,,,,,,,,"['tantra / āgama', 'Paddhati']",,,,,,iti śrītrailokyaḍāre śrīsiddhilakṣmīkavaca samāptaḥ || śubha ,
482,M00417,Siddhilakṣmīkoṭyāhutidinakṛtya,,,,,,,,,,,,,"['tantra / āgama', 'śākta']",,,,,,dinakṛtyavidhi likhyate /// iti dinakṛtya samāptaṃ || śubhaṃ || samvat 811 kāttikaśuklanavamīthvakunhu śrīśrīsumatijayajitāmitramalla deva sanadayakājurāṃ || śubhamastu sarvadā ,at beginning /// at end
483,M00418,Siddhilakṣmyayutākṣaramālāmantra,,,,,,,,,,,,,"['tantra / āgama', 'śākta']",,,,,,iti śrīkālānalatantre siddhilakṣmyāyutākṣaramālāmantraḥ samāptam,
484,M00569,Siddhilakṣmīkramathaṇḍilārcanavidhi,,,,,,,,,,,,,"['tantra / āgama', 'Paddhati']",,,,,,tataḥ śrīsiddhilakṣmīkramathaṇḍilārcanaṃ /// iti śrīthaṇḍilārcanavidhiḥ samāptaḥ || adhivāsanapūjāyāya || upavāsayāya || thvate adhivāsanavidhiḥ samāptaḥ,at beginning /// at end
485,M00568,Siddhilakṣmīkramārcana,,,,,,,,,,,,,"['tantra / āgama', 'Paddhati']",,,,,, iti śrīsiddhilakṣmīkramārcanaṃ samāpta + additional text,almost at end 
486,M00416,Siddhilakṣmīdevyārcana,,,,,,incomplete,lacking explicit + final colophon,,,,,,"['tantra / āgama', 'śākta']",,,,,,tato siddhilakṃī devyārcanaṃ,at beginning
487,M00571,Siddhilakṣmīnityapūjāpaddhati,,,,,,incomplete,,,,,,,"['tantra / āgama', 'Paddhati']",,,,,,no,
488,M00570,Siddhilakṣmīmantroddhara,,,,,,,,,,,,,"['tantra / āgama', 'Paddhati']",,,,,,śrīśiddhilakṣmīmantrodhārastotra samāpta,
489,M00572,Siddhilakṣmīvidhāna,,,,,,,,,,,,,"['tantra / āgama', 'Paddhati']",,,,,,bhairava śrotasi vidyāpīṭhe śiracchede jayadrathayāmale mahātantre caturviṃśati sāhasre dvitīyaṣaṭke siddhalakṣmīvidhānaṃ ṣaṭtriṃśatimapaṭalaḥ || tha || saṃ 39 pauśaśu 5 || maṃgala mahāśrī || tha ,
490,M00565,Siddhilakṣmyadhivāsanasthaṇḍilārcanavidhi,,,,,,,,,,,,,"['tantra / āgama', 'Paddhati']",,,,,,tataḥ śrīsiddhilakṣmīkramathaṇḍilārcanaṃ /// adhivāsanakarmaṇi thaṇḍilārcanavidhiḥ samāptaḥ,at beginning /// at end
491,M00573,Siddhilakṣmyayutākṣarī,,,,,,,,,,,,,"['tantra / āgama', 'Paddhati']",,,,,,iti śrīkālānalatantre siddhilakṣmyayutākṣaramālāmantraḥ samāptaṃ || śubha,
492,M00090,Suprabhedāgama,,,,,kriyāpāda and caryāpāda,incomplete,lacking explicit+final colophon,,,,,,"['tantric / āgamic literature', 'tantra / āgama']",,,,,,iti tantrasaṃkaravidhipaṭalaḥ ṣaṭpañcāśattamaḥ || iti suprabhede kriyāpādaḥ samāptaḥ /// iti prāyaścittavidhipaṭalodvādaśaḥ || iti suprabhede caryāpādaḥ samāptaḥ /// iti ādhārādheya vidhipaṭalastṛtīyaḥ || iti suprabhedeyogapādaḥ samāptaḥ /// atha jñānapāde śivasṛṣṭividhipaṭalaḥ ,in middle
493,M00269,Subodhamañjarī,,,,,,,,title in colophon is spelled differently,,,,,['tantric / āgamic literature'],Vāmanadatta,mbP0091,colophon,,,salabdha bodho sadbhāvo jīvanmukto vidhīyate | mīmāsāvanasiṃhasya harṣadāttasya sūnanā | kṛtā vāmana dattena svabodhodaryāmañjarī,
494,M00329,Sūkṣmāgama,,,,,,incomplete,lacking explicit+final colophon,,,,,,['tantra / āgama'],,,,,, iti sūkṣmatantre śāstre pratiṣṭhātantre arcanavidhipaṭalaḥ ,towards beginning
,ilxM00088,Somaśambhupaddhati,,,,,,,,,,,,,,Somaśambhu,mbP0126,colophon,,,,
495,M00220,Somaśambhupaddhati Vyākhyā,,,,,,incomplete,lacking incipit; ends with ch. 14,colophon,,ilxM00088,commentary,including the mūla,"['śaiva', 'śaiva-siddhānta', 'Paddhati']",Tryaṃbakaśambhu,mbP0162,colophon,,,iti śrī somaśambhuviracitāṃ śrīmatsomaśambhupaddhatau vā spaṣṭabodhinī tryaṃbakaśambhuviracite caturdaśa ṭīkā samāptā || hariḥ oṃ | śubhamastu,
,ilxM00089,Saundaryalaharī,,,,,,,,,,,,,,Śaṃkarācārya,mbP0092,catalog,,,,
496,not stated,Saundaryalaharī Vyākhyā,,,,,,,,colophon,,ilxM00089,commentary,including the mūla,['tantric / āgamic literature'],Lakṣmīdhara,mbP0121 ,colophon,,,iti śrīlollakulasaṃpradāyapravartakabhramarāmbikāvaraprasādasamullasi tamahā sārasvatabhaṭṭalollapatigranthavivaraṇakartṛśrīmahopādhyāyamahādevācāryasaptamena sāhityapārijātasmṛtikalpataruprabandhaprabandhṛlakṣmīdharāryaṣaṣṭhena bharatārṇavapotākhyasāhityamīmāṃsāgranthadvayapraṇetṛviriñcimiśrapañcamena mīmāṃsādvayajīvātunirmātṛpuruṣottamamahopādhyāyanaṣtrāprābhākarāmṛtavāhinīprabhāvalīkhaṇḍanādyanekaprabandhasandarbhapravartakabirudapadamahopādhyāyalakṣmaṇāryapautreṇa nayavivekadīpikāprabandhasaṃvidhātṛmahopādhyāyavidvatsārvabhaumanūtanavyāsādyanekabirudāṅkitaśrīviśvanāthabhaṭṭārakatanayena adhītadaśaśatanayena pārvatīgarbhaśuktimuktāratnena bahūkṛtadhīciratnena lollakulakalaśāmbudhisudhāṃśunā yaśaḥprāṃśunā haritagotrakalpaśākhinā āpastambaśākhinā ṣaḍdarśanīpāradṛśvanā pratipakṣavṛkṣajañjhāmātariśvanā bhramarāmbikāprasādasamāsāditapratibhāviśeṣeṇa bhuvi śeṣeṇa nikhilayāmalatantrārṇavāvagāhanarudreṇa āśrayīkṛtagajapativīrarudreṇa nīlagirisundaracaraṇāravindacañcarīkeṇa vāṇīsahacarīkeṇa sarasvatīvilāsādyanekasmṛtinibandhanalakṣmīdharādyanekasāhityani bandhananayavivekabhūṣaṇādyanekagurumatanibandhanayogadīpikādyane kapātañjalamatanibandhanamahānibandhanākhyamānavadharmaśāstraṭīkākarṇāvataṃsasabarhāvataṃsādyanekakāvyakalpakena āśritajanakalpakena nigrahānugrahakauśikena śrīmahopādhyāyalakṣmīdharadeśikena kṛteyaṃ lakṣmīdharākhyā saundaryalaharīstutivyākhyā /// śrīmahātripurasundarīcaraṇāravindārpaṇamastu /// iti pañcastavī ca samāptā sakalajananīstavaḥ pañcamaḥ,towards beginning /// in middle /// at end
497,M00648,Saubhāgyakalpadrūma,,,,,,incomplete,"lacking explicit+final colophon, ending mistyped/unclear",,,,,,['tantra / āgama'],,,,,, itiśrīsaubhāgyakalpadrumeprathamaskaṃdhaḥ,in middle
498,M00649,Saubhāgyatantra,,,,,,,11 chapters,,,,,,['tantra / āgama'],,,,,,itiśrīmatsaubhāgyataṃtrepārāyaṇavidhauāmnāyanirūpaṇāṃnāmaikādaśaḥpaṭalaḥ śrīrājarājeśvaryārthaṇamasta,
499,M00312,Saubhāgyataraṅgiṇī,,,,,,incomplete,lacking explicit+final colophon,,,,,,"['tantric / āgamic literature', 'śākta', 'Paddhati']",Mukunda,mbP0093,colophon,,,iti śrīmanmukundaviracitāyāṃ saubhāgyataraṅgiṇyāṃ prathamālaharī samāptaḥ,
500,M00577,Saubhāgyaratnākara,,,,,,incomplete,lacking explicit+final colophon,,,,,,"['tantric / āgamic literature', 'tantra / āgama']",Vidyānaṃdanātha,mbP0127,colophon,,,iti śrīsaccidānaṃdanātha caraṇāraviṃda dvadvāṃte vasinā śrīśrīvidyānaṃdanāthena viracite saubhāgyaratnākara prathamastaraṃgaḥ /// śrīvidyānaṃdanāthena śivayoḥ priyasūnunā,towards beginning /// at end
,ilxM00090,Stavacintāmaṇi,,,,,,,,,,,,,,Bhaṭṭa Nārāyaṇa,mbP0094,colophon,,,,
501,M00089,Stavacintāmaṇi Vivṛti,,,,,,,,colophon,,ilxM00090,commentary,including the mūla,"['tantric / āgamic literature', 'śaiva', 'non-dual śaivism of Kashmir']",Kṣemarāja,mbP0049,colophon,,,iti śrīmahāmāheśvarācāryavaryaśrībhaṭṭanārāyaṇaviracitaḥ stavacintāmaṇiḥ samāptaḥ || vivṛtiścātra tatrabhavatstutisūktikārapraśiṣyamahāmāheśvarācāryavaryaśrīmadabhinavaguptapādapadmamadhuparājasya rājānakakṣemarājasya + tilaka + additional text /// iti stvacintāmaṇau granthaprakāśaka0 paṃ0 mukundarāma śāstriṇā viracitaḥ pratiślokaṃ pratipāditārthasaṃkṣepaḥ samāptaḥ || dvitīyapariśiṣṭabhāgaśca samāptaḥ,towards end /// at end
502,M00260,Stutikusumāñjali,,Premavallabha Tripāṭhī,,,,,,,,,,,['śaiva'],Jagaddhara Bhaṭṭa,mbP0095,colophon,,,śrīmadaṣṭottarasahasraśrīsaṃvalitaprātaḥsmaraṇīyapūjyapādaśrīmatparamahaṃsaparivrājakācāryaśrīśrīhariharānandasarasvatī (śrīkarapātrī jī mahārāja) bhagavatpādakiṃkareṇa tripāṭhyu pāhvapremavallabhaśarmaṇā kṛtayā premamakarandanāmnyā ṭīkayā sametaḥ kāśmīrakamahākaviśrīmajjagaddharabhaṭṭaviracitaḥ stutikusumāñjaliḥ samāptaḥ,
,ilxM00091,Spandakārikā,,,,,,,,,,,,,,Vasugupta,mbP0168,,,,,
,ilxM00108,Spandakārikā Vṛtti,,,,,,,,,,ilxM00091,commentary,,,Kallaṭa Bhaṭṭa,mbP0096,,,,,
,ilxM00109,Spandakārikā Tippaṇī,,,,,,,,,,ilxM00091,commentary,,,Rāmakaṇṭha,mbP0013,,,,,
503,M00067,"Spandakārikā Vṛtti, Tippaṇī, Vivṛti",,Mark S. G. Dyczkowski,,,,,,,,"ilxM00091, ilxM00108, ilxM00109, M00352",3 commentaries in one file,including the mūla; 3 interwoven commentaries ,"['śaiva', 'non-dual śaivism of Kashmir', 'spanda']","Kallaṭa Bhaṭṭa, Rāmakaṇṭha, Rāmakaṇṭha","mbP0096, mbP0013, mbP0013",colophon,,,mbP0168,almost at end /// at end
504,M00352,Spandakārikā Vivṛti,,J. C. Chatterji,,,,,,,,ilxM00091,commentary,including the mūla,"['śaiva', 'non-dual śaivism of Kashmir', 'spanda']",Rāmakaṇṭha,mbP0013,colophon,,,saṃpūrṇā iyaṃ vṛttyanusāriṇī spandavivṛtiḥ | kṛtistatrabhayato mahāmāheśvarācāryaśiromaṇirājānakaśrīmadutpaladevapādapadmānujīvino rājānakaśrīrāmakaṇṭhasya iti śivam,
505,M00163,Spandanirṇaya,,Śāstrī M K,,,,,,,,ilxM00091,commentary,including the mūla,"['tantric / āgamic literature', 'śaiva', 'non-dual śaivism of Kashmir', 'spanda']",Kṣemarāja,mbP0049,colophon,,,samāpto'yaṃ śrīspandanirṇayaḥ || kṛtiḥ śrīpratyabhijñākārapraśiṣyasya mahāmāheśvarācāryaśrīmadabhinavaguptanāthadattopadeśasya śrīkṣemarājasyeti śivam ,
506,M00532,Spandapradīpikā,,Mark S. G. Dyczkowski,,,,,,,,ilxM00091,commentary,including the mūla,"['śaiva', 'spanda']",Bhagavatutpala,mbP0097,colophon,,,vāgluṇṭhanārthamanyeṣāṃ vidvanmanyatayā'pi tu | śuddhabolollāsavaśāt kṛtvā spandapradīpikā ///+text /// nārāyaṇasthānaja utpalākhyastrivikramākhyasya suto'gryajanmā | yastena sacchiṣyahitāya dṛbdhā vyākhyā mayaiṣā ca tamonude syāt ///+ additional text /// ityācāryabhagavadutpalaviracitā spandapradīpikā samāptā ||  śubhaṃ bhūyāt,almost at end /// at end 
507,M00084,Spandasandoha,,Śāstrī M R,,,,,,,Spandasaṃdoha,ilxM00091,commentary,including the mūla,"['tantric / āgamic literature', 'śaiva', 'non-dual śaivism of Kashmir', 'spanda']",Kṣemarāja,mbP0049,colophon,,,iti spandasaṃdohaḥ samāptaḥ || kṛtirmahāmāheśvarācāryavaryaśrīmadabhinavaguptapādapadmopajīvino rājānakakṣemarājasya + TILAKA,
,ilxM00092,Svacchandatantra,,,,,,,,,,,,,,,,,,,,
508,M00091,Svacchandatantra Uddyota,,,,,,,,colophon,,ilxM00092,commentary,including the mūla,"['tantric / āgamic literature', 'tantra / āgama']",Kṣemarāja,mbP0049,colophon,,,iti śrīsvacchandatantre śrīmahāmāheśvarācāryavaryaśrīkṣemarājaviracitoddyotākhyavyākhyopete chummakāprakāśaḥ nāma pañcadaśaḥ paṭalaḥ,
509,M00194,Svacchandapaddhati,,Prof. Sītalāprasad Ūpādhyāya,,,,,,,,,,,"['tantric / āgamic literature', 'śaiva', 'Paddhati']",Cidānandanātha,mbP0098,colophon,,,iti śrīmaccidānandanāthaviracitāyāṃ svacchandapaddhatyāṃ navamaspandaḥ || oṃ oṃ śubhaṃ bhavatu svacchandapaddhatīḥ samāptaḥ,
510,M00533,Svātantrayadīpikā,,,,,,,,,,,,,['non-dual śaivism of Kashmir'],Mānasarāma,mbP0099,colophon (varied spelling),,,iti śrīmahāmāheśvarācāryavarya viracitāyāṃ svātantryadīpikāyāṃ svātantryaśaktyucchalanaṃ nāma caturthollāsaḥ || mahāmāheśvarācāryamansārāmena nirmitā janānāmupakārārthamiyaṃ svātantryadīpikā,
511,M00264,Haṃsasāra,,,,,,incomplete,lacking explicit+final colophon,,,,,,['tantric / āgamic literature'],,,,,,atha haṃsasāraṃ likhyate,at beginning
,ilxM00093,Haṃsopaniṣat,,,,,,,,,,,,,,,,,,,,
512,M00107,Haṃsopaniṣat Vivaraṇa,,Śāstrī Mahādeva,,,,,,colophon,Haṃsa Upaniṣat,ilxM00093,commentary,including the mūla,"['tantric / āgamic literature', 'yoga', 'upaniṣad', 'yogopaniṣad', 'yogopaniṣad']",Brahmayogin,mbP0128,colophon,,,śrīvāsudevendraśiṣyopaniṣadbrahmayoginā | likhitaṃ syādvivaraṇaṃ haṃsopaniṣadaḥ sphuṭam | saṃsopaniṣado vyākhyā saptatyadhiśataṃ smṛtā || iti śrīmadīśādyaṣṭottaraśatopaniṣacchāstravivaraṇe pañcadaśasaṃkhyāpūrakaṃ haṃsopaniṣadvivaraṇaṃ saṃpūrṇam,
,ilxM00094,Haṭhayogapradīpikā,,,,,,,,,,,,,,Svātmārāma,mbP0100,colophon,,,,
513,M00243,Haṭhayogapradīpikā Jyotsnā,,,,,with commentary called jyotsna,incomplete,lacking explicit+final colophon,colophon,,ilxM00094,commentary,including the mūla,['yoga'],Brahmānanda,mbP0111,colophon,,,iti śrīsahajānaṃdasaṃtānaciṃtāmaṇisvātmārāmayogīṃdraviracitāyāṃ haṭhapradīpikāyāmāsanavidhikathanaṃnāma prathamopadeśaḥ /// (plus) iti śrīhaṭhapradīpikāyāṃ jyotsnābhidhāyāṃ brahmānaṃdakṛtāyāṃ prathamopadeśaḥ,towards beginning
514,M04001,Hayaśirṣapañcarātra,,Pandit Bhuban Mohan Sankhyatiratha,,,,,14 chapters,,,,,,['pāñcarātra'],,,,,,iti hayaśīrṣe mahāpañcarātre dvādaśasāhasrike ādikāṇḍe caturdaśaḥ prāsādadevatāsaṃsthāpanapaṭalaḥ,
515,M00616,Hariharatāratamya,,,,,,,,,,,,,"['śaiva', 'vīraśaiva']",Rāmeśvara Adhyara Sudhāmaṇi (Adhvara?),mbP0101,colophon - but cat.: Haradatta?,,,śrīkāṃtanāmavibudheṃdratanūbhavena rāmeśvarādhyarasudhāmaṇinā praṇītam || loke tvidaṃ hariharasthitatāratamyaṃ matvādhikaṃ hi śatakaṃ sudhiyaḥ paṭhaṃtu || iti hariharatāratamyaṃ samāptam,
516,M00283,Hāhārāvatantra,,,,,,,18 chapters,,,,,,"['tantric / āgamic literature', 'tantra / āgama', 'śākta']",,,,,,iti śrīhāhārāvataṃtre atharvaṇasaṃhitāyāṃ aṣṭādaśapātrakālikārcaṇanirṇayapaṭalaṃ samāptam,